mtllib L_middle_intermediate_visuals_Link18_L_mesh.mtl
v -0.003926229197531938 -0.002262457273900508 -0.0063230618834495544
v -0.004024670459330081 -0.0022996845655143252 -0.005445593036711216
v -0.003660639282315969 -0.00216338806785643 -0.0027209394611418247
v -0.003660639282315969 -0.00216338806785643 -0.0027209394611418247
v -0.004024670459330081 -0.0022996845655143252 -0.005445593036711216
v -0.004028001800179481 -0.002300899010151624 -0.0053777494467794895
v -0.003660639282315969 -0.00216338806785643 -0.0027209394611418247
v -0.004028001800179481 -0.002300899010151624 -0.0053777494467794895
v -0.0037134084850549694 -0.002183103933930396 -0.0028603498358279467
v -0.0037134084850549694 -0.002183103933930396 -0.0028603498358279467
v -0.004028001800179481 -0.002300899010151624 -0.0053777494467794895
v -0.0040238206274807444 -0.0022991904988884917 -0.0045389411970973015
v -0.0037134084850549694 -0.002183103933930396 -0.0028603498358279467
v -0.0040238206274807444 -0.0022991904988884917 -0.0045389411970973015
v -0.003913822583854198 -0.0022582944948226205 -0.0036093818489462137
v -0.003603167831897735 -0.002141914563253521 -0.007415997330099344
v -0.003660639282315969 -0.00216338806785643 -0.007279053796082735
v -0.003603167831897735 -0.002141914563253521 -0.002584007801488042
v -0.003603167831897735 -0.002141914563253521 -0.002584007801488042
v -0.003660639282315969 -0.00216338806785643 -0.007279053796082735
v -0.003713407320901751 -0.002183111384510993 -0.007139657624065876
v -0.003603167831897735 -0.002141914563253521 -0.002584007801488042
v -0.003713407320901751 -0.002183111384510993 -0.007139657624065876
v -0.003660639282315969 -0.00216338806785643 -0.0027209394611418247
v -0.003660639282315969 -0.00216338806785643 -0.0027209394611418247
v -0.003713407320901751 -0.002183111384510993 -0.007139657624065876
v -0.003742867382243275 -0.0021941757295280686 -0.007054666057229042
v -0.003660639282315969 -0.00216338806785643 -0.0027209394611418247
v -0.003742867382243275 -0.0021941757295280686 -0.007054666057229042
v -0.003926229197531938 -0.002262457273900508 -0.0063230618834495544
v -0.0032325156498700376 -0.0022035627625882617 -0.0023077817168086767
v -0.003212649608030915 -0.0022398834116756907 -0.0021604092326015234
v -0.0031932536512613292 -0.0021985650528222314 -0.0021427206229418516
v -0.0031923716887831684 -0.0020892019383609286 -0.0021840776316821575
v -0.003185465699061751 -0.0021571540273725978 -0.0021241160575300455
v -0.003172972239553928 -0.0022062757052481166 -0.0019500000635161996
v -0.003172972239553928 -0.0022062757052481166 -0.0019500000635161996
v -0.003185465699061751 -0.0021571540273725978 -0.0021241160575300455
v -0.0031932536512613292 -0.0021985650528222314 -0.0021427206229418516
v -0.0031705712899565692 -0.0022912961430847636 -0.0019500000635161996
v -0.0031769170891493555 -0.002265201183035969 -0.00199594022706151
v -0.0031825774349272247 -0.0023457864299416533 -0.0019500000635161996
v -0.0031825774349272247 -0.0023457864299416533 -0.0019500000635161996
v -0.0031769170891493555 -0.002265201183035969 -0.00199594022706151
v -0.003190452698618173 -0.0022986780386418095 -0.002016090089455247
v -0.0031825774349272247 -0.0023457864299416533 -0.0019500000635161996
v -0.003190452698618173 -0.0022986780386418095 -0.002016090089455247
v -0.0031920750625431533 -0.002371099777519702 -0.0019500000635161996
v -0.003190452698618173 -0.0022986780386418095 -0.002016090089455247
v -0.003212267998605966 -0.002330159302800893 -0.002034037606790662
v -0.0031920750625431533 -0.002371099777519702 -0.0019500000635161996
v -0.0031920750625431533 -0.002371099777519702 -0.0019500000635161996
v -0.003212267998605966 -0.002330159302800893 -0.002034037606790662
v -0.0032411816064268346 -0.0023574631195515386 -0.0020485003478825092
v -0.0031920750625431533 -0.002371099777519702 -0.0019500000635161996
v -0.0032411816064268346 -0.0023574631195515386 -0.0020485003478825092
v -0.003209562506526708 -0.002404199680313467 -0.0019500000635161996
v -0.003209562506526708 -0.002404199680313467 -0.0019500000635161996
v -0.0032411816064268346 -0.0023574631195515386 -0.0020485003478825092
v -0.003275099210441112 -0.002378939650952815 -0.0020586454775184393
v -0.003209562506526708 -0.002404199680313467 -0.0019500000635161996
v -0.003275099210441112 -0.002378939650952815 -0.0020586454775184393
v -0.0032304807100445028 -0.0024324299301952115 -0.0019500000635161996
v -0.0032304807100445028 -0.0024324299301952115 -0.0019500000635161996
v -0.003275099210441112 -0.002378939650952815 -0.0020586454775184393
v -0.0033114748075604434 -0.002393803559243678 -0.002064239466562867
v -0.0032304807100445028 -0.0024324299301952115 -0.0019500000635161996
v -0.0033114748075604434 -0.002393803559243678 -0.002064239466562867
v -0.0032450624275952573 -0.002447403036057948 -0.0019500000635161996
v -0.0032450624275952573 -0.002447403036057948 -0.0019500000635161996
v -0.0033114748075604434 -0.002393803559243678 -0.002064239466562867
v -0.0033478648401796813 -0.0024021288845688096 -0.0020656082779169083
v -0.0032450624275952573 -0.002447403036057948 -0.0019500000635161996
v -0.0033478648401796813 -0.0024021288845688096 -0.0020656082779169083
v -0.0032787802629172798 -0.002471705200150608 -0.0019500000635161996
v -0.0031923716887831684 -0.0020892019383609286 -0.0021840776316821575
v -0.0032007549889385696 -0.002035295357927679 -0.002441762015223503
v -0.003185465699061751 -0.0021571540273725978 -0.0021241160575300455
v -0.003185465699061751 -0.0021571540273725978 -0.0021241160575300455
v -0.0032007549889385696 -0.002035295357927679 -0.002441762015223503
v -0.0032107830047607418 -0.002134506590664386 -0.002441762015223503
v -0.003185465699061751 -0.0021571540273725978 -0.0021241160575300455
v -0.0032107830047607418 -0.002134506590664386 -0.002441762015223503
v -0.0031932536512613292 -0.0021985650528222314 -0.0021427206229418516
v -0.0031932536512613292 -0.0021985650528222314 -0.0021427206229418516
v -0.0032107830047607418 -0.002134506590664386 -0.002441762015223503
v -0.003213981399312615 -0.0021426244638860217 -0.002441762015223503
v -0.0031932536512613292 -0.0021985650528222314 -0.0021427206229418516
v -0.003213981399312615 -0.0021426244638860217 -0.002441762015223503
v -0.0032325156498700376 -0.0022035627625882617 -0.0023077817168086767
v -0.0032325156498700376 -0.0022035627625882617 -0.0023077817168086767
v -0.003213981399312615 -0.0021426244638860217 -0.002441762015223503
v -0.0032502370886504646 -0.002199675189331173 -0.002441762015223503
v -0.0032325156498700376 -0.0022035627625882617 -0.0023077817168086767
v -0.0032502370886504646 -0.002199675189331173 -0.002441762015223503
v -0.003290596883744001 -0.0022396522108465424 -0.0023852000012993813
v -0.003290596883744001 -0.0022396522108465424 -0.0023852000012993813
v -0.0032502370886504646 -0.002199675189331173 -0.002441762015223503
v -0.0032674688845872875 -0.0022165346890687934 -0.002441762015223503
v -0.003290596883744001 -0.0022396522108465424 -0.0023852000012993813
v -0.0032674688845872875 -0.0022165346890687934 -0.002441762015223503
v -0.0033074850216507907 -0.0022435260470956555 -0.002441762015223503
v -0.0034490965772420164 -0.002299539279192685 -0.0022509279660880566
v -0.003416944062337279 -0.002332203555852174 -0.002189728431403637
v -0.003404969815164804 -0.0023065188433974973 -0.0022561862133443356
v -0.003404969815164804 -0.0023065188433974973 -0.0022561862133443356
v -0.003416944062337279 -0.002332203555852174 -0.002189728431403637
v -0.0033737679477781053 -0.0023337900638580314 -0.0021918006241321564
v -0.003404969815164804 -0.0023065188433974973 -0.0022561862133443356
v -0.0033737679477781053 -0.0023337900638580314 -0.0021918006241321564
v -0.0033555526752024885 -0.0023032540921121827 -0.00225791591219604
v -0.0033555526752024885 -0.0023032540921121827 -0.00225791591219604
v -0.0033737679477781053 -0.0023337900638580314 -0.0021918006241321564
v -0.0033283047378063198 -0.0023253562394529572 -0.0021913161035627127
v -0.0033555526752024885 -0.0023032540921121827 -0.00225791591219604
v -0.0033283047378063198 -0.0023253562394529572 -0.0021913161035627127
v -0.0032833968289196487 -0.002306340029463171 -0.0021858832333236933
v -0.003274540184065699 -0.0022451803088188163 -0.002317588310688734
v -0.0033510653302073474 -0.0022649902384728185 -0.0023878607898950577
v -0.003327389014884829 -0.0022730950731784097 -0.00232309359125793
v -0.003327389014884829 -0.0022730950731784097 -0.00232309359125793
v -0.0033510653302073474 -0.0022649902384728185 -0.0023878607898950577
v -0.0034132190048694606 -0.0022699637338519088 -0.00238710711710155
v -0.003327389014884829 -0.0022730950731784097 -0.00232309359125793
v -0.0034132190048694606 -0.0022699637338519088 -0.00238710711710155
v -0.0033837319351732727 -0.002284590620547532 -0.002323857508599758
v -0.0033837319351732727 -0.002284590620547532 -0.002323857508599758
v -0.0034132190048694606 -0.0022699637338519088 -0.00238710711710155
v -0.0034684475976973768 -0.002257894026115536 -0.0023837087210267782
v -0.0033837319351732727 -0.002284590620547532 -0.002323857508599758
v -0.0034684475976973768 -0.002257894026115536 -0.0023837087210267782
v -0.0034365076571702953 -0.002281117718666791 -0.002320593688637018
v -0.0034365076571702953 -0.002281117718666791 -0.002320593688637018
v -0.0034684475976973768 -0.002257894026115536 -0.0023837087210267782
v -0.0035123506095260377 -0.002235042862594127 -0.0023788129910826683
v -0.0034365076571702953 -0.002281117718666791 -0.002320593688637018
v -0.0035123506095260377 -0.002235042862594127 -0.0023788129910826683
v -0.003481267718598246 -0.002266772324219345 -0.002314641373232007
v -0.0033567121718078847 -0.0022610127925872794 -0.002441762015223503
v -0.003376702312380075 -0.0022642274852842084 -0.002441762015223503
v -0.0033510653302073474 -0.0022649902384728185 -0.0023878607898950577
v -0.0033510653302073474 -0.0022649902384728185 -0.0023878607898950577
v -0.003376702312380075 -0.0022642274852842084 -0.002441762015223503
v -0.0034563378430902954 -0.0022568663116544476 -0.002441762015223503
v -0.0033510653302073474 -0.0022649902384728185 -0.0023878607898950577
v -0.0034563378430902954 -0.0022568663116544476 -0.002441762015223503
v -0.0034132190048694606 -0.0022699637338519088 -0.00238710711710155
v -0.0034132190048694606 -0.0022699637338519088 -0.00238710711710155
v -0.0034563378430902954 -0.0022568663116544476 -0.002441762015223503
v -0.0035006699617952104 -0.0022373409010469905 -0.002441762015223503
v -0.0034132190048694606 -0.0022699637338519088 -0.00238710711710155
v -0.0035006699617952104 -0.0022373409010469905 -0.002441762015223503
v -0.0034684475976973768 -0.002257894026115536 -0.0023837087210267782
v -0.0034684475976973768 -0.002257894026115536 -0.0023837087210267782
v -0.0035006699617952104 -0.0022373409010469905 -0.002441762015223503
v -0.0035415822640061374 -0.002205137163400649 -0.002441762015223503
v -0.0034684475976973768 -0.002257894026115536 -0.0023837087210267782
v -0.0035415822640061374 -0.002205137163400649 -0.002441762015223503
v -0.0035123506095260377 -0.002235042862594127 -0.0023788129910826683
v -0.003481267718598246 -0.002266772324219345 -0.002314641373232007
v -0.0034490965772420164 -0.002299539279192685 -0.0022509279660880566
v -0.0034365076571702953 -0.002281117718666791 -0.002320593688637018
v -0.0034365076571702953 -0.002281117718666791 -0.002320593688637018
v -0.0034490965772420164 -0.002299539279192685 -0.0022509279660880566
v -0.003404969815164804 -0.0023065188433974973 -0.0022561862133443356
v -0.0034365076571702953 -0.002281117718666791 -0.002320593688637018
v -0.003404969815164804 -0.0023065188433974973 -0.0022561862133443356
v -0.0033837319351732727 -0.002284590620547532 -0.002323857508599758
v -0.0033837319351732727 -0.002284590620547532 -0.002323857508599758
v -0.003404969815164804 -0.0023065188433974973 -0.0022561862133443356
v -0.0033555526752024885 -0.0023032540921121827 -0.00225791591219604
v -0.0033837319351732727 -0.002284590620547532 -0.002323857508599758
v -0.0033555526752024885 -0.0023032540921121827 -0.00225791591219604
v -0.003327389014884829 -0.0022730950731784097 -0.00232309359125793
v -0.003327389014884829 -0.0022730950731784097 -0.00232309359125793
v -0.0033555526752024885 -0.0023032540921121827 -0.00225791591219604
v -0.0032833968289196487 -0.002306340029463171 -0.0021858832333236933
v -0.003327389014884829 -0.0022730950731784097 -0.00232309359125793
v -0.0032833968289196487 -0.002306340029463171 -0.0021858832333236933
v -0.003274540184065699 -0.0022451803088188163 -0.002317588310688734
v -0.003274540184065699 -0.0022451803088188163 -0.002317588310688734
v -0.0032833968289196487 -0.002306340029463171 -0.0021858832333236933
v -0.0032434896565973754 -0.002277066931128501 -0.0021753208711743355
v -0.003274540184065699 -0.0022451803088188163 -0.002317588310688734
v -0.0032434896565973754 -0.002277066931128501 -0.0021753208711743355
v -0.003212649608030915 -0.0022398834116756907 -0.0021604092326015234
v -0.003212649608030915 -0.0022398834116756907 -0.0021604092326015234
v -0.0032325156498700376 -0.0022035627625882617 -0.0023077817168086767
v -0.003274540184065699 -0.0022451803088188163 -0.002317588310688734
v -0.003274540184065699 -0.0022451803088188163 -0.002317588310688734
v -0.0032325156498700376 -0.0022035627625882617 -0.0023077817168086767
v -0.003290596883744001 -0.0022396522108465424 -0.0023852000012993813
v -0.003274540184065699 -0.0022451803088188163 -0.002317588310688734
v -0.003290596883744001 -0.0022396522108465424 -0.0023852000012993813
v -0.0033510653302073474 -0.0022649902384728185 -0.0023878607898950577
v -0.0033510653302073474 -0.0022649902384728185 -0.0023878607898950577
v -0.003290596883744001 -0.0022396522108465424 -0.0023852000012993813
v -0.0033074850216507907 -0.0022435260470956555 -0.002441762015223503
v -0.0033510653302073474 -0.0022649902384728185 -0.0023878607898950577
v -0.0033074850216507907 -0.0022435260470956555 -0.002441762015223503
v -0.0033567121718078847 -0.0022610127925872794 -0.002441762015223503
v -0.0031705712899565692 -0.0022912961430847636 -0.0019500000635161996
v -0.003172972239553928 -0.0022062757052481166 -0.0019500000635161996
v -0.0031769170891493555 -0.002265201183035969 -0.00199594022706151
v -0.0031769170891493555 -0.002265201183035969 -0.00199594022706151
v -0.003172972239553928 -0.0022062757052481166 -0.0019500000635161996
v -0.0031932536512613292 -0.0021985650528222314 -0.0021427206229418516
v -0.0031769170891493555 -0.002265201183035969 -0.00199594022706151
v -0.0031932536512613292 -0.0021985650528222314 -0.0021427206229418516
v -0.003190452698618173 -0.0022986780386418095 -0.002016090089455247
v -0.003190452698618173 -0.0022986780386418095 -0.002016090089455247
v -0.0031932536512613292 -0.0021985650528222314 -0.0021427206229418516
v -0.003212649608030915 -0.0022398834116756907 -0.0021604092326015234
v -0.003190452698618173 -0.0022986780386418095 -0.002016090089455247
v -0.003212649608030915 -0.0022398834116756907 -0.0021604092326015234
v -0.003212267998605966 -0.002330159302800893 -0.002034037606790662
v -0.003212267998605966 -0.002330159302800893 -0.002034037606790662
v -0.003212649608030915 -0.0022398834116756907 -0.0021604092326015234
v -0.0032434896565973754 -0.002277066931128501 -0.0021753208711743355
v -0.003212267998605966 -0.002330159302800893 -0.002034037606790662
v -0.0032434896565973754 -0.002277066931128501 -0.0021753208711743355
v -0.0032411816064268346 -0.0023574631195515386 -0.0020485003478825092
v -0.0032411816064268346 -0.0023574631195515386 -0.0020485003478825092
v -0.0032434896565973754 -0.002277066931128501 -0.0021753208711743355
v -0.0032833968289196487 -0.002306340029463171 -0.0021858832333236933
v -0.0032411816064268346 -0.0023574631195515386 -0.0020485003478825092
v -0.0032833968289196487 -0.002306340029463171 -0.0021858832333236933
v -0.003275099210441112 -0.002378939650952815 -0.0020586454775184393
v -0.003275099210441112 -0.002378939650952815 -0.0020586454775184393
v -0.0032833968289196487 -0.002306340029463171 -0.0021858832333236933
v -0.0033283047378063198 -0.0023253562394529572 -0.0021913161035627127
v -0.003275099210441112 -0.002378939650952815 -0.0020586454775184393
v -0.0033283047378063198 -0.0023253562394529572 -0.0021913161035627127
v -0.0033114748075604434 -0.002393803559243678 -0.002064239466562867
v -0.0033114748075604434 -0.002393803559243678 -0.002064239466562867
v -0.0033283047378063198 -0.0023253562394529572 -0.0021913161035627127
v -0.0033737679477781053 -0.0023337900638580314 -0.0021918006241321564
v -0.0033114748075604434 -0.002393803559243678 -0.002064239466562867
v -0.0033737679477781053 -0.0023337900638580314 -0.0021918006241321564
v -0.0033478648401796813 -0.0024021288845688096 -0.0020656082779169083
v -0.0033478648401796813 -0.0024021288845688096 -0.0020656082779169083
v -0.0033737679477781053 -0.0023337900638580314 -0.0021918006241321564
v -0.003416944062337279 -0.002332203555852174 -0.002189728431403637
v -0.0035415822640061374 -0.002205137163400649 -0.007558242883533239
v -0.0035415822640061374 -0.002205137163400649 -0.002441762015223503
v -0.00350071326829493 -0.002237310865893959 -0.007558242883533239
v -0.00350071326829493 -0.002237310865893959 -0.007558242883533239
v -0.0035415822640061374 -0.002205137163400649 -0.002441762015223503
v -0.0035006699617952104 -0.0022373409010469905 -0.002441762015223503
v -0.00350071326829493 -0.002237310865893959 -0.007558242883533239
v -0.0035006699617952104 -0.0022373409010469905 -0.002441762015223503
v -0.0034563378430902954 -0.0022568663116544476 -0.007558242883533239
v -0.0035006699617952104 -0.0022373409010469905 -0.002441762015223503
v -0.0034563378430902954 -0.0022568663116544476 -0.002441762015223503
v -0.0034563378430902954 -0.0022568663116544476 -0.007558242883533239
v -0.0034563378430902954 -0.0022568663116544476 -0.007558242883533239
v -0.0034563378430902954 -0.0022568663116544476 -0.002441762015223503
v -0.003376702312380075 -0.0022642274852842084 -0.002441762015223503
v -0.0034563378430902954 -0.0022568663116544476 -0.007558242883533239
v -0.003376702312380075 -0.0022642274852842084 -0.002441762015223503
v -0.0033567121718078847 -0.0022610127925872794 -0.007558242883533239
v -0.0033567121718078847 -0.0022610127925872794 -0.007558242883533239
v -0.003376702312380075 -0.0022642274852842084 -0.002441762015223503
v -0.0033567121718078847 -0.0022610127925872794 -0.002441762015223503
v -0.0033567121718078847 -0.0022610127925872794 -0.007558242883533239
v -0.0033567121718078847 -0.0022610127925872794 -0.002441762015223503
v -0.0033077150583267208 -0.0022436357103288165 -0.007558242883533239
v -0.0033077150583267208 -0.0022436357103288165 -0.007558242883533239
v -0.0033567121718078847 -0.0022610127925872794 -0.002441762015223503
v -0.0033074850216507907 -0.0022435260470956555 -0.002441762015223503
v -0.0033077150583267208 -0.0022436357103288165 -0.007558242883533239
v -0.0033074850216507907 -0.0022435260470956555 -0.002441762015223503
v -0.0032674688845872875 -0.0022165346890687934 -0.007558242883533239
v -0.0032674688845872875 -0.0022165346890687934 -0.007558242883533239
v -0.0033074850216507907 -0.0022435260470956555 -0.002441762015223503
v -0.0032674688845872875 -0.0022165346890687934 -0.002441762015223503
v -0.0032674688845872875 -0.0022165346890687934 -0.007558242883533239
v -0.0032674688845872875 -0.0022165346890687934 -0.002441762015223503
v -0.003250438487157225 -0.0021999008022248736 -0.007558242883533239
v -0.003250438487157225 -0.0021999008022248736 -0.007558242883533239
v -0.0032674688845872875 -0.0022165346890687934 -0.002441762015223503
v -0.0032502370886504646 -0.002199675189331173 -0.002441762015223503
v -0.003250438487157225 -0.0021999008022248736 -0.007558242883533239
v -0.0032502370886504646 -0.002199675189331173 -0.002441762015223503
v -0.003214107127860188 -0.0021429348271340123 -0.007558242883533239
v -0.003214107127860188 -0.0021429348271340123 -0.007558242883533239
v -0.0032502370886504646 -0.002199675189331173 -0.002441762015223503
v -0.003213981399312615 -0.0021426244638860217 -0.002441762015223503
v -0.003214107127860188 -0.0021429348271340123 -0.007558242883533239
v -0.003213981399312615 -0.0021426244638860217 -0.002441762015223503
v -0.0032107830047607418 -0.002134506590664386 -0.007558242883533239
v -0.0032107830047607418 -0.002134506590664386 -0.007558242883533239
v -0.003213981399312615 -0.0021426244638860217 -0.002441762015223503
v -0.0032107830047607418 -0.002134506590664386 -0.002441762015223503
v -0.0032107830047607418 -0.002134506590664386 -0.007558242883533239
v -0.0032107830047607418 -0.002134506590664386 -0.002441762015223503
v -0.0032007549889385696 -0.002035295357927679 -0.007558242883533239
v -0.0032007549889385696 -0.002035295357927679 -0.007558242883533239
v -0.0032107830047607418 -0.002134506590664386 -0.002441762015223503
v -0.0032007549889385696 -0.002035295357927679 -0.002441762015223503
v -0.003248857799917459 -0.0024101042654365292 -0.008006460964679718
v -0.003275161143392324 -0.002378973411396145 -0.00794134195894003
v -0.0032123560085892673 -0.0023302584886550895 -0.007965906523168087
v -0.0032132910564541812 -0.0024105131160467854 -0.008050000295042992
v -0.0032305913046002384 -0.002433032961562275 -0.008050000295042992
v -0.003248857799917459 -0.0024101042654365292 -0.008006460964679718
v -0.0032132910564541812 -0.0024105131160467854 -0.008050000295042992
v -0.0031962718348950143 -0.0023636200930923215 -0.008034482598304749
v -0.0031920890323817726 -0.0023710643872618667 -0.008050000295042992
v -0.0031920890323817726 -0.0023710643872618667 -0.008050000295042992
v -0.0031962718348950143 -0.0023636200930923215 -0.008034482598304749
v -0.003190534189343452 -0.0022988137789070598 -0.007983827963471413
v -0.0031920890323817726 -0.0023710643872618667 -0.008050000295042992
v -0.003190534189343452 -0.0022988137789070598 -0.007983827963471413
v -0.003171673277392983 -0.002300458960235118 -0.008050000295042992
v -0.003171673277392983 -0.002300458960235118 -0.008050000295042992
v -0.003190534189343452 -0.0022988137789070598 -0.007983827963471413
v -0.0031769627239555116 -0.0022653683554381123 -0.008003953844308853
v -0.003171673277392983 -0.002300458960235118 -0.008050000295042992
v -0.0031769627239555116 -0.0022653683554381123 -0.008003953844308853
v -0.00317297363653779 -0.0022062682546675197 -0.008050000295042992
v -0.00317297363653779 -0.0022062682546675197 -0.008050000295042992
v -0.0031769627239555116 -0.0022653683554381123 -0.008003953844308853
v -0.0031854819972068067 -0.002157399430871009 -0.00787577498704195
v -0.00317297363653779 -0.0022062682546675197 -0.008050000295042992
v -0.0031854819972068067 -0.002157399430871009 -0.00787577498704195
v -0.0031923716887831684 -0.0020892019383609286 -0.007815924473106861
v -0.0031923716887831684 -0.0020892019383609286 -0.007815924473106861
v -0.0031854819972068067 -0.002157399430871009 -0.00787577498704195
v -0.0032107830047607418 -0.002134506590664386 -0.007558242883533239
v -0.0031923716887831684 -0.0020892019383609286 -0.007815924473106861
v -0.0032107830047607418 -0.002134506590664386 -0.007558242883533239
v -0.0032007549889385696 -0.002035295357927679 -0.007558242883533239
v -0.0032305913046002384 -0.002433032961562275 -0.008050000295042992
v -0.0032787877134978767 -0.00247170659713447 -0.008050000295042992
v -0.003248857799917459 -0.0024101042654365292 -0.008006460964679718
v -0.003248857799917459 -0.0024101042654365292 -0.008006460964679718
v -0.0032787877134978767 -0.00247170659713447 -0.008050000295042992
v -0.0033127015922218557 -0.0024375885259360066 -0.00799421314150095
v -0.003248857799917459 -0.0024101042654365292 -0.008006460964679718
v -0.0033127015922218557 -0.0024375885259360066 -0.00799421314150095
v -0.003275161143392324 -0.002378973411396145 -0.00794134195894003
v -0.003275161143392324 -0.002378973411396145 -0.00794134195894003
v -0.0033127015922218557 -0.0024375885259360066 -0.00799421314150095
v -0.0033478720579296346 -0.0024021302815526715 -0.007934392429888248
v -0.003275161143392324 -0.002378973411396145 -0.00794134195894003
v -0.0033478720579296346 -0.0024021302815526715 -0.007934392429888248
v -0.0033426899462938304 -0.002362893195822834 -0.007872229442000389
v -0.0033426899462938304 -0.002362893195822834 -0.007872229442000389
v -0.0033478720579296346 -0.0024021302815526715 -0.007934392429888248
v -0.0033824082929641004 -0.002367208478972315 -0.007873503491282463
v -0.0033426899462938304 -0.002362893195822834 -0.007872229442000389
v -0.0033824082929641004 -0.002367208478972315 -0.007873503491282463
v -0.003416944062337279 -0.002332203555852174 -0.007810273673385382
v -0.0033567121718078847 -0.0022610127925872794 -0.007558242883533239
v -0.0033077150583267208 -0.0022436357103288165 -0.007558242883533239
v -0.0033512327354401346 -0.002265028189867734 -0.007612141314893961
v -0.0033512327354401346 -0.002265028189867734 -0.007612141314893961
v -0.0033077150583267208 -0.0022436357103288165 -0.007558242883533239
v -0.0032907875720411535 -0.0022397700231522313 -0.007614789064973593
v -0.0033512327354401346 -0.002265028189867734 -0.007612141314893961
v -0.0032907875720411535 -0.0022397700231522313 -0.007614789064973593
v -0.003327530343085527 -0.002273150719702243 -0.00767690222710371
v -0.003327530343085527 -0.002273150719702243 -0.00767690222710371
v -0.0032907875720411535 -0.0022397700231522313 -0.007614789064973593
v -0.003274700371548533 -0.0022452999837696544 -0.007682388182729483
v -0.003327530343085527 -0.002273150719702243 -0.00767690222710371
v -0.003274700371548533 -0.0022452999837696544 -0.007682388182729483
v -0.003243613056838512 -0.002277180086821317 -0.007824636995792389
v -0.00350071326829493 -0.002237310865893959 -0.007558242883533239
v -0.0034563378430902954 -0.0022568663116544476 -0.007558242883533239
v -0.0034684881102293725 -0.0022578786592930547 -0.007616299204528332
v -0.0034684881102293725 -0.0022578786592930547 -0.007616299204528332
v -0.0034563378430902954 -0.0022568663116544476 -0.007558242883533239
v -0.003413319587707519 -0.0022699516266584388 -0.007612901274114847
v -0.0034684881102293725 -0.0022578786592930547 -0.007616299204528332
v -0.003413319587707519 -0.0022699516266584388 -0.007612901274114847
v -0.0034365484025329347 -0.00228110235184431 -0.007679414004087448
v -0.0034365484025329347 -0.00228110235184431 -0.007679414004087448
v -0.003413319587707519 -0.0022699516266584388 -0.007612901274114847
v -0.0033838297240436073 -0.0022845929488539687 -0.007676148321479559
v -0.0034365484025329347 -0.00228110235184431 -0.007679414004087448
v -0.0033838297240436073 -0.0022845929488539687 -0.007676148321479559
v -0.0033283841330558057 -0.0023253781255334607 -0.007808681111782789
v -0.0033283841330558057 -0.0023253781255334607 -0.007808681111782789
v -0.0033838297240436073 -0.0022845929488539687 -0.007676148321479559
v -0.0032835074234753843 -0.002306398004293441 -0.00781409814953804
v -0.0033283841330558057 -0.0023253781255334607 -0.007808681111782789
v -0.0032835074234753843 -0.002306398004293441 -0.00781409814953804
v -0.0032623116858303543 -0.0023299106396734706 -0.007883047685027122
v -0.0032623116858303543 -0.0023299106396734706 -0.007883047685027122
v -0.0032835074234753843 -0.002306398004293441 -0.00781409814953804
v -0.0032281111925840373 -0.002301319269463419 -0.007895693182945251
v -0.0034563378430902954 -0.0022568663116544476 -0.007558242883533239
v -0.0033567121718078847 -0.0022610127925872794 -0.007558242883533239
v -0.003413319587707519 -0.0022699516266584388 -0.007612901274114847
v -0.003413319587707519 -0.0022699516266584388 -0.007612901274114847
v -0.0033567121718078847 -0.0022610127925872794 -0.007558242883533239
v -0.0033512327354401346 -0.002265028189867734 -0.007612141314893961
v -0.003413319587707519 -0.0022699516266584388 -0.007612901274114847
v -0.0033512327354401346 -0.002265028189867734 -0.007612141314893961
v -0.0033838297240436073 -0.0022845929488539687 -0.007676148321479559
v -0.0033838297240436073 -0.0022845929488539687 -0.007676148321479559
v -0.0033512327354401346 -0.002265028189867734 -0.007612141314893961
v -0.003327530343085527 -0.002273150719702243 -0.00767690222710371
v -0.0033838297240436073 -0.0022845929488539687 -0.007676148321479559
v -0.003327530343085527 -0.002273150719702243 -0.00767690222710371
v -0.0032835074234753843 -0.002306398004293441 -0.00781409814953804
v -0.0032835074234753843 -0.002306398004293441 -0.00781409814953804
v -0.003327530343085527 -0.002273150719702243 -0.00767690222710371
v -0.003243613056838512 -0.002277180086821317 -0.007824636995792389
v -0.0032835074234753843 -0.002306398004293441 -0.00781409814953804
v -0.003243613056838512 -0.002277180086821317 -0.007824636995792389
v -0.0032281111925840373 -0.002301319269463419 -0.007895693182945251
v -0.003250438487157225 -0.0021999008022248736 -0.007558242883533239
v -0.003214107127860188 -0.0021429348271340123 -0.007558242883533239
v -0.003232662566006183 -0.0022037557791918507 -0.007692172657698393
v -0.003232662566006183 -0.0022037557791918507 -0.007692172657698393
v -0.003214107127860188 -0.0021429348271340123 -0.007558242883533239
v -0.0031933293212205167 -0.0021987755317240945 -0.0078571867197752
v -0.003232662566006183 -0.0022037557791918507 -0.007692172657698393
v -0.0031933293212205167 -0.0021987755317240945 -0.0078571867197752
v -0.0032127636950463052 -0.0022400477901101104 -0.007839522324502468
v -0.0035415822640061374 -0.002205137163400649 -0.007558242883533239
v -0.00350071326829493 -0.002237310865893959 -0.007558242883533239
v -0.0035123506095260377 -0.002235042862594127 -0.007621191442012787
v -0.0035123506095260377 -0.002235042862594127 -0.007621191442012787
v -0.00350071326829493 -0.002237310865893959 -0.007558242883533239
v -0.0034684881102293725 -0.0022578786592930547 -0.007616299204528332
v -0.0035123506095260377 -0.002235042862594127 -0.007621191442012787
v -0.0034684881102293725 -0.0022578786592930547 -0.007616299204528332
v -0.003481267718598246 -0.002266772324219345 -0.00768536189571023
v -0.003481267718598246 -0.002266772324219345 -0.00768536189571023
v -0.0034684881102293725 -0.0022578786592930547 -0.007616299204528332
v -0.0034365484025329347 -0.00228110235184431 -0.007679414004087448
v -0.003481267718598246 -0.002266772324219345 -0.00768536189571023
v -0.0034365484025329347 -0.00228110235184431 -0.007679414004087448
v -0.0033738061320036645 -0.0023337893653661004 -0.007808202877640724
v -0.0033738061320036645 -0.0023337893653661004 -0.007808202877640724
v -0.0034365484025329347 -0.00228110235184431 -0.007679414004087448
v -0.0033283841330558057 -0.0023253781255334607 -0.007808681111782789
v -0.0033738061320036645 -0.0023337893653661004 -0.007808202877640724
v -0.0033283841330558057 -0.0023253781255334607 -0.007808681111782789
v -0.003301646094769239 -0.002350653987377881 -0.00787520781159401
v -0.003301646094769239 -0.002350653987377881 -0.00787520781159401
v -0.0033283841330558057 -0.0023253781255334607 -0.007808681111782789
v -0.0032623116858303543 -0.0023299106396734706 -0.007883047685027122
v -0.0032132910564541812 -0.0024105131160467854 -0.008050000295042992
v -0.003248857799917459 -0.0024101042654365292 -0.008006460964679718
v -0.0031962718348950143 -0.0023636200930923215 -0.008034482598304749
v -0.0031962718348950143 -0.0023636200930923215 -0.008034482598304749
v -0.003248857799917459 -0.0024101042654365292 -0.008006460964679718
v -0.0032123560085892673 -0.0023302584886550895 -0.007965906523168087
v -0.0031962718348950143 -0.0023636200930923215 -0.008034482598304749
v -0.0032123560085892673 -0.0023302584886550895 -0.007965906523168087
v -0.003190534189343452 -0.0022988137789070598 -0.007983827963471413
v -0.003190534189343452 -0.0022988137789070598 -0.007983827963471413
v -0.0032123560085892673 -0.0023302584886550895 -0.007965906523168087
v -0.0032127636950463052 -0.0022400477901101104 -0.007839522324502468
v -0.003190534189343452 -0.0022988137789070598 -0.007983827963471413
v -0.0032127636950463052 -0.0022400477901101104 -0.007839522324502468
v -0.0031769627239555116 -0.0022653683554381123 -0.008003953844308853
v -0.0031769627239555116 -0.0022653683554381123 -0.008003953844308853
v -0.0032127636950463052 -0.0022400477901101104 -0.007839522324502468
v -0.0031933293212205167 -0.0021987755317240945 -0.0078571867197752
v -0.0031769627239555116 -0.0022653683554381123 -0.008003953844308853
v -0.0031933293212205167 -0.0021987755317240945 -0.0078571867197752
v -0.0031854819972068067 -0.002157399430871009 -0.00787577498704195
v -0.0031854819972068067 -0.002157399430871009 -0.00787577498704195
v -0.0031933293212205167 -0.0021987755317240945 -0.0078571867197752
v -0.003214107127860188 -0.0021429348271340123 -0.007558242883533239
v -0.0031854819972068067 -0.002157399430871009 -0.00787577498704195
v -0.003214107127860188 -0.0021429348271340123 -0.007558242883533239
v -0.0032107830047607418 -0.002134506590664386 -0.007558242883533239
v -0.0033077150583267208 -0.0022436357103288165 -0.007558242883533239
v -0.0032674688845872875 -0.0022165346890687934 -0.007558242883533239
v -0.0032907875720411535 -0.0022397700231522313 -0.007614789064973593
v -0.0032907875720411535 -0.0022397700231522313 -0.007614789064973593
v -0.0032674688845872875 -0.0022165346890687934 -0.007558242883533239
v -0.003250438487157225 -0.0021999008022248736 -0.007558242883533239
v -0.0032907875720411535 -0.0022397700231522313 -0.007614789064973593
v -0.003250438487157225 -0.0021999008022248736 -0.007558242883533239
v -0.003274700371548533 -0.0022452999837696544 -0.007682388182729483
v -0.003274700371548533 -0.0022452999837696544 -0.007682388182729483
v -0.003250438487157225 -0.0021999008022248736 -0.007558242883533239
v -0.003232662566006183 -0.0022037557791918507 -0.007692172657698393
v -0.003274700371548533 -0.0022452999837696544 -0.007682388182729483
v -0.003232662566006183 -0.0022037557791918507 -0.007692172657698393
v -0.003243613056838512 -0.002277180086821317 -0.007824636995792389
v -0.003243613056838512 -0.002277180086821317 -0.007824636995792389
v -0.003232662566006183 -0.0022037557791918507 -0.007692172657698393
v -0.0032127636950463052 -0.0022400477901101104 -0.007839522324502468
v -0.003243613056838512 -0.002277180086821317 -0.007824636995792389
v -0.0032127636950463052 -0.0022400477901101104 -0.007839522324502468
v -0.0032281111925840373 -0.002301319269463419 -0.007895693182945251
v -0.0032281111925840373 -0.002301319269463419 -0.007895693182945251
v -0.0032127636950463052 -0.0022400477901101104 -0.007839522324502468
v -0.0032123560085892673 -0.0023302584886550895 -0.007965906523168087
v -0.0032281111925840373 -0.002301319269463419 -0.007895693182945251
v -0.0032123560085892673 -0.0023302584886550895 -0.007965906523168087
v -0.0032623116858303543 -0.0023299106396734706 -0.007883047685027122
v -0.0032623116858303543 -0.0023299106396734706 -0.007883047685027122
v -0.0032123560085892673 -0.0023302584886550895 -0.007965906523168087
v -0.003275161143392324 -0.002378973411396145 -0.00794134195894003
v -0.0032623116858303543 -0.0023299106396734706 -0.007883047685027122
v -0.003275161143392324 -0.002378973411396145 -0.00794134195894003
v -0.003301646094769239 -0.002350653987377881 -0.00787520781159401
v -0.003301646094769239 -0.002350653987377881 -0.00787520781159401
v -0.003275161143392324 -0.002378973411396145 -0.00794134195894003
v -0.0033426899462938304 -0.002362893195822834 -0.007872229442000389
v -0.003301646094769239 -0.002350653987377881 -0.00787520781159401
v -0.0033426899462938304 -0.002362893195822834 -0.007872229442000389
v -0.0033738061320036645 -0.0023337893653661004 -0.007808202877640724
v -0.0033738061320036645 -0.0023337893653661004 -0.007808202877640724
v -0.0033426899462938304 -0.002362893195822834 -0.007872229442000389
v -0.003416944062337279 -0.002332203555852174 -0.007810273673385382
v -0.0033738061320036645 -0.0023337893653661004 -0.007808202877640724
v -0.003416944062337279 -0.002332203555852174 -0.007810273673385382
v -0.003481267718598246 -0.002266772324219345 -0.00768536189571023
v 0.0035209897905588146 0.007812260184437034 -0.0019500000635161996
v 0.0035209897905588146 0.007812260184437034 -0.003449999960139394
v 0.002843455178663134 0.007530489005148408 -0.003449999960139394
v 0.0035209897905588146 0.007812260184437034 -0.0019500000635161996
v 0.002843455178663134 0.007530489005148408 -0.003449999960139394
v 0.002843455178663134 0.007530489005148408 -0.0019500000635161996
v 0.002843455178663134 0.007530489005148408 -0.0019500000635161996
v 0.002843455178663134 0.007530489005148408 -0.003449999960139394
v 0.0023131486959755416 0.007023308891803024 -0.003449999960139394
v 0.002843455178663134 0.007530489005148408 -0.0019500000635161996
v 0.0023131486959755416 0.007023308891803024 -0.003449999960139394
v 0.0023131486959755416 0.007023308891803024 -0.0019500000635161996
v 0.0023131486959755416 0.007023308891803024 -0.0019500000635161996
v 0.0023131486959755416 0.007023308891803024 -0.003449999960139394
v 0.0020014569163322444 0.006359002552926539 -0.003449999960139394
v 0.0023131486959755416 0.007023308891803024 -0.0019500000635161996
v 0.0020014569163322444 0.006359002552926539 -0.003449999960139394
v 0.0020014569163322444 0.006359002552926539 -0.0019500000635161996
v 0.0035209897905588146 0.007812260184437034 -0.006550000049173832
v 0.0035209897905588146 0.007812260184437034 -0.008050000295042992
v 0.002843455178663134 0.007530489005148408 -0.008050000295042992
v 0.0035209897905588146 0.007812260184437034 -0.006550000049173832
v 0.002843455178663134 0.007530489005148408 -0.008050000295042992
v 0.002843455178663134 0.007530489005148408 -0.006550000049173832
v 0.002843455178663134 0.007530489005148408 -0.006550000049173832
v 0.002843455178663134 0.007530489005148408 -0.008050000295042992
v 0.0023131486959755416 0.007023308891803024 -0.008050000295042992
v 0.002843455178663134 0.007530489005148408 -0.006550000049173832
v 0.0023131486959755416 0.007023308891803024 -0.008050000295042992
v 0.0023131486959755416 0.007023308891803024 -0.006550000049173832
v 0.0023131486959755416 0.007023308891803024 -0.006550000049173832
v 0.0023131486959755416 0.007023308891803024 -0.008050000295042992
v 0.0020014569163322444 0.006359002552926539 -0.008050000295042992
v 0.0023131486959755416 0.007023308891803024 -0.006550000049173832
v 0.0020014569163322444 0.006359002552926539 -0.008050000295042992
v 0.0020014569163322444 0.006359002552926539 -0.006550000049173832
v -0.0022490893024951215 0.003439065534621476 -0.008050000295042992
v -0.0022490893024951215 0.003439065534621476 -0.006550000049173832
v -0.0017956885276362298 0.004002864472568033 -0.006550000049173832
v -0.0022490893024951215 0.003439065534621476 -0.008050000295042992
v -0.0017956885276362298 0.004002864472568033 -0.006550000049173832
v -0.0017956885276362298 0.004002864472568033 -0.008050000295042992
v -0.0017956885276362298 0.004002864472568033 -0.008050000295042992
v -0.0017956885276362298 0.004002864472568033 -0.006550000049173832
v -0.0011713752755895255 0.004368462134152649 -0.006550000049173832
v -0.0017956885276362298 0.004002864472568033 -0.008050000295042992
v -0.0011713752755895255 0.004368462134152649 -0.006550000049173832
v -0.0011713752755895255 0.004368462134152649 -0.008050000295042992
v -0.0011713752755895255 0.004368462134152649 -0.008050000295042992
v -0.0011713752755895255 0.004368462134152649 -0.006550000049173832
v -0.0004578374209813773 0.004488028120249508 -0.006550000049173832
v -0.0011713752755895255 0.004368462134152649 -0.008050000295042992
v -0.0004578374209813773 0.004488028120249508 -0.006550000049173832
v -0.0004578374209813773 0.004488028120249508 -0.008050000295042992
v -0.0022490893024951215 0.003439065534621476 -0.003449999960139394
v -0.0022490893024951215 0.003439065534621476 -0.0019500000635161996
v -0.0017956885276362298 0.004002864472568033 -0.0019500000635161996
v -0.0022490893024951215 0.003439065534621476 -0.003449999960139394
v -0.0017956885276362298 0.004002864472568033 -0.0019500000635161996
v -0.0017956885276362298 0.004002864472568033 -0.003449999960139394
v -0.0017956885276362298 0.004002864472568033 -0.003449999960139394
v -0.0017956885276362298 0.004002864472568033 -0.0019500000635161996
v -0.0011713752755895255 0.004368462134152649 -0.0019500000635161996
v -0.0017956885276362298 0.004002864472568033 -0.003449999960139394
v -0.0011713752755895255 0.004368462134152649 -0.0019500000635161996
v -0.0011713752755895255 0.004368462134152649 -0.003449999960139394
v -0.0011713752755895255 0.004368462134152649 -0.003449999960139394
v -0.0011713752755895255 0.004368462134152649 -0.0019500000635161996
v -0.0004578374209813773 0.004488028120249508 -0.0019500000635161996
v -0.0011713752755895255 0.004368462134152649 -0.003449999960139394
v -0.0004578374209813773 0.004488028120249508 -0.0019500000635161996
v -0.0004578374209813773 0.004488028120249508 -0.003449999960139394
v -0.0004578374209813773 0.004488028120249508 -0.003449999960139394
v -0.0004578374209813773 0.004488028120249508 -0.0019500000635161996
v 0.0006200955831445752 0.004713520407676695 -0.003449999960139394
v 0.0006200955831445752 0.004713520407676695 -0.003449999960139394
v -0.0004578374209813773 0.004488028120249508 -0.0019500000635161996
v 0.0006200955831445752 0.004713520407676695 -0.0019500000635161996
v 0.0006200955831445752 0.004713520407676695 -0.003449999960139394
v 0.0006200955831445752 0.004713520407676695 -0.0019500000635161996
v 0.0014965438749641178 0.005380311980843542 -0.003449999960139394
v 0.0014965438749641178 0.005380311980843542 -0.003449999960139394
v 0.0006200955831445752 0.004713520407676695 -0.0019500000635161996
v 0.0014965438749641178 0.005380311980843542 -0.0019500000635161996
v 0.0014965438749641178 0.005380311980843542 -0.003449999960139394
v 0.0014965438749641178 0.005380311980843542 -0.0019500000635161996
v 0.0020014569163322444 0.006359002552926539 -0.003449999960139394
v 0.0020014569163322444 0.006359002552926539 -0.003449999960139394
v 0.0014965438749641178 0.005380311980843542 -0.0019500000635161996
v 0.0020014569163322444 0.006359002552926539 -0.0019500000635161996
v -0.0004578374209813773 0.004488028120249508 -0.008050000295042992
v -0.0004578374209813773 0.004488028120249508 -0.006550000049173832
v 0.0006200955831445752 0.004713520407676695 -0.008050000295042992
v 0.0006200955831445752 0.004713520407676695 -0.008050000295042992
v -0.0004578374209813773 0.004488028120249508 -0.006550000049173832
v 0.0006200955831445752 0.004713520407676695 -0.006550000049173832
v 0.0006200955831445752 0.004713520407676695 -0.008050000295042992
v 0.0006200955831445752 0.004713520407676695 -0.006550000049173832
v 0.0014965438749641178 0.005380311980843542 -0.008050000295042992
v 0.0014965438749641178 0.005380311980843542 -0.008050000295042992
v 0.0006200955831445752 0.004713520407676695 -0.006550000049173832
v 0.0014965438749641178 0.005380311980843542 -0.006550000049173832
v 0.0014965438749641178 0.005380311980843542 -0.008050000295042992
v 0.0014965438749641178 0.005380311980843542 -0.006550000049173832
v 0.0020014569163322444 0.006359002552926539 -0.008050000295042992
v 0.0020014569163322444 0.006359002552926539 -0.008050000295042992
v 0.0014965438749641178 0.005380311980843542 -0.006550000049173832
v 0.0020014569163322444 0.006359002552926539 -0.006550000049173832
v -0.0013003866188228128 -0.0007476602331735192 -0.003449999960139394
v -0.0013003866188228128 -0.0007476602331735192 -0.006550000049173832
v -0.0032263111788779493 -0.0018549644155427807 -0.003449999960139394
v -0.0032263111788779493 -0.0018549644155427807 -0.003449999960139394
v -0.0013003866188228128 -0.0007476602331735192 -0.006550000049173832
v -0.0032263111788779493 -0.0018549644155427807 -0.006550000049173832
v 0.007476614788174628 -0.0004124185943510382 -0.003449999960139394
v 0.007476614788174628 -0.0004124185943510382 -0.006550000049173832
v 0.001308681210502982 -0.000733048014808446 -0.003449999960139394
v 0.001308681210502982 -0.000733048014808446 -0.003449999960139394
v 0.007476614788174628 -0.0004124185943510382 -0.006550000049173832
v 0.001308681210502982 -0.000733048014808446 -0.006550000049173832
v 0.003135674865916371 0.005322205834090708 -0.008050000295042992
v 0.003135674865916371 0.005322205834090708 -0.006550000049173832
v 0.0032991028856486078 0.00456314207985997 -0.008050000295042992
v 0.0032991028856486078 0.00456314207985997 -0.008050000295042992
v 0.003135674865916371 0.005322205834090708 -0.006550000049173832
v 0.0032991028856486078 0.00456314207985997 -0.006550000049173832
v 0.0032991028856486078 0.00456314207985997 -0.008050000295042992
v 0.0032991028856486078 0.00456314207985997 -0.006550000049173832
v 0.0038201701827347274 0.003987486008554695 -0.008050000295042992
v 0.0038201701827347274 0.003987486008554695 -0.008050000295042992
v 0.0032991028856486078 0.00456314207985997 -0.006550000049173832
v 0.0038201701827347274 0.003987486008554695 -0.006550000049173832
v 0.0038201701827347274 0.003987486008554695 -0.008050000295042992
v 0.0038201701827347274 0.003987486008554695 -0.006550000049173832
v 0.004559254273772239 0.0037494897842407214 -0.008050000295042992
v 0.004559254273772239 0.0037494897842407214 -0.008050000295042992
v 0.0038201701827347274 0.003987486008554695 -0.006550000049173832
v 0.004559254273772239 0.0037494897842407214 -0.006550000049173832
v 0.004559254273772239 0.0037494897842407214 -0.008050000295042992
v 0.004559254273772239 0.0037494897842407214 -0.006550000049173832
v 0.0053183180280029765 0.003912917803972958 -0.008050000295042992
v 0.0053183180280029765 0.003912917803972958 -0.008050000295042992
v 0.004559254273772239 0.0037494897842407214 -0.006550000049173832
v 0.0053183180280029765 0.003912917803972958 -0.006550000049173832
v 0.0053183180280029765 0.003912917803972958 -0.008050000295042992
v 0.0053183180280029765 0.003912917803972958 -0.006550000049173832
v 0.0058939666487276545 0.004433983936905859 -0.008050000295042992
v 0.0058939666487276545 0.004433983936905859 -0.008050000295042992
v 0.0053183180280029765 0.003912917803972958 -0.006550000049173832
v 0.0058939666487276545 0.004433983936905859 -0.006550000049173832
v 0.0058939666487276545 0.004433983936905859 -0.008050000295042992
v 0.0058939666487276545 0.004433983936905859 -0.006550000049173832
v 0.006131971720606088 0.005173061974346636 -0.008050000295042992
v 0.006131971720606088 0.005173061974346636 -0.008050000295042992
v 0.0058939666487276545 0.004433983936905859 -0.006550000049173832
v 0.006131971720606088 0.005173061974346636 -0.006550000049173832
v 0.0035209897905588146 0.007812260184437034 -0.008050000295042992
v 0.0035209897905588146 0.007812260184437034 -0.006550000049173832
v 0.004826610442250966 0.007803859654814002 -0.006550000049173832
v 0.0035209897905588146 0.007812260184437034 -0.008050000295042992
v 0.004826610442250966 0.007803859654814002 -0.006550000049173832
v 0.004826610442250966 0.007803859654814002 -0.008050000295042992
v 0.004826610442250966 0.007803859654814002 -0.008050000295042992
v 0.004826610442250966 0.007803859654814002 -0.006550000049173832
v 0.006008699070662259 0.007249436341226098 -0.006550000049173832
v 0.004826610442250966 0.007803859654814002 -0.008050000295042992
v 0.006008699070662259 0.007249436341226098 -0.006550000049173832
v 0.006008699070662259 0.007249436341226098 -0.008050000295042992
v 0.006008699070662259 0.007249436341226098 -0.008050000295042992
v 0.006008699070662259 0.007249436341226098 -0.006550000049173832
v 0.006849944125860929 0.006250923965126274 -0.006550000049173832
v 0.006008699070662259 0.007249436341226098 -0.008050000295042992
v 0.006849944125860929 0.006250923965126274 -0.006550000049173832
v 0.006849944125860929 0.006250923965126274 -0.008050000295042992
v 0.006849944125860929 0.006250923965126274 -0.008050000295042992
v 0.006849944125860929 0.006250923965126274 -0.006550000049173832
v 0.00719567947089672 0.004991884808987377 -0.006550000049173832
v 0.006849944125860929 0.006250923965126274 -0.008050000295042992
v 0.00719567947089672 0.004991884808987377 -0.006550000049173832
v 0.00719567947089672 0.004991884808987377 -0.008050000295042992
v -0.0014981424901634453 7.45724173611961e-05 -0.003449999960139394
v -0.0014981424901634453 7.45724173611961e-05 -0.0019500000635161996
v -0.0013821375323459504 -0.0005828333087265489 -0.003449999960139394
v -0.0013821375323459504 -0.0005828333087265489 -0.003449999960139394
v -0.0014981424901634453 7.45724173611961e-05 -0.0019500000635161996
v -0.0013821375323459504 -0.0005828333087265489 -0.0019500000635161996
v -0.0013821375323459504 -0.0005828333087265489 -0.003449999960139394
v -0.0013821375323459504 -0.0005828333087265489 -0.0019500000635161996
v -0.0013003866188228128 -0.0007476602331735192 -0.003449999960139394
v -0.0013003866188228128 -0.0007476602331735192 -0.003449999960139394
v -0.0013821375323459504 -0.0005828333087265489 -0.0019500000635161996
v -0.0009923826437443493 -0.0011248046066612 -0.0019500000635161996
v -0.0013003866188228128 -0.0007476602331735192 -0.003449999960139394
v -0.0009923826437443493 -0.0011248046066612 -0.0019500000635161996
v -0.0013003866188228128 -0.0007476602331735192 -0.006550000049173832
v -0.0014981424901634453 7.45724173611961e-05 -0.008050000295042992
v -0.0014981424901634453 7.45724173611961e-05 -0.006550000049173832
v -0.0013821375323459504 -0.0005828333087265489 -0.008050000295042992
v -0.0013821375323459504 -0.0005828333087265489 -0.008050000295042992
v -0.0014981424901634453 7.45724173611961e-05 -0.006550000049173832
v -0.0013821375323459504 -0.0005828333087265489 -0.006550000049173832
v -0.0013821375323459504 -0.0005828333087265489 -0.008050000295042992
v -0.0013821375323459504 -0.0005828333087265489 -0.006550000049173832
v -0.0009923826437443493 -0.0011248046066612 -0.008050000295042992
v 0.0014981471467763183 -7.45731304050423e-05 -0.006550000049173832
v 0.0014981471467763183 -7.45731304050423e-05 -0.008050000295042992
v 0.001317427842877805 -0.0007172054029069839 -0.006550000049173832
v 0.001317427842877805 -0.0007172054029069839 -0.006550000049173832
v 0.0014981471467763183 -7.45731304050423e-05 -0.008050000295042992
v 0.001317427842877805 -0.0007172054029069839 -0.008050000295042992
v 0.001317427842877805 -0.0007172054029069839 -0.006550000049173832
v 0.001317427842877805 -0.0007172054029069839 -0.008050000295042992
v 0.001308681210502982 -0.000733048014808446 -0.006550000049173832
v 0.001308681210502982 -0.000733048014808446 -0.006550000049173832
v 0.001317427842877805 -0.0007172054029069839 -0.008050000295042992
v 0.0008757762261666356 -0.0012177930912002917 -0.008050000295042992
v 0.001308681210502982 -0.000733048014808446 -0.006550000049173832
v 0.0008757762261666356 -0.0012177930912002917 -0.008050000295042992
v 0.001308681210502982 -0.000733048014808446 -0.003449999960139394
v 0.0014981471467763183 -7.45731304050423e-05 -0.0019500000635161996
v 0.0014981471467763183 -7.45731304050423e-05 -0.003449999960139394
v 0.001317427842877805 -0.0007172054029069839 -0.0019500000635161996
v 0.001317427842877805 -0.0007172054029069839 -0.0019500000635161996
v 0.0014981471467763183 -7.45731304050423e-05 -0.003449999960139394
v 0.001317427842877805 -0.0007172054029069839 -0.003449999960139394
v 0.001317427842877805 -0.0007172054029069839 -0.0019500000635161996
v 0.001317427842877805 -0.0007172054029069839 -0.003449999960139394
v 0.0008757762261666356 -0.0012177930912002917 -0.0019500000635161996
v 0.001317427842877805 -0.0007172054029069839 -0.003449999960139394
v 0.001308681210502982 -0.000733048014808446 -0.003449999960139394
v 0.0008757762261666356 -0.0012177930912002917 -0.0019500000635161996
v 0.0008757762261666356 -0.0012177930912002917 -0.0019500000635161996
v 0.001308681210502982 -0.000733048014808446 -0.003449999960139394
v 0.0008757762261666356 -0.0012177930912002917 -0.008050000295042992
v 0.0008757762261666356 -0.0012177930912002917 -0.0019500000635161996
v 0.0008757762261666356 -0.0012177930912002917 -0.008050000295042992
v 0.0002606656635180115 -0.0014771742280572648 -0.0019500000635161996
v 0.0002606656635180115 -0.0014771742280572648 -0.0019500000635161996
v 0.0008757762261666356 -0.0012177930912002917 -0.008050000295042992
v 0.0002606656635180115 -0.0014771742280572648 -0.008050000295042992
v 0.0002606656635180115 -0.0014771742280572648 -0.0019500000635161996
v 0.0002606656635180115 -0.0014771742280572648 -0.008050000295042992
v -0.00040606828406453127 -0.0014439881779253478 -0.0019500000635161996
v -0.00040606828406453127 -0.0014439881779253478 -0.0019500000635161996
v 0.0002606656635180115 -0.0014771742280572648 -0.008050000295042992
v -0.00040606828406453127 -0.0014439881779253478 -0.008050000295042992
v -0.00040606828406453127 -0.0014439881779253478 -0.0019500000635161996
v -0.00040606828406453127 -0.0014439881779253478 -0.008050000295042992
v -0.0009923826437443493 -0.0011248046066612 -0.0019500000635161996
v -0.0009923826437443493 -0.0011248046066612 -0.0019500000635161996
v -0.00040606828406453127 -0.0014439881779253478 -0.008050000295042992
v -0.0009923826437443493 -0.0011248046066612 -0.008050000295042992
v -0.0009923826437443493 -0.0011248046066612 -0.0019500000635161996
v -0.0009923826437443493 -0.0011248046066612 -0.008050000295042992
v -0.0013003866188228128 -0.0007476602331735192 -0.006550000049173832
v -0.0013003866188228128 -0.0007476602331735192 -0.006550000049173832
v -0.0009923826437443493 -0.0011248046066612 -0.008050000295042992
v -0.0013821375323459504 -0.0005828333087265489 -0.006550000049173832
v 0.006131971720606088 0.005173061974346636 -0.0019500000635161996
v 0.006131971720606088 0.005173061974346636 -0.003449999960139394
v 0.0058939666487276545 0.004433983936905859 -0.0019500000635161996
v 0.0058939666487276545 0.004433983936905859 -0.0019500000635161996
v 0.006131971720606088 0.005173061974346636 -0.003449999960139394
v 0.0058939666487276545 0.004433983936905859 -0.003449999960139394
v 0.0058939666487276545 0.004433983936905859 -0.0019500000635161996
v 0.0058939666487276545 0.004433983936905859 -0.003449999960139394
v 0.0053183180280029765 0.003912917803972958 -0.0019500000635161996
v 0.0053183180280029765 0.003912917803972958 -0.0019500000635161996
v 0.0058939666487276545 0.004433983936905859 -0.003449999960139394
v 0.0053183180280029765 0.003912917803972958 -0.003449999960139394
v 0.0053183180280029765 0.003912917803972958 -0.0019500000635161996
v 0.0053183180280029765 0.003912917803972958 -0.003449999960139394
v 0.004559254273772239 0.0037494897842407214 -0.0019500000635161996
v 0.004559254273772239 0.0037494897842407214 -0.0019500000635161996
v 0.0053183180280029765 0.003912917803972958 -0.003449999960139394
v 0.004559254273772239 0.0037494897842407214 -0.003449999960139394
v 0.004559254273772239 0.0037494897842407214 -0.0019500000635161996
v 0.004559254273772239 0.0037494897842407214 -0.003449999960139394
v 0.0038201701827347274 0.003987486008554695 -0.0019500000635161996
v 0.0038201701827347274 0.003987486008554695 -0.0019500000635161996
v 0.004559254273772239 0.0037494897842407214 -0.003449999960139394
v 0.0038201701827347274 0.003987486008554695 -0.003449999960139394
v 0.0038201701827347274 0.003987486008554695 -0.0019500000635161996
v 0.0038201701827347274 0.003987486008554695 -0.003449999960139394
v 0.0032991028856486078 0.00456314207985997 -0.0019500000635161996
v 0.0032991028856486078 0.00456314207985997 -0.0019500000635161996
v 0.0038201701827347274 0.003987486008554695 -0.003449999960139394
v 0.0032991028856486078 0.00456314207985997 -0.003449999960139394
v 0.0032991028856486078 0.00456314207985997 -0.0019500000635161996
v 0.0032991028856486078 0.00456314207985997 -0.003449999960139394
v 0.003135674865916371 0.005322205834090708 -0.0019500000635161996
v 0.003135674865916371 0.005322205834090708 -0.0019500000635161996
v 0.0032991028856486078 0.00456314207985997 -0.003449999960139394
v 0.003135674865916371 0.005322205834090708 -0.003449999960139394
v 0.00719567947089672 0.004991884808987377 -0.0019500000635161996
v 0.00719567947089672 0.004991884808987377 -0.003449999960139394
v 0.006849944125860929 0.006250923965126274 -0.003449999960139394
v 0.00719567947089672 0.004991884808987377 -0.0019500000635161996
v 0.006849944125860929 0.006250923965126274 -0.003449999960139394
v 0.006849944125860929 0.006250923965126274 -0.0019500000635161996
v 0.006849944125860929 0.006250923965126274 -0.0019500000635161996
v 0.006849944125860929 0.006250923965126274 -0.003449999960139394
v 0.006008699070662259 0.007249436341226098 -0.003449999960139394
v 0.006849944125860929 0.006250923965126274 -0.0019500000635161996
v 0.006008699070662259 0.007249436341226098 -0.003449999960139394
v 0.006008699070662259 0.007249436341226098 -0.0019500000635161996
v 0.006008699070662259 0.007249436341226098 -0.0019500000635161996
v 0.006008699070662259 0.007249436341226098 -0.003449999960139394
v 0.004826610442250966 0.007803859654814002 -0.003449999960139394
v 0.006008699070662259 0.007249436341226098 -0.0019500000635161996
v 0.004826610442250966 0.007803859654814002 -0.003449999960139394
v 0.004826610442250966 0.007803859654814002 -0.0019500000635161996
v 0.004826610442250966 0.007803859654814002 -0.0019500000635161996
v 0.004826610442250966 0.007803859654814002 -0.003449999960139394
v 0.0035209897905588146 0.007812260184437034 -0.003449999960139394
v 0.004826610442250966 0.007803859654814002 -0.0019500000635161996
v 0.0035209897905588146 0.007812260184437034 -0.003449999960139394
v 0.0035209897905588146 0.007812260184437034 -0.0019500000635161996
v -0.0031923716887831684 -0.0020892019383609286 -0.0021840776316821575
v -0.003172972239553928 -0.0022062757052481166 -0.0019500000635161996
v -0.003290213411673903 -0.0002944656880572437 -0.0019500000635161996
v -0.0031923716887831684 -0.0020892019383609286 -0.0021840776316821575
v -0.003290213411673903 -0.0002944656880572437 -0.0019500000635161996
v -0.0032007549889385696 -0.002035295357927679 -0.002441762015223503
v -0.00317297363653779 -0.0022062682546675197 -0.008050000295042992
v -0.0031923716887831684 -0.0020892019383609286 -0.007815924473106861
v -0.003290213411673903 -0.0002944656880572437 -0.008050000295042992
v -0.003290213411673903 -0.0002944656880572437 -0.008050000295042992
v -0.0031923716887831684 -0.0020892019383609286 -0.007815924473106861
v -0.0032007549889385696 -0.002035295357927679 -0.007558242883533239
v -0.0032263111788779493 -0.0018549644155427807 -0.003449999960139394
v -0.0032263111788779493 -0.0018549644155427807 -0.006550000049173832
v -0.0032007549889385696 -0.002035295357927679 -0.007558242883533239
v -0.0032007549889385696 -0.002035295357927679 -0.007558242883533239
v -0.0032263111788779493 -0.0018549644155427807 -0.006550000049173832
v -0.003290213411673903 -0.0002944656880572437 -0.006550000049173832
v -0.0032007549889385696 -0.002035295357927679 -0.007558242883533239
v -0.003290213411673903 -0.0002944656880572437 -0.006550000049173832
v -0.003290213411673903 -0.0002944656880572437 -0.008050000295042992
v -0.003290213411673903 -0.0002944656880572437 -0.008050000295042992
v -0.003290213411673903 -0.0002944656880572437 -0.006550000049173832
v -0.002979099983349442 0.0016307078767567866 -0.006550000049173832
v -0.003290213411673903 -0.0002944656880572437 -0.008050000295042992
v -0.002979099983349442 0.0016307078767567866 -0.006550000049173832
v -0.002979099983349442 0.0016307078767567866 -0.008050000295042992
v -0.002979099983349442 0.0016307078767567866 -0.008050000295042992
v -0.002979099983349442 0.0016307078767567866 -0.006550000049173832
v -0.0022490893024951215 0.003439065534621476 -0.006550000049173832
v -0.002979099983349442 0.0016307078767567866 -0.008050000295042992
v -0.0022490893024951215 0.003439065534621476 -0.006550000049173832
v -0.0022490893024951215 0.003439065534621476 -0.008050000295042992
v -0.0032007549889385696 -0.002035295357927679 -0.007558242883533239
v -0.0032007549889385696 -0.002035295357927679 -0.002441762015223503
v -0.0032263111788779493 -0.0018549644155427807 -0.003449999960139394
v -0.0032263111788779493 -0.0018549644155427807 -0.003449999960139394
v -0.0032007549889385696 -0.002035295357927679 -0.002441762015223503
v -0.003290213411673903 -0.0002944656880572437 -0.0019500000635161996
v -0.0032263111788779493 -0.0018549644155427807 -0.003449999960139394
v -0.003290213411673903 -0.0002944656880572437 -0.0019500000635161996
v -0.003290213411673903 -0.0002944656880572437 -0.003449999960139394
v -0.003290213411673903 -0.0002944656880572437 -0.003449999960139394
v -0.003290213411673903 -0.0002944656880572437 -0.0019500000635161996
v -0.002979099983349442 0.0016307078767567866 -0.0019500000635161996
v -0.003290213411673903 -0.0002944656880572437 -0.003449999960139394
v -0.002979099983349442 0.0016307078767567866 -0.0019500000635161996
v -0.002979099983349442 0.0016307078767567866 -0.003449999960139394
v -0.002979099983349442 0.0016307078767567866 -0.003449999960139394
v -0.002979099983349442 0.0016307078767567866 -0.0019500000635161996
v -0.0022490893024951215 0.003439065534621476 -0.0019500000635161996
v -0.002979099983349442 0.0016307078767567866 -0.003449999960139394
v -0.0022490893024951215 0.003439065534621476 -0.0019500000635161996
v -0.0022490893024951215 0.003439065534621476 -0.003449999960139394
v 0.0058939666487276545 0.004433983936905859 -0.008050000295042992
v 0.006849944125860929 0.006250923965126274 -0.008050000295042992
v 0.00719567947089672 0.004991884808987377 -0.008050000295042992
v 0.006502592936158179 -0.00043432321399450286 -0.008050000295042992
v 0.00719567947089672 0.004991884808987377 -0.008050000295042992
v 0.007241390645503997 -0.0007364977500401435 -0.008050000295042992
v 0.007241390645503997 -0.0007364977500401435 -0.008050000295042992
v 0.00719567947089672 0.004991884808987377 -0.008050000295042992
v 0.007502032909542321 -0.0009013456292450425 -0.008050000295042992
v 0.0013347191270440815 0.0006844906602054832 -0.008050000295042992
v 0.004559254273772239 0.0037494897842407214 -0.008050000295042992
v 0.0053183180280029765 0.003912917803972958 -0.008050000295042992
v -0.0011713752755895255 0.004368462134152649 -0.008050000295042992
v 7.456780440406872e-05 0.0014981430722400542 -0.008050000295042992
v -0.0006844886229373514 0.0013347164494916792 -0.008050000295042992
v -0.0012601459166035054 0.000813656428363174 -0.008050000295042992
v -0.0022490893024951215 0.003439065534621476 -0.008050000295042992
v -0.0006844886229373514 0.0013347164494916792 -0.008050000295042992
v -0.0006844886229373514 0.0013347164494916792 -0.008050000295042992
v -0.0022490893024951215 0.003439065534621476 -0.008050000295042992
v -0.0017956885276362298 0.004002864472568033 -0.008050000295042992
v -0.0006844886229373514 0.0013347164494916792 -0.008050000295042992
v -0.0017956885276362298 0.004002864472568033 -0.008050000295042992
v -0.0011713752755895255 0.004368462134152649 -0.008050000295042992
v 0.003316394286230206 0.005964838434010742 -0.008050000295042992
v 0.003135674865916371 0.005322205834090708 -0.008050000295042992
v 0.0008136518299579619 0.0012601466150954361 -0.008050000295042992
v 0.0008136518299579619 0.0012601466150954361 -0.008050000295042992
v 0.003135674865916371 0.005322205834090708 -0.008050000295042992
v 0.0032991028856486078 0.00456314207985997 -0.008050000295042992
v 0.0008136518299579619 0.0012601466150954361 -0.008050000295042992
v 0.0032991028856486078 0.00456314207985997 -0.008050000295042992
v 0.0013347191270440815 0.0006844906602054832 -0.008050000295042992
v 0.0013347191270440815 0.0006844906602054832 -0.008050000295042992
v 0.0032991028856486078 0.00456314207985997 -0.008050000295042992
v 0.0038201701827347274 0.003987486008554695 -0.008050000295042992
v 0.0013347191270440815 0.0006844906602054832 -0.008050000295042992
v 0.0038201701827347274 0.003987486008554695 -0.008050000295042992
v 0.004559254273772239 0.0037494897842407214 -0.008050000295042992
v 0.005803162697702645 -0.00046909871161915346 -0.008050000295042992
v 0.0014981471467763183 -7.45731304050423e-05 -0.008050000295042992
v 0.006502592936158179 -0.00043432321399450286 -0.008050000295042992
v 0.006502592936158179 -0.00043432321399450286 -0.008050000295042992
v 0.0014981471467763183 -7.45731304050423e-05 -0.008050000295042992
v 0.0013347191270440815 0.0006844906602054832 -0.008050000295042992
v 0.006502592936158179 -0.00043432321399450286 -0.008050000295042992
v 0.0013347191270440815 0.0006844906602054832 -0.008050000295042992
v 0.00719567947089672 0.004991884808987377 -0.008050000295042992
v 0.00719567947089672 0.004991884808987377 -0.008050000295042992
v 0.0013347191270440815 0.0006844906602054832 -0.008050000295042992
v 0.0053183180280029765 0.003912917803972958 -0.008050000295042992
v 0.00719567947089672 0.004991884808987377 -0.008050000295042992
v 0.0053183180280029765 0.003912917803972958 -0.008050000295042992
v 0.0058939666487276545 0.004433983936905859 -0.008050000295042992
v -0.0011713752755895255 0.004368462134152649 -0.008050000295042992
v -0.0004578374209813773 0.004488028120249508 -0.008050000295042992
v 7.456780440406872e-05 0.0014981430722400542 -0.008050000295042992
v 7.456780440406872e-05 0.0014981430722400542 -0.008050000295042992
v -0.0004578374209813773 0.004488028120249508 -0.008050000295042992
v 0.0006200955831445752 0.004713520407676695 -0.008050000295042992
v 7.456780440406872e-05 0.0014981430722400542 -0.008050000295042992
v 0.0006200955831445752 0.004713520407676695 -0.008050000295042992
v 0.0008136518299579619 0.0012601466150954361 -0.008050000295042992
v 0.0008136518299579619 0.0012601466150954361 -0.008050000295042992
v 0.0006200955831445752 0.004713520407676695 -0.008050000295042992
v 0.0014965438749641178 0.005380311980843542 -0.008050000295042992
v 0.0008136518299579619 0.0012601466150954361 -0.008050000295042992
v 0.0014965438749641178 0.005380311980843542 -0.008050000295042992
v 0.003316394286230206 0.005964838434010742 -0.008050000295042992
v 0.0058939666487276545 0.004433983936905859 -0.008050000295042992
v 0.006131971720606088 0.005173061974346636 -0.008050000295042992
v 0.006849944125860929 0.006250923965126274 -0.008050000295042992
v 0.006849944125860929 0.006250923965126274 -0.008050000295042992
v 0.006131971720606088 0.005173061974346636 -0.008050000295042992
v 0.0060159582644700995 0.005830473266541956 -0.008050000295042992
v 0.006849944125860929 0.006250923965126274 -0.008050000295042992
v 0.0060159582644700995 0.005830473266541956 -0.008050000295042992
v 0.006008699070662259 0.007249436341226098 -0.008050000295042992
v 0.006008699070662259 0.007249436341226098 -0.008050000295042992
v 0.0060159582644700995 0.005830473266541956 -0.008050000295042992
v 0.005626204423606395 0.006372437346726654 -0.008050000295042992
v 0.006008699070662259 0.007249436341226098 -0.008050000295042992
v 0.005626204423606395 0.006372437346726654 -0.008050000295042992
v 0.004826610442250966 0.007803859654814002 -0.008050000295042992
v 0.004826610442250966 0.007803859654814002 -0.008050000295042992
v 0.005626204423606395 0.006372437346726654 -0.008050000295042992
v 0.005039896350353955 0.006691629532724616 -0.008050000295042992
v 0.004826610442250966 0.007803859654814002 -0.008050000295042992
v 0.005039896350353955 0.006691629532724616 -0.008050000295042992
v 0.0035209897905588146 0.007812260184437034 -0.008050000295042992
v 0.0035209897905588146 0.007812260184437034 -0.008050000295042992
v 0.005039896350353955 0.006691629532724616 -0.008050000295042992
v 0.004373155068606137 0.006724814418703315 -0.008050000295042992
v 0.0035209897905588146 0.007812260184437034 -0.008050000295042992
v 0.004373155068606137 0.006724814418703315 -0.008050000295042992
v 0.002843455178663134 0.007530489005148408 -0.008050000295042992
v 0.002843455178663134 0.007530489005148408 -0.008050000295042992
v 0.004373155068606137 0.006724814418703315 -0.008050000295042992
v 0.0037580458447337146 0.006465425714850424 -0.008050000295042992
v 0.002843455178663134 0.007530489005148408 -0.008050000295042992
v 0.0037580458447337146 0.006465425714850424 -0.008050000295042992
v 0.0023131486959755416 0.007023308891803024 -0.008050000295042992
v 0.0023131486959755416 0.007023308891803024 -0.008050000295042992
v 0.0037580458447337146 0.006465425714850424 -0.008050000295042992
v 0.003316394286230206 0.005964838434010742 -0.008050000295042992
v 0.0023131486959755416 0.007023308891803024 -0.008050000295042992
v 0.003316394286230206 0.005964838434010742 -0.008050000295042992
v 0.0020014569163322444 0.006359002552926539 -0.008050000295042992
v 0.0020014569163322444 0.006359002552926539 -0.008050000295042992
v 0.003316394286230206 0.005964838434010742 -0.008050000295042992
v 0.0014965438749641178 0.005380311980843542 -0.008050000295042992
v 0.002812032820656895 -0.003139671636745333 -0.008050000295042992
v 0.0008757762261666356 -0.0012177930912002917 -0.008050000295042992
v 0.0036284665111452337 -0.0021538757719099513 -0.008050000295042992
v 0.0036284665111452337 -0.0021538757719099513 -0.008050000295042992
v 0.0008757762261666356 -0.0012177930912002917 -0.008050000295042992
v 0.001317427842877805 -0.0007172054029069839 -0.008050000295042992
v 0.005803162697702645 -0.00046909871161915346 -0.008050000295042992
v 0.0050521320663392535 -0.0007826783112250266 -0.008050000295042992
v 0.0014981471467763183 -7.45731304050423e-05 -0.008050000295042992
v 0.0014981471467763183 -7.45731304050423e-05 -0.008050000295042992
v 0.0050521320663392535 -0.0007826783112250266 -0.008050000295042992
v 0.004252013284713029 -0.001367552205920219 -0.008050000295042992
v 0.0014981471467763183 -7.45731304050423e-05 -0.008050000295042992
v 0.004252013284713029 -0.001367552205920219 -0.008050000295042992
v 0.001317427842877805 -0.0007172054029069839 -0.008050000295042992
v 0.001317427842877805 -0.0007172054029069839 -0.008050000295042992
v 0.004252013284713029 -0.001367552205920219 -0.008050000295042992
v 0.0036313787568360563 -0.0021489968057721845 -0.008050000295042992
v 0.001317427842877805 -0.0007172054029069839 -0.008050000295042992
v 0.0036313787568360563 -0.0021489968057721845 -0.008050000295042992
v 0.0036284665111452337 -0.0021538757719099513 -0.008050000295042992
v -0.002653435338288545 -0.003085835138335823 -0.008050000295042992
v -0.0009923826437443493 -0.0011248046066612 -0.008050000295042992
v -0.001977710053324699 -0.0036046900786459433 -0.008050000295042992
v -0.001977710053324699 -0.0036046900786459433 -0.008050000295042992
v -0.0009923826437443493 -0.0011248046066612 -0.008050000295042992
v -0.00040606828406453127 -0.0014439881779253478 -0.008050000295042992
v 0.002812032820656895 -0.003139671636745333 -0.008050000295042992
v 0.001739333034493029 -0.003831062465906142 -0.008050000295042992
v 0.0008757762261666356 -0.0012177930912002917 -0.008050000295042992
v 0.0008757762261666356 -0.0012177930912002917 -0.008050000295042992
v 0.001739333034493029 -0.003831062465906142 -0.008050000295042992
v 0.001377922249957919 -0.003971473779529331 -0.008050000295042992
v 0.0008757762261666356 -0.0012177930912002917 -0.008050000295042992
v 0.001377922249957919 -0.003971473779529331 -0.008050000295042992
v 0.0002606656635180115 -0.0014771742280572648 -0.008050000295042992
v 0.0002606656635180115 -0.0014771742280572648 -0.008050000295042992
v 0.001377922249957919 -0.003971473779529331 -0.008050000295042992
v 0.00015293215983547268 -0.0041825911030173284 -0.008050000295042992
v 0.0002606656635180115 -0.0014771742280572648 -0.008050000295042992
v 0.00015293215983547268 -0.0041825911030173284 -0.008050000295042992
v -0.00040606828406453127 -0.0014439881779253478 -0.008050000295042992
v -0.00040606828406453127 -0.0014439881779253478 -0.008050000295042992
v 0.00015293215983547268 -0.0041825911030173284 -0.008050000295042992
v -0.0009665489196777343 -0.0040406831540167314 -0.008050000295042992
v -0.00040606828406453127 -0.0014439881779253478 -0.008050000295042992
v -0.0009665489196777343 -0.0040406831540167314 -0.008050000295042992
v -0.001977710053324699 -0.0036046900786459433 -0.008050000295042992
v -0.002653435338288545 -0.003085835138335823 -0.008050000295042992
v -0.0032787877134978767 -0.00247170659713447 -0.008050000295042992
v -0.0032305913046002384 -0.002433032961562275 -0.008050000295042992
v -0.0032305913046002384 -0.002433032961562275 -0.008050000295042992
v -0.0032132910564541812 -0.0024105131160467854 -0.008050000295042992
v -0.002653435338288545 -0.003085835138335823 -0.008050000295042992
v -0.002653435338288545 -0.003085835138335823 -0.008050000295042992
v -0.0032132910564541812 -0.0024105131160467854 -0.008050000295042992
v -0.0031920890323817726 -0.0023710643872618667 -0.008050000295042992
v -0.002653435338288545 -0.003085835138335823 -0.008050000295042992
v -0.0031920890323817726 -0.0023710643872618667 -0.008050000295042992
v -0.0009923826437443493 -0.0011248046066612 -0.008050000295042992
v -0.0009923826437443493 -0.0011248046066612 -0.008050000295042992
v -0.0031920890323817726 -0.0023710643872618667 -0.008050000295042992
v -0.003171673277392983 -0.002300458960235118 -0.008050000295042992
v -0.0009923826437443493 -0.0011248046066612 -0.008050000295042992
v -0.003171673277392983 -0.002300458960235118 -0.008050000295042992
v -0.0013821375323459504 -0.0005828333087265489 -0.008050000295042992
v -0.0013821375323459504 -0.0005828333087265489 -0.008050000295042992
v -0.003171673277392983 -0.002300458960235118 -0.008050000295042992
v -0.00317297363653779 -0.0022062682546675197 -0.008050000295042992
v -0.0013821375323459504 -0.0005828333087265489 -0.008050000295042992
v -0.00317297363653779 -0.0022062682546675197 -0.008050000295042992
v -0.0014981424901634453 7.45724173611961e-05 -0.008050000295042992
v -0.0014981424901634453 7.45724173611961e-05 -0.008050000295042992
v -0.00317297363653779 -0.0022062682546675197 -0.008050000295042992
v -0.003290213411673903 -0.0002944656880572437 -0.008050000295042992
v -0.0014981424901634453 7.45724173611961e-05 -0.008050000295042992
v -0.003290213411673903 -0.0002944656880572437 -0.008050000295042992
v -0.0012601459166035054 0.000813656428363174 -0.008050000295042992
v -0.0012601459166035054 0.000813656428363174 -0.008050000295042992
v -0.003290213411673903 -0.0002944656880572437 -0.008050000295042992
v -0.002979099983349442 0.0016307078767567866 -0.008050000295042992
v -0.0012601459166035054 0.000813656428363174 -0.008050000295042992
v -0.002979099983349442 0.0016307078767567866 -0.008050000295042992
v -0.0022490893024951215 0.003439065534621476 -0.008050000295042992
v 0.001317427842877805 -0.0007172054029069839 -0.006550000049173832
v 0.001308681210502982 -0.000733048014808446 -0.006550000049173832
v 0.007476614788174628 -0.0004124185943510382 -0.006550000049173832
v 0.006131971720606088 0.005173061974346636 -0.006550000049173832
v 0.0058939666487276545 0.004433983936905859 -0.006550000049173832
v 0.00719567947089672 0.004991884808987377 -0.006550000049173832
v 0.0058939666487276545 0.004433983936905859 -0.006550000049173832
v 0.0053183180280029765 0.003912917803972958 -0.006550000049173832
v 0.00719567947089672 0.004991884808987377 -0.006550000049173832
v 0.00719567947089672 0.004991884808987377 -0.006550000049173832
v 0.0053183180280029765 0.003912917803972958 -0.006550000049173832
v 0.0013347191270440815 0.0006844906602054832 -0.006550000049173832
v 0.00719567947089672 0.004991884808987377 -0.006550000049173832
v 0.0013347191270440815 0.0006844906602054832 -0.006550000049173832
v 0.007476614788174628 -0.0004124185943510382 -0.006550000049173832
v 0.007476614788174628 -0.0004124185943510382 -0.006550000049173832
v 0.0013347191270440815 0.0006844906602054832 -0.006550000049173832
v 0.0014981471467763183 -7.45731304050423e-05 -0.006550000049173832
v 0.007476614788174628 -0.0004124185943510382 -0.006550000049173832
v 0.0014981471467763183 -7.45731304050423e-05 -0.006550000049173832
v 0.001317427842877805 -0.0007172054029069839 -0.006550000049173832
v 0.0014965438749641178 0.005380311980843542 -0.006550000049173832
v 0.0006200955831445752 0.004713520407676695 -0.006550000049173832
v 7.456780440406872e-05 0.0014981430722400542 -0.006550000049173832
v 7.456780440406872e-05 0.0014981430722400542 -0.006550000049173832
v 0.0008136518299579619 0.0012601466150954361 -0.006550000049173832
v 0.0014965438749641178 0.005380311980843542 -0.006550000049173832
v 0.0014965438749641178 0.005380311980843542 -0.006550000049173832
v 0.0008136518299579619 0.0012601466150954361 -0.006550000049173832
v 0.003135674865916371 0.005322205834090708 -0.006550000049173832
v 0.0014965438749641178 0.005380311980843542 -0.006550000049173832
v 0.003135674865916371 0.005322205834090708 -0.006550000049173832
v 0.0020014569163322444 0.006359002552926539 -0.006550000049173832
v 0.0020014569163322444 0.006359002552926539 -0.006550000049173832
v 0.003135674865916371 0.005322205834090708 -0.006550000049173832
v 0.003316394286230206 0.005964838434010742 -0.006550000049173832
v 0.0020014569163322444 0.006359002552926539 -0.006550000049173832
v 0.003316394286230206 0.005964838434010742 -0.006550000049173832
v 0.0023131486959755416 0.007023308891803024 -0.006550000049173832
v 0.0023131486959755416 0.007023308891803024 -0.006550000049173832
v 0.003316394286230206 0.005964838434010742 -0.006550000049173832
v 0.0037580458447337146 0.006465425714850424 -0.006550000049173832
v 0.006131971720606088 0.005173061974346636 -0.006550000049173832
v 0.00719567947089672 0.004991884808987377 -0.006550000049173832
v 0.0060159582644700995 0.005830473266541956 -0.006550000049173832
v 0.0060159582644700995 0.005830473266541956 -0.006550000049173832
v 0.00719567947089672 0.004991884808987377 -0.006550000049173832
v 0.006849944125860929 0.006250923965126274 -0.006550000049173832
v 0.0060159582644700995 0.005830473266541956 -0.006550000049173832
v 0.006849944125860929 0.006250923965126274 -0.006550000049173832
v 0.005626204423606395 0.006372437346726654 -0.006550000049173832
v 0.005626204423606395 0.006372437346726654 -0.006550000049173832
v 0.006849944125860929 0.006250923965126274 -0.006550000049173832
v 0.006008699070662259 0.007249436341226098 -0.006550000049173832
v 0.005626204423606395 0.006372437346726654 -0.006550000049173832
v 0.006008699070662259 0.007249436341226098 -0.006550000049173832
v 0.005039896350353955 0.006691629532724616 -0.006550000049173832
v 0.005039896350353955 0.006691629532724616 -0.006550000049173832
v 0.006008699070662259 0.007249436341226098 -0.006550000049173832
v 0.004826610442250966 0.007803859654814002 -0.006550000049173832
v 0.005039896350353955 0.006691629532724616 -0.006550000049173832
v 0.004826610442250966 0.007803859654814002 -0.006550000049173832
v 0.004373155068606137 0.006724814418703315 -0.006550000049173832
v 0.004373155068606137 0.006724814418703315 -0.006550000049173832
v 0.004826610442250966 0.007803859654814002 -0.006550000049173832
v 0.0035209897905588146 0.007812260184437034 -0.006550000049173832
v 0.004373155068606137 0.006724814418703315 -0.006550000049173832
v 0.0035209897905588146 0.007812260184437034 -0.006550000049173832
v 0.0037580458447337146 0.006465425714850424 -0.006550000049173832
v 0.0037580458447337146 0.006465425714850424 -0.006550000049173832
v 0.0035209897905588146 0.007812260184437034 -0.006550000049173832
v 0.002843455178663134 0.007530489005148408 -0.006550000049173832
v 0.0037580458447337146 0.006465425714850424 -0.006550000049173832
v 0.002843455178663134 0.007530489005148408 -0.006550000049173832
v 0.0023131486959755416 0.007023308891803024 -0.006550000049173832
v 0.0006200955831445752 0.004713520407676695 -0.006550000049173832
v -0.0004578374209813773 0.004488028120249508 -0.006550000049173832
v 7.456780440406872e-05 0.0014981430722400542 -0.006550000049173832
v 7.456780440406872e-05 0.0014981430722400542 -0.006550000049173832
v -0.0004578374209813773 0.004488028120249508 -0.006550000049173832
v -0.0011713752755895255 0.004368462134152649 -0.006550000049173832
v 7.456780440406872e-05 0.0014981430722400542 -0.006550000049173832
v -0.0011713752755895255 0.004368462134152649 -0.006550000049173832
v -0.0006844886229373514 0.0013347164494916792 -0.006550000049173832
v 0.0053183180280029765 0.003912917803972958 -0.006550000049173832
v 0.004559254273772239 0.0037494897842407214 -0.006550000049173832
v 0.0013347191270440815 0.0006844906602054832 -0.006550000049173832
v 0.0013347191270440815 0.0006844906602054832 -0.006550000049173832
v 0.004559254273772239 0.0037494897842407214 -0.006550000049173832
v 0.0038201701827347274 0.003987486008554695 -0.006550000049173832
v 0.0013347191270440815 0.0006844906602054832 -0.006550000049173832
v 0.0038201701827347274 0.003987486008554695 -0.006550000049173832
v 0.0008136518299579619 0.0012601466150954361 -0.006550000049173832
v 0.0008136518299579619 0.0012601466150954361 -0.006550000049173832
v 0.0038201701827347274 0.003987486008554695 -0.006550000049173832
v 0.0032991028856486078 0.00456314207985997 -0.006550000049173832
v 0.0008136518299579619 0.0012601466150954361 -0.006550000049173832
v 0.0032991028856486078 0.00456314207985997 -0.006550000049173832
v 0.003135674865916371 0.005322205834090708 -0.006550000049173832
v -0.0011713752755895255 0.004368462134152649 -0.006550000049173832
v -0.0017956885276362298 0.004002864472568033 -0.006550000049173832
v -0.0006844886229373514 0.0013347164494916792 -0.006550000049173832
v -0.0006844886229373514 0.0013347164494916792 -0.006550000049173832
v -0.0017956885276362298 0.004002864472568033 -0.006550000049173832
v -0.0022490893024951215 0.003439065534621476 -0.006550000049173832
v -0.0006844886229373514 0.0013347164494916792 -0.006550000049173832
v -0.0022490893024951215 0.003439065534621476 -0.006550000049173832
v -0.0012601459166035054 0.000813656428363174 -0.006550000049173832
v -0.0012601459166035054 0.000813656428363174 -0.006550000049173832
v -0.0022490893024951215 0.003439065534621476 -0.006550000049173832
v -0.002979099983349442 0.0016307078767567866 -0.006550000049173832
v -0.0012601459166035054 0.000813656428363174 -0.006550000049173832
v -0.002979099983349442 0.0016307078767567866 -0.006550000049173832
v -0.0014981424901634453 7.45724173611961e-05 -0.006550000049173832
v -0.0014981424901634453 7.45724173611961e-05 -0.006550000049173832
v -0.002979099983349442 0.0016307078767567866 -0.006550000049173832
v -0.003290213411673903 -0.0002944656880572437 -0.006550000049173832
v -0.0014981424901634453 7.45724173611961e-05 -0.006550000049173832
v -0.003290213411673903 -0.0002944656880572437 -0.006550000049173832
v -0.0013821375323459504 -0.0005828333087265489 -0.006550000049173832
v -0.0013821375323459504 -0.0005828333087265489 -0.006550000049173832
v -0.003290213411673903 -0.0002944656880572437 -0.006550000049173832
v -0.0032263111788779493 -0.0018549644155427807 -0.006550000049173832
v -0.0013821375323459504 -0.0005828333087265489 -0.006550000049173832
v -0.0032263111788779493 -0.0018549644155427807 -0.006550000049173832
v -0.0013003866188228128 -0.0007476602331735192 -0.006550000049173832
v 0.004559254273772239 0.0037494897842407214 -0.003449999960139394
v 0.0053183180280029765 0.003912917803972958 -0.003449999960139394
v 0.0013347191270440815 0.0006844906602054832 -0.003449999960139394
v 0.0013347191270440815 0.0006844906602054832 -0.003449999960139394
v 0.0053183180280029765 0.003912917803972958 -0.003449999960139394
v 0.00719567947089672 0.004991884808987377 -0.003449999960139394
v 0.0013347191270440815 0.0006844906602054832 -0.003449999960139394
v 0.00719567947089672 0.004991884808987377 -0.003449999960139394
v 0.0014981471467763183 -7.45731304050423e-05 -0.003449999960139394
v 0.0014981471467763183 -7.45731304050423e-05 -0.003449999960139394
v 0.00719567947089672 0.004991884808987377 -0.003449999960139394
v 0.007476614788174628 -0.0004124185943510382 -0.003449999960139394
v 0.0014981471467763183 -7.45731304050423e-05 -0.003449999960139394
v 0.007476614788174628 -0.0004124185943510382 -0.003449999960139394
v 0.001317427842877805 -0.0007172054029069839 -0.003449999960139394
v 0.001317427842877805 -0.0007172054029069839 -0.003449999960139394
v 0.007476614788174628 -0.0004124185943510382 -0.003449999960139394
v 0.001308681210502982 -0.000733048014808446 -0.003449999960139394
v -0.0017956885276362298 0.004002864472568033 -0.003449999960139394
v -0.0011713752755895255 0.004368462134152649 -0.003449999960139394
v -0.0006844886229373514 0.0013347164494916792 -0.003449999960139394
v -0.0006844886229373514 0.0013347164494916792 -0.003449999960139394
v -0.0011713752755895255 0.004368462134152649 -0.003449999960139394
v 7.456780440406872e-05 0.0014981430722400542 -0.003449999960139394
v -0.0017956885276362298 0.004002864472568033 -0.003449999960139394
v -0.0006844886229373514 0.0013347164494916792 -0.003449999960139394
v -0.0022490893024951215 0.003439065534621476 -0.003449999960139394
v -0.0022490893024951215 0.003439065534621476 -0.003449999960139394
v -0.0006844886229373514 0.0013347164494916792 -0.003449999960139394
v -0.0012601459166035054 0.000813656428363174 -0.003449999960139394
v -0.0022490893024951215 0.003439065534621476 -0.003449999960139394
v -0.0012601459166035054 0.000813656428363174 -0.003449999960139394
v -0.002979099983349442 0.0016307078767567866 -0.003449999960139394
v 0.003316394286230206 0.005964838434010742 -0.003449999960139394
v 0.003135674865916371 0.005322205834090708 -0.003449999960139394
v 0.0008136518299579619 0.0012601466150954361 -0.003449999960139394
v 0.0008136518299579619 0.0012601466150954361 -0.003449999960139394
v 0.003135674865916371 0.005322205834090708 -0.003449999960139394
v 0.0032991028856486078 0.00456314207985997 -0.003449999960139394
v 0.0008136518299579619 0.0012601466150954361 -0.003449999960139394
v 0.0032991028856486078 0.00456314207985997 -0.003449999960139394
v 0.0013347191270440815 0.0006844906602054832 -0.003449999960139394
v 0.0013347191270440815 0.0006844906602054832 -0.003449999960139394
v 0.0032991028856486078 0.00456314207985997 -0.003449999960139394
v 0.0038201701827347274 0.003987486008554695 -0.003449999960139394
v 0.0013347191270440815 0.0006844906602054832 -0.003449999960139394
v 0.0038201701827347274 0.003987486008554695 -0.003449999960139394
v 0.004559254273772239 0.0037494897842407214 -0.003449999960139394
v -0.002979099983349442 0.0016307078767567866 -0.003449999960139394
v -0.0012601459166035054 0.000813656428363174 -0.003449999960139394
v -0.003290213411673903 -0.0002944656880572437 -0.003449999960139394
v -0.003290213411673903 -0.0002944656880572437 -0.003449999960139394
v -0.0012601459166035054 0.000813656428363174 -0.003449999960139394
v -0.0014981424901634453 7.45724173611961e-05 -0.003449999960139394
v -0.003290213411673903 -0.0002944656880572437 -0.003449999960139394
v -0.0014981424901634453 7.45724173611961e-05 -0.003449999960139394
v -0.0032263111788779493 -0.0018549644155427807 -0.003449999960139394
v -0.0032263111788779493 -0.0018549644155427807 -0.003449999960139394
v -0.0014981424901634453 7.45724173611961e-05 -0.003449999960139394
v -0.0013821375323459504 -0.0005828333087265489 -0.003449999960139394
v -0.0032263111788779493 -0.0018549644155427807 -0.003449999960139394
v -0.0013821375323459504 -0.0005828333087265489 -0.003449999960139394
v -0.0013003866188228128 -0.0007476602331735192 -0.003449999960139394
v -0.0011713752755895255 0.004368462134152649 -0.003449999960139394
v -0.0004578374209813773 0.004488028120249508 -0.003449999960139394
v 7.456780440406872e-05 0.0014981430722400542 -0.003449999960139394
v 7.456780440406872e-05 0.0014981430722400542 -0.003449999960139394
v -0.0004578374209813773 0.004488028120249508 -0.003449999960139394
v 0.0006200955831445752 0.004713520407676695 -0.003449999960139394
v 7.456780440406872e-05 0.0014981430722400542 -0.003449999960139394
v 0.0006200955831445752 0.004713520407676695 -0.003449999960139394
v 0.0008136518299579619 0.0012601466150954361 -0.003449999960139394
v 0.0008136518299579619 0.0012601466150954361 -0.003449999960139394
v 0.0006200955831445752 0.004713520407676695 -0.003449999960139394
v 0.0014965438749641178 0.005380311980843542 -0.003449999960139394
v 0.0008136518299579619 0.0012601466150954361 -0.003449999960139394
v 0.0014965438749641178 0.005380311980843542 -0.003449999960139394
v 0.003316394286230206 0.005964838434010742 -0.003449999960139394
v 0.0053183180280029765 0.003912917803972958 -0.003449999960139394
v 0.0058939666487276545 0.004433983936905859 -0.003449999960139394
v 0.00719567947089672 0.004991884808987377 -0.003449999960139394
v 0.00719567947089672 0.004991884808987377 -0.003449999960139394
v 0.0058939666487276545 0.004433983936905859 -0.003449999960139394
v 0.006131971720606088 0.005173061974346636 -0.003449999960139394
v 0.00719567947089672 0.004991884808987377 -0.003449999960139394
v 0.006131971720606088 0.005173061974346636 -0.003449999960139394
v 0.006849944125860929 0.006250923965126274 -0.003449999960139394
v 0.006849944125860929 0.006250923965126274 -0.003449999960139394
v 0.006131971720606088 0.005173061974346636 -0.003449999960139394
v 0.0060159582644700995 0.005830473266541956 -0.003449999960139394
v 0.006849944125860929 0.006250923965126274 -0.003449999960139394
v 0.0060159582644700995 0.005830473266541956 -0.003449999960139394
v 0.006008699070662259 0.007249436341226098 -0.003449999960139394
v 0.006008699070662259 0.007249436341226098 -0.003449999960139394
v 0.0060159582644700995 0.005830473266541956 -0.003449999960139394
v 0.005626204423606395 0.006372437346726654 -0.003449999960139394
v 0.006008699070662259 0.007249436341226098 -0.003449999960139394
v 0.005626204423606395 0.006372437346726654 -0.003449999960139394
v 0.004826610442250966 0.007803859654814002 -0.003449999960139394
v 0.004826610442250966 0.007803859654814002 -0.003449999960139394
v 0.005626204423606395 0.006372437346726654 -0.003449999960139394
v 0.005039896350353955 0.006691629532724616 -0.003449999960139394
v 0.004826610442250966 0.007803859654814002 -0.003449999960139394
v 0.005039896350353955 0.006691629532724616 -0.003449999960139394
v 0.0035209897905588146 0.007812260184437034 -0.003449999960139394
v 0.0035209897905588146 0.007812260184437034 -0.003449999960139394
v 0.005039896350353955 0.006691629532724616 -0.003449999960139394
v 0.004373155068606137 0.006724814418703315 -0.003449999960139394
v 0.0035209897905588146 0.007812260184437034 -0.003449999960139394
v 0.004373155068606137 0.006724814418703315 -0.003449999960139394
v 0.002843455178663134 0.007530489005148408 -0.003449999960139394
v 0.002843455178663134 0.007530489005148408 -0.003449999960139394
v 0.004373155068606137 0.006724814418703315 -0.003449999960139394
v 0.0037580458447337146 0.006465425714850424 -0.003449999960139394
v 0.002843455178663134 0.007530489005148408 -0.003449999960139394
v 0.0037580458447337146 0.006465425714850424 -0.003449999960139394
v 0.0023131486959755416 0.007023308891803024 -0.003449999960139394
v 0.0023131486959755416 0.007023308891803024 -0.003449999960139394
v 0.0037580458447337146 0.006465425714850424 -0.003449999960139394
v 0.003316394286230206 0.005964838434010742 -0.003449999960139394
v 0.0023131486959755416 0.007023308891803024 -0.003449999960139394
v 0.003316394286230206 0.005964838434010742 -0.003449999960139394
v 0.0020014569163322444 0.006359002552926539 -0.003449999960139394
v 0.0020014569163322444 0.006359002552926539 -0.003449999960139394
v 0.003316394286230206 0.005964838434010742 -0.003449999960139394
v 0.0014965438749641178 0.005380311980843542 -0.003449999960139394
v 0.007502032909542321 -0.0009013456292450425 -0.0019500000635161996
v 0.00719567947089672 0.004991884808987377 -0.0019500000635161996
v 0.007241390645503997 -0.0007364977500401435 -0.0019500000635161996
v 0.007241390645503997 -0.0007364977500401435 -0.0019500000635161996
v 0.00719567947089672 0.004991884808987377 -0.0019500000635161996
v 0.00665875757113099 -0.0004714712558779864 -0.0019500000635161996
v 0.006131971720606088 0.005173061974346636 -0.0019500000635161996
v 0.0058939666487276545 0.004433983936905859 -0.0019500000635161996
v 0.00719567947089672 0.004991884808987377 -0.0019500000635161996
v 0.00719567947089672 0.004991884808987377 -0.0019500000635161996
v 0.0058939666487276545 0.004433983936905859 -0.0019500000635161996
v 0.0053183180280029765 0.003912917803972958 -0.0019500000635161996
v 0.00719567947089672 0.004991884808987377 -0.0019500000635161996
v 0.0053183180280029765 0.003912917803972958 -0.0019500000635161996
v 0.0013347191270440815 0.0006844906602054832 -0.0019500000635161996
v 0.0014965438749641178 0.005380311980843542 -0.0019500000635161996
v 0.0006200955831445752 0.004713520407676695 -0.0019500000635161996
v 7.456780440406872e-05 0.0014981430722400542 -0.0019500000635161996
v 0.0013347191270440815 0.0006844906602054832 -0.0019500000635161996
v 0.0014981471467763183 -7.45731304050423e-05 -0.0019500000635161996
v 0.00719567947089672 0.004991884808987377 -0.0019500000635161996
v 0.00719567947089672 0.004991884808987377 -0.0019500000635161996
v 0.0014981471467763183 -7.45731304050423e-05 -0.0019500000635161996
v 0.006502592936158179 -0.00043432321399450286 -0.0019500000635161996
v 0.00719567947089672 0.004991884808987377 -0.0019500000635161996
v 0.006502592936158179 -0.00043432321399450286 -0.0019500000635161996
v 0.00665875757113099 -0.0004714712558779864 -0.0019500000635161996
v 0.001739333034493029 -0.003831062465906142 -0.0019500000635161996
v 0.002812032820656895 -0.003139671636745333 -0.0019500000635161996
v 0.0008757762261666356 -0.0012177930912002917 -0.0019500000635161996
v 0.0008757762261666356 -0.0012177930912002917 -0.0019500000635161996
v 0.002812032820656895 -0.003139671636745333 -0.0019500000635161996
v 0.0036284665111452337 -0.0021538757719099513 -0.0019500000635161996
v 0.0008757762261666356 -0.0012177930912002917 -0.0019500000635161996
v 0.0036284665111452337 -0.0021538757719099513 -0.0019500000635161996
v 0.001317427842877805 -0.0007172054029069839 -0.0019500000635161996
v 0.001317427842877805 -0.0007172054029069839 -0.0019500000635161996
v 0.0036284665111452337 -0.0021538757719099513 -0.0019500000635161996
v 0.0036313787568360563 -0.0021489968057721845 -0.0019500000635161996
v 0.001317427842877805 -0.0007172054029069839 -0.0019500000635161996
v 0.0036313787568360563 -0.0021489968057721845 -0.0019500000635161996
v 0.0014981471467763183 -7.45731304050423e-05 -0.0019500000635161996
v 0.0014981471467763183 -7.45731304050423e-05 -0.0019500000635161996
v 0.0036313787568360563 -0.0021489968057721845 -0.0019500000635161996
v 0.004252013284713029 -0.001367552205920219 -0.0019500000635161996
v 0.0014981471467763183 -7.45731304050423e-05 -0.0019500000635161996
v 0.004252013284713029 -0.001367552205920219 -0.0019500000635161996
v 0.0050521320663392535 -0.0007826783112250266 -0.0019500000635161996
v 0.0050521320663392535 -0.0007826783112250266 -0.0019500000635161996
v 0.005803162697702645 -0.00046909871161915346 -0.0019500000635161996
v 0.0014981471467763183 -7.45731304050423e-05 -0.0019500000635161996
v 0.0014981471467763183 -7.45731304050423e-05 -0.0019500000635161996
v 0.005803162697702645 -0.00046909871161915346 -0.0019500000635161996
v 0.005908466409891843 -0.0004445556842256336 -0.0019500000635161996
v 0.0014981471467763183 -7.45731304050423e-05 -0.0019500000635161996
v 0.005908466409891843 -0.0004445556842256336 -0.0019500000635161996
v 0.006502592936158179 -0.00043432321399450286 -0.0019500000635161996
v -0.0009923826437443493 -0.0011248046066612 -0.0019500000635161996
v -0.00265342672355473 -0.003085841191932558 -0.0019500000635161996
v -0.001977702602744102 -0.0036046886816620814 -0.0019500000635161996
v 7.456780440406872e-05 0.0014981430722400542 -0.0019500000635161996
v 0.0008136518299579619 0.0012601466150954361 -0.0019500000635161996
v 0.0014965438749641178 0.005380311980843542 -0.0019500000635161996
v 0.0014965438749641178 0.005380311980843542 -0.0019500000635161996
v 0.0008136518299579619 0.0012601466150954361 -0.0019500000635161996
v 0.003135674865916371 0.005322205834090708 -0.0019500000635161996
v 0.0014965438749641178 0.005380311980843542 -0.0019500000635161996
v 0.003135674865916371 0.005322205834090708 -0.0019500000635161996
v 0.0020014569163322444 0.006359002552926539 -0.0019500000635161996
v 0.0020014569163322444 0.006359002552926539 -0.0019500000635161996
v 0.003135674865916371 0.005322205834090708 -0.0019500000635161996
v 0.003316394286230206 0.005964838434010742 -0.0019500000635161996
v 0.0020014569163322444 0.006359002552926539 -0.0019500000635161996
v 0.003316394286230206 0.005964838434010742 -0.0019500000635161996
v 0.0023131486959755416 0.007023308891803024 -0.0019500000635161996
v 0.0023131486959755416 0.007023308891803024 -0.0019500000635161996
v 0.003316394286230206 0.005964838434010742 -0.0019500000635161996
v 0.0037580458447337146 0.006465425714850424 -0.0019500000635161996
v 0.006131971720606088 0.005173061974346636 -0.0019500000635161996
v 0.00719567947089672 0.004991884808987377 -0.0019500000635161996
v 0.0060159582644700995 0.005830473266541956 -0.0019500000635161996
v 0.0060159582644700995 0.005830473266541956 -0.0019500000635161996
v 0.00719567947089672 0.004991884808987377 -0.0019500000635161996
v 0.006849944125860929 0.006250923965126274 -0.0019500000635161996
v 0.0060159582644700995 0.005830473266541956 -0.0019500000635161996
v 0.006849944125860929 0.006250923965126274 -0.0019500000635161996
v 0.005626204423606395 0.006372437346726654 -0.0019500000635161996
v 0.005626204423606395 0.006372437346726654 -0.0019500000635161996
v 0.006849944125860929 0.006250923965126274 -0.0019500000635161996
v 0.006008699070662259 0.007249436341226098 -0.0019500000635161996
v 0.005626204423606395 0.006372437346726654 -0.0019500000635161996
v 0.006008699070662259 0.007249436341226098 -0.0019500000635161996
v 0.005039896350353955 0.006691629532724616 -0.0019500000635161996
v 0.005039896350353955 0.006691629532724616 -0.0019500000635161996
v 0.006008699070662259 0.007249436341226098 -0.0019500000635161996
v 0.004826610442250966 0.007803859654814002 -0.0019500000635161996
v 0.005039896350353955 0.006691629532724616 -0.0019500000635161996
v 0.004826610442250966 0.007803859654814002 -0.0019500000635161996
v 0.004373155068606137 0.006724814418703315 -0.0019500000635161996
v 0.004373155068606137 0.006724814418703315 -0.0019500000635161996
v 0.004826610442250966 0.007803859654814002 -0.0019500000635161996
v 0.0035209897905588146 0.007812260184437034 -0.0019500000635161996
v 0.004373155068606137 0.006724814418703315 -0.0019500000635161996
v 0.0035209897905588146 0.007812260184437034 -0.0019500000635161996
v 0.0037580458447337146 0.006465425714850424 -0.0019500000635161996
v 0.0037580458447337146 0.006465425714850424 -0.0019500000635161996
v 0.0035209897905588146 0.007812260184437034 -0.0019500000635161996
v 0.002843455178663134 0.007530489005148408 -0.0019500000635161996
v 0.0037580458447337146 0.006465425714850424 -0.0019500000635161996
v 0.002843455178663134 0.007530489005148408 -0.0019500000635161996
v 0.0023131486959755416 0.007023308891803024 -0.0019500000635161996
v 0.0006200955831445752 0.004713520407676695 -0.0019500000635161996
v -0.0004578374209813773 0.004488028120249508 -0.0019500000635161996
v 7.456780440406872e-05 0.0014981430722400542 -0.0019500000635161996
v 7.456780440406872e-05 0.0014981430722400542 -0.0019500000635161996
v -0.0004578374209813773 0.004488028120249508 -0.0019500000635161996
v -0.0011713752755895255 0.004368462134152649 -0.0019500000635161996
v 7.456780440406872e-05 0.0014981430722400542 -0.0019500000635161996
v -0.0011713752755895255 0.004368462134152649 -0.0019500000635161996
v -0.0006844886229373514 0.0013347164494916792 -0.0019500000635161996
v 0.0053183180280029765 0.003912917803972958 -0.0019500000635161996
v 0.004559254273772239 0.0037494897842407214 -0.0019500000635161996
v 0.0013347191270440815 0.0006844906602054832 -0.0019500000635161996
v 0.0013347191270440815 0.0006844906602054832 -0.0019500000635161996
v 0.004559254273772239 0.0037494897842407214 -0.0019500000635161996
v 0.0038201701827347274 0.003987486008554695 -0.0019500000635161996
v 0.0013347191270440815 0.0006844906602054832 -0.0019500000635161996
v 0.0038201701827347274 0.003987486008554695 -0.0019500000635161996
v 0.0008136518299579619 0.0012601466150954361 -0.0019500000635161996
v 0.0008136518299579619 0.0012601466150954361 -0.0019500000635161996
v 0.0038201701827347274 0.003987486008554695 -0.0019500000635161996
v 0.0032991028856486078 0.00456314207985997 -0.0019500000635161996
v 0.0008136518299579619 0.0012601466150954361 -0.0019500000635161996
v 0.0032991028856486078 0.00456314207985997 -0.0019500000635161996
v 0.003135674865916371 0.005322205834090708 -0.0019500000635161996
v -0.0009923826437443493 -0.0011248046066612 -0.0019500000635161996
v -0.001977702602744102 -0.0036046886816620814 -0.0019500000635161996
v -0.00040606828406453127 -0.0014439881779253478 -0.0019500000635161996
v -0.00040606828406453127 -0.0014439881779253478 -0.0019500000635161996
v -0.001977702602744102 -0.0036046886816620814 -0.0019500000635161996
v -0.0009665489196777343 -0.0040406831540167314 -0.0019500000635161996
v -0.00040606828406453127 -0.0014439881779253478 -0.0019500000635161996
v -0.0009665489196777343 -0.0040406831540167314 -0.0019500000635161996
v 0.0002606656635180115 -0.0014771742280572648 -0.0019500000635161996
v 0.0002606656635180115 -0.0014771742280572648 -0.0019500000635161996
v -0.0009665489196777343 -0.0040406831540167314 -0.0019500000635161996
v 0.00015293215983547268 -0.0041825911030173284 -0.0019500000635161996
v 0.0002606656635180115 -0.0014771742280572648 -0.0019500000635161996
v 0.00015293215983547268 -0.0041825911030173284 -0.0019500000635161996
v 0.0008757762261666356 -0.0012177930912002917 -0.0019500000635161996
v 0.0008757762261666356 -0.0012177930912002917 -0.0019500000635161996
v 0.00015293215983547268 -0.0041825911030173284 -0.0019500000635161996
v 0.001377922249957919 -0.003971473779529331 -0.0019500000635161996
v 0.0008757762261666356 -0.0012177930912002917 -0.0019500000635161996
v 0.001377922249957919 -0.003971473779529331 -0.0019500000635161996
v 0.001739333034493029 -0.003831062465906142 -0.0019500000635161996
v -0.0031920750625431533 -0.002371099777519702 -0.0019500000635161996
v -0.003209562506526708 -0.002404199680313467 -0.0019500000635161996
v -0.00265342672355473 -0.003085841191932558 -0.0019500000635161996
v -0.003209562506526708 -0.002404199680313467 -0.0019500000635161996
v -0.0032304807100445028 -0.0024324299301952115 -0.0019500000635161996
v -0.00265342672355473 -0.003085841191932558 -0.0019500000635161996
v -0.00265342672355473 -0.003085841191932558 -0.0019500000635161996
v -0.0032304807100445028 -0.0024324299301952115 -0.0019500000635161996
v -0.0032450624275952573 -0.002447403036057948 -0.0019500000635161996
v -0.00265342672355473 -0.003085841191932558 -0.0019500000635161996
v -0.0032450624275952573 -0.002447403036057948 -0.0019500000635161996
v -0.0032787802629172798 -0.002471705200150608 -0.0019500000635161996
v -0.0011713752755895255 0.004368462134152649 -0.0019500000635161996
v -0.0017956885276362298 0.004002864472568033 -0.0019500000635161996
v -0.0006844886229373514 0.0013347164494916792 -0.0019500000635161996
v -0.0006844886229373514 0.0013347164494916792 -0.0019500000635161996
v -0.0017956885276362298 0.004002864472568033 -0.0019500000635161996
v -0.0022490893024951215 0.003439065534621476 -0.0019500000635161996
v -0.0006844886229373514 0.0013347164494916792 -0.0019500000635161996
v -0.0022490893024951215 0.003439065534621476 -0.0019500000635161996
v -0.0012601459166035054 0.000813656428363174 -0.0019500000635161996
v -0.0012601459166035054 0.000813656428363174 -0.0019500000635161996
v -0.0022490893024951215 0.003439065534621476 -0.0019500000635161996
v -0.002979099983349442 0.0016307078767567866 -0.0019500000635161996
v -0.0012601459166035054 0.000813656428363174 -0.0019500000635161996
v -0.002979099983349442 0.0016307078767567866 -0.0019500000635161996
v -0.0014981424901634453 7.45724173611961e-05 -0.0019500000635161996
v -0.0014981424901634453 7.45724173611961e-05 -0.0019500000635161996
v -0.002979099983349442 0.0016307078767567866 -0.0019500000635161996
v -0.003290213411673903 -0.0002944656880572437 -0.0019500000635161996
v -0.0014981424901634453 7.45724173611961e-05 -0.0019500000635161996
v -0.003290213411673903 -0.0002944656880572437 -0.0019500000635161996
v -0.0013821375323459504 -0.0005828333087265489 -0.0019500000635161996
v -0.0013821375323459504 -0.0005828333087265489 -0.0019500000635161996
v -0.003290213411673903 -0.0002944656880572437 -0.0019500000635161996
v -0.003172972239553928 -0.0022062757052481166 -0.0019500000635161996
v -0.0013821375323459504 -0.0005828333087265489 -0.0019500000635161996
v -0.003172972239553928 -0.0022062757052481166 -0.0019500000635161996
v -0.0009923826437443493 -0.0011248046066612 -0.0019500000635161996
v -0.0009923826437443493 -0.0011248046066612 -0.0019500000635161996
v -0.003172972239553928 -0.0022062757052481166 -0.0019500000635161996
v -0.0031705712899565692 -0.0022912961430847636 -0.0019500000635161996
v -0.0009923826437443493 -0.0011248046066612 -0.0019500000635161996
v -0.0031705712899565692 -0.0022912961430847636 -0.0019500000635161996
v -0.00265342672355473 -0.003085841191932558 -0.0019500000635161996
v -0.00265342672355473 -0.003085841191932558 -0.0019500000635161996
v -0.0031705712899565692 -0.0022912961430847636 -0.0019500000635161996
v -0.0031825774349272247 -0.0023457864299416533 -0.0019500000635161996
v -0.00265342672355473 -0.003085841191932558 -0.0019500000635161996
v -0.0031825774349272247 -0.0023457864299416533 -0.0019500000635161996
v -0.0031920750625431533 -0.002371099777519702 -0.0019500000635161996
v 0.00719567947089672 0.004991884808987377 -0.003449999960139394
v 0.00719567947089672 0.004991884808987377 -0.0019500000635161996
v 0.007476614788174628 -0.0004124185943510382 -0.003449999960139394
v 0.007476614788174628 -0.0004124185943510382 -0.003449999960139394
v 0.00719567947089672 0.004991884808987377 -0.0019500000635161996
v 0.007502032909542321 -0.0009013456292450425 -0.0019500000635161996
v 0.007476614788174628 -0.0004124185943510382 -0.003449999960139394
v 0.007502032909542321 -0.0009013456292450425 -0.0019500000635161996
v 0.007476614788174628 -0.0004124185943510382 -0.006550000049173832
v 0.007476614788174628 -0.0004124185943510382 -0.006550000049173832
v 0.007502032909542321 -0.0009013456292450425 -0.0019500000635161996
v 0.007502032909542321 -0.0009013456292450425 -0.008050000295042992
v 0.007476614788174628 -0.0004124185943510382 -0.006550000049173832
v 0.007502032909542321 -0.0009013456292450425 -0.008050000295042992
v 0.00719567947089672 0.004991884808987377 -0.006550000049173832
v 0.00719567947089672 0.004991884808987377 -0.006550000049173832
v 0.007502032909542321 -0.0009013456292450425 -0.008050000295042992
v 0.00719567947089672 0.004991884808987377 -0.008050000295042992
v -0.00265342672355473 -0.003085841191932558 -0.0011374048190191388
v -0.00265342672355473 -0.003085841191932558 -0.0019500000635161996
v -0.0028386695776134725 -0.002906814916059374 -0.001346335862763226
v -0.0028386695776134725 -0.002906814916059374 -0.001346335862763226
v -0.00265342672355473 -0.003085841191932558 -0.0019500000635161996
v -0.0032787802629172798 -0.002471705200150608 -0.0019500000635161996
v -0.0010241459822282193 -0.004024384543299673 0.0001499605132266879
v -0.0009667714475654065 -0.004040624480694531 0.00018245249520987272
v -0.0009665489196777343 -0.0040406831540167314 -0.0019500000635161996
v 0.0013210395118221638 -0.003990085329860447 0.0009731546742841601
v 0.001377922249957919 -0.003971473779529331 0.0009841549908742309
v 0.001377922249957919 -0.003971473779529331 -0.0019500000635161996
v 0.0013210395118221638 -0.003990085329860447 0.0009731546742841601
v 0.001377922249957919 -0.003971473779529331 -0.0019500000635161996
v 0.0012639591004699466 -0.004007854033261536 0.0009618232725188136
v -0.00033268035622313613 -0.004160690121352671 0.0004952008603140712
v 0.00015075097326189277 -0.0041826288215816 0.0006788516184315085
v 0.00015293215983547268 -0.0041825911030173284 -0.0019500000635161996
v 0.00015293215983547268 -0.0041825911030173284 -0.0019500000635161996
v 0.00015075097326189277 -0.0041826288215816 0.0006788516184315085
v 0.00032727955840528006 -0.004176020156592129 0.0007352045504376292
v 0.00015293215983547268 -0.0041825911030173284 -0.0019500000635161996
v 0.00032727955840528006 -0.004176020156592129 0.0007352045504376292
v 0.001377922249957919 -0.003971473779529331 -0.0019500000635161996
v 0.001377922249957919 -0.003971473779529331 -0.0019500000635161996
v 0.00032727955840528006 -0.004176020156592129 0.0007352045504376292
v 0.0009961401810869572 -0.0040793507359921915 0.0009060663869604468
v 0.001377922249957919 -0.003971473779529331 -0.0019500000635161996
v 0.0009961401810869572 -0.0040793507359921915 0.0009060663869604468
v 0.0012639591004699466 -0.004007854033261536 0.0009618232725188136
v -0.0009665489196777343 -0.0040406831540167314 -0.0019500000635161996
v -0.0009667714475654065 -0.004040624480694531 0.00018245249520987272
v 0.00015293215983547268 -0.0041825911030173284 -0.0019500000635161996
v 0.00015293215983547268 -0.0041825911030173284 -0.0019500000635161996
v -0.0009667714475654065 -0.004040624480694531 0.00018245249520987272
v -0.0009500971646048128 -0.004045170731842516 0.0001917596673592925
v 0.00015293215983547268 -0.0041825911030173284 -0.0019500000635161996
v -0.0009500971646048128 -0.004045170731842516 0.0001917596673592925
v -0.00033268035622313613 -0.004160690121352671 0.0004952008603140712
v -0.001977702602744102 -0.0036046886816620814 -0.0019500000635161996
v -0.00265342672355473 -0.003085841191932558 -0.0019500000635161996
v -0.00265342672355473 -0.003085841191932558 -0.0011374048190191388
v -0.00265342672355473 -0.003085841191932558 -0.0011374048190191388
v -0.0021061254665255542 -0.003523133462294935 -0.0006133789429441094
v -0.001977702602744102 -0.0036046886816620814 -0.0019500000635161996
v -0.001977702602744102 -0.0036046886816620814 -0.0019500000635161996
v -0.0021061254665255542 -0.003523133462294935 -0.0006133789429441094
v -0.001978620188310742 -0.0036041350103914725 -0.0005071248160675168
v -0.001977702602744102 -0.0036046886816620814 -0.0019500000635161996
v -0.001978620188310742 -0.0036041350103914725 -0.0005071248160675168
v -0.0009665489196777343 -0.0040406831540167314 -0.0019500000635161996
v -0.0009665489196777343 -0.0040406831540167314 -0.0019500000635161996
v -0.001978620188310742 -0.0036041350103914725 -0.0005071248160675168
v -0.001528012449853122 -0.0038400422781705843 -0.00016797671560198069
v -0.0009665489196777343 -0.0040406831540167314 -0.0019500000635161996
v -0.001528012449853122 -0.0038400422781705843 -0.00016797671560198069
v -0.0010241459822282193 -0.004024384543299673 0.0001499605132266879
v 0.0035620217677205797 -0.0022611962631344787 0.001250433619134128
v 0.0036284665111452337 -0.0021538757719099513 0.0012581258779391646
v 0.0036284665111452337 -0.0021538757719099513 -0.0019500000635161996
v 0.0035620217677205797 -0.0022611962631344787 0.001250433619134128
v 0.0036284665111452337 -0.0021538757719099513 -0.0019500000635161996
v 0.0031317677348852153 -0.002823413582518696 0.0012062968453392386
v 0.0031317677348852153 -0.002823413582518696 0.0012062968453392386
v 0.0036284665111452337 -0.0021538757719099513 -0.0019500000635161996
v 0.002812032820656895 -0.003139671636745333 -0.0019500000635161996
v 0.0031317677348852153 -0.002823413582518696 0.0012062968453392386
v 0.002812032820656895 -0.003139671636745333 -0.0019500000635161996
v 0.0028119806665927167 -0.0031397189013659945 0.0011758533073589206
v 0.0028119806665927167 -0.0031397189013659945 0.0011758533073589206
v 0.002812032820656895 -0.003139671636745333 -0.0019500000635161996
v 0.002660785801708698 -0.003267713356763123 0.0011610555229708552
v 0.002660785801708698 -0.003267713356763123 0.0011610555229708552
v 0.002812032820656895 -0.003139671636745333 -0.0019500000635161996
v 0.001739333034493029 -0.003831062465906142 -0.0019500000635161996
v 0.002660785801708698 -0.003267713356763123 0.0011610555229708552
v 0.001739333034493029 -0.003831062465906142 -0.0019500000635161996
v 0.0020593863446265455 -0.003672003978863357 0.0010921003995463252
v 0.0020593863446265455 -0.003672003978863357 0.0010921003995463252
v 0.001739333034493029 -0.003831062465906142 -0.0019500000635161996
v 0.001377922249957919 -0.003971473779529331 -0.0019500000635161996
v 0.0020593863446265455 -0.003672003978863357 0.0010921003995463252
v 0.001377922249957919 -0.003971473779529331 -0.0019500000635161996
v 0.001377922249957919 -0.003971473779529331 0.0009841549908742309
v 0.0036284665111452337 -0.0021538757719099513 0.0012581258779391646
v 0.0036313787568360563 -0.0021489968057721845 0.001258482108823955
v 0.0036284665111452337 -0.0021538757719099513 -0.0019500000635161996
v 0.0036284665111452337 -0.0021538757719099513 -0.0019500000635161996
v 0.0036313787568360563 -0.0021489968057721845 0.001258482108823955
v 0.0036313787568360563 -0.0021489968057721845 -0.0019500000635161996
v 0.0050521320663392535 -0.0007826783112250266 0.0012525309575721622
v 0.0050521320663392535 -0.0007826783112250266 -0.0019500000635161996
v 0.004489487502723931 -0.0011591151123866435 0.0012836706591770053
v 0.004489487502723931 -0.0011591151123866435 0.0012836706591770053
v 0.0050521320663392535 -0.0007826783112250266 -0.0019500000635161996
v 0.004252013284713029 -0.001367552205920219 -0.0019500000635161996
v 0.004489487502723931 -0.0011591151123866435 0.0012836706591770053
v 0.004252013284713029 -0.001367552205920219 -0.0019500000635161996
v 0.004252729471772908 -0.0013682482531294222 0.0012896585976704955
v 0.004252729471772908 -0.0013682482531294222 0.0012896585976704955
v 0.004252013284713029 -0.001367552205920219 -0.0019500000635161996
v 0.003997281659394502 -0.0016386732459068292 0.00128850934561342
v 0.0036313787568360563 -0.0021489968057721845 -0.0019500000635161996
v 0.0036313787568360563 -0.0021489968057721845 0.001258482108823955
v 0.00373483938165009 -0.001985146896913647 0.0012700887164101005
v 0.0036313787568360563 -0.0021489968057721845 -0.0019500000635161996
v 0.00373483938165009 -0.001985146896913647 0.0012700887164101005
v 0.004252013284713029 -0.001367552205920219 -0.0019500000635161996
v 0.004252013284713029 -0.001367552205920219 -0.0019500000635161996
v 0.00373483938165009 -0.001985146896913647 0.0012700887164101005
v 0.0038466376718133684 -0.0018268028507009142 0.0012805185979232192
v 0.004252013284713029 -0.001367552205920219 -0.0019500000635161996
v 0.0038466376718133684 -0.0018268028507009142 0.0012805185979232192
v 0.003997281659394502 -0.0016386732459068292 0.00128850934561342
v 0.007241390645503997 -0.0007364977500401435 0.0008718775352463126
v 0.007241390645503997 -0.0007364977500401435 -0.0019500000635161996
v 0.007180772721767425 -0.0007013251306489108 0.0008915908401831985
v 0.007180772721767425 -0.0007013251306489108 0.0008915908401831985
v 0.007241390645503997 -0.0007364977500401435 -0.0019500000635161996
v 0.00665875757113099 -0.0004714712558779864 -0.0019500000635161996
v 0.007180772721767425 -0.0007013251306489108 0.0008915908401831985
v 0.00665875757113099 -0.0004714712558779864 -0.0019500000635161996
v 0.007119404152035712 -0.0006671964656561611 0.0009107844671234488
v 0.0050521320663392535 -0.0007826783112250266 0.0012525309575721622
v 0.005129531957209109 -0.0007414586725644765 0.0012466645566746593
v 0.0050521320663392535 -0.0007826783112250266 -0.0019500000635161996
v 0.0050521320663392535 -0.0007826783112250266 -0.0019500000635161996
v 0.005129531957209109 -0.0007414586725644765 0.0012466645566746593
v 0.00572105124592781 -0.000492438208311796 0.0011895367642864585
v 0.0050521320663392535 -0.0007826783112250266 -0.0019500000635161996
v 0.00572105124592781 -0.000492438208311796 0.0011895367642864585
v 0.005803162697702645 -0.00046909871161915346 -0.0019500000635161996
v 0.005803162697702645 -0.00046909871161915346 -0.0019500000635161996
v 0.00572105124592781 -0.000492438208311796 0.0011895367642864585
v 0.005803436506539582 -0.0004692309885285793 0.0011795660248026252
v 0.005803162697702645 -0.00046909871161915346 -0.0019500000635161996
v 0.005803436506539582 -0.0004692309885285793 0.0011795660248026252
v 0.005908466409891843 -0.0004445556842256336 -0.0019500000635161996
v 0.005908466409891843 -0.0004445556842256336 -0.0019500000635161996
v 0.005803436506539582 -0.0004692309885285793 0.0011795660248026252
v 0.006186608225107192 -0.0004107010026928036 0.0011247879592701793
v 0.005908466409891843 -0.0004445556842256336 -0.0019500000635161996
v 0.006186608225107192 -0.0004107010026928036 0.0011247879592701793
v 0.006502592936158179 -0.00043432321399450286 -0.0019500000635161996
v 0.006502592936158179 -0.00043432321399450286 -0.0019500000635161996
v 0.006186608225107192 -0.0004107010026928036 0.0011247879592701793
v 0.006502976641058921 -0.0004344356711953877 0.0010668298928067088
v 0.006502592936158179 -0.00043432321399450286 -0.0019500000635161996
v 0.006502976641058921 -0.0004344356711953877 0.0010668298928067088
v 0.00665875757113099 -0.0004714712558779864 -0.0019500000635161996
v 0.00665875757113099 -0.0004714712558779864 -0.0019500000635161996
v 0.006502976641058921 -0.0004344356711953877 0.0010668298928067088
v 0.006626003887504338 -0.00046231749001890405 0.0010405912762507796
v 0.00665875757113099 -0.0004714712558779864 -0.0019500000635161996
v 0.006626003887504338 -0.00046231749001890405 0.0010405912762507796
v 0.007119404152035712 -0.0006671964656561611 0.0009107844671234488
v 0.01008570473641157 -0.0028248438611626616 -0.0012657210463657975
v 0.010234411805868147 -0.002933377167209982 -0.0015355873620137572
v 0.010234411805868147 -0.002933377167209982 -0.00846441276371479
v 0.010234411805868147 -0.002933377167209982 -0.00846441276371479
v 0.009938478469848631 -0.002715119393542408 -0.008956275880336761
v 0.01008570473641157 -0.0028248438611626616 -0.0012657210463657975
v 0.01008570473641157 -0.0028248438611626616 -0.0012657210463657975
v 0.009938478469848631 -0.002715119393542408 -0.008956275880336761
v 0.009563907049596308 -0.0024317807983607045 -0.009397652000188828
v 0.01008570473641157 -0.0028248438611626616 -0.0012657210463657975
v 0.009563907049596308 -0.0024317807983607045 -0.009397652000188828
v 0.009696077555418013 -0.0025321245193481437 -0.0007435019360855222
v 0.009696077555418013 -0.0025321245193481437 -0.0007435019360855222
v 0.009563907049596308 -0.0024317807983607045 -0.009397652000188828
v 0.009126405231654642 -0.0020992867648601523 -0.009792625904083252
v 0.009696077555418013 -0.0025321245193481437 -0.0007435019360855222
v 0.009126405231654642 -0.0020992867648601523 -0.009792625904083252
v 0.009126405231654642 -0.0020992867648601523 -0.00020737445447593927
v 0.008155706338584421 -0.0013715174281969662 0.00046234752517193556
v 0.008931602351367472 -0.0019519825000315898 -5.519028854905628e-05
v 0.008155706338584421 -0.0013715174281969662 -0.01046234741806984
v 0.008155706338584421 -0.0013715174281969662 -0.01046234741806984
v 0.008931602351367472 -0.0019519825000315898 -5.519028854905628e-05
v 0.008277573622763155 -0.0014621827285736795 -0.010390988551080227
v 0.009126405231654642 -0.0020992867648601523 -0.00020737445447593927
v 0.009126405231654642 -0.0020992867648601523 -0.009792625904083252
v 0.009111538529396055 -0.002088017063215374 -0.00019543070811778307
v 0.009111538529396055 -0.002088017063215374 -0.00019543070811778307
v 0.009126405231654642 -0.0020992867648601523 -0.009792625904083252
v 0.009111538529396055 -0.002088017063215374 -0.00980456918478012
v 0.009111538529396055 -0.002088017063215374 -0.00019543070811778307
v 0.009111538529396055 -0.002088017063215374 -0.00980456918478012
v 0.009096636436879633 -0.0020767233800142995 -0.0001835433067753911
v 0.009096636436879633 -0.0020767233800142995 -0.0001835433067753911
v 0.009111538529396055 -0.002088017063215374 -0.00980456918478012
v 0.008931602351367472 -0.0019519825000315898 -5.519028854905628e-05
v 0.008931602351367472 -0.0019519825000315898 -5.519028854905628e-05
v 0.009111538529396055 -0.002088017063215374 -0.00980456918478012
v 0.009096636436879633 -0.0020767233800142995 -0.009816456586122513
v 0.008931602351367472 -0.0019519825000315898 -5.519028854905628e-05
v 0.009096636436879633 -0.0020767233800142995 -0.009816456586122513
v 0.008277573622763155 -0.0014621827285736795 -0.010390988551080227
v -0.004062176682054996 -0.046190075576305376 -0.0018584307981655002
v -0.004195884335786103 -0.046255692839622484 -0.0022762990556657314
v -0.004071477334946393 -0.04649258032441138 -0.002346587600186467
v -0.002604475943371653 -0.0481063313782215 -0.003247437998652458
v -0.0022404233459383245 -0.0482683591544628 -0.0032508124131709337
v -0.0022627983707934614 -0.04809596389532088 -0.0027941057924181223
v -0.0022627983707934614 -0.04809596389532088 -0.0027941057924181223
v -0.002832192694768309 -0.04776616021990775 -0.0026567247696220875
v -0.002604475943371653 -0.0481063313782215 -0.003247437998652458
v -0.002604475943371653 -0.0481063313782215 -0.003247437998652458
v -0.002832192694768309 -0.04776616021990775 -0.0026567247696220875
v -0.0033024766016751523 -0.04749267920851706 -0.0027751624584198
v -0.002604475943371653 -0.0481063313782215 -0.003247437998652458
v -0.0033024766016751523 -0.04749267920851706 -0.0027751624584198
v -0.003023757133632898 -0.047850571572780595 -0.0032431024592369795
v -0.003023757133632898 -0.047850571572780595 -0.0032431024592369795
v -0.0033024766016751523 -0.04749267920851706 -0.0027751624584198
v -0.0037038186565041538 -0.04717042297124861 -0.002966065425425768
v -0.003023757133632898 -0.047850571572780595 -0.0032431024592369795
v -0.0037038186565041538 -0.04717042297124861 -0.002966065425425768
v -0.00347354169934988 -0.04747058451175688 -0.003238112898543477
v -0.004370173439383506 -0.046211462467908845 -0.002907254034653306
v -0.0042164213955402366 -0.046472001820802675 -0.002921650419011712
v -0.004370286129415034 -0.04621046036481856 -0.0029040463268756866
v -0.004361038096249103 -0.04611699283123015 -0.002569842152297497
v -0.00437160488218069 -0.04619371518492697 -0.0028476817533373833
v -0.0042164213955402366 -0.046472001820802675 -0.002921650419011712
v -0.0042164213955402366 -0.046472001820802675 -0.002921650419011712
v -0.00437160488218069 -0.04619371518492697 -0.0028476817533373833
v -0.004370675887912511 -0.04620687291026114 -0.0028923286590725183
v -0.0042164213955402366 -0.046472001820802675 -0.002921650419011712
v -0.004370675887912511 -0.04620687291026114 -0.0028923286590725183
v -0.004370286129415034 -0.04621046036481856 -0.0029040463268756866
v -0.0026922095566987987 -0.047355316579341875 -0.0018265560502186418
v -0.0024067894555628295 -0.04700263589620589 -0.0013749288627877831
v -0.00277367397211492 -0.04695598781108855 -0.0014104825677350163
v -0.00277367397211492 -0.04695598781108855 -0.0014104825677350163
v -0.0024067894555628295 -0.04700263589620589 -0.0013749288627877831
v -0.00247058505192399 -0.04648153856396674 -0.0010153955081477761
v -0.00277367397211492 -0.04695598781108855 -0.0014104825677350163
v -0.00247058505192399 -0.04648153856396674 -0.0010153955081477761
v -0.002862596651539206 -0.04647159576416014 -0.0010553818428888917
v -0.002862596651539206 -0.04647159576416014 -0.0010553818428888917
v -0.00247058505192399 -0.04648153856396674 -0.0010153955081477761
v -0.0025375520344823595 -0.04589317366480826 -0.0007546428823843598
v -0.002862596651539206 -0.04647159576416014 -0.0010553818428888917
v -0.0025375520344823595 -0.04589317366480826 -0.0007546428823843598
v -0.0029543009586632247 -0.04592049866914748 -0.0008001044625416398
v -0.0029543009586632247 -0.04592049866914748 -0.0008001044625416398
v -0.0025375520344823595 -0.04589317366480826 -0.0007546428823843598
v -0.0025403501931577917 -0.04586735367774962 -0.0007459233747795224
v -0.0029543009586632247 -0.04592049866914748 -0.0008001044625416398
v -0.0025403501931577917 -0.04586735367774962 -0.0007459233747795224
v -0.0030594768468290563 -0.04534002766013144 -0.0006407896289601922
v -0.0030594768468290563 -0.04534002766013144 -0.0006407896289601922
v -0.0025403501931577917 -0.04586735367774962 -0.0007459233747795224
v -0.002602077322080731 -0.04526573792099951 -0.0005828599678352475
v -0.0022627983707934614 -0.04809596389532088 -0.0027941057924181223
v -0.002274549333378672 -0.0480075031518936 -0.0026165475137531757
v -0.002832192694768309 -0.04776616021990775 -0.0026567247696220875
v -0.002832192694768309 -0.04776616021990775 -0.0026567247696220875
v -0.002274549333378672 -0.0480075031518936 -0.0026165475137531757
v -0.002338094403967261 -0.047533091157674776 -0.0019104554085060954
v -0.002832192694768309 -0.04776616021990775 -0.0026567247696220875
v -0.002338094403967261 -0.047533091157674776 -0.0019104554085060954
v -0.0026922095566987987 -0.047355316579341875 -0.0018265560502186418
v -0.0026922095566987987 -0.047355316579341875 -0.0018265560502186418
v -0.002338094403967261 -0.047533091157674776 -0.0019104554085060954
v -0.0023556002415716644 -0.04740033671259879 -0.0017570328200235963
v -0.0026922095566987987 -0.047355316579341875 -0.0018265560502186418
v -0.0023556002415716644 -0.04740033671259879 -0.0017570328200235963
v -0.0024067894555628295 -0.04700263589620589 -0.0013749288627877831
v -0.003945555537939071 -0.04690252617001532 -0.0031066013034433126
v -0.003856508759781718 -0.04691077023744582 -0.0026288488879799843
v -0.004050799645483493 -0.0467318259179592 -0.0029867880512028933
v -0.004050799645483493 -0.0467318259179592 -0.0029867880512028933
v -0.003856508759781718 -0.04691077023744582 -0.0026288488879799843
v -0.003957499749958514 -0.04671720042824744 -0.002469354309141636
v -0.004050799645483493 -0.0467318259179592 -0.0029867880512028933
v -0.003957499749958514 -0.04671720042824744 -0.002469354309141636
v -0.0042164213955402366 -0.046472001820802675 -0.002921650419011712
v -0.0042164213955402366 -0.046472001820802675 -0.002921650419011712
v -0.003957499749958514 -0.04671720042824744 -0.002469354309141636
v -0.004071477334946393 -0.04649258032441138 -0.002346587600186467
v -0.0042164213955402366 -0.046472001820802675 -0.002921650419011712
v -0.004071477334946393 -0.04649258032441138 -0.002346587600186467
v -0.004361038096249103 -0.04611699283123015 -0.002569842152297497
v -0.004361038096249103 -0.04611699283123015 -0.002569842152297497
v -0.004071477334946393 -0.04649258032441138 -0.002346587600186467
v -0.004195884335786103 -0.046255692839622484 -0.0022762990556657314
v -0.004361038096249103 -0.04611699283123015 -0.002569842152297497
v -0.004195884335786103 -0.046255692839622484 -0.0022762990556657314
v -0.0042078355327248565 -0.045889940112829194 -0.0018083782633766532
v -0.0042078355327248565 -0.045889940112829194 -0.0018083782633766532
v -0.004195884335786103 -0.046255692839622484 -0.0022762990556657314
v -0.004062176682054996 -0.046190075576305376 -0.0018584307981655002
v -0.0042078355327248565 -0.045889940112829194 -0.0018083782633766532
v -0.004062176682054996 -0.046190075576305376 -0.0018584307981655002
v -0.0041401940397918216 -0.045827835798263536 -0.0016262739663943648
v -0.003856508759781718 -0.04691077023744582 -0.0026288488879799843
v -0.0034812001977115865 -0.047105964273214326 -0.0021740724332630634
v -0.003957499749958514 -0.04671720042824744 -0.002469354309141636
v -0.003957499749958514 -0.04671720042824744 -0.002469354309141636
v -0.0034812001977115865 -0.047105964273214326 -0.0021740724332630634
v -0.003592854598537087 -0.04682371020317076 -0.0018725282279774547
v -0.003957499749958514 -0.04671720042824744 -0.002469354309141636
v -0.003592854598537087 -0.04682371020317076 -0.0018725282279774547
v -0.004071477334946393 -0.04649258032441138 -0.002346587600186467
v -0.004071477334946393 -0.04649258032441138 -0.002346587600186467
v -0.003592854598537087 -0.04682371020317076 -0.0018725282279774547
v -0.003722093533724546 -0.04648787155747412 -0.0016259016701951623
v -0.004071477334946393 -0.04649258032441138 -0.002346587600186467
v -0.003722093533724546 -0.04648787155747412 -0.0016259016701951623
v -0.004062176682054996 -0.046190075576305376 -0.0018584307981655002
v -0.004062176682054996 -0.046190075576305376 -0.0018584307981655002
v -0.003722093533724546 -0.04648787155747412 -0.0016259016701951623
v -0.0038701903540641065 -0.0461173541843891 -0.001465854118578136
v -0.004062176682054996 -0.046190075576305376 -0.0018584307981655002
v -0.0038701903540641065 -0.0461173541843891 -0.001465854118578136
v -0.0041401940397918216 -0.045827835798263536 -0.0016262739663943648
v -0.0041401940397918216 -0.045827835798263536 -0.0016262739663943648
v -0.0038701903540641065 -0.0461173541843891 -0.001465854118578136
v -0.004023462533950805 -0.04573813453316687 -0.001383808790706098
v -0.003250306705012917 -0.047193333506584154 -0.0020006129052489996
v -0.0029916348867118354 -0.04727474600076674 -0.001885981415398419
v -0.0033594788983464237 -0.04687009379267691 -0.0016445574583485723
v -0.0033594788983464237 -0.04687009379267691 -0.0016445574583485723
v -0.0029916348867118354 -0.04727474600076674 -0.001885981415398419
v -0.0030913206283003087 -0.046912252902984605 -0.0014912806218490005
v -0.0033594788983464237 -0.04687009379267691 -0.0016445574583485723
v -0.0030913206283003087 -0.046912252902984605 -0.0014912806218490005
v -0.0034837811253964897 -0.04648094996809958 -0.0013476110761985183
v -0.0034837811253964897 -0.04648094996809958 -0.0013476110761985183
v -0.0030913206283003087 -0.046912252902984605 -0.0014912806218490005
v -0.003201805287972092 -0.04647278040647505 -0.0011574995005503297
v -0.0034837811253964897 -0.04648094996809958 -0.0013476110761985183
v -0.003201805287972092 -0.04647278040647505 -0.0011574995005503297
v -0.0036230946425348516 -0.04604329168796538 -0.0011453985935077071
v -0.0036230946425348516 -0.04604329168796538 -0.0011453985935077071
v -0.003201805287972092 -0.04647278040647505 -0.0011574995005503297
v -0.003320195479318499 -0.04597358033061026 -0.0009224369423463941
v -0.0036230946425348516 -0.04604329168796538 -0.0011453985935077071
v -0.003320195479318499 -0.04597358033061026 -0.0009224369423463941
v -0.0036667629610747095 -0.045538574457168565 -0.0009359825635328889
v -0.0036667629610747095 -0.045538574457168565 -0.0009359825635328889
v -0.003320195479318499 -0.04597358033061026 -0.0009224369423463941
v -0.0034372515510767694 -0.045447122305631624 -0.0007781890453770757
v -0.0030594768468290563 -0.04534002766013144 -0.0006407896289601922
v -0.0034372515510767694 -0.045447122305631624 -0.0007781890453770757
v -0.0029543009586632247 -0.04592049866914748 -0.0008001044625416398
v -0.0029543009586632247 -0.04592049866914748 -0.0008001044625416398
v -0.0034372515510767694 -0.045447122305631624 -0.0007781890453770757
v -0.003320195479318499 -0.04597358033061026 -0.0009224369423463941
v -0.0029543009586632247 -0.04592049866914748 -0.0008001044625416398
v -0.003320195479318499 -0.04597358033061026 -0.0009224369423463941
v -0.002862596651539206 -0.04647159576416014 -0.0010553818428888917
v -0.002862596651539206 -0.04647159576416014 -0.0010553818428888917
v -0.003320195479318499 -0.04597358033061026 -0.0009224369423463941
v -0.003201805287972092 -0.04647278040647505 -0.0011574995005503297
v -0.002862596651539206 -0.04647159576416014 -0.0010553818428888917
v -0.003201805287972092 -0.04647278040647505 -0.0011574995005503297
v -0.00277367397211492 -0.04695598781108855 -0.0014104825677350163
v -0.00277367397211492 -0.04695598781108855 -0.0014104825677350163
v -0.003201805287972092 -0.04647278040647505 -0.0011574995005503297
v -0.0030913206283003087 -0.046912252902984605 -0.0014912806218490005
v -0.00277367397211492 -0.04695598781108855 -0.0014104825677350163
v -0.0030913206283003087 -0.046912252902984605 -0.0014912806218490005
v -0.0026922095566987987 -0.047355316579341875 -0.0018265560502186418
v -0.0026922095566987987 -0.047355316579341875 -0.0018265560502186418
v -0.0030913206283003087 -0.046912252902984605 -0.0014912806218490005
v -0.0029916348867118354 -0.04727474600076674 -0.001885981415398419
v -0.0026922095566987987 -0.047355316579341875 -0.0018265560502186418
v -0.0029916348867118354 -0.04727474600076674 -0.001885981415398419
v -0.002832192694768309 -0.04776616021990775 -0.0026567247696220875
v -0.002832192694768309 -0.04776616021990775 -0.0026567247696220875
v -0.0029916348867118354 -0.04727474600076674 -0.001885981415398419
v -0.003250306705012917 -0.047193333506584154 -0.0020006129052489996
v -0.002832192694768309 -0.04776616021990775 -0.0026567247696220875
v -0.003250306705012917 -0.047193333506584154 -0.0020006129052489996
v -0.0033024766016751523 -0.04749267920851706 -0.0027751624584198
v -0.0036667629610747095 -0.045538574457168565 -0.0009359825635328889
v -0.004023462533950805 -0.04573813453316687 -0.001383808790706098
v -0.0036230946425348516 -0.04604329168796538 -0.0011453985935077071
v -0.0036230946425348516 -0.04604329168796538 -0.0011453985935077071
v -0.004023462533950805 -0.04573813453316687 -0.001383808790706098
v -0.0038701903540641065 -0.0461173541843891 -0.001465854118578136
v -0.0036230946425348516 -0.04604329168796538 -0.0011453985935077071
v -0.0038701903540641065 -0.0461173541843891 -0.001465854118578136
v -0.0034837811253964897 -0.04648094996809958 -0.0013476110761985183
v -0.0034837811253964897 -0.04648094996809958 -0.0013476110761985183
v -0.0038701903540641065 -0.0461173541843891 -0.001465854118578136
v -0.003722093533724546 -0.04648787155747412 -0.0016259016701951623
v -0.0034837811253964897 -0.04648094996809958 -0.0013476110761985183
v -0.003722093533724546 -0.04648787155747412 -0.0016259016701951623
v -0.0033594788983464237 -0.04687009379267691 -0.0016445574583485723
v -0.0033594788983464237 -0.04687009379267691 -0.0016445574583485723
v -0.003722093533724546 -0.04648787155747412 -0.0016259016701951623
v -0.003592854598537087 -0.04682371020317076 -0.0018725282279774547
v -0.0033594788983464237 -0.04687009379267691 -0.0016445574583485723
v -0.003592854598537087 -0.04682371020317076 -0.0018725282279774547
v -0.003250306705012917 -0.047193333506584154 -0.0020006129052489996
v -0.003250306705012917 -0.047193333506584154 -0.0020006129052489996
v -0.003592854598537087 -0.04682371020317076 -0.0018725282279774547
v -0.0034812001977115865 -0.047105964273214326 -0.0021740724332630634
v -0.003250306705012917 -0.047193333506584154 -0.0020006129052489996
v -0.0034812001977115865 -0.047105964273214326 -0.0021740724332630634
v -0.0033024766016751523 -0.04749267920851706 -0.0027751624584198
v -0.0033024766016751523 -0.04749267920851706 -0.0027751624584198
v -0.0034812001977115865 -0.047105964273214326 -0.0021740724332630634
v -0.003856508759781718 -0.04691077023744582 -0.0026288488879799843
v -0.0033024766016751523 -0.04749267920851706 -0.0027751624584198
v -0.003856508759781718 -0.04691077023744582 -0.0026288488879799843
v -0.0037038186565041538 -0.04717042297124861 -0.002966065425425768
v -0.0037038186565041538 -0.04717042297124861 -0.002966065425425768
v -0.003856508759781718 -0.04691077023744582 -0.0026288488879799843
v -0.003945555537939071 -0.04690252617001532 -0.0031066013034433126
v -0.0037038186565041538 -0.04717042297124861 -0.002966065425425768
v -0.003945555537939071 -0.04690252617001532 -0.0031066013034433126
v -0.00347354169934988 -0.04747058451175688 -0.003238112898543477
v -0.00347354169934988 -0.04747058451175688 -0.003238112898543477
v -0.003945555537939071 -0.04690252617001532 -0.0031066013034433126
v -0.003922006580978631 -0.046959750354289995 -0.0032209951896220446
v -0.00347354169934988 -0.04747058451175688 -0.003238112898543477
v -0.003922006580978631 -0.046959750354289995 -0.0032209951896220446
v -0.003921704366803168 -0.046962726861238466 -0.003232612507417798
v -0.00022604317928198722 -0.04847905039787291 -0.003254154697060585
v -0.0010916829342022536 -0.04849690198898314 -0.0032545255962759256
v -0.0010694968514144418 -0.04863583296537398 -0.004100849386304617
v -0.001227870234288275 -0.04848813638091086 -0.0032544960267841816
v -0.0017215121770277617 -0.04842305555939673 -0.0032537311781197786
v -0.0016967663541436193 -0.048575073480606065 -0.004093967378139496
v -0.0022404233459383245 -0.0482683591544628 -0.006749207619577646
v -0.001619769027456641 -0.04844165965914725 -0.006746012717485428
v -0.0022167563438415523 -0.04844766110181807 -0.0058939955197274685
v -0.0022167563438415523 -0.04844766110181807 -0.0058939955197274685
v -0.001619769027456641 -0.04844165965914725 -0.006746012717485428
v -0.0016963835805654524 -0.04857748746871947 -0.005884988699108362
v -0.0022167563438415523 -0.04844766110181807 -0.0058939955197274685
v -0.0016963835805654524 -0.04857748746871947 -0.005884988699108362
v -0.001688550575636327 -0.048626374453306184 -0.004989258479326963
v -0.0016967663541436193 -0.048575073480606065 -0.004093967378139496
v -0.002217128640040755 -0.048444841057062135 -0.004084790591150522
v -0.002210214966908097 -0.048497233539819704 -0.005322963930666447
v -0.0017215121770277617 -0.04842305555939673 -0.0032537311781197786
v -0.0022404233459383245 -0.0482683591544628 -0.0032508124131709337
v -0.0016967663541436193 -0.048575073480606065 -0.004093967378139496
v -0.0016967663541436193 -0.048575073480606065 -0.004093967378139496
v -0.0022404233459383245 -0.0482683591544628 -0.0032508124131709337
v -0.0022228693123906846 -0.0484013371169567 -0.0038086948916316032
v -0.0016967663541436193 -0.048575073480606065 -0.004093967378139496
v -0.0022228693123906846 -0.0484013371169567 -0.0038086948916316032
v -0.002217128640040755 -0.048444841057062135 -0.004084790591150522
v -0.000150550200487487 -0.04860572889447211 -0.004111367277801037
v -0.0010620686225593088 -0.04868340119719504 -0.0049893613904714584
v -0.00014504554565064606 -0.04865144938230513 -0.005000004079192877
v -0.00014504554565064606 -0.04865144938230513 -0.005000004079192877
v -0.0010620686225593088 -0.04868340119719504 -0.0049893613904714584
v -0.0010691485367715357 -0.04863805696368216 -0.005878152791410685
v -0.00014504554565064606 -0.04865144938230513 -0.005000004079192877
v -0.0010691485367715357 -0.04863805696368216 -0.005878152791410685
v -0.00015029101632535455 -0.04860787838697432 -0.005867689847946167
v -0.00015029101632535455 -0.04860787838697432 -0.005867689847946167
v -0.0010691485367715357 -0.04863805696368216 -0.005878152791410685
v -0.0001511028531240299 -0.048601157963275896 -0.005931690335273743
v -0.0001511028531240299 -0.048601157963275896 -0.005931690335273743
v -0.0010691485367715357 -0.04863805696368216 -0.005878152791410685
v -0.0008648739894852041 -0.048504687845706926 -0.006745538208633661
v -0.0001511028531240299 -0.048601157963275896 -0.005931690335273743
v -0.0008648739894852041 -0.048504687845706926 -0.006745538208633661
v -0.00016677074017934498 -0.0484710782766342 -0.006745851598680019
v -0.0010916829342022536 -0.04849690198898314 -0.0032545255962759256
v -0.001227870234288275 -0.04848813638091086 -0.0032544960267841816
v -0.0010694968514144418 -0.04863583296537398 -0.004100849386304617
v -0.0010694968514144418 -0.04863583296537398 -0.004100849386304617
v -0.001227870234288275 -0.04848813638091086 -0.0032544960267841816
v -0.0016967663541436193 -0.048575073480606065 -0.004093967378139496
v -0.0010694968514144418 -0.04863583296537398 -0.004100849386304617
v -0.0016967663541436193 -0.048575073480606065 -0.004093967378139496
v -0.001688550575636327 -0.048626374453306184 -0.004989258479326963
v -0.001688550575636327 -0.048626374453306184 -0.004989258479326963
v -0.0016967663541436193 -0.048575073480606065 -0.004093967378139496
v -0.002210214966908097 -0.048497233539819704 -0.005322963930666447
v -0.001688550575636327 -0.048626374453306184 -0.004989258479326963
v -0.002210214966908097 -0.048497233539819704 -0.005322963930666447
v -0.0022167563438415523 -0.04844766110181807 -0.0058939955197274685
v -0.001619769027456641 -0.04844165965914725 -0.006746012717485428
v -0.0008648739894852041 -0.048504687845706926 -0.006745538208633661
v -0.0016963835805654524 -0.04857748746871947 -0.005884988699108362
v -0.0016963835805654524 -0.04857748746871947 -0.005884988699108362
v -0.0008648739894852041 -0.048504687845706926 -0.006745538208633661
v -0.0010691485367715357 -0.04863805696368216 -0.005878152791410685
v -0.0016963835805654524 -0.04857748746871947 -0.005884988699108362
v -0.0010691485367715357 -0.04863805696368216 -0.005878152791410685
v -0.001688550575636327 -0.048626374453306184 -0.004989258479326963
v -0.001688550575636327 -0.048626374453306184 -0.004989258479326963
v -0.0010691485367715357 -0.04863805696368216 -0.005878152791410685
v -0.0010620686225593088 -0.04868340119719504 -0.0049893613904714584
v -0.001688550575636327 -0.048626374453306184 -0.004989258479326963
v -0.0010620686225593088 -0.04868340119719504 -0.0049893613904714584
v -0.0010694968514144418 -0.04863583296537398 -0.004100849386304617
v -0.0010694968514144418 -0.04863583296537398 -0.004100849386304617
v -0.0010620686225593088 -0.04868340119719504 -0.0049893613904714584
v -0.000150550200487487 -0.04860572889447211 -0.004111367277801037
v -0.0010694968514144418 -0.04863583296537398 -0.004100849386304617
v -0.000150550200487487 -0.04860572889447211 -0.004111367277801037
v -0.00022604317928198722 -0.04847905039787291 -0.003254154697060585
v -0.00022604317928198722 -0.04847905039787291 -0.003254154697060585
v -0.000150550200487487 -0.04860572889447211 -0.004111367277801037
v -0.00016023528587538746 -0.04852531477808951 -0.003533740295097232
v -0.00022604317928198722 -0.04847905039787291 -0.003254154697060585
v -0.00016023528587538746 -0.04852531477808951 -0.003533740295097232
v -0.00016677206440363077 -0.048471070826053606 -0.0032541558612138033
v -0.002500156871974468 -0.046227835118770585 -0.00911304447799921
v -0.0024729119613766666 -0.04646189510822295 -0.008995536714792252
v -0.0028636544011533256 -0.04645277559757231 -0.008956062607467175
v -0.004071336239576339 -0.046484138816595064 -0.0076701445505023
v -0.004219507332891225 -0.046466987580060945 -0.0070790178142488
v -0.0042409119196236125 -0.04643212631344794 -0.007082828786224127
v -0.004370173439383506 -0.046211462467908845 -0.007092771586030722
v -0.004355960525572299 -0.04610166698694228 -0.007485745474696159
v -0.00436410866677761 -0.04622228443622588 -0.007092614192515612
v -0.00436410866677761 -0.04622228443622588 -0.007092614192515612
v -0.004355960525572299 -0.04610166698694228 -0.007485745474696159
v -0.004357872996479272 -0.04623334109783171 -0.007092471234500408
v -0.0036983701866120096 -0.04717514663934706 -0.007039258256554604
v -0.003942691255360841 -0.046907823532819734 -0.006886851508170366
v -0.004032098222523927 -0.046760853379964815 -0.007000046316534281
v -0.0039217090234160415 -0.04696274176239966 -0.006767335347831249
v -0.003922170959413051 -0.04695817083120345 -0.006785137113183737
v -0.003473547752946615 -0.04747059568762778 -0.0067619080655276775
v -0.003473547752946615 -0.04747059568762778 -0.0067619080655276775
v -0.003922170959413051 -0.04695817083120345 -0.006785137113183737
v -0.0032980625983327623 -0.0474945269525051 -0.00723011139780283
v -0.003473547752946615 -0.04747059568762778 -0.0067619080655276775
v -0.0032980625983327623 -0.0474945269525051 -0.00723011139780283
v -0.003192689968273043 -0.047721721231937395 -0.0067587499506771564
v -0.003192689968273043 -0.047721721231937395 -0.0067587499506771564
v -0.0032980625983327623 -0.0474945269525051 -0.00723011139780283
v -0.003023755736649036 -0.04785057902336119 -0.006756918504834175
v -0.003248428693041205 -0.047187883406877504 -0.00801083818078041
v -0.002990608103573322 -0.04726793617010115 -0.008124812506139278
v -0.0028299707919359203 -0.047765512019395814 -0.0073477765545248985
v -0.0028299707919359203 -0.047765512019395814 -0.0073477765545248985
v -0.002990608103573322 -0.04726793617010115 -0.008124812506139278
v -0.0026921022217720743 -0.047347273677587495 -0.008183963596820831
v -0.0022404233459383245 -0.0482683591544628 -0.006749207619577646
v -0.002604481996968388 -0.048106338828802095 -0.00675258319824934
v -0.002274866215884685 -0.04800515994429587 -0.007387855555862188
v -0.002274866215884685 -0.04800515994429587 -0.007387855555862188
v -0.002604481996968388 -0.048106338828802095 -0.00675258319824934
v -0.0028299707919359203 -0.047765512019395814 -0.0073477765545248985
v -0.002274866215884685 -0.04800515994429587 -0.007387855555862188
v -0.0028299707919359203 -0.047765512019395814 -0.0073477765545248985
v -0.002295234706252813 -0.04785344377160071 -0.007647843100130558
v -0.002295234706252813 -0.04785344377160071 -0.007647843100130558
v -0.0028299707919359203 -0.047765512019395814 -0.0073477765545248985
v -0.0026921022217720743 -0.047347273677587495 -0.008183963596820831
v -0.002295234706252813 -0.04785344377160071 -0.007647843100130558
v -0.0026921022217720743 -0.047347273677587495 -0.008183963596820831
v -0.0023523007985204454 -0.04742545261979102 -0.008215060457587242
v -0.002500156871974468 -0.046227835118770585 -0.00911304447799921
v -0.0028636544011533256 -0.04645277559757231 -0.008956062607467175
v -0.0025403501931577917 -0.04586735367774962 -0.009254084900021553
v -0.0030393425840884443 -0.04533559828996657 -0.009363600052893162
v -0.002955734264105558 -0.04589607566595076 -0.00920878630131483
v -0.003057097783312201 -0.04533949494361876 -0.009359749965369701
v -0.003057097783312201 -0.04533949494361876 -0.009359749965369701
v -0.002955734264105558 -0.04589607566595076 -0.00920878630131483
v -0.0033212776761502023 -0.04595093429088591 -0.009087211452424526
v -0.003871463472023606 -0.046099565923213945 -0.008547530509531498
v -0.0037602637894451614 -0.045582994818687425 -0.008975934237241745
v -0.0036242525093257423 -0.04602286964654921 -0.008865824900567532
v -0.0036242525093257423 -0.04602286964654921 -0.008865824900567532
v -0.0037602637894451614 -0.045582994818687425 -0.008975934237241745
v -0.003528704866766929 -0.04548082500696181 -0.009167569689452648
v -0.0036242525093257423 -0.04602286964654921 -0.008865824900567532
v -0.003528704866766929 -0.04548082500696181 -0.009167569689452648
v -0.0033212776761502023 -0.04595093429088591 -0.009087211452424526
v -0.0033212776761502023 -0.04595093429088591 -0.009087211452424526
v -0.003528704866766929 -0.04548082500696181 -0.009167569689452648
v -0.0034173633903264995 -0.045440237969160066 -0.009232308715581894
v -0.0033212776761502023 -0.04595093429088591 -0.009087211452424526
v -0.0034173633903264995 -0.045440237969160066 -0.009232308715581894
v -0.003057097783312201 -0.04533949494361876 -0.009359749965369701
v -0.004317428451031446 -0.04602396860718726 -0.007759436033666134
v -0.004071336239576339 -0.046484138816595064 -0.0076701445505023
v -0.004355960525572299 -0.04610166698694228 -0.007485745474696159
v -0.004355960525572299 -0.04610166698694228 -0.007485745474696159
v -0.004071336239576339 -0.046484138816595064 -0.0076701445505023
v -0.0042409119196236125 -0.04643212631344794 -0.007082828786224127
v -0.004355960525572299 -0.04610166698694228 -0.007485745474696159
v -0.0042409119196236125 -0.04643212631344794 -0.007082828786224127
v -0.004357872996479272 -0.04623334109783171 -0.007092471234500408
v -0.0034785235766321416 -0.047102041542530046 -0.007838229648768902
v -0.003248428693041205 -0.047187883406877504 -0.00801083818078041
v -0.0032980625983327623 -0.0474945269525051 -0.00723011139780283
v -0.0032980625983327623 -0.0474945269525051 -0.00723011139780283
v -0.003248428693041205 -0.047187883406877504 -0.00801083818078041
v -0.0028299707919359203 -0.047765512019395814 -0.0073477765545248985
v -0.0032980625983327623 -0.0474945269525051 -0.00723011139780283
v -0.0028299707919359203 -0.047765512019395814 -0.0073477765545248985
v -0.003023755736649036 -0.04785057902336119 -0.006756918504834175
v -0.003023755736649036 -0.04785057902336119 -0.006756918504834175
v -0.0028299707919359203 -0.047765512019395814 -0.0073477765545248985
v -0.002604481996968388 -0.048106338828802095 -0.00675258319824934
v -0.003919585142284631 -0.046481274068355546 -0.008043970912694931
v -0.0040635429322719565 -0.046175085008144365 -0.008157077245414257
v -0.003871463472023606 -0.046099565923213945 -0.008547530509531498
v -0.003871463472023606 -0.046099565923213945 -0.008547530509531498
v -0.0040635429322719565 -0.046175085008144365 -0.008157077245414257
v -0.003975330386310815 -0.04570568725466727 -0.008697830140590668
v -0.003871463472023606 -0.046099565923213945 -0.008547530509531498
v -0.003975330386310815 -0.04570568725466727 -0.008697830140590668
v -0.0037602637894451614 -0.045582994818687425 -0.008975934237241745
v -0.004032098222523927 -0.046760853379964815 -0.007000046316534281
v -0.004219507332891225 -0.046466987580060945 -0.0070790178142488
v -0.00395575352013111 -0.04671278223395346 -0.00754601089283824
v -0.00395575352013111 -0.04671278223395346 -0.00754601089283824
v -0.004219507332891225 -0.046466987580060945 -0.0070790178142488
v -0.004071336239576339 -0.046484138816595064 -0.0076701445505023
v -0.00395575352013111 -0.04671278223395346 -0.00754601089283824
v -0.004071336239576339 -0.046484138816595064 -0.0076701445505023
v -0.003919585142284631 -0.046481274068355546 -0.008043970912694931
v -0.003919585142284631 -0.046481274068355546 -0.008043970912694931
v -0.004071336239576339 -0.046484138816595064 -0.0076701445505023
v -0.004317428451031446 -0.04602396860718726 -0.007759436033666134
v -0.003919585142284631 -0.046481274068355546 -0.008043970912694931
v -0.004317428451031446 -0.04602396860718726 -0.007759436033666134
v -0.0040635429322719565 -0.046175085008144365 -0.008157077245414257
v -0.0040635429322719565 -0.046175085008144365 -0.008157077245414257
v -0.004317428451031446 -0.04602396860718726 -0.007759436033666134
v -0.004148210864514112 -0.045834720134735094 -0.00835412461310625
v -0.0040635429322719565 -0.046175085008144365 -0.008157077245414257
v -0.004148210864514112 -0.045834720134735094 -0.00835412461310625
v -0.003975330386310815 -0.04570568725466727 -0.008697830140590668
v -0.0035912687890231605 -0.046815466135740266 -0.008142126724123955
v -0.0037219238001853223 -0.04647480323910712 -0.008389032445847988
v -0.00335852475836873 -0.04686007276177405 -0.008368892595171928
v -0.00335852475836873 -0.04686007276177405 -0.008368892595171928
v -0.0037219238001853223 -0.04647480323910712 -0.008389032445847988
v -0.0034839431755244728 -0.04646570980548857 -0.008665649220347404
v -0.00335852475836873 -0.04686007276177405 -0.008368892595171928
v -0.0034839431755244728 -0.04646570980548857 -0.008665649220347404
v -0.0030910361092537637 -0.04690061882138251 -0.00852125696837902
v -0.0030910361092537637 -0.04690061882138251 -0.00852125696837902
v -0.0034839431755244728 -0.04646570980548857 -0.008665649220347404
v -0.0032022960949689146 -0.04645559191703795 -0.008854529820382595
v -0.0030910361092537637 -0.04690061882138251 -0.00852125696837902
v -0.0032022960949689146 -0.04645559191703795 -0.008854529820382595
v -0.0027741733938455577 -0.04694290459156035 -0.008601639419794083
v -0.0027741733938455577 -0.04694290459156035 -0.008601639419794083
v -0.0032022960949689146 -0.04645559191703795 -0.008854529820382595
v -0.0028636544011533256 -0.04645277559757231 -0.008956062607467175
v -0.0027741733938455577 -0.04694290459156035 -0.008601639419794083
v -0.0028636544011533256 -0.04645277559757231 -0.008956062607467175
v -0.0023892966564744707 -0.04714035242795943 -0.008504701778292656
v -0.0023892966564744707 -0.04714035242795943 -0.008504701778292656
v -0.0028636544011533256 -0.04645277559757231 -0.008956062607467175
v -0.0024729119613766666 -0.04646189510822295 -0.008995536714792252
v -0.0036983701866120096 -0.04717514663934706 -0.007039258256554604
v -0.004032098222523927 -0.046760853379964815 -0.007000046316534281
v -0.003853435162454843 -0.04691014066338538 -0.007383604068309069
v -0.003853435162454843 -0.04691014066338538 -0.007383604068309069
v -0.004032098222523927 -0.046760853379964815 -0.007000046316534281
v -0.00395575352013111 -0.04671278223395346 -0.00754601089283824
v -0.003853435162454843 -0.04691014066338538 -0.007383604068309069
v -0.00395575352013111 -0.04671278223395346 -0.00754601089283824
v -0.0035912687890231605 -0.046815466135740266 -0.008142126724123955
v -0.0035912687890231605 -0.046815466135740266 -0.008142126724123955
v -0.00395575352013111 -0.04671278223395346 -0.00754601089283824
v -0.003919585142284631 -0.046481274068355546 -0.008043970912694931
v -0.0035912687890231605 -0.046815466135740266 -0.008142126724123955
v -0.003919585142284631 -0.046481274068355546 -0.008043970912694931
v -0.0037219238001853223 -0.04647480323910712 -0.008389032445847988
v -0.0037219238001853223 -0.04647480323910712 -0.008389032445847988
v -0.003919585142284631 -0.046481274068355546 -0.008043970912694931
v -0.003871463472023606 -0.046099565923213945 -0.008547530509531498
v -0.0037219238001853223 -0.04647480323910712 -0.008389032445847988
v -0.003871463472023606 -0.046099565923213945 -0.008547530509531498
v -0.0034839431755244728 -0.04646570980548857 -0.008665649220347404
v -0.0034839431755244728 -0.04646570980548857 -0.008665649220347404
v -0.003871463472023606 -0.046099565923213945 -0.008547530509531498
v -0.0036242525093257423 -0.04602286964654921 -0.008865824900567532
v -0.0034839431755244728 -0.04646570980548857 -0.008665649220347404
v -0.0036242525093257423 -0.04602286964654921 -0.008865824900567532
v -0.0032022960949689146 -0.04645559191703795 -0.008854529820382595
v -0.0032022960949689146 -0.04645559191703795 -0.008854529820382595
v -0.0036242525093257423 -0.04602286964654921 -0.008865824900567532
v -0.0033212776761502023 -0.04595093429088591 -0.009087211452424526
v -0.0032022960949689146 -0.04645559191703795 -0.008854529820382595
v -0.0033212776761502023 -0.04595093429088591 -0.009087211452424526
v -0.0028636544011533256 -0.04645277559757231 -0.008956062607467175
v -0.0028636544011533256 -0.04645277559757231 -0.008956062607467175
v -0.0033212776761502023 -0.04595093429088591 -0.009087211452424526
v -0.002955734264105558 -0.04589607566595076 -0.00920878630131483
v -0.0028636544011533256 -0.04645277559757231 -0.008956062607467175
v -0.002955734264105558 -0.04589607566595076 -0.00920878630131483
v -0.0025403501931577917 -0.04586735367774962 -0.009254084900021553
v -0.0025403501931577917 -0.04586735367774962 -0.009254084900021553
v -0.002955734264105558 -0.04589607566595076 -0.00920878630131483
v -0.0030393425840884443 -0.04533559828996657 -0.009363600052893162
v -0.0025403501931577917 -0.04586735367774962 -0.009254084900021553
v -0.0030393425840884443 -0.04533559828996657 -0.009363600052893162
v -0.002602077322080731 -0.04526573792099951 -0.009417148306965828
v -0.0023892966564744707 -0.04714035242795943 -0.008504701778292656
v -0.0023523007985204454 -0.04742545261979102 -0.008215060457587242
v -0.0027741733938455577 -0.04694290459156035 -0.008601639419794083
v -0.0027741733938455577 -0.04694290459156035 -0.008601639419794083
v -0.0023523007985204454 -0.04742545261979102 -0.008215060457587242
v -0.0026921022217720743 -0.047347273677587495 -0.008183963596820831
v -0.0027741733938455577 -0.04694290459156035 -0.008601639419794083
v -0.0026921022217720743 -0.047347273677587495 -0.008183963596820831
v -0.0030910361092537637 -0.04690061882138251 -0.00852125696837902
v -0.0030910361092537637 -0.04690061882138251 -0.00852125696837902
v -0.0026921022217720743 -0.047347273677587495 -0.008183963596820831
v -0.002990608103573322 -0.04726793617010115 -0.008124812506139278
v -0.0030910361092537637 -0.04690061882138251 -0.00852125696837902
v -0.002990608103573322 -0.04726793617010115 -0.008124812506139278
v -0.00335852475836873 -0.04686007276177405 -0.008368892595171928
v -0.00335852475836873 -0.04686007276177405 -0.008368892595171928
v -0.002990608103573322 -0.04726793617010115 -0.008124812506139278
v -0.003248428693041205 -0.047187883406877504 -0.00801083818078041
v -0.00335852475836873 -0.04686007276177405 -0.008368892595171928
v -0.003248428693041205 -0.047187883406877504 -0.00801083818078041
v -0.0035912687890231605 -0.046815466135740266 -0.008142126724123955
v -0.0035912687890231605 -0.046815466135740266 -0.008142126724123955
v -0.003248428693041205 -0.047187883406877504 -0.00801083818078041
v -0.0034785235766321416 -0.047102041542530046 -0.007838229648768902
v -0.0035912687890231605 -0.046815466135740266 -0.008142126724123955
v -0.0034785235766321416 -0.047102041542530046 -0.007838229648768902
v -0.003853435162454843 -0.04691014066338538 -0.007383604068309069
v -0.003853435162454843 -0.04691014066338538 -0.007383604068309069
v -0.0034785235766321416 -0.047102041542530046 -0.007838229648768902
v -0.0032980625983327623 -0.0474945269525051 -0.00723011139780283
v -0.003853435162454843 -0.04691014066338538 -0.007383604068309069
v -0.0032980625983327623 -0.0474945269525051 -0.00723011139780283
v -0.0036983701866120096 -0.04717514663934706 -0.007039258256554604
v -0.0036983701866120096 -0.04717514663934706 -0.007039258256554604
v -0.0032980625983327623 -0.0474945269525051 -0.00723011139780283
v -0.003922170959413051 -0.04695817083120345 -0.006785137113183737
v -0.0036983701866120096 -0.04717514663934706 -0.007039258256554604
v -0.003922170959413051 -0.04695817083120345 -0.006785137113183737
v -0.003942691255360841 -0.046907823532819734 -0.006886851508170366
v -0.003909951075911521 -0.047092217952013 -0.006078499369323254
v -0.003919491078704595 -0.04698731750249861 -0.006665071938186884
v -0.003473547752946615 -0.04747059568762778 -0.0067619080655276775
v -0.003919491078704595 -0.04698731750249861 -0.006665071938186884
v -0.003920572344213723 -0.04697533324360846 -0.006716064643114805
v -0.003473547752946615 -0.04747059568762778 -0.0067619080655276775
v -0.003473547752946615 -0.04747059568762778 -0.0067619080655276775
v -0.003920572344213723 -0.04697533324360846 -0.006716064643114805
v -0.0039211371913552276 -0.046969097107648836 -0.0067417505197227
v -0.003473547752946615 -0.04747059568762778 -0.0067619080655276775
v -0.0039211371913552276 -0.046969097107648836 -0.0067417505197227
v -0.0039217090234160415 -0.04696274176239966 -0.006767335347831249
v -0.0025989166460931297 -0.048287529498338685 -0.0040784250013530254
v -0.002604475943371653 -0.0481063313782215 -0.003247437998652458
v -0.003023757133632898 -0.047850571572780595 -0.0032431024592369795
v -0.0022404233459383245 -0.0482683591544628 -0.0032508124131709337
v -0.002604475943371653 -0.0481063313782215 -0.003247437998652458
v -0.0022228693123906846 -0.0484013371169567 -0.0038086948916316032
v -0.0022228693123906846 -0.0484013371169567 -0.0038086948916316032
v -0.002604475943371653 -0.0481063313782215 -0.003247437998652458
v -0.0025989166460931297 -0.048287529498338685 -0.0040784250013530254
v -0.0022228693123906846 -0.0484013371169567 -0.0038086948916316032
v -0.0025989166460931297 -0.048287529498338685 -0.0040784250013530254
v -0.002217128640040755 -0.048444841057062135 -0.004084790591150522
v -0.002217128640040755 -0.048444841057062135 -0.004084790591150522
v -0.0025989166460931297 -0.048287529498338685 -0.0040784250013530254
v -0.002597030252218246 -0.04834940284490584 -0.0049889846704900265
v -0.002217128640040755 -0.048444841057062135 -0.004084790591150522
v -0.002597030252218246 -0.04834940284490584 -0.0049889846704900265
v -0.002210214966908097 -0.048497233539819704 -0.005322963930666447
v -0.002210214966908097 -0.048497233539819704 -0.005322963930666447
v -0.002597030252218246 -0.04834940284490584 -0.0049889846704900265
v -0.002598829800263047 -0.04829044640064238 -0.005900287535041571
v -0.002210214966908097 -0.048497233539819704 -0.005322963930666447
v -0.002598829800263047 -0.04829044640064238 -0.005900287535041571
v -0.0022167563438415523 -0.04844766110181807 -0.0058939955197274685
v -0.0030225338414311405 -0.048029437661170946 -0.005903206299990416
v -0.003023755736649036 -0.04785057902336119 -0.006756918504834175
v -0.002604481996968388 -0.048106338828802095 -0.00675258319824934
v -0.003916993737220763 -0.04701491072773932 -0.00346148363314569
v -0.00391026260331273 -0.04708881303668021 -0.003896218491718173
v -0.0034676659852266307 -0.04763340577483176 -0.004075104836374521
v -0.0034676659852266307 -0.04763340577483176 -0.004075104836374521
v -0.00391026260331273 -0.04708881303668021 -0.003896218491718173
v -0.0039036234375089403 -0.04716078191995619 -0.005046053323894739
v -0.0034676659852266307 -0.04763340577483176 -0.004075104836374521
v -0.0039036234375089403 -0.04716078191995619 -0.005046053323894739
v -0.0034654727205634113 -0.047688756138086305 -0.00498895114287734
v -0.0034654727205634113 -0.047688756138086305 -0.00498895114287734
v -0.0039036234375089403 -0.04716078191995619 -0.005046053323894739
v -0.003909951075911521 -0.047092217952013 -0.006078499369323254
v -0.0034654727205634113 -0.047688756138086305 -0.00498895114287734
v -0.003909951075911521 -0.047092217952013 -0.006078499369323254
v -0.0034675658680498596 -0.04763601720333098 -0.005903506185859442
v -0.0034675658680498596 -0.04763601720333098 -0.005903506185859442
v -0.003909951075911521 -0.047092217952013 -0.006078499369323254
v -0.003473547752946615 -0.04747059568762778 -0.0067619080655276775
v -0.0034675658680498596 -0.04763601720333098 -0.005903506185859442
v -0.003473547752946615 -0.04747059568762778 -0.0067619080655276775
v -0.003192689968273043 -0.047721721231937395 -0.0067587499506771564
v -0.0022404233459383245 -0.0482683591544628 -0.006749207619577646
v -0.0022167563438415523 -0.04844766110181807 -0.0058939955197274685
v -0.002604481996968388 -0.048106338828802095 -0.00675258319824934
v -0.002604481996968388 -0.048106338828802095 -0.00675258319824934
v -0.0022167563438415523 -0.04844766110181807 -0.0058939955197274685
v -0.002598829800263047 -0.04829044640064238 -0.005900287535041571
v -0.002604481996968388 -0.048106338828802095 -0.00675258319824934
v -0.002598829800263047 -0.04829044640064238 -0.005900287535041571
v -0.0030225338414311405 -0.048029437661170946 -0.005903206299990416
v -0.0030225338414311405 -0.048029437661170946 -0.005903206299990416
v -0.002598829800263047 -0.04829044640064238 -0.005900287535041571
v -0.002597030252218246 -0.04834940284490584 -0.0049889846704900265
v -0.0030225338414311405 -0.048029437661170946 -0.005903206299990416
v -0.002597030252218246 -0.04834940284490584 -0.0049889846704900265
v -0.003021962475031614 -0.04808678850531577 -0.004988945554941893
v -0.003021962475031614 -0.04808678850531577 -0.004988945554941893
v -0.002597030252218246 -0.04834940284490584 -0.0049889846704900265
v -0.0025989166460931297 -0.048287529498338685 -0.0040784250013530254
v -0.003021962475031614 -0.04808678850531577 -0.004988945554941893
v -0.0025989166460931297 -0.048287529498338685 -0.0040784250013530254
v -0.0030225608497858043 -0.048026602715253816 -0.004075449425727129
v -0.0030225608497858043 -0.048026602715253816 -0.004075449425727129
v -0.0025989166460931297 -0.048287529498338685 -0.0040784250013530254
v -0.003023757133632898 -0.047850571572780595 -0.0032431024592369795
v -0.0030225608497858043 -0.048026602715253816 -0.004075449425727129
v -0.003023757133632898 -0.047850571572780595 -0.0032431024592369795
v -0.00347354169934988 -0.04747058451175688 -0.003238112898543477
v -0.003921704366803168 -0.046962726861238466 -0.003232612507417798
v -0.003916993737220763 -0.04701491072773932 -0.00346148363314569
v -0.00347354169934988 -0.04747058451175688 -0.003238112898543477
v -0.00347354169934988 -0.04747058451175688 -0.003238112898543477
v -0.003916993737220763 -0.04701491072773932 -0.00346148363314569
v -0.0034676659852266307 -0.04763340577483176 -0.004075104836374521
v -0.00347354169934988 -0.04747058451175688 -0.003238112898543477
v -0.0034676659852266307 -0.04763340577483176 -0.004075104836374521
v -0.0030225608497858043 -0.048026602715253816 -0.004075449425727129
v -0.0030225608497858043 -0.048026602715253816 -0.004075449425727129
v -0.0034676659852266307 -0.04763340577483176 -0.004075104836374521
v -0.0034654727205634113 -0.047688756138086305 -0.00498895114287734
v -0.0030225608497858043 -0.048026602715253816 -0.004075449425727129
v -0.0034654727205634113 -0.047688756138086305 -0.00498895114287734
v -0.003021962475031614 -0.04808678850531577 -0.004988945554941893
v -0.003021962475031614 -0.04808678850531577 -0.004988945554941893
v -0.0034654727205634113 -0.047688756138086305 -0.00498895114287734
v -0.0034675658680498596 -0.04763601720333098 -0.005903506185859442
v -0.003021962475031614 -0.04808678850531577 -0.004988945554941893
v -0.0034675658680498596 -0.04763601720333098 -0.005903506185859442
v -0.0030225338414311405 -0.048029437661170946 -0.005903206299990416
v -0.0030225338414311405 -0.048029437661170946 -0.005903206299990416
v -0.0034675658680498596 -0.04763601720333098 -0.005903506185859442
v -0.003192689968273043 -0.047721721231937395 -0.0067587499506771564
v -0.0030225338414311405 -0.048029437661170946 -0.005903206299990416
v -0.003192689968273043 -0.047721721231937395 -0.0067587499506771564
v -0.003023755736649036 -0.04785057902336119 -0.006756918504834175
v -0.005618645809590816 -0.04035673290491103 -0.002565008355304599
v -0.005722302477806806 -0.04040155932307242 -0.0028602892998605967
v -0.005611355416476726 -0.04172352701425551 -0.002868007170036435
v -0.004370286129415034 -0.04621046036481856 -0.0029040463268756866
v -0.004370675887912511 -0.04620687291026114 -0.0028923286590725183
v -0.004654453601688146 -0.04563469439744948 -0.0028999904170632362
v -0.004654453601688146 -0.04563469439744948 -0.0028999904170632362
v -0.004370173439383506 -0.046211462467908845 -0.002907254034653306
v -0.004370286129415034 -0.04621046036481856 -0.0029040463268756866
v -0.00459082331508398 -0.04542509093880652 -0.002214407082647085
v -0.004665838554501533 -0.045608449727296815 -0.002899682382121682
v -0.004654453601688146 -0.04563469439744948 -0.0028999904170632362
v -0.004370675887912511 -0.04620687291026114 -0.0028923286590725183
v -0.00437160488218069 -0.04619371518492697 -0.0028476817533373833
v -0.004654453601688146 -0.04563469439744948 -0.0028999904170632362
v -0.004654453601688146 -0.04563469439744948 -0.0028999904170632362
v -0.00437160488218069 -0.04619371518492697 -0.0028476817533373833
v -0.004361038096249103 -0.04611699283123015 -0.002569842152297497
v -0.004654453601688146 -0.04563469439744948 -0.0028999904170632362
v -0.004361038096249103 -0.04611699283123015 -0.002569842152297497
v -0.00459082331508398 -0.04542509093880652 -0.002214407082647085
v -0.00459082331508398 -0.04542509093880652 -0.002214407082647085
v -0.004361038096249103 -0.04611699283123015 -0.002569842152297497
v -0.0042078355327248565 -0.045889940112829194 -0.0018083782633766532
v -0.00459082331508398 -0.04542509093880652 -0.002214407082647085
v -0.0042078355327248565 -0.045889940112829194 -0.0018083782633766532
v -0.004451517947018146 -0.04528626054525374 -0.0017444613622501493
v -0.004451517947018146 -0.04528626054525374 -0.0017444613622501493
v -0.0042078355327248565 -0.045889940112829194 -0.0018083782633766532
v -0.0041401940397918216 -0.045827835798263536 -0.0016262739663943648
v -0.004451517947018146 -0.04528626054525374 -0.0017444613622501493
v -0.0041401940397918216 -0.045827835798263536 -0.0016262739663943648
v -0.0042296932078897944 -0.04513020813465117 -0.001291282125748694
v -0.0042296932078897944 -0.04513020813465117 -0.001291282125748694
v -0.0041401940397918216 -0.045827835798263536 -0.0016262739663943648
v -0.004023462533950805 -0.04573813453316687 -0.001383808790706098
v -0.0042296932078897944 -0.04513020813465117 -0.001291282125748694
v -0.004023462533950805 -0.04573813453316687 -0.001383808790706098
v -0.0036667629610747095 -0.045538574457168565 -0.0009359825635328889
v -0.004835189320147037 -0.044687520712614046 -0.00217885198071599
v -0.0050357943400740615 -0.04458599910140036 -0.0028888608794659376
v -0.004665838554501533 -0.045608449727296815 -0.002899682382121682
v -0.005611355416476726 -0.04172352701425551 -0.002868007170036435
v -0.005497758742421865 -0.04254198446869849 -0.0028727271128445864
v -0.005179736297577619 -0.04303783550858496 -0.0021244087256491184
v -0.005179736297577619 -0.04303783550858496 -0.0021244087256491184
v -0.005497758742421865 -0.04254198446869849 -0.0028727271128445864
v -0.005473919212818145 -0.042686466127634035 -0.0028736554086208344
v -0.005179736297577619 -0.04303783550858496 -0.0021244087256491184
v -0.005473919212818145 -0.042686466127634035 -0.0028736554086208344
v -0.0053931926377117625 -0.04313015192747115 -0.0028766989707946777
v -0.005618645809590816 -0.04035673290491103 -0.002565008355304599
v -0.005611355416476726 -0.04172352701425551 -0.002868007170036435
v -0.0053570279851555816 -0.04146014899015425 -0.0020917453803122044
v -0.0053570279851555816 -0.04146014899015425 -0.0020917453803122044
v -0.005611355416476726 -0.04172352701425551 -0.002868007170036435
v -0.005179736297577619 -0.04303783550858496 -0.0021244087256491184
v -0.0053570279851555816 -0.04146014899015425 -0.0020917453803122044
v -0.005179736297577619 -0.04303783550858496 -0.0021244087256491184
v -0.005100680049508809 -0.04141695424914359 -0.0015034395037218928
v -0.005100680049508809 -0.04141695424914359 -0.0015034395037218928
v -0.005179736297577619 -0.04303783550858496 -0.0021244087256491184
v -0.0049574621953070155 -0.04295859485864638 -0.0015767478616908193
v -0.005100680049508809 -0.04141695424914359 -0.0015034395037218928
v -0.0049574621953070155 -0.04295859485864638 -0.0015767478616908193
v -0.004768961574882268 -0.04137087985873221 -0.000920849503017962
v -0.004768961574882268 -0.04137087985873221 -0.000920849503017962
v -0.0049574621953070155 -0.04295859485864638 -0.0015767478616908193
v -0.004653043113648891 -0.042871169745922075 -0.0010403768392279744
v -0.004768961574882268 -0.04137087985873221 -0.000920849503017962
v -0.004653043113648891 -0.042871169745922075 -0.0010403768392279744
v -0.004268078133463859 -0.042784992605447755 -0.0005909065948799253
v -0.004665838554501533 -0.045608449727296815 -0.002899682382121682
v -0.00459082331508398 -0.04542509093880652 -0.002214407082647085
v -0.004835189320147037 -0.044687520712614046 -0.00217885198071599
v -0.004835189320147037 -0.044687520712614046 -0.00217885198071599
v -0.00459082331508398 -0.04542509093880652 -0.002214407082647085
v -0.004451517947018146 -0.04528626054525374 -0.0017444613622501493
v -0.004835189320147037 -0.044687520712614046 -0.00217885198071599
v -0.004451517947018146 -0.04528626054525374 -0.0017444613622501493
v -0.004666140768676995 -0.044560246169567094 -0.001681054593063891
v -0.004666140768676995 -0.044560246169567094 -0.001681054593063891
v -0.004451517947018146 -0.04528626054525374 -0.0017444613622501493
v -0.0042296932078897944 -0.04513020813465117 -0.001291282125748694
v -0.004666140768676995 -0.044560246169567094 -0.001681054593063891
v -0.0042296932078897944 -0.04513020813465117 -0.001291282125748694
v -0.00441035209223628 -0.0444175750017166 -0.0011988816550001502
v -0.00441035209223628 -0.0444175750017166 -0.0011988816550001502
v -0.0042296932078897944 -0.04513020813465117 -0.001291282125748694
v -0.0036667629610747095 -0.045538574457168565 -0.0009359825635328889
v -0.00441035209223628 -0.0444175750017166 -0.0011988816550001502
v -0.0036667629610747095 -0.045538574457168565 -0.0009359825635328889
v -0.004072336480021476 -0.044272966682910905 -0.0007957421476021409
v -0.004072336480021476 -0.044272966682910905 -0.0007957421476021409
v -0.0036667629610747095 -0.045538574457168565 -0.0009359825635328889
v -0.0034372515510767694 -0.045447122305631624 -0.0007781890453770757
v -0.004072336480021476 -0.044272966682910905 -0.0007957421476021409
v -0.0034372515510767694 -0.045447122305631624 -0.0007781890453770757
v -0.0036628898233175273 -0.044140722602605806 -0.0005122424336150289
v -0.0036628898233175273 -0.044140722602605806 -0.0005122424336150289
v -0.0034372515510767694 -0.045447122305631624 -0.0007781890453770757
v -0.0030594768468290563 -0.04534002766013144 -0.0006407896289601922
v -0.0036628898233175273 -0.044140722602605806 -0.0005122424336150289
v -0.0030594768468290563 -0.04534002766013144 -0.0006407896289601922
v -0.003194985212758183 -0.04403424263000487 -0.0003583884099498391
v -0.003194985212758183 -0.04403424263000487 -0.0003583884099498391
v -0.0030594768468290563 -0.04534002766013144 -0.0006407896289601922
v -0.002602077322080731 -0.04526573792099951 -0.0005828599678352475
v -0.003194985212758183 -0.04403424263000487 -0.0003583884099498391
v -0.002602077322080731 -0.04526573792099951 -0.0005828599678352475
v -0.0027050159405916925 -0.043966699391603456 -0.0003068904625251889
v -0.0053931926377117625 -0.04313015192747115 -0.0028766989707946777
v -0.0050357943400740615 -0.04458599910140036 -0.0028888608794659376
v -0.005179736297577619 -0.04303783550858496 -0.0021244087256491184
v -0.005179736297577619 -0.04303783550858496 -0.0021244087256491184
v -0.0050357943400740615 -0.04458599910140036 -0.0028888608794659376
v -0.004835189320147037 -0.044687520712614046 -0.00217885198071599
v -0.005179736297577619 -0.04303783550858496 -0.0021244087256491184
v -0.004835189320147037 -0.044687520712614046 -0.00217885198071599
v -0.0049574621953070155 -0.04295859485864638 -0.0015767478616908193
v -0.0049574621953070155 -0.04295859485864638 -0.0015767478616908193
v -0.004835189320147037 -0.044687520712614046 -0.00217885198071599
v -0.004666140768676995 -0.044560246169567094 -0.001681054593063891
v -0.0049574621953070155 -0.04295859485864638 -0.0015767478616908193
v -0.004666140768676995 -0.044560246169567094 -0.001681054593063891
v -0.004653043113648891 -0.042871169745922075 -0.0010403768392279744
v -0.004653043113648891 -0.042871169745922075 -0.0010403768392279744
v -0.004666140768676995 -0.044560246169567094 -0.001681054593063891
v -0.00441035209223628 -0.0444175750017166 -0.0011988816550001502
v -0.004653043113648891 -0.042871169745922075 -0.0010403768392279744
v -0.00441035209223628 -0.0444175750017166 -0.0011988816550001502
v -0.004268078133463859 -0.042784992605447755 -0.0005909065948799253
v -0.004268078133463859 -0.042784992605447755 -0.0005909065948799253
v -0.00441035209223628 -0.0444175750017166 -0.0011988816550001502
v -0.004072336480021476 -0.044272966682910905 -0.0007957421476021409
v -0.004268078133463859 -0.042784992605447755 -0.0005909065948799253
v -0.004072336480021476 -0.044272966682910905 -0.0007957421476021409
v -0.003810118185356259 -0.04270948842167853 -0.00027819641400128603
v -0.003810118185356259 -0.04270948842167853 -0.00027819641400128603
v -0.004072336480021476 -0.044272966682910905 -0.0007957421476021409
v -0.0036628898233175273 -0.044140722602605806 -0.0005122424336150289
v -0.003810118185356259 -0.04270948842167853 -0.00027819641400128603
v -0.0036628898233175273 -0.044140722602605806 -0.0005122424336150289
v -0.003293662099167704 -0.04265454784035681 -0.00011587479821173474
v -0.003293662099167704 -0.04265454784035681 -0.00011587479821173474
v -0.0036628898233175273 -0.044140722602605806 -0.0005122424336150289
v -0.003194985212758183 -0.04403424263000487 -0.0003583884099498391
v -0.003293662099167704 -0.04265454784035681 -0.00011587479821173474
v -0.003194985212758183 -0.04403424263000487 -0.0003583884099498391
v -0.0027682720683515068 -0.04261529445648192 -6.888119241921231e-05
v -0.0027682720683515068 -0.04261529445648192 -6.888119241921231e-05
v -0.003194985212758183 -0.04403424263000487 -0.0003583884099498391
v -0.0027050159405916925 -0.043966699391603456 -0.0003068904625251889
v -0.0027682720683515068 -0.04261529445648192 -6.888119241921231e-05
v -0.002770511200651526 -0.03994714468717574 0.0002780643990263343
v -0.003293662099167704 -0.04265454784035681 -0.00011587479821173474
v -0.003293662099167704 -0.04265454784035681 -0.00011587479821173474
v -0.002770511200651526 -0.03994714468717574 0.0002780643990263343
v -0.003336892463266849 -0.03996717557311057 0.00022862839978188276
v -0.003293662099167704 -0.04265454784035681 -0.00011587479821173474
v -0.003336892463266849 -0.03996717557311057 0.00022862839978188276
v -0.003810118185356259 -0.04270948842167853 -0.00027819641400128603
v -0.003810118185356259 -0.04270948842167853 -0.00027819641400128603
v -0.003336892463266849 -0.03996717557311057 0.00022862839978188276
v -0.0038912002928555007 -0.04001219570636748 4.3114068830618635e-05
v -0.003810118185356259 -0.04270948842167853 -0.00027819641400128603
v -0.0038912002928555007 -0.04001219570636748 4.3114068830618635e-05
v -0.004268078133463859 -0.042784992605447755 -0.0005909065948799253
v -0.004268078133463859 -0.042784992605447755 -0.0005909065948799253
v -0.0038912002928555007 -0.04001219570636748 4.3114068830618635e-05
v -0.004390039015561341 -0.04007183015346526 -0.0003158902982249856
v -0.004268078133463859 -0.042784992605447755 -0.0005909065948799253
v -0.004390039015561341 -0.04007183015346526 -0.0003158902982249856
v -0.004768961574882268 -0.04137087985873221 -0.000920849503017962
v -0.004768961574882268 -0.04137087985873221 -0.000920849503017962
v -0.004390039015561341 -0.04007183015346526 -0.0003158902982249856
v -0.004814006388187408 -0.04014049470424651 -0.000830466509796679
v -0.004768961574882268 -0.04137087985873221 -0.000920849503017962
v -0.004814006388187408 -0.04014049470424651 -0.000830466509796679
v -0.005100680049508809 -0.04141695424914359 -0.0015034395037218928
v -0.005100680049508809 -0.04141695424914359 -0.0015034395037218928
v -0.004814006388187408 -0.04014049470424651 -0.000830466509796679
v -0.0051589375361800185 -0.040214538574218736 -0.0014400569489225745
v -0.005100680049508809 -0.04141695424914359 -0.0015034395037218928
v -0.0051589375361800185 -0.040214538574218736 -0.0014400569489225745
v -0.0053570279851555816 -0.04146014899015425 -0.0020917453803122044
v -0.0053570279851555816 -0.04146014899015425 -0.0020917453803122044
v -0.0051589375361800185 -0.040214538574218736 -0.0014400569489225745
v -0.005427154712378978 -0.040289409458637224 -0.0020541572012007236
v -0.0053570279851555816 -0.04146014899015425 -0.0020917453803122044
v -0.005427154712378978 -0.040289409458637224 -0.0020541572012007236
v -0.005618645809590816 -0.04035673290491103 -0.002565008355304599
v -0.00045761049841530616 -0.045691601932048784 -0.0008559400448575616
v -0.00045794609468430275 -0.0456876866519451 -0.0008548555197194219
v -0.0008745930390432476 -0.0457455664873123 -0.0007923390949144959
v -0.0022404233459383245 -0.0482683591544628 -0.0032508124131709337
v -0.0017215121770277617 -0.04842305555939673 -0.0032537311781197786
v -0.0022627983707934614 -0.04809596389532088 -0.0027941057924181223
v -0.0022627983707934614 -0.04809596389532088 -0.0027941057924181223
v -0.0017215121770277617 -0.04842305555939673 -0.0032537311781197786
v -0.001760979415848851 -0.04815869778394698 -0.0025877191219478846
v -0.0022627983707934614 -0.04809596389532088 -0.0027941057924181223
v -0.001760979415848851 -0.04815869778394698 -0.0025877191219478846
v -0.002274549333378672 -0.0480075031518936 -0.0026165475137531757
v -0.002274549333378672 -0.0480075031518936 -0.0026165475137531757
v -0.001760979415848851 -0.04815869778394698 -0.0025877191219478846
v -0.0017945567378774283 -0.047890439629554735 -0.0021838995162397623
v -0.002274549333378672 -0.0480075031518936 -0.0026165475137531757
v -0.0017945567378774283 -0.047890439629554735 -0.0021838995162397623
v -0.002338094403967261 -0.047533091157674776 -0.0019104554085060954
v -0.002338094403967261 -0.047533091157674776 -0.0019104554085060954
v -0.0017945567378774283 -0.047890439629554735 -0.0021838995162397623
v -0.0018405369482934473 -0.04751299694180487 -0.0017514174105599523
v -0.002338094403967261 -0.047533091157674776 -0.0019104554085060954
v -0.0018405369482934473 -0.04751299694180487 -0.0017514174105599523
v -0.0023556002415716644 -0.04740033671259879 -0.0017570328200235963
v -0.0023556002415716644 -0.04740033671259879 -0.0017570328200235963
v -0.0018405369482934473 -0.04751299694180487 -0.0017514174105599523
v -0.0012980594765394924 -0.047053363174200044 -0.0013247941387817264
v -0.0023556002415716644 -0.04740033671259879 -0.0017570328200235963
v -0.0012980594765394924 -0.047053363174200044 -0.0013247941387817264
v -0.0024067894555628295 -0.04700263589620589 -0.0013749288627877831
v -0.0024067894555628295 -0.04700263589620589 -0.0013749288627877831
v -0.0012980594765394924 -0.047053363174200044 -0.0013247941387817264
v -0.0013725705211982129 -0.04645675420761107 -0.0009865273023024201
v -0.0024067894555628295 -0.04700263589620589 -0.0013749288627877831
v -0.0013725705211982129 -0.04645675420761107 -0.0009865273023024201
v -0.00247058505192399 -0.04648153856396674 -0.0010153955081477761
v -0.00247058505192399 -0.04648153856396674 -0.0010153955081477761
v -0.0013725705211982129 -0.04645675420761107 -0.0009865273023024201
v -0.0025375520344823595 -0.04589317366480826 -0.0007546428823843598
v -0.0025375520344823595 -0.04589317366480826 -0.0007546428823843598
v -0.0013725705211982129 -0.04645675420761107 -0.0009865273023024201
v -0.0014485043939203022 -0.04580122604966162 -0.0007420434849336743
v -0.0025375520344823595 -0.04589317366480826 -0.0007546428823843598
v -0.0014485043939203022 -0.04580122604966162 -0.0007420434849336743
v -0.0025403501931577917 -0.04586735367774962 -0.0007459233747795224
v -0.0025403501931577917 -0.04586735367774962 -0.0007459233747795224
v -0.0014485043939203022 -0.04580122604966162 -0.0007420434849336743
v -0.001514898845925927 -0.04514837637543677 -0.0005821191007271409
v -0.0025403501931577917 -0.04586735367774962 -0.0007459233747795224
v -0.001514898845925927 -0.04514837637543677 -0.0005821191007271409
v -0.002602077322080731 -0.04526573792099951 -0.0005828599678352475
v -0.00045761049841530616 -0.045691601932048784 -0.0008559400448575616
v -0.0008745930390432476 -0.0457455664873123 -0.0007923390949144959
v -0.00039357240893878037 -0.046388685703277574 -0.0010988778667524457
v -0.0008745930390432476 -0.0457455664873123 -0.0007923390949144959
v -0.000799868139438331 -0.04641230776906012 -0.0010256805690005422
v -0.00039357240893878037 -0.046388685703277574 -0.0010988778667524457
v -0.00039357240893878037 -0.046388685703277574 -0.0010988778667524457
v -0.000799868139438331 -0.04641230776906012 -0.0010256805690005422
v -0.0007252729847095906 -0.047024562954902635 -0.0013475652085617185
v -0.00039357240893878037 -0.046388685703277574 -0.0010988778667524457
v -0.0007252729847095906 -0.047024562954902635 -0.0013475652085617185
v -0.00033544670441187913 -0.04695986583828925 -0.0013922943035140634
v -0.00033544670441187913 -0.04695986583828925 -0.0013922943035140634
v -0.0007252729847095906 -0.047024562954902635 -0.0013475652085617185
v -0.0006585395894944667 -0.047550067305564866 -0.001739231520332396
v -0.00033544670441187913 -0.04695986583828925 -0.0013922943035140634
v -0.0006585395894944667 -0.047550067305564866 -0.001739231520332396
v -0.00027690752176567907 -0.04750338941812514 -0.0017792204162105918
v -0.00027690752176567907 -0.04750338941812514 -0.0017792204162105918
v -0.0006585395894944667 -0.047550067305564866 -0.001739231520332396
v -0.0006047766073606907 -0.04796189814805983 -0.0021610823459923267
v -0.00027690752176567907 -0.04750338941812514 -0.0017792204162105918
v -0.0006047766073606907 -0.04796189814805983 -0.0021610823459923267
v -0.000231103302212432 -0.04791412129998206 -0.0021764005068689585
v -0.000231103302212432 -0.04791412129998206 -0.0021764005068689585
v -0.0006047766073606907 -0.04796189814805983 -0.0021610823459923267
v -0.0005651531973853706 -0.04824716970324515 -0.0025692693889141083
v -0.000231103302212432 -0.04791412129998206 -0.0021764005068689585
v -0.0005651531973853706 -0.04824716970324515 -0.0025692693889141083
v -0.00019712052016984669 -0.048212181776761995 -0.0025768775958567858
v -0.00019712052016984669 -0.048212181776761995 -0.0025768775958567858
v -0.0005651531973853706 -0.04824716970324515 -0.0025692693889141083
v -0.00017668820510152725 -0.04838786646723746 -0.0029446957632899284
v -0.0010916829342022536 -0.04849690198898314 -0.0032545255962759256
v -0.00022604317928198722 -0.04847905039787291 -0.003254154697060585
v -0.0005651531973853706 -0.04824716970324515 -0.0025692693889141083
v -0.0005651531973853706 -0.04824716970324515 -0.0025692693889141083
v -0.00022604317928198722 -0.04847905039787291 -0.003254154697060585
v -0.00016677206440363077 -0.048471070826053606 -0.0032541558612138033
v -0.0005651531973853706 -0.04824716970324515 -0.0025692693889141083
v -0.00016677206440363077 -0.048471070826053606 -0.0032541558612138033
v -0.00017668820510152725 -0.04838786646723746 -0.0029446957632899284
v -0.0017215121770277617 -0.04842305555939673 -0.0032537311781197786
v -0.001227870234288275 -0.04848813638091086 -0.0032544960267841816
v -0.001760979415848851 -0.04815869778394698 -0.0025877191219478846
v -0.001760979415848851 -0.04815869778394698 -0.0025877191219478846
v -0.001227870234288275 -0.04848813638091086 -0.0032544960267841816
v -0.0011399444192647932 -0.048241291195154176 -0.0025737700052559376
v -0.001760979415848851 -0.04815869778394698 -0.0025877191219478846
v -0.0011399444192647932 -0.048241291195154176 -0.0025737700052559376
v -0.0017945567378774283 -0.047890439629554735 -0.0021838995162397623
v -0.0017945567378774283 -0.047890439629554735 -0.0021838995162397623
v -0.0011399444192647932 -0.048241291195154176 -0.0025737700052559376
v -0.001179169164970517 -0.04796225577592848 -0.002163192257285118
v -0.0017945567378774283 -0.047890439629554735 -0.0021838995162397623
v -0.001179169164970517 -0.04796225577592848 -0.002163192257285118
v -0.0018405369482934473 -0.04751299694180487 -0.0017514174105599523
v -0.0018405369482934473 -0.04751299694180487 -0.0017514174105599523
v -0.001179169164970517 -0.04796225577592848 -0.002163192257285118
v -0.001232093316502869 -0.04756270349025725 -0.001731959288008511
v -0.0018405369482934473 -0.04751299694180487 -0.0017514174105599523
v -0.001232093316502869 -0.04756270349025725 -0.001731959288008511
v -0.0012980594765394924 -0.047053363174200044 -0.0013247941387817264
v -0.001227870234288275 -0.04848813638091086 -0.0032544960267841816
v -0.0010916829342022536 -0.04849690198898314 -0.0032545255962759256
v -0.0011399444192647932 -0.048241291195154176 -0.0025737700052559376
v -0.0011399444192647932 -0.048241291195154176 -0.0025737700052559376
v -0.0010916829342022536 -0.04849690198898314 -0.0032545255962759256
v -0.0005651531973853706 -0.04824716970324515 -0.0025692693889141083
v -0.0011399444192647932 -0.048241291195154176 -0.0025737700052559376
v -0.0005651531973853706 -0.04824716970324515 -0.0025692693889141083
v -0.001179169164970517 -0.04796225577592848 -0.002163192257285118
v -0.001179169164970517 -0.04796225577592848 -0.002163192257285118
v -0.0005651531973853706 -0.04824716970324515 -0.0025692693889141083
v -0.0006047766073606907 -0.04796189814805983 -0.0021610823459923267
v -0.001179169164970517 -0.04796225577592848 -0.002163192257285118
v -0.0006047766073606907 -0.04796189814805983 -0.0021610823459923267
v -0.001232093316502869 -0.04756270349025725 -0.001731959288008511
v -0.001232093316502869 -0.04756270349025725 -0.001731959288008511
v -0.0006047766073606907 -0.04796189814805983 -0.0021610823459923267
v -0.0006585395894944667 -0.047550067305564866 -0.001739231520332396
v -0.001232093316502869 -0.04756270349025725 -0.001731959288008511
v -0.0006585395894944667 -0.047550067305564866 -0.001739231520332396
v -0.0012980594765394924 -0.047053363174200044 -0.0013247941387817264
v -0.0012980594765394924 -0.047053363174200044 -0.0013247941387817264
v -0.0006585395894944667 -0.047550067305564866 -0.001739231520332396
v -0.0007252729847095906 -0.047024562954902635 -0.0013475652085617185
v -0.0012980594765394924 -0.047053363174200044 -0.0013247941387817264
v -0.0007252729847095906 -0.047024562954902635 -0.0013475652085617185
v -0.0013725705211982129 -0.04645675420761107 -0.0009865273023024201
v -0.0013725705211982129 -0.04645675420761107 -0.0009865273023024201
v -0.0007252729847095906 -0.047024562954902635 -0.0013475652085617185
v -0.000799868139438331 -0.04641230776906012 -0.0010256805690005422
v -0.0013725705211982129 -0.04645675420761107 -0.0009865273023024201
v -0.000799868139438331 -0.04641230776906012 -0.0010256805690005422
v -0.0014485043939203022 -0.04580122604966162 -0.0007420434849336743
v -0.0014485043939203022 -0.04580122604966162 -0.0007420434849336743
v -0.000799868139438331 -0.04641230776906012 -0.0010256805690005422
v -0.0008745930390432476 -0.0457455664873123 -0.0007923390949144959
v -0.0014485043939203022 -0.04580122604966162 -0.0007420434849336743
v -0.0008745930390432476 -0.0457455664873123 -0.0007923390949144959
v -0.001514898845925927 -0.04514837637543677 -0.0005821191007271409
v -0.001514898845925927 -0.04514837637543677 -0.0005821191007271409
v -0.0008745930390432476 -0.0457455664873123 -0.0007923390949144959
v -0.00045794609468430275 -0.0456876866519451 -0.0008548555197194219
v -0.001514898845925927 -0.04514837637543677 -0.0005821191007271409
v -0.00045794609468430275 -0.0456876866519451 -0.0008548555197194219
v -0.0005072932690382003 -0.04503952339291571 -0.0007020436460152268
v 0.0005135515821166335 -0.048212423920631395 -0.0032539027743041515
v 0.0008469643653370439 -0.047948449850082384 -0.0032536194194108248
v 0.0008211073582060634 -0.047891020774841295 -0.0029999613761901855
v 0.0014995906967669723 -0.04689260572195052 -0.0028581107035279274
v 0.0015513286925852297 -0.047021731734275804 -0.0032531111501157284
v 0.0015751095488667486 -0.04697882756590842 -0.003253106027841568
v 0.0005672164843417703 -0.04551189020276068 -0.0011593705276027322
v 0.0005937088862992822 -0.04492077231407164 -0.0010358673753216863
v 6.826237950008361e-05 -0.04497732967138289 -0.0008423804538324475
v 0.0005937088862992822 -0.04492077231407164 -0.0010358673753216863
v 0.0005672164843417703 -0.04551189020276068 -0.0011593705276027322
v 0.0008034216589294373 -0.04489827156066893 -0.0011340175988152623
v 0.0008034216589294373 -0.04489827156066893 -0.0011340175988152623
v 0.0005672164843417703 -0.04551189020276068 -0.0011593705276027322
v 0.0005385965341702103 -0.04613073170185088 -0.0013480257475748658
v 0.0008034216589294373 -0.04489827156066893 -0.0011340175988152623
v 0.0005385965341702103 -0.04613073170185088 -0.0013480257475748658
v 0.0014445312554016707 -0.044829644262790666 -0.001541403471492231
v 0.0014445312554016707 -0.044829644262790666 -0.001541403471492231
v 0.0005385965341702103 -0.04613073170185088 -0.0013480257475748658
v 0.00130838924087584 -0.045788720250129686 -0.0017472709296271205
v 0.0014445312554016707 -0.044829644262790666 -0.001541403471492231
v 0.00130838924087584 -0.045788720250129686 -0.0017472709296271205
v 0.0014527684543281791 -0.04482876136898993 -0.0015481180744245648
v 0.0014527684543281791 -0.04482876136898993 -0.0015481180744245648
v 0.00130838924087584 -0.045788720250129686 -0.0017472709296271205
v 0.0016103906091302631 -0.04557692632079123 -0.0019817049615085125
v 0.0014527684543281791 -0.04482876136898993 -0.0015481180744245648
v 0.0016103906091302631 -0.04557692632079123 -0.0019817049615085125
v 0.0017039130907505748 -0.04480174928903578 -0.001782259321771562
v 0.0017039130907505748 -0.04480174928903578 -0.001782259321771562
v 0.0016103906091302631 -0.04557692632079123 -0.0019817049615085125
v 0.0018535885028541086 -0.04535213112831114 -0.0022340193390846252
v 0.0017039130907505748 -0.04480174928903578 -0.001782259321771562
v 0.0018535885028541086 -0.04535213112831114 -0.0022340193390846252
v 0.001973890699446201 -0.04477211460471152 -0.002140878001227975
v -0.00039357240893878037 -0.046388685703277574 -0.0010988778667524457
v 0.0005385965341702103 -0.04613073170185088 -0.0013480257475748658
v -0.00045761049841530616 -0.045691601932048784 -0.0008559400448575616
v -0.00045761049841530616 -0.045691601932048784 -0.0008559400448575616
v 0.0005385965341702103 -0.04613073170185088 -0.0013480257475748658
v 0.0005672164843417703 -0.04551189020276068 -0.0011593705276027322
v -0.00045761049841530616 -0.045691601932048784 -0.0008559400448575616
v 0.0005672164843417703 -0.04551189020276068 -0.0011593705276027322
v -0.00045794609468430275 -0.0456876866519451 -0.0008548555197194219
v -0.00045794609468430275 -0.0456876866519451 -0.0008548555197194219
v 0.0005672164843417703 -0.04551189020276068 -0.0011593705276027322
v 6.826237950008361e-05 -0.04497732967138289 -0.0008423804538324475
v -0.00045794609468430275 -0.0456876866519451 -0.0008548555197194219
v 6.826237950008361e-05 -0.04497732967138289 -0.0008423804538324475
v -0.0005072932690382003 -0.04503952339291571 -0.0007020436460152268
v 0.0011984636075794695 -0.04674019664525984 -0.0022095663007348776
v 0.0008480851538479327 -0.04704091697931288 -0.0020641651935875416
v 0.0011701686307787893 -0.04711254313588141 -0.002497612265869975
v 0.0011701686307787893 -0.04711254313588141 -0.002497612265869975
v 0.0008480851538479327 -0.04704091697931288 -0.0020641651935875416
v 0.0008170361979864537 -0.047453623265027986 -0.0023883823305368423
v 0.0011701686307787893 -0.04711254313588141 -0.002497612265869975
v 0.0008170361979864537 -0.047453623265027986 -0.0023883823305368423
v 0.0011658116709440944 -0.04736719280481337 -0.002780701033771038
v 0.0011658116709440944 -0.04736719280481337 -0.002780701033771038
v 0.0008170361979864537 -0.047453623265027986 -0.0023883823305368423
v 0.000807849341072142 -0.04773863777518271 -0.0027079784777015448
v 0.0011658116709440944 -0.04736719280481337 -0.002780701033771038
v 0.000807849341072142 -0.04773863777518271 -0.0027079784777015448
v 0.001184048596769571 -0.04749720543622969 -0.0030359383672475815
v 0.001184048596769571 -0.04749720543622969 -0.0030359383672475815
v 0.000807849341072142 -0.04773863777518271 -0.0027079784777015448
v 0.0008211073582060634 -0.047891020774841295 -0.0029999613761901855
v 0.001184048596769571 -0.04749720543622969 -0.0030359383672475815
v 0.0008211073582060634 -0.047891020774841295 -0.0029999613761901855
v 0.0012139920145273206 -0.04753830656409262 -0.003253299742937088
v 0.0012139920145273206 -0.04753830656409262 -0.003253299742937088
v 0.0008211073582060634 -0.047891020774841295 -0.0029999613761901855
v 0.0008469643653370439 -0.047948449850082384 -0.0032536194194108248
v 0.000478788191685453 -0.04823449999094008 -0.003253928618505597
v 0.0005135515821166335 -0.048212423920631395 -0.0032539027743041515
v 0.00045992253581061954 -0.048162702471017824 -0.0029701751191169024
v 0.00045992253581061954 -0.048162702471017824 -0.0029701751191169024
v 0.0005135515821166335 -0.048212423920631395 -0.0032539027743041515
v 0.0008211073582060634 -0.047891020774841295 -0.0029999613761901855
v 0.00045992253581061954 -0.048162702471017824 -0.0029701751191169024
v 0.0008211073582060634 -0.047891020774841295 -0.0029999613761901855
v 0.0004505527904257178 -0.04799520596861838 -0.002647342626005411
v 0.0004505527904257178 -0.04799520596861838 -0.002647342626005411
v 0.0008211073582060634 -0.047891020774841295 -0.0029999613761901855
v 0.000807849341072142 -0.04773863777518271 -0.0027079784777015448
v 0.0004505527904257178 -0.04799520596861838 -0.002647342626005411
v 0.000807849341072142 -0.04773863777518271 -0.0027079784777015448
v 0.00045725001837126905 -0.047694299370050416 -0.0022962542716413736
v 0.00045725001837126905 -0.047694299370050416 -0.0022962542716413736
v 0.000807849341072142 -0.04773863777518271 -0.0027079784777015448
v 0.0008170361979864537 -0.047453623265027986 -0.0023883823305368423
v 0.00045725001837126905 -0.047694299370050416 -0.0022962542716413736
v 0.0008170361979864537 -0.047453623265027986 -0.0023883823305368423
v 0.00047821397311054165 -0.04726183786988257 -0.0019399315351620317
v 0.00047821397311054165 -0.04726183786988257 -0.0019399315351620317
v 0.0008170361979864537 -0.047453623265027986 -0.0023883823305368423
v 0.0008480851538479327 -0.04704091697931288 -0.0020641651935875416
v -0.00016677206440363077 -0.048471070826053606 -0.0032541558612138033
v 0.000478788191685453 -0.04823449999094008 -0.003253928618505597
v -0.00017668820510152725 -0.04838786646723746 -0.0029446957632899284
v -0.00017668820510152725 -0.04838786646723746 -0.0029446957632899284
v 0.000478788191685453 -0.04823449999094008 -0.003253928618505597
v 0.00045992253581061954 -0.048162702471017824 -0.0029701751191169024
v -0.00017668820510152725 -0.04838786646723746 -0.0029446957632899284
v 0.00045992253581061954 -0.048162702471017824 -0.0029701751191169024
v -0.00019712052016984669 -0.048212181776761995 -0.0025768775958567858
v -0.00019712052016984669 -0.048212181776761995 -0.0025768775958567858
v 0.00045992253581061954 -0.048162702471017824 -0.0029701751191169024
v 0.0004505527904257178 -0.04799520596861838 -0.002647342626005411
v -0.00019712052016984669 -0.048212181776761995 -0.0025768775958567858
v 0.0004505527904257178 -0.04799520596861838 -0.002647342626005411
v -0.000231103302212432 -0.04791412129998206 -0.0021764005068689585
v -0.000231103302212432 -0.04791412129998206 -0.0021764005068689585
v 0.0004505527904257178 -0.04799520596861838 -0.002647342626005411
v 0.00045725001837126905 -0.047694299370050416 -0.0022962542716413736
v -0.000231103302212432 -0.04791412129998206 -0.0021764005068689585
v 0.00045725001837126905 -0.047694299370050416 -0.0022962542716413736
v -0.00027690752176567907 -0.04750338941812514 -0.0017792204162105918
v -0.00027690752176567907 -0.04750338941812514 -0.0017792204162105918
v 0.00045725001837126905 -0.047694299370050416 -0.0022962542716413736
v 0.00047821397311054165 -0.04726183786988257 -0.0019399315351620317
v -0.00027690752176567907 -0.04750338941812514 -0.0017792204162105918
v 0.00047821397311054165 -0.04726183786988257 -0.0019399315351620317
v -0.00033544670441187913 -0.04695986583828925 -0.0013922943035140634
v 0.001785736298188567 -0.04595038294792174 -0.0025393394753336906
v 0.0015155090950429437 -0.04636919498443602 -0.002369603142142296
v 0.0014967471361160276 -0.04668131843209265 -0.0026162718422710896
v 0.001785736298188567 -0.04595038294792174 -0.0025393394753336906
v 0.0014967471361160276 -0.04668131843209265 -0.0026162718422710896
v 0.0017774808220565317 -0.04618658125400542 -0.0027384234126657248
v 0.0017774808220565317 -0.04618658125400542 -0.0027384234126657248
v 0.0014967471361160276 -0.04668131843209265 -0.0026162718422710896
v 0.0014995906967669723 -0.04689260572195052 -0.0028581107035279274
v 0.0017774808220565317 -0.04618658125400542 -0.0027384234126657248
v 0.0014995906967669723 -0.04689260572195052 -0.0028581107035279274
v 0.0017860353691503403 -0.04634473845362662 -0.0029345087241381407
v 0.0017860353691503403 -0.04634473845362662 -0.0029345087241381407
v 0.0014995906967669723 -0.04689260572195052 -0.0028581107035279274
v 0.0015751095488667486 -0.04697882756590842 -0.003253106027841568
v 0.0017860353691503403 -0.04634473845362662 -0.0029345087241381407
v 0.0015751095488667486 -0.04697882756590842 -0.003253106027841568
v 0.0018471746006980536 -0.04640402272343634 -0.003253194037824869
v 0.0022282782010734077 -0.044741846621036516 -0.0027696702163666487
v 0.002146877814084291 -0.04475201293826102 -0.0025132198352366686
v 0.002207879908382892 -0.044826596975326524 -0.0027756565250456333
v 0.002207879908382892 -0.044826596975326524 -0.0027756565250456333
v 0.002146877814084291 -0.04475201293826102 -0.0025132198352366686
v 0.001973890699446201 -0.04477211460471152 -0.002140878001227975
v 0.002207879908382892 -0.044826596975326524 -0.0027756565250456333
v 0.001973890699446201 -0.04477211460471152 -0.002140878001227975
v 0.002190770814195275 -0.04491510242223738 -0.0027973013930022717
v 0.002190770814195275 -0.04491510242223738 -0.0027973013930022717
v 0.001973890699446201 -0.04477211460471152 -0.002140878001227975
v 0.0018535885028541086 -0.04535213112831114 -0.0022340193390846252
v 0.002190770814195275 -0.04491510242223738 -0.0027973013930022717
v 0.0018535885028541086 -0.04535213112831114 -0.0022340193390846252
v 0.002175068017095327 -0.04506294429302214 -0.0028829413931816816
v 0.002175068017095327 -0.04506294429302214 -0.0028829413931816816
v 0.0018535885028541086 -0.04535213112831114 -0.0022340193390846252
v 0.002174116903916001 -0.045097813010215745 -0.002914506709203124
v 0.0012139920145273206 -0.04753830656409262 -0.003253299742937088
v 0.0015513286925852297 -0.047021731734275804 -0.0032531111501157284
v 0.001184048596769571 -0.04749720543622969 -0.0030359383672475815
v 0.001184048596769571 -0.04749720543622969 -0.0030359383672475815
v 0.0015513286925852297 -0.047021731734275804 -0.0032531111501157284
v 0.0014995906967669723 -0.04689260572195052 -0.0028581107035279274
v 0.001184048596769571 -0.04749720543622969 -0.0030359383672475815
v 0.0014995906967669723 -0.04689260572195052 -0.0028581107035279274
v 0.0011658116709440944 -0.04736719280481337 -0.002780701033771038
v 0.0011658116709440944 -0.04736719280481337 -0.002780701033771038
v 0.0014995906967669723 -0.04689260572195052 -0.0028581107035279274
v 0.0014967471361160276 -0.04668131843209265 -0.0026162718422710896
v 0.0011658116709440944 -0.04736719280481337 -0.002780701033771038
v 0.0014967471361160276 -0.04668131843209265 -0.0026162718422710896
v 0.0011701686307787893 -0.04711254313588141 -0.002497612265869975
v 0.0011701686307787893 -0.04711254313588141 -0.002497612265869975
v 0.0014967471361160276 -0.04668131843209265 -0.0026162718422710896
v 0.0015155090950429437 -0.04636919498443602 -0.002369603142142296
v 0.0011701686307787893 -0.04711254313588141 -0.002497612265869975
v 0.0015155090950429437 -0.04636919498443602 -0.002369603142142296
v 0.0011984636075794695 -0.04674019664525984 -0.0022095663007348776
v 0.0011984636075794695 -0.04674019664525984 -0.0022095663007348776
v 0.0015155090950429437 -0.04636919498443602 -0.002369603142142296
v 0.0012467438355088232 -0.04628416523337363 -0.001949551166035235
v 0.0011984636075794695 -0.04674019664525984 -0.0022095663007348776
v 0.0012467438355088232 -0.04628416523337363 -0.001949551166035235
v 0.0008480851538479327 -0.04704091697931288 -0.0020641651935875416
v 0.0008480851538479327 -0.04704091697931288 -0.0020641651935875416
v 0.0012467438355088232 -0.04628416523337363 -0.001949551166035235
v 0.0008949222392402588 -0.04653348028659819 -0.001769180758856237
v 0.0008480851538479327 -0.04704091697931288 -0.0020641651935875416
v 0.0008949222392402588 -0.04653348028659819 -0.001769180758856237
v 0.00047821397311054165 -0.04726183786988257 -0.0019399315351620317
v 0.00047821397311054165 -0.04726183786988257 -0.0019399315351620317
v 0.0008949222392402588 -0.04653348028659819 -0.001769180758856237
v 0.0005075548542663454 -0.04672688990831374 -0.0016131653683260083
v 0.00047821397311054165 -0.04726183786988257 -0.0019399315351620317
v 0.0005075548542663454 -0.04672688990831374 -0.0016131653683260083
v -0.00033544670441187913 -0.04695986583828925 -0.0013922943035140634
v 0.0018471746006980536 -0.04640402272343634 -0.003253194037824869
v 0.0022178820800036188 -0.0452323444187641 -0.0032541200052946806
v 0.0017860353691503403 -0.04634473845362662 -0.0029345087241381407
v 0.0017860353691503403 -0.04634473845362662 -0.0029345087241381407
v 0.0022178820800036188 -0.0452323444187641 -0.0032541200052946806
v 0.002182564232498407 -0.04519850388169287 -0.003055706387385726
v 0.0017860353691503403 -0.04634473845362662 -0.0029345087241381407
v 0.002182564232498407 -0.04519850388169287 -0.003055706387385726
v 0.0017774808220565317 -0.04618658125400542 -0.0027384234126657248
v 0.0017774808220565317 -0.04618658125400542 -0.0027384234126657248
v 0.002182564232498407 -0.04519850388169287 -0.003055706387385726
v 0.002174116903916001 -0.045097813010215745 -0.002914506709203124
v 0.0017774808220565317 -0.04618658125400542 -0.0027384234126657248
v 0.002174116903916001 -0.045097813010215745 -0.002914506709203124
v 0.001785736298188567 -0.04595038294792174 -0.0025393394753336906
v 0.001785736298188567 -0.04595038294792174 -0.0025393394753336906
v 0.002174116903916001 -0.045097813010215745 -0.002914506709203124
v 0.0018535885028541086 -0.04535213112831114 -0.0022340193390846252
v 0.001785736298188567 -0.04595038294792174 -0.0025393394753336906
v 0.0018535885028541086 -0.04535213112831114 -0.0022340193390846252
v 0.0015155090950429437 -0.04636919498443602 -0.002369603142142296
v 0.0015155090950429437 -0.04636919498443602 -0.002369603142142296
v 0.0018535885028541086 -0.04535213112831114 -0.0022340193390846252
v 0.0016103906091302631 -0.04557692632079123 -0.0019817049615085125
v 0.0015155090950429437 -0.04636919498443602 -0.002369603142142296
v 0.0016103906091302631 -0.04557692632079123 -0.0019817049615085125
v 0.0012467438355088232 -0.04628416523337363 -0.001949551166035235
v 0.0012467438355088232 -0.04628416523337363 -0.001949551166035235
v 0.0016103906091302631 -0.04557692632079123 -0.0019817049615085125
v 0.00130838924087584 -0.045788720250129686 -0.0017472709296271205
v 0.0012467438355088232 -0.04628416523337363 -0.001949551166035235
v 0.00130838924087584 -0.045788720250129686 -0.0017472709296271205
v 0.0008949222392402588 -0.04653348028659819 -0.001769180758856237
v 0.0008949222392402588 -0.04653348028659819 -0.001769180758856237
v 0.00130838924087584 -0.045788720250129686 -0.0017472709296271205
v 0.0005385965341702103 -0.04613073170185088 -0.0013480257475748658
v 0.0008949222392402588 -0.04653348028659819 -0.001769180758856237
v 0.0005385965341702103 -0.04613073170185088 -0.0013480257475748658
v 0.0005075548542663454 -0.04672688990831374 -0.0016131653683260083
v 0.0005075548542663454 -0.04672688990831374 -0.0016131653683260083
v 0.0005385965341702103 -0.04613073170185088 -0.0013480257475748658
v -0.00039357240893878037 -0.046388685703277574 -0.0010988778667524457
v 0.0005075548542663454 -0.04672688990831374 -0.0016131653683260083
v -0.00039357240893878037 -0.046388685703277574 -0.0010988778667524457
v -0.00033544670441187913 -0.04695986583828925 -0.0013922943035140634
v 0.0017041714163497088 -0.047025166451930986 -0.004325598943978548
v 0.0016208117594942448 -0.04699482768774031 -0.003533144248649478
v 0.0013229812029749153 -0.047470264136791215 -0.0035332338884472847
v 0.0003540021716617047 -0.048305500298738466 -0.006745995953679085
v 0.00037758250255137677 -0.0482930690050125 -0.006746010389178991
v 0.00041391045670025045 -0.048412363976240144 -0.005931694991886616
v 0.0013767869677394626 -0.047508336603641496 -0.0059318034909665585
v 0.0012840018607676027 -0.04744360595941542 -0.006746759172528982
v 0.0017710617976263163 -0.046582642942666994 -0.006746870465576649
v 0.0008469643653370439 -0.047948449850082384 -0.0032536194194108248
v 0.0005135515821166335 -0.048212423920631395 -0.0032539027743041515
v 0.00039293378358706827 -0.04834254458546637 -0.0035336692817509174
v 0.00039293378358706827 -0.04834254458546637 -0.0035336692817509174
v 0.0005135515821166335 -0.048212423920631395 -0.0032539027743041515
v 0.000478788191685453 -0.04823449999094008 -0.003253928618505597
v 0.00039293378358706827 -0.04834254458546637 -0.0035336692817509174
v 0.000478788191685453 -0.04823449999094008 -0.003253928618505597
v -0.00016677206440363077 -0.048471070826053606 -0.0032541558612138033
v 0.000996664282865822 -0.047866992652416215 -0.0035333926789462566
v 0.0013229812029749153 -0.047470264136791215 -0.0035332338884472847
v 0.0008469643653370439 -0.047948449850082384 -0.0032536194194108248
v 0.0008469643653370439 -0.047948449850082384 -0.0032536194194108248
v 0.0013229812029749153 -0.047470264136791215 -0.0035332338884472847
v 0.0012139920145273206 -0.04753830656409262 -0.003253299742937088
v 0.0012139920145273206 -0.04753830656409262 -0.003253299742937088
v 0.0013229812029749153 -0.047470264136791215 -0.0035332338884472847
v 0.0015513286925852297 -0.047021731734275804 -0.0032531111501157284
v 0.0015513286925852297 -0.047021731734275804 -0.0032531111501157284
v 0.0013229812029749153 -0.047470264136791215 -0.0035332338884472847
v 0.0016208117594942448 -0.04699482768774031 -0.003533144248649478
v 0.0015513286925852297 -0.047021731734275804 -0.0032531111501157284
v 0.0016208117594942448 -0.04699482768774031 -0.003533144248649478
v 0.0015751095488667486 -0.04697882756590842 -0.003253106027841568
v 0.0021553330589085813 -0.045903258025646196 -0.005931788124144077
v 0.0023254707921296354 -0.04522151127457617 -0.006126909516751766
v 0.0024000883568078275 -0.04521398991346358 -0.004999969154596329
v 0.002217889297753572 -0.0452323444187641 -0.006745851598680019
v 0.0023254707921296354 -0.04522151127457617 -0.006126909516751766
v 0.0018413643119856713 -0.04641822353005408 -0.0067468201741576195
v 0.0018413643119856713 -0.04641822353005408 -0.0067468201741576195
v 0.0023254707921296354 -0.04522151127457617 -0.006126909516751766
v 0.0021553330589085813 -0.045903258025646196 -0.005931788124144077
v 0.0018413643119856713 -0.04641822353005408 -0.0067468201741576195
v 0.0021553330589085813 -0.045903258025646196 -0.005931788124144077
v 0.0017710617976263163 -0.046582642942666994 -0.006746870465576649
v 0.0017710617976263163 -0.046582642942666994 -0.006746870465576649
v 0.0021553330589085813 -0.045903258025646196 -0.005931788124144077
v 0.0016842148033902047 -0.04701774567365645 -0.005931831430643797
v 0.0017710617976263163 -0.046582642942666994 -0.006746870465576649
v 0.0016842148033902047 -0.04701774567365645 -0.005931831430643797
v 0.0013767869677394626 -0.047508336603641496 -0.0059318034909665585
v 0.000965790299233049 -0.04783038049936293 -0.006746496073901653
v 0.0010582848917692898 -0.04772904515266417 -0.0067465780302882195
v 0.0010390501702204344 -0.047919142991304384 -0.005931760184466839
v 0.0010390501702204344 -0.047919142991304384 -0.005931760184466839
v 0.0010582848917692898 -0.04772904515266417 -0.0067465780302882195
v 0.001066142809577286 -0.04795385152101515 -0.005117533728480339
v 0.0003540021716617047 -0.048305500298738466 -0.006745995953679085
v 0.00041391045670025045 -0.048412363976240144 -0.005931694991886616
v -0.00016677074017934498 -0.0484710782766342 -0.006745851598680019
v 0.0018471746006980536 -0.04640402272343634 -0.003253194037824869
v 0.0015751095488667486 -0.04697882756590842 -0.003253106027841568
v 0.0020804528612643476 -0.04590538144111632 -0.003533349372446537
v 0.0020804528612643476 -0.04590538144111632 -0.003533349372446537
v 0.0015751095488667486 -0.04697882756590842 -0.003253106027841568
v 0.0016208117594942448 -0.04699482768774031 -0.003533144248649478
v 0.0020804528612643476 -0.04590538144111632 -0.003533349372446537
v 0.0016208117594942448 -0.04699482768774031 -0.003533144248649478
v 0.0021790484897792335 -0.045902606099843965 -0.00432560034096241
v 0.0021790484897792335 -0.045902606099843965 -0.00432560034096241
v 0.0016208117594942448 -0.04699482768774031 -0.003533144248649478
v 0.0017041714163497088 -0.047025166451930986 -0.004325598943978548
v 0.0021790484897792335 -0.045902606099843965 -0.00432560034096241
v 0.0017041714163497088 -0.047025166451930986 -0.004325598943978548
v 0.0022041425108909603 -0.04590191319584845 -0.005117530003190041
v 0.0008469643653370439 -0.047948449850082384 -0.0032536194194108248
v 0.00039293378358706827 -0.04834254458546637 -0.0035336692817509174
v 0.000996664282865822 -0.047866992652416215 -0.0035333926789462566
v 0.000996664282865822 -0.047866992652416215 -0.0035333926789462566
v 0.00039293378358706827 -0.04834254458546637 -0.0035336692817509174
v 0.001066142809577286 -0.04795385152101515 -0.005117533728480339
v 0.000996664282865822 -0.047866992652416215 -0.0035333926789462566
v 0.001066142809577286 -0.04795385152101515 -0.005117533728480339
v 0.0013229812029749153 -0.047470264136791215 -0.0035332338884472847
v 0.0013229812029749153 -0.047470264136791215 -0.0035332338884472847
v 0.001066142809577286 -0.04795385152101515 -0.005117533728480339
v 0.0014113963115960357 -0.047533769160509096 -0.0051175327971577644
v 0.0013229812029749153 -0.047470264136791215 -0.0035332338884472847
v 0.0014113963115960357 -0.047533769160509096 -0.0051175327971577644
v 0.0017041714163497088 -0.047025166451930986 -0.004325598943978548
v 0.0017041714163497088 -0.047025166451930986 -0.004325598943978548
v 0.0014113963115960357 -0.047533769160509096 -0.0051175327971577644
v 0.0017252396792173383 -0.04703308269381522 -0.00511753186583519
v 0.0017041714163497088 -0.047025166451930986 -0.004325598943978548
v 0.0017252396792173383 -0.04703308269381522 -0.00511753186583519
v 0.0022041425108909603 -0.04590191319584845 -0.005117530003190041
v 0.0010582848917692898 -0.04772904515266417 -0.0067465780302882195
v 0.0012840018607676027 -0.04744360595941542 -0.006746759172528982
v 0.001066142809577286 -0.04795385152101515 -0.005117533728480339
v 0.001066142809577286 -0.04795385152101515 -0.005117533728480339
v 0.0012840018607676027 -0.04744360595941542 -0.006746759172528982
v 0.0013767869677394626 -0.047508336603641496 -0.0059318034909665585
v 0.001066142809577286 -0.04795385152101515 -0.005117533728480339
v 0.0013767869677394626 -0.047508336603641496 -0.0059318034909665585
v 0.0014113963115960357 -0.047533769160509096 -0.0051175327971577644
v 0.0014113963115960357 -0.047533769160509096 -0.0051175327971577644
v 0.0013767869677394626 -0.047508336603641496 -0.0059318034909665585
v 0.0016842148033902047 -0.04701774567365645 -0.005931831430643797
v 0.0014113963115960357 -0.047533769160509096 -0.0051175327971577644
v 0.0016842148033902047 -0.04701774567365645 -0.005931831430643797
v 0.0017252396792173383 -0.04703308269381522 -0.00511753186583519
v 0.0017252396792173383 -0.04703308269381522 -0.00511753186583519
v 0.0016842148033902047 -0.04701774567365645 -0.005931831430643797
v 0.0021553330589085813 -0.045903258025646196 -0.005931788124144077
v 0.0017252396792173383 -0.04703308269381522 -0.00511753186583519
v 0.0021553330589085813 -0.045903258025646196 -0.005931788124144077
v 0.0022041425108909603 -0.04590191319584845 -0.005117530003190041
v 0.0022041425108909603 -0.04590191319584845 -0.005117530003190041
v 0.0021553330589085813 -0.045903258025646196 -0.005931788124144077
v 0.0024000883568078275 -0.04521398991346358 -0.004999969154596329
v 0.0022041425108909603 -0.04590191319584845 -0.005117530003190041
v 0.0024000883568078275 -0.04521398991346358 -0.004999969154596329
v 0.0021790484897792335 -0.045902606099843965 -0.00432560034096241
v 0.0021790484897792335 -0.045902606099843965 -0.00432560034096241
v 0.0024000883568078275 -0.04521398991346358 -0.004999969154596329
v 0.002328987699002027 -0.04522115737199782 -0.0038996662478893995
v 0.0021790484897792335 -0.045902606099843965 -0.00432560034096241
v 0.002328987699002027 -0.04522115737199782 -0.0038996662478893995
v 0.0020804528612643476 -0.04590538144111632 -0.003533349372446537
v 0.0020804528612643476 -0.04590538144111632 -0.003533349372446537
v 0.002328987699002027 -0.04522115737199782 -0.0038996662478893995
v 0.0022726831957697864 -0.04522682353854178 -0.0035337405279278755
v 0.0020804528612643476 -0.04590538144111632 -0.003533349372446537
v 0.0022726831957697864 -0.04522682353854178 -0.0035337405279278755
v 0.0018471746006980536 -0.04640402272343634 -0.003253194037824869
v 0.0018471746006980536 -0.04640402272343634 -0.003253194037824869
v 0.0022726831957697864 -0.04522682353854178 -0.0035337405279278755
v 0.0022178820800036188 -0.0452323444187641 -0.0032541200052946806
v 0.00039293378358706827 -0.04834254458546637 -0.0035336692817509174
v 0.0004204123106319457 -0.048434667289257036 -0.0043256571516394615
v 0.001066142809577286 -0.04795385152101515 -0.005117533728480339
v 0.001066142809577286 -0.04795385152101515 -0.005117533728480339
v 0.0004204123106319457 -0.048434667289257036 -0.0043256571516394615
v 0.0004272416117601096 -0.04845836758613585 -0.0051175327971577644
v 0.001066142809577286 -0.04795385152101515 -0.005117533728480339
v 0.0004272416117601096 -0.04845836758613585 -0.0051175327971577644
v 0.0010390501702204344 -0.047919142991304384 -0.005931760184466839
v 0.0010390501702204344 -0.047919142991304384 -0.005931760184466839
v 0.0004272416117601096 -0.04845836758613585 -0.0051175327971577644
v 0.00041391045670025045 -0.048412363976240144 -0.005931694991886616
v 0.0010390501702204344 -0.047919142991304384 -0.005931760184466839
v 0.00041391045670025045 -0.048412363976240144 -0.005931694991886616
v 0.000965790299233049 -0.04783038049936293 -0.006746496073901653
v 0.000965790299233049 -0.04783038049936293 -0.006746496073901653
v 0.00041391045670025045 -0.048412363976240144 -0.005931694991886616
v 0.00037758250255137677 -0.0482930690050125 -0.006746010389178991
v -0.00016677206440363077 -0.048471070826053606 -0.0032541558612138033
v -0.00016023528587538746 -0.04852531477808951 -0.003533740295097232
v 0.00039293378358706827 -0.04834254458546637 -0.0035336692817509174
v 0.00039293378358706827 -0.04834254458546637 -0.0035336692817509174
v -0.00016023528587538746 -0.04852531477808951 -0.003533740295097232
v -0.000150550200487487 -0.04860572889447211 -0.004111367277801037
v 0.00039293378358706827 -0.04834254458546637 -0.0035336692817509174
v -0.000150550200487487 -0.04860572889447211 -0.004111367277801037
v 0.0004204123106319457 -0.048434667289257036 -0.0043256571516394615
v 0.0004204123106319457 -0.048434667289257036 -0.0043256571516394615
v -0.000150550200487487 -0.04860572889447211 -0.004111367277801037
v -0.00014504554565064606 -0.04865144938230513 -0.005000004079192877
v 0.0004204123106319457 -0.048434667289257036 -0.0043256571516394615
v -0.00014504554565064606 -0.04865144938230513 -0.005000004079192877
v 0.0004272416117601096 -0.04845836758613585 -0.0051175327971577644
v 0.0004272416117601096 -0.04845836758613585 -0.0051175327971577644
v -0.00014504554565064606 -0.04865144938230513 -0.005000004079192877
v -0.00015029101632535455 -0.04860787838697432 -0.005867689847946167
v 0.0004272416117601096 -0.04845836758613585 -0.0051175327971577644
v -0.00015029101632535455 -0.04860787838697432 -0.005867689847946167
v 0.00041391045670025045 -0.048412363976240144 -0.005931694991886616
v 0.00041391045670025045 -0.048412363976240144 -0.005931694991886616
v -0.00015029101632535455 -0.04860787838697432 -0.005867689847946167
v -0.0001511028531240299 -0.048601157963275896 -0.005931690335273743
v 0.00041391045670025045 -0.048412363976240144 -0.005931694991886616
v -0.0001511028531240299 -0.048601157963275896 -0.005931690335273743
v -0.00016677074017934498 -0.0484710782766342 -0.006745851598680019
v 0.0015006579924374817 -0.046667795628309236 -0.007389658130705357
v 0.001502892351709306 -0.0468807816505432 -0.007149192504584789
v 0.0011655491543933747 -0.047360327094793306 -0.007229001261293888
v 0.0010582191171124575 -0.0448709838092327 -0.008726658299565315
v 0.0011839673388749359 -0.04485753178596495 -0.00864812545478344
v 0.0009455000981688498 -0.0459710620343685 -0.008470509201288223
v -0.00039357240893878037 -0.046388685703277574 -0.008901129476726055
v 0.0005285041406750678 -0.04612683132290839 -0.008658739738166332
v 0.000498429697472602 -0.046720668673515306 -0.008395563811063766
v 0.0005816993652842938 -0.04492206126451491 -0.008969362825155258
v 0.0005561104626394807 -0.04551067948341368 -0.008846225216984749
v 6.493658293038605e-05 -0.04497769474983214 -0.009158642031252384
v 6.493658293038605e-05 -0.04497769474983214 -0.009158642031252384
v 0.0005561104626394807 -0.04551067948341368 -0.008846225216984749
v -0.00045794609468430275 -0.0456876866519451 -0.009145151823759079
v 6.493658293038605e-05 -0.04497769474983214 -0.009158642031252384
v -0.00045794609468430275 -0.0456876866519451 -0.009145151823759079
v 3.9760532672516995e-05 -0.04498040676116942 -0.009166236035525799
v 3.9760532672516995e-05 -0.04498040676116942 -0.009166236035525799
v -0.00045794609468430275 -0.0456876866519451 -0.009145151823759079
v -0.0005072932690382003 -0.04503952339291571 -0.009297964163124561
v -0.00039357240893878037 -0.046388685703277574 -0.008901129476726055
v 0.000498429697472602 -0.046720668673515306 -0.008395563811063766
v -0.00033544670441187913 -0.04695986583828925 -0.008607713505625725
v -0.00033544670441187913 -0.04695986583828925 -0.008607713505625725
v 0.000498429697472602 -0.046720668673515306 -0.008395563811063766
v 0.00046981524792499835 -0.04725452512502669 -0.008070988580584526
v -0.00033544670441187913 -0.04695986583828925 -0.008607713505625725
v 0.00046981524792499835 -0.04725452512502669 -0.008070988580584526
v -0.00027690752176567907 -0.04750338941812514 -0.008220788091421127
v -0.00016677074017934498 -0.0484710782766342 -0.006745851598680019
v -0.00017728230159264055 -0.04838285595178603 -0.007069394923746586
v 0.0003540021716617047 -0.048305500298738466 -0.006745995953679085
v 0.0003540021716617047 -0.048305500298738466 -0.006745995953679085
v -0.00017728230159264055 -0.04838285595178603 -0.007069394923746586
v 0.00045082438737154 -0.04816304892301558 -0.007043254561722279
v 0.002217889297753572 -0.0452323444187641 -0.006745851598680019
v 0.0017916243523359297 -0.046326924115419374 -0.0070703462697565556
v 0.002181734889745712 -0.04519512504339217 -0.006951519288122654
v 0.002181734889745712 -0.04519512504339217 -0.006951519288122654
v 0.0017916243523359297 -0.046326924115419374 -0.0070703462697565556
v 0.0017835315084084866 -0.046168301254510866 -0.007264581508934498
v 0.002181734889745712 -0.04519512504339217 -0.006951519288122654
v 0.0017835315084084866 -0.046168301254510866 -0.007264581508934498
v 0.0021741345990449186 -0.04509593918919562 -0.007087344769388437
v 0.0021741345990449186 -0.04509593918919562 -0.007087344769388437
v 0.0017835315084084866 -0.046168301254510866 -0.007264581508934498
v 0.0017919735983014105 -0.045933682471513734 -0.0074610039591789246
v 0.0021741345990449186 -0.04509593918919562 -0.007087344769388437
v 0.0017919735983014105 -0.045933682471513734 -0.0074610039591789246
v 0.002175580011680722 -0.04505265131592749 -0.00712538743391633
v 0.002175580011680722 -0.04505265131592749 -0.00712538743391633
v 0.0017919735983014105 -0.045933682471513734 -0.0074610039591789246
v 0.0018592990236356852 -0.04534308239817618 -0.007760901004076004
v 0.002175580011680722 -0.04505265131592749 -0.00712538743391633
v 0.0018592990236356852 -0.04534308239817618 -0.007760901004076004
v 0.0021903945598751302 -0.04491737857460974 -0.0072018783539533615
v 0.0021903945598751302 -0.04491737857460974 -0.0072018783539533615
v 0.0018592990236356852 -0.04534308239817618 -0.007760901004076004
v 0.002202558564022183 -0.04485139250755309 -0.007220230530947447
v 0.0016143851680681107 -0.04556944593787192 -0.008016948588192463
v 0.0018985288916155694 -0.044780503958463655 -0.007976826280355453
v 0.001971714664250612 -0.04477234929800032 -0.007862803526222706
v 0.0005816993652842938 -0.04492206126451491 -0.008969362825155258
v 0.0005937088862992822 -0.04492077231407164 -0.00896414089947939
v 0.0005561104626394807 -0.04551067948341368 -0.008846225216984749
v 0.0005561104626394807 -0.04551067948341368 -0.008846225216984749
v 0.0005937088862992822 -0.04492077231407164 -0.00896414089947939
v 0.0005285041406750678 -0.04612683132290839 -0.008658739738166332
v 0.0005561104626394807 -0.04551067948341368 -0.008846225216984749
v 0.0005285041406750678 -0.04612683132290839 -0.008658739738166332
v -0.00045794609468430275 -0.0456876866519451 -0.009145151823759079
v -0.00045794609468430275 -0.0456876866519451 -0.009145151823759079
v 0.0005285041406750678 -0.04612683132290839 -0.008658739738166332
v -0.00039357240893878037 -0.046388685703277574 -0.008901129476726055
v 0.002217889297753572 -0.0452323444187641 -0.006745851598680019
v 0.0018413643119856713 -0.04641822353005408 -0.0067468201741576195
v 0.0017916243523359297 -0.046326924115419374 -0.0070703462697565556
v 0.0017916243523359297 -0.046326924115419374 -0.0070703462697565556
v 0.0018413643119856713 -0.04641822353005408 -0.0067468201741576195
v 0.001502892351709306 -0.0468807816505432 -0.007149192504584789
v 0.0017916243523359297 -0.046326924115419374 -0.0070703462697565556
v 0.001502892351709306 -0.0468807816505432 -0.007149192504584789
v 0.0017835315084084866 -0.046168301254510866 -0.007264581508934498
v 0.0017835315084084866 -0.046168301254510866 -0.007264581508934498
v 0.001502892351709306 -0.0468807816505432 -0.007149192504584789
v 0.0015006579924374817 -0.046667795628309236 -0.007389658130705357
v 0.0017835315084084866 -0.046168301254510866 -0.007264581508934498
v 0.0015006579924374817 -0.046667795628309236 -0.007389658130705357
v 0.0017919735983014105 -0.045933682471513734 -0.0074610039591789246
v 0.0008157842094078659 -0.047890972346067415 -0.007011979352682829
v 0.0011829284485429523 -0.047493975609540925 -0.006974037270992994
v 0.0012840018607676027 -0.04744360595941542 -0.006746759172528982
v 0.0012840018607676027 -0.04744360595941542 -0.006746759172528982
v 0.0010582848917692898 -0.04772904515266417 -0.0067465780302882195
v 0.0008157842094078659 -0.047890972346067415 -0.007011979352682829
v 0.0008157842094078659 -0.047890972346067415 -0.007011979352682829
v 0.0010582848917692898 -0.04772904515266417 -0.0067465780302882195
v 0.000965790299233049 -0.04783038049936293 -0.006746496073901653
v 0.0008157842094078659 -0.047890972346067415 -0.007011979352682829
v 0.000965790299233049 -0.04783038049936293 -0.006746496073901653
v 0.00045082438737154 -0.04816304892301558 -0.007043254561722279
v 0.00045082438737154 -0.04816304892301558 -0.007043254561722279
v 0.000965790299233049 -0.04783038049936293 -0.006746496073901653
v 0.00037758250255137677 -0.0482930690050125 -0.006746010389178991
v 0.00045082438737154 -0.04816304892301558 -0.007043254561722279
v 0.00037758250255137677 -0.0482930690050125 -0.006746010389178991
v 0.0003540021716617047 -0.048305500298738466 -0.006745995953679085
v 0.0011993972584605215 -0.046730186790227876 -0.007797061000019312
v 0.0008446925785392522 -0.047032944858074174 -0.00794494803994894
v 0.0012477409327402709 -0.046275597065687166 -0.008054614998400211
v 0.0012477409327402709 -0.046275597065687166 -0.008054614998400211
v 0.0008446925785392522 -0.047032944858074174 -0.00794494803994894
v 0.0008913844358175992 -0.046526547521352754 -0.008237622678279877
v 0.0012477409327402709 -0.046275597065687166 -0.008054614998400211
v 0.0008913844358175992 -0.046526547521352754 -0.008237622678279877
v 0.0013091663131490348 -0.045782834291458116 -0.008254693821072578
v 0.0013091663131490348 -0.045782834291458116 -0.008254693821072578
v 0.0008913844358175992 -0.046526547521352754 -0.008237622678279877
v 0.0009455000981688498 -0.0459710620343685 -0.008470509201288223
v 0.0013091663131490348 -0.045782834291458116 -0.008254693821072578
v 0.0009455000981688498 -0.0459710620343685 -0.008470509201288223
v 0.0014445312554016707 -0.044829644262790666 -0.008458605036139488
v 0.0014445312554016707 -0.044829644262790666 -0.008458605036139488
v 0.0009455000981688498 -0.0459710620343685 -0.008470509201288223
v 0.0011839673388749359 -0.04485753178596495 -0.00864812545478344
v 0.0008446925785392522 -0.047032944858074174 -0.00794494803994894
v 0.00046981524792499835 -0.04725452512502669 -0.008070988580584526
v 0.0008913844358175992 -0.046526547521352754 -0.008237622678279877
v 0.0008913844358175992 -0.046526547521352754 -0.008237622678279877
v 0.00046981524792499835 -0.04725452512502669 -0.008070988580584526
v 0.000498429697472602 -0.046720668673515306 -0.008395563811063766
v 0.0008913844358175992 -0.046526547521352754 -0.008237622678279877
v 0.000498429697472602 -0.046720668673515306 -0.008395563811063766
v 0.0009455000981688498 -0.0459710620343685 -0.008470509201288223
v 0.0009455000981688498 -0.0459710620343685 -0.008470509201288223
v 0.000498429697472602 -0.046720668673515306 -0.008395563811063766
v 0.0005285041406750678 -0.04612683132290839 -0.008658739738166332
v 0.0009455000981688498 -0.0459710620343685 -0.008470509201288223
v 0.0005285041406750678 -0.04612683132290839 -0.008658739738166332
v 0.0010582191171124575 -0.0448709838092327 -0.008726658299565315
v 0.0010582191171124575 -0.0448709838092327 -0.008726658299565315
v 0.0005285041406750678 -0.04612683132290839 -0.008658739738166332
v 0.0005937088862992822 -0.04492077231407164 -0.00896414089947939
v -0.00017728230159264055 -0.04838285595178603 -0.007069394923746586
v -0.00019712052016984669 -0.048212181776761995 -0.007423130329698324
v 0.00045082438737154 -0.04816304892301558 -0.007043254561722279
v 0.00045082438737154 -0.04816304892301558 -0.007043254561722279
v -0.00019712052016984669 -0.048212181776761995 -0.007423130329698324
v 0.0004421173362061381 -0.047991633415222154 -0.007366041652858257
v 0.00045082438737154 -0.04816304892301558 -0.007043254561722279
v 0.0004421173362061381 -0.047991633415222154 -0.007366041652858257
v 0.0008157842094078659 -0.047890972346067415 -0.007011979352682829
v 0.0008157842094078659 -0.047890972346067415 -0.007011979352682829
v 0.0004421173362061381 -0.047991633415222154 -0.007366041652858257
v 0.0008034402271732687 -0.04773459583520888 -0.0073038553819060326
v 0.0008157842094078659 -0.047890972346067415 -0.007011979352682829
v 0.0008034402271732687 -0.04773459583520888 -0.0073038553819060326
v 0.0011829284485429523 -0.047493975609540925 -0.006974037270992994
v 0.0011829284485429523 -0.047493975609540925 -0.006974037270992994
v 0.0008034402271732687 -0.04773459583520888 -0.0073038553819060326
v 0.0011655491543933747 -0.047360327094793306 -0.007229001261293888
v 0.0011829284485429523 -0.047493975609540925 -0.006974037270992994
v 0.0011655491543933747 -0.047360327094793306 -0.007229001261293888
v 0.0012840018607676027 -0.04744360595941542 -0.006746759172528982
v 0.0012840018607676027 -0.04744360595941542 -0.006746759172528982
v 0.0011655491543933747 -0.047360327094793306 -0.007229001261293888
v 0.001502892351709306 -0.0468807816505432 -0.007149192504584789
v 0.0012840018607676027 -0.04744360595941542 -0.006746759172528982
v 0.001502892351709306 -0.0468807816505432 -0.007149192504584789
v 0.0017710617976263163 -0.046582642942666994 -0.006746870465576649
v 0.0017710617976263163 -0.046582642942666994 -0.006746870465576649
v 0.001502892351709306 -0.0468807816505432 -0.007149192504584789
v 0.0018413643119856713 -0.04641822353005408 -0.0067468201741576195
v 0.0014445312554016707 -0.044829644262790666 -0.008458605036139488
v 0.0018985288916155694 -0.044780503958463655 -0.007976826280355453
v 0.0013091663131490348 -0.045782834291458116 -0.008254693821072578
v 0.0013091663131490348 -0.045782834291458116 -0.008254693821072578
v 0.0018985288916155694 -0.044780503958463655 -0.007976826280355453
v 0.0016143851680681107 -0.04556944593787192 -0.008016948588192463
v 0.0013091663131490348 -0.045782834291458116 -0.008254693821072578
v 0.0016143851680681107 -0.04556944593787192 -0.008016948588192463
v 0.0012477409327402709 -0.046275597065687166 -0.008054614998400211
v 0.0012477409327402709 -0.046275597065687166 -0.008054614998400211
v 0.0016143851680681107 -0.04556944593787192 -0.008016948588192463
v 0.0015197566244751213 -0.04635602608323096 -0.007634060923010111
v 0.0012477409327402709 -0.046275597065687166 -0.008054614998400211
v 0.0015197566244751213 -0.04635602608323096 -0.007634060923010111
v 0.0011993972584605215 -0.046730186790227876 -0.007797061000019312
v 0.0011993972584605215 -0.046730186790227876 -0.007797061000019312
v 0.0015197566244751213 -0.04635602608323096 -0.007634060923010111
v 0.0011706697987392543 -0.04710307344794272 -0.007511022035032511
v 0.0011993972584605215 -0.046730186790227876 -0.007797061000019312
v 0.0011706697987392543 -0.04710307344794272 -0.007511022035032511
v 0.0008446925785392522 -0.047032944858074174 -0.00794494803994894
v 0.0008446925785392522 -0.047032944858074174 -0.00794494803994894
v 0.0011706697987392543 -0.04710307344794272 -0.007511022035032511
v 0.0008133425726555287 -0.04744658246636389 -0.007622567005455494
v 0.0008446925785392522 -0.047032944858074174 -0.00794494803994894
v 0.0008133425726555287 -0.04744658246636389 -0.007622567005455494
v 0.00046981524792499835 -0.04725452512502669 -0.008070988580584526
v 0.00046981524792499835 -0.04725452512502669 -0.008070988580584526
v 0.0008133425726555287 -0.04744658246636389 -0.007622567005455494
v 0.0004491027793847024 -0.047687835991382585 -0.007716367486864328
v 0.00046981524792499835 -0.04725452512502669 -0.008070988580584526
v 0.0004491027793847024 -0.047687835991382585 -0.007716367486864328
v -0.00027690752176567907 -0.04750338941812514 -0.008220788091421127
v -0.00027690752176567907 -0.04750338941812514 -0.008220788091421127
v 0.0004491027793847024 -0.047687835991382585 -0.007716367486864328
v -0.000231103302212432 -0.04791412129998206 -0.007823606953024864
v -0.00019712052016984669 -0.048212181776761995 -0.007423130329698324
v -0.000231103302212432 -0.04791412129998206 -0.007823606953024864
v 0.0004421173362061381 -0.047991633415222154 -0.007366041652858257
v 0.0004421173362061381 -0.047991633415222154 -0.007366041652858257
v -0.000231103302212432 -0.04791412129998206 -0.007823606953024864
v 0.0004491027793847024 -0.047687835991382585 -0.007716367486864328
v 0.0004421173362061381 -0.047991633415222154 -0.007366041652858257
v 0.0004491027793847024 -0.047687835991382585 -0.007716367486864328
v 0.0008034402271732687 -0.04773459583520888 -0.0073038553819060326
v 0.0008034402271732687 -0.04773459583520888 -0.0073038553819060326
v 0.0004491027793847024 -0.047687835991382585 -0.007716367486864328
v 0.0008133425726555287 -0.04744658246636389 -0.007622567005455494
v 0.0008034402271732687 -0.04773459583520888 -0.0073038553819060326
v 0.0008133425726555287 -0.04744658246636389 -0.007622567005455494
v 0.0011655491543933747 -0.047360327094793306 -0.007229001261293888
v 0.0011655491543933747 -0.047360327094793306 -0.007229001261293888
v 0.0008133425726555287 -0.04744658246636389 -0.007622567005455494
v 0.0011706697987392543 -0.04710307344794272 -0.007511022035032511
v 0.0011655491543933747 -0.047360327094793306 -0.007229001261293888
v 0.0011706697987392543 -0.04710307344794272 -0.007511022035032511
v 0.0015006579924374817 -0.046667795628309236 -0.007389658130705357
v 0.0015006579924374817 -0.046667795628309236 -0.007389658130705357
v 0.0011706697987392543 -0.04710307344794272 -0.007511022035032511
v 0.0015197566244751213 -0.04635602608323096 -0.007634060923010111
v 0.0015006579924374817 -0.046667795628309236 -0.007389658130705357
v 0.0015197566244751213 -0.04635602608323096 -0.007634060923010111
v 0.0017919735983014105 -0.045933682471513734 -0.0074610039591789246
v 0.0017919735983014105 -0.045933682471513734 -0.0074610039591789246
v 0.0015197566244751213 -0.04635602608323096 -0.007634060923010111
v 0.0016143851680681107 -0.04556944593787192 -0.008016948588192463
v 0.0017919735983014105 -0.045933682471513734 -0.0074610039591789246
v 0.0016143851680681107 -0.04556944593787192 -0.008016948588192463
v 0.0018592990236356852 -0.04534308239817618 -0.007760901004076004
v 0.0018592990236356852 -0.04534308239817618 -0.007760901004076004
v 0.0016143851680681107 -0.04556944593787192 -0.008016948588192463
v 0.001971714664250612 -0.04477234929800032 -0.007862803526222706
v 0.0018592990236356852 -0.04534308239817618 -0.007760901004076004
v 0.001971714664250612 -0.04477234929800032 -0.007862803526222706
v 0.002202558564022183 -0.04485139250755309 -0.007220230530947447
v 0.002202558564022183 -0.04485139250755309 -0.007220230530947447
v 0.001971714664250612 -0.04477234929800032 -0.007862803526222706
v 0.002119828481227159 -0.04475525021553038 -0.007558582816272974
v 0.002202558564022183 -0.04485139250755309 -0.007220230530947447
v 0.002119828481227159 -0.04475525021553038 -0.007558582816272974
v 0.002226480515673756 -0.04474899917840956 -0.0072301048785448074
v 0.002226480515673756 -0.04474899917840956 -0.0072301048785448074
v 0.002119828481227159 -0.04475525021553038 -0.007558582816272974
v 0.0022282863501459356 -0.04474180564284323 -0.007230339106172323
v -0.00017728230159264055 -0.04838285595178603 -0.007069394923746586
v -0.00016677074017934498 -0.0484710782766342 -0.006745851598680019
v -0.0008648739894852041 -0.048504687845706926 -0.006745538208633661
v -0.0024729119613766666 -0.04646189510822295 -0.008995536714792252
v -0.0013725705211982129 -0.04645675420761107 -0.009013480506837368
v -0.0012980581959709523 -0.04705337062478064 -0.008675213903188705
v -0.002500156871974468 -0.046227835118770585 -0.00911304447799921
v -0.0025403501931577917 -0.04586735367774962 -0.009254084900021553
v -0.0014485043939203022 -0.04580122604966162 -0.009257964789867401
v -0.0023892966564744707 -0.04714035242795943 -0.008504701778292656
v -0.0018405369482934473 -0.04751299694180487 -0.008248590864241123
v -0.0023523007985204454 -0.04742545261979102 -0.008215060457587242
v -0.0023523007985204454 -0.04742545261979102 -0.008215060457587242
v -0.0018405369482934473 -0.04751299694180487 -0.008248590864241123
v -0.0017945567378774283 -0.047890439629554735 -0.007816108874976635
v -0.0023523007985204454 -0.04742545261979102 -0.008215060457587242
v -0.0017945567378774283 -0.047890439629554735 -0.007816108874976635
v -0.002295234706252813 -0.04785344377160071 -0.007647843100130558
v -0.002295234706252813 -0.04785344377160071 -0.007647843100130558
v -0.0017945567378774283 -0.047890439629554735 -0.007816108874976635
v -0.001760979415848851 -0.04815869778394698 -0.007412288803607225
v -0.002295234706252813 -0.04785344377160071 -0.007647843100130558
v -0.001760979415848851 -0.04815869778394698 -0.007412288803607225
v -0.002274866215884685 -0.04800515994429587 -0.007387855555862188
v -0.000799868139438331 -0.04641230776906012 -0.008974327705800533
v -0.00033544670441187913 -0.04695986583828925 -0.008607713505625725
v -0.0007252729847095906 -0.047024562954902635 -0.008652443066239357
v -0.0007252729847095906 -0.047024562954902635 -0.008652443066239357
v -0.00033544670441187913 -0.04695986583828925 -0.008607713505625725
v -0.00027690752176567907 -0.04750338941812514 -0.008220788091421127
v -0.0007252729847095906 -0.047024562954902635 -0.008652443066239357
v -0.00027690752176567907 -0.04750338941812514 -0.008220788091421127
v -0.0006585395894944667 -0.047550067305564866 -0.008260776288807392
v -0.0006585395894944667 -0.047550067305564866 -0.008260776288807392
v -0.00027690752176567907 -0.04750338941812514 -0.008220788091421127
v -0.000231103302212432 -0.04791412129998206 -0.007823606953024864
v -0.0006585395894944667 -0.047550067305564866 -0.008260776288807392
v -0.000231103302212432 -0.04791412129998206 -0.007823606953024864
v -0.0006047766073606907 -0.04796189814805983 -0.00783892534673214
v -0.0006047766073606907 -0.04796189814805983 -0.00783892534673214
v -0.000231103302212432 -0.04791412129998206 -0.007823606953024864
v -0.00019712052016984669 -0.048212181776761995 -0.007423130329698324
v -0.0006047766073606907 -0.04796189814805983 -0.00783892534673214
v -0.00019712052016984669 -0.048212181776761995 -0.007423130329698324
v -0.0005651531973853706 -0.04824716970324515 -0.007430738769471645
v -0.0005651531973853706 -0.04824716970324515 -0.007430738769471645
v -0.00019712052016984669 -0.048212181776761995 -0.007423130329698324
v -0.00017728230159264055 -0.04838285595178603 -0.007069394923746586
v -0.0014485043939203022 -0.04580122604966162 -0.009257964789867401
v -0.00045794609468430275 -0.0456876866519451 -0.009145151823759079
v -0.000799868139438331 -0.04641230776906012 -0.008974327705800533
v -0.000799868139438331 -0.04641230776906012 -0.008974327705800533
v -0.00045794609468430275 -0.0456876866519451 -0.009145151823759079
v -0.00039357240893878037 -0.046388685703277574 -0.008901129476726055
v -0.000799868139438331 -0.04641230776906012 -0.008974327705800533
v -0.00039357240893878037 -0.046388685703277574 -0.008901129476726055
v -0.00033544670441187913 -0.04695986583828925 -0.008607713505625725
v -0.0025403501931577917 -0.04586735367774962 -0.009254084900021553
v -0.002602077322080731 -0.04526573792099951 -0.009417148306965828
v -0.0014485043939203022 -0.04580122604966162 -0.009257964789867401
v -0.0014485043939203022 -0.04580122604966162 -0.009257964789867401
v -0.002602077322080731 -0.04526573792099951 -0.009417148306965828
v -0.00152193964459002 -0.04514913260936736 -0.009418326430022717
v -0.0014485043939203022 -0.04580122604966162 -0.009257964789867401
v -0.00152193964459002 -0.04514913260936736 -0.009418326430022717
v -0.00045794609468430275 -0.0456876866519451 -0.009145151823759079
v -0.00045794609468430275 -0.0456876866519451 -0.009145151823759079
v -0.00152193964459002 -0.04514913260936736 -0.009418326430022717
v -0.0005072932690382003 -0.04503952339291571 -0.009297964163124561
v -0.0011399444192647932 -0.048241291195154176 -0.007426238153129816
v -0.001760979415848851 -0.04815869778394698 -0.007412288803607225
v -0.001179169164970517 -0.04796225577592848 -0.007836815901100636
v -0.001179169164970517 -0.04796225577592848 -0.007836815901100636
v -0.001760979415848851 -0.04815869778394698 -0.007412288803607225
v -0.0017945567378774283 -0.047890439629554735 -0.007816108874976635
v -0.001179169164970517 -0.04796225577592848 -0.007836815901100636
v -0.0017945567378774283 -0.047890439629554735 -0.007816108874976635
v -0.0012320920359343288 -0.04756270721554755 -0.008268048986792564
v -0.0012320920359343288 -0.04756270721554755 -0.008268048986792564
v -0.0017945567378774283 -0.047890439629554735 -0.007816108874976635
v -0.0018405369482934473 -0.04751299694180487 -0.008248590864241123
v -0.0012320920359343288 -0.04756270721554755 -0.008268048986792564
v -0.0018405369482934473 -0.04751299694180487 -0.008248590864241123
v -0.0012980581959709523 -0.04705337062478064 -0.008675213903188705
v -0.0012980581959709523 -0.04705337062478064 -0.008675213903188705
v -0.0018405369482934473 -0.04751299694180487 -0.008248590864241123
v -0.0023892966564744707 -0.04714035242795943 -0.008504701778292656
v -0.0012980581959709523 -0.04705337062478064 -0.008675213903188705
v -0.0023892966564744707 -0.04714035242795943 -0.008504701778292656
v -0.0024729119613766666 -0.04646189510822295 -0.008995536714792252
v -0.0011399444192647932 -0.048241291195154176 -0.007426238153129816
v -0.0008648739894852041 -0.048504687845706926 -0.006745538208633661
v -0.001760979415848851 -0.04815869778394698 -0.007412288803607225
v -0.001760979415848851 -0.04815869778394698 -0.007412288803607225
v -0.0008648739894852041 -0.048504687845706926 -0.006745538208633661
v -0.001619769027456641 -0.04844165965914725 -0.006746012717485428
v -0.001760979415848851 -0.04815869778394698 -0.007412288803607225
v -0.001619769027456641 -0.04844165965914725 -0.006746012717485428
v -0.002274866215884685 -0.04800515994429587 -0.007387855555862188
v -0.002274866215884685 -0.04800515994429587 -0.007387855555862188
v -0.001619769027456641 -0.04844165965914725 -0.006746012717485428
v -0.0022404233459383245 -0.0482683591544628 -0.006749207619577646
v -0.00017728230159264055 -0.04838285595178603 -0.007069394923746586
v -0.0008648739894852041 -0.048504687845706926 -0.006745538208633661
v -0.0005651531973853706 -0.04824716970324515 -0.007430738769471645
v -0.0005651531973853706 -0.04824716970324515 -0.007430738769471645
v -0.0008648739894852041 -0.048504687845706926 -0.006745538208633661
v -0.0011399444192647932 -0.048241291195154176 -0.007426238153129816
v -0.0005651531973853706 -0.04824716970324515 -0.007430738769471645
v -0.0011399444192647932 -0.048241291195154176 -0.007426238153129816
v -0.0006047766073606907 -0.04796189814805983 -0.00783892534673214
v -0.0006047766073606907 -0.04796189814805983 -0.00783892534673214
v -0.0011399444192647932 -0.048241291195154176 -0.007426238153129816
v -0.001179169164970517 -0.04796225577592848 -0.007836815901100636
v -0.0006047766073606907 -0.04796189814805983 -0.00783892534673214
v -0.001179169164970517 -0.04796225577592848 -0.007836815901100636
v -0.0006585395894944667 -0.047550067305564866 -0.008260776288807392
v -0.0006585395894944667 -0.047550067305564866 -0.008260776288807392
v -0.001179169164970517 -0.04796225577592848 -0.007836815901100636
v -0.0012320920359343288 -0.04756270721554755 -0.008268048986792564
v -0.0006585395894944667 -0.047550067305564866 -0.008260776288807392
v -0.0012320920359343288 -0.04756270721554755 -0.008268048986792564
v -0.0007252729847095906 -0.047024562954902635 -0.008652443066239357
v -0.0007252729847095906 -0.047024562954902635 -0.008652443066239357
v -0.0012320920359343288 -0.04756270721554755 -0.008268048986792564
v -0.0012980581959709523 -0.04705337062478064 -0.008675213903188705
v -0.0007252729847095906 -0.047024562954902635 -0.008652443066239357
v -0.0012980581959709523 -0.04705337062478064 -0.008675213903188705
v -0.000799868139438331 -0.04641230776906012 -0.008974327705800533
v -0.000799868139438331 -0.04641230776906012 -0.008974327705800533
v -0.0012980581959709523 -0.04705337062478064 -0.008675213903188705
v -0.0013725705211982129 -0.04645675420761107 -0.009013480506837368
v -0.000799868139438331 -0.04641230776906012 -0.008974327705800533
v -0.0013725705211982129 -0.04645675420761107 -0.009013480506837368
v -0.0014485043939203022 -0.04580122604966162 -0.009257964789867401
v -0.0014485043939203022 -0.04580122604966162 -0.009257964789867401
v -0.0013725705211982129 -0.04645675420761107 -0.009013480506837368
v -0.0024729119613766666 -0.04646189510822295 -0.008995536714792252
v -0.0014485043939203022 -0.04580122604966162 -0.009257964789867401
v -0.0024729119613766666 -0.04646189510822295 -0.008995536714792252
v -0.002500156871974468 -0.046227835118770585 -0.00911304447799921
v -0.0046089687384665 -0.040104798972606645 -0.009446904994547367
v -0.004390039015561341 -0.04007183015346526 -0.009684117510914803
v -0.004273091442883014 -0.04278595000505446 -0.009404513984918594
v -0.005266012158244847 -0.04372431337833403 -0.007118774112313986
v -0.00539320521056652 -0.04313012585043906 -0.007123322691768408
v -0.005175393540412187 -0.04303609952330588 -0.00788805726915598
v -0.005499843508005141 -0.042529053986072526 -0.007127376273274422
v -0.0056113642640411845 -0.04172351956367491 -0.007132014725357294
v -0.005351798608899116 -0.04145921394228934 -0.007921532727777958
v -0.005266012158244847 -0.04372431337833403 -0.007118774112313986
v -0.005175393540412187 -0.04303609952330588 -0.00788805726915598
v -0.005014202091842889 -0.044656254351139055 -0.0071104830130934715
v -0.004370173439383506 -0.046211462467908845 -0.007092771586030722
v -0.004654452204704284 -0.045634701848030076 -0.007100029848515987
v -0.004355960525572299 -0.04610166698694228 -0.007485745474696159
v -0.004355960525572299 -0.04610166698694228 -0.007485745474696159
v -0.004654452204704284 -0.045634701848030076 -0.007100029848515987
v -0.004665852524340152 -0.04560841619968413 -0.007100338581949472
v -0.004355960525572299 -0.04610166698694228 -0.007485745474696159
v -0.004665852524340152 -0.04560841619968413 -0.007100338581949472
v -0.004317428451031446 -0.04602396860718726 -0.007759436033666134
v -0.004665852524340152 -0.04560841619968413 -0.007100338581949472
v -0.004588456824421882 -0.045422051101922975 -0.0077964249067008495
v -0.004317428451031446 -0.04602396860718726 -0.007759436033666134
v -0.004317428451031446 -0.04602396860718726 -0.007759436033666134
v -0.004588456824421882 -0.045422051101922975 -0.0077964249067008495
v -0.004449376370757817 -0.04528445005416869 -0.008261162787675858
v -0.004317428451031446 -0.04602396860718726 -0.007759436033666134
v -0.004449376370757817 -0.04528445005416869 -0.008261162787675858
v -0.004148210864514112 -0.045834720134735094 -0.00835412461310625
v -0.004148210864514112 -0.045834720134735094 -0.00835412461310625
v -0.004449376370757817 -0.04528445005416869 -0.008261162787675858
v -0.004229699727147817 -0.045130170881748186 -0.008708738721907139
v -0.004148210864514112 -0.045834720134735094 -0.00835412461310625
v -0.004229699727147817 -0.045130170881748186 -0.008708738721907139
v -0.003975330386310815 -0.04570568725466727 -0.008697830140590668
v -0.003975330386310815 -0.04570568725466727 -0.008697830140590668
v -0.004229699727147817 -0.045130170881748186 -0.008708738721907139
v -0.0040767877362668506 -0.04427460208535193 -0.009200142696499825
v -0.003975330386310815 -0.04570568725466727 -0.008697830140590668
v -0.0040767877362668506 -0.04427460208535193 -0.009200142696499825
v -0.0037602637894451614 -0.045582994818687425 -0.008975934237241745
v -0.0037602637894451614 -0.045582994818687425 -0.008975934237241745
v -0.0040767877362668506 -0.04427460208535193 -0.009200142696499825
v -0.003528704866766929 -0.04548082500696181 -0.009167569689452648
v -0.002602077322080731 -0.04526573792099951 -0.009417148306965828
v -0.0030393425840884443 -0.04533559828996657 -0.009363600052893162
v -0.003212497569620609 -0.044037427753210054 -0.009638182818889618
v -0.003212497569620609 -0.044037427753210054 -0.009638182818889618
v -0.0030393425840884443 -0.04533559828996657 -0.009363600052893162
v -0.003057097783312201 -0.04533949494361876 -0.009359749965369701
v -0.003212497569620609 -0.044037427753210054 -0.009638182818889618
v -0.003057097783312201 -0.04533949494361876 -0.009359749965369701
v -0.0034173633903264995 -0.045440237969160066 -0.009232308715581894
v -0.003673329949378967 -0.04414357617497443 -0.009482579305768013
v -0.0040767877362668506 -0.04427460208535193 -0.009200142696499825
v -0.004273091442883014 -0.04278595000505446 -0.009404513984918594
v -0.004653040785342454 -0.04287113994359969 -0.008959642611443996
v -0.004410357680171727 -0.04441754519939421 -0.008801138028502464
v -0.004954339936375617 -0.042957562953233705 -0.008429869078099728
v -0.004954339936375617 -0.042957562953233705 -0.008429869078099728
v -0.004410357680171727 -0.04441754519939421 -0.008801138028502464
v -0.00466362340375781 -0.04455858841538428 -0.008324919268488884
v -0.004954339936375617 -0.042957562953233705 -0.008429869078099728
v -0.00466362340375781 -0.04455858841538428 -0.008324919268488884
v -0.005175393540412187 -0.04303609952330588 -0.00788805726915598
v -0.005175393540412187 -0.04303609952330588 -0.00788805726915598
v -0.00466362340375781 -0.04455858841538428 -0.008324919268488884
v -0.0048321718350052825 -0.044684734195470796 -0.00783257931470871
v -0.005175393540412187 -0.04303609952330588 -0.00788805726915598
v -0.0048321718350052825 -0.044684734195470796 -0.00783257931470871
v -0.005014202091842889 -0.044656254351139055 -0.0071104830130934715
v -0.0056113642640411845 -0.04172351956367491 -0.007132014725357294
v -0.0057223113253712645 -0.04040155187249182 -0.007139730732887983
v -0.005351798608899116 -0.04145921394228934 -0.007921532727777958
v -0.005351798608899116 -0.04145921394228934 -0.007921532727777958
v -0.0057223113253712645 -0.04040155187249182 -0.007139730732887983
v -0.0056186532601714126 -0.040356736630201326 -0.0074350000359117985
v -0.005351798608899116 -0.04145921394228934 -0.007921532727777958
v -0.0056186532601714126 -0.040356736630201326 -0.0074350000359117985
v -0.005097191780805587 -0.041416402906179414 -0.008503715507686138
v -0.005097191780805587 -0.041416402906179414 -0.008503715507686138
v -0.0056186532601714126 -0.040356736630201326 -0.0074350000359117985
v -0.005216152872890233 -0.040229000151157365 -0.008439560420811176
v -0.005097191780805587 -0.041416402906179414 -0.008503715507686138
v -0.005216152872890233 -0.040229000151157365 -0.008439560420811176
v -0.004768955521285533 -0.041370868682861314 -0.009079169481992722
v -0.004768955521285533 -0.041370868682861314 -0.009079169481992722
v -0.005216152872890233 -0.040229000151157365 -0.008439560420811176
v -0.004814006388187408 -0.04014049470424651 -0.009169541299343109
v -0.00539320521056652 -0.04313012585043906 -0.007123322691768408
v -0.005499843508005141 -0.042529053986072526 -0.007127376273274422
v -0.005175393540412187 -0.04303609952330588 -0.00788805726915598
v -0.005175393540412187 -0.04303609952330588 -0.00788805726915598
v -0.005499843508005141 -0.042529053986072526 -0.007127376273274422
v -0.005351798608899116 -0.04145921394228934 -0.007921532727777958
v -0.005175393540412187 -0.04303609952330588 -0.00788805726915598
v -0.005351798608899116 -0.04145921394228934 -0.007921532727777958
v -0.004954339936375617 -0.042957562953233705 -0.008429869078099728
v -0.004954339936375617 -0.042957562953233705 -0.008429869078099728
v -0.005351798608899116 -0.04145921394228934 -0.007921532727777958
v -0.005097191780805587 -0.041416402906179414 -0.008503715507686138
v -0.004954339936375617 -0.042957562953233705 -0.008429869078099728
v -0.005097191780805587 -0.041416402906179414 -0.008503715507686138
v -0.004653040785342454 -0.04287113994359969 -0.008959642611443996
v -0.004653040785342454 -0.04287113994359969 -0.008959642611443996
v -0.005097191780805587 -0.041416402906179414 -0.008503715507686138
v -0.004768955521285533 -0.041370868682861314 -0.009079169481992722
v -0.003312811022624373 -0.04265600442886351 -0.009880724363029003
v -0.003336892463266849 -0.03996717557311057 -0.010228636674582958
v -0.003093089442700147 -0.039954729378223405 -0.010261940769851208
v -0.002602077322080731 -0.04526573792099951 -0.009417148306965828
v -0.003212497569620609 -0.044037427753210054 -0.009638182818889618
v -0.0027050212956964965 -0.04396667331457137 -0.009693123400211334
v -0.0027050212956964965 -0.04396667331457137 -0.009693123400211334
v -0.003212497569620609 -0.044037427753210054 -0.009638182818889618
v -0.003312811022624373 -0.04265600442886351 -0.009880724363029003
v -0.0027050212956964965 -0.04396667331457137 -0.009693123400211334
v -0.003312811022624373 -0.04265600442886351 -0.009880724363029003
v -0.0027682720683515068 -0.04261529445648192 -0.009931126609444618
v -0.0027682720683515068 -0.04261529445648192 -0.009931126609444618
v -0.003312811022624373 -0.04265600442886351 -0.009880724363029003
v -0.003093089442700147 -0.039954729378223405 -0.010261940769851208
v -0.0027682720683515068 -0.04261529445648192 -0.009931126609444618
v -0.003093089442700147 -0.039954729378223405 -0.010261940769851208
v -0.002770511200651526 -0.03994714468717574 -0.010278072208166122
v -0.003673329949378967 -0.04414357617497443 -0.009482579305768013
v -0.004273091442883014 -0.04278595000505446 -0.009404513984918594
v -0.003821720834821462 -0.04271106049418448 -0.009716170839965343
v -0.003821720834821462 -0.04271106049418448 -0.009716170839965343
v -0.004273091442883014 -0.04278595000505446 -0.009404513984918594
v -0.004390039015561341 -0.04007183015346526 -0.009684117510914803
v -0.003821720834821462 -0.04271106049418448 -0.009716170839965343
v -0.004390039015561341 -0.04007183015346526 -0.009684117510914803
v -0.003930578008294105 -0.04001621529459952 -0.010022467002272606
v -0.003528704866766929 -0.04548082500696181 -0.009167569689452648
v -0.0040767877362668506 -0.04427460208535193 -0.009200142696499825
v -0.0034173633903264995 -0.045440237969160066 -0.009232308715581894
v -0.0034173633903264995 -0.045440237969160066 -0.009232308715581894
v -0.0040767877362668506 -0.04427460208535193 -0.009200142696499825
v -0.003673329949378967 -0.04414357617497443 -0.009482579305768013
v -0.0034173633903264995 -0.045440237969160066 -0.009232308715581894
v -0.003673329949378967 -0.04414357617497443 -0.009482579305768013
v -0.003212497569620609 -0.044037427753210054 -0.009638182818889618
v -0.003212497569620609 -0.044037427753210054 -0.009638182818889618
v -0.003673329949378967 -0.04414357617497443 -0.009482579305768013
v -0.003821720834821462 -0.04271106049418448 -0.009716170839965343
v -0.003212497569620609 -0.044037427753210054 -0.009638182818889618
v -0.003821720834821462 -0.04271106049418448 -0.009716170839965343
v -0.003312811022624373 -0.04265600442886351 -0.009880724363029003
v -0.003312811022624373 -0.04265600442886351 -0.009880724363029003
v -0.003821720834821462 -0.04271106049418448 -0.009716170839965343
v -0.003930578008294105 -0.04001621529459952 -0.010022467002272606
v -0.003312811022624373 -0.04265600442886351 -0.009880724363029003
v -0.003930578008294105 -0.04001621529459952 -0.010022467002272606
v -0.003336892463266849 -0.03996717557311057 -0.010228636674582958
v -0.004814006388187408 -0.04014049470424651 -0.009169541299343109
v -0.0046089687384665 -0.040104798972606645 -0.009446904994547367
v -0.004768955521285533 -0.041370868682861314 -0.009079169481992722
v -0.004768955521285533 -0.041370868682861314 -0.009079169481992722
v -0.0046089687384665 -0.040104798972606645 -0.009446904994547367
v -0.004273091442883014 -0.04278595000505446 -0.009404513984918594
v -0.004768955521285533 -0.041370868682861314 -0.009079169481992722
v -0.004273091442883014 -0.04278595000505446 -0.009404513984918594
v -0.004653040785342454 -0.04287113994359969 -0.008959642611443996
v -0.004653040785342454 -0.04287113994359969 -0.008959642611443996
v -0.004273091442883014 -0.04278595000505446 -0.009404513984918594
v -0.0040767877362668506 -0.04427460208535193 -0.009200142696499825
v -0.004653040785342454 -0.04287113994359969 -0.008959642611443996
v -0.0040767877362668506 -0.04427460208535193 -0.009200142696499825
v -0.004410357680171727 -0.04441754519939421 -0.008801138028502464
v -0.004410357680171727 -0.04441754519939421 -0.008801138028502464
v -0.0040767877362668506 -0.04427460208535193 -0.009200142696499825
v -0.004229699727147817 -0.045130170881748186 -0.008708738721907139
v -0.004410357680171727 -0.04441754519939421 -0.008801138028502464
v -0.004229699727147817 -0.045130170881748186 -0.008708738721907139
v -0.00466362340375781 -0.04455858841538428 -0.008324919268488884
v -0.00466362340375781 -0.04455858841538428 -0.008324919268488884
v -0.004229699727147817 -0.045130170881748186 -0.008708738721907139
v -0.004449376370757817 -0.04528445005416869 -0.008261162787675858
v -0.00466362340375781 -0.04455858841538428 -0.008324919268488884
v -0.004449376370757817 -0.04528445005416869 -0.008261162787675858
v -0.0048321718350052825 -0.044684734195470796 -0.00783257931470871
v -0.0048321718350052825 -0.044684734195470796 -0.00783257931470871
v -0.004449376370757817 -0.04528445005416869 -0.008261162787675858
v -0.004588456824421882 -0.045422051101922975 -0.0077964249067008495
v -0.0048321718350052825 -0.044684734195470796 -0.00783257931470871
v -0.004588456824421882 -0.045422051101922975 -0.0077964249067008495
v -0.005014202091842889 -0.044656254351139055 -0.0071104830130934715
v -0.005014202091842889 -0.044656254351139055 -0.0071104830130934715
v -0.004588456824421882 -0.045422051101922975 -0.0077964249067008495
v -0.004665852524340152 -0.04560841619968413 -0.007100338581949472
v -0.002454750472679734 -0.03594815358519553 0.0005470033502206206
v -0.0022563163656741376 -0.03460508957505225 0.0005924556171521544
v -0.003103211987763643 -0.03605427592992781 0.0004864170914515853
v -0.003103211987763643 -0.03605427592992781 0.0004864170914515853
v -0.0022563163656741376 -0.03460508957505225 0.0005924556171521544
v -0.002923598978668451 -0.03467807918787001 0.0005316919414326549
v -0.003103211987763643 -0.03605427592992781 0.0004864170914515853
v -0.002923598978668451 -0.03467807918787001 0.0005316919414326549
v -0.003734122030436992 -0.036165319383144365 0.00028678576927632093
v -0.003734122030436992 -0.036165319383144365 0.00028678576927632093
v -0.002923598978668451 -0.03467807918787001 0.0005316919414326549
v -0.0035694004036486144 -0.03474953025579451 0.00032933836337178946
v -0.003734122030436992 -0.036165319383144365 0.00028678576927632093
v -0.0035694004036486144 -0.03474953025579451 0.00032933836337178946
v -0.004296082537621259 -0.036273464560508714 -8.885387069312856e-05
v -0.004296082537621259 -0.036273464560508714 -8.885387069312856e-05
v -0.0035694004036486144 -0.03474953025579451 0.00032933836337178946
v -0.004139756318181752 -0.03481251373887061 -5.010014501749538e-05
v -0.004296082537621259 -0.036273464560508714 -8.885387069312856e-05
v -0.004139756318181752 -0.03481251373887061 -5.010014501749538e-05
v -0.004767833277583121 -0.03637541458010672 -0.0006281743990257382
v -0.004767833277583121 -0.03637541458010672 -0.0006281743990257382
v -0.004139756318181752 -0.03481251373887061 -5.010014501749538e-05
v -0.004614459816366433 -0.03486421704292296 -0.0005953527288511395
v -0.004767833277583121 -0.03637541458010672 -0.0006281743990257382
v -0.004614459816366433 -0.03486421704292296 -0.0005953527288511395
v -0.005146747920662164 -0.0364704020321369 -0.001276288297958672
v -0.005146747920662164 -0.0364704020321369 -0.001276288297958672
v -0.004614459816366433 -0.03486421704292296 -0.0005953527288511395
v -0.004993903450667857 -0.0349045619368553 -0.0012527919607236981
v -0.005146747920662164 -0.0364704020321369 -0.001276288297958672
v -0.004993903450667857 -0.0349045619368553 -0.0012527919607236981
v -0.0054376297630369655 -0.03655828908085822 -0.001942122238688171
v -0.0054376297630369655 -0.03655828908085822 -0.001942122238688171
v -0.004993903450667857 -0.0349045619368553 -0.0012527919607236981
v -0.0052859634160995475 -0.03493466600775717 -0.0019308383343741298
v -0.0054376297630369655 -0.03655828908085822 -0.001942122238688171
v -0.0052859634160995475 -0.03493466600775717 -0.0019308383343741298
v -0.005641911178827285 -0.036637637764215455 -0.0025046751834452152
v -0.005641911178827285 -0.036637637764215455 -0.0025046751834452152
v -0.0052859634160995475 -0.03493466600775717 -0.0019308383343741298
v -0.005492889788001775 -0.03495540842413901 -0.002504367846995592
v -0.005641911178827285 -0.036637637764215455 -0.0025046751834452152
v -0.005492889788001775 -0.03495540842413901 -0.002504367846995592
v -0.005705113988369702 -0.036081828176975236 -0.0028180431108921766
v -0.005705113988369702 -0.036081828176975236 -0.0028180431108921766
v -0.005492889788001775 -0.03495540842413901 -0.002504367846995592
v -0.005598118994385003 -0.034965977072715745 -0.0028191194869577885
v -0.002605441957712173 -0.037286061793565736 0.0004847919335588813
v -0.002454750472679734 -0.03594815358519553 0.0005470033502206206
v -0.0032280439045280214 -0.037401229143142686 0.00042521755676716566
v -0.0032280439045280214 -0.037401229143142686 0.00042521755676716566
v -0.002454750472679734 -0.03594815358519553 0.0005470033502206206
v -0.003103211987763643 -0.03605427592992781 0.0004864170914515853
v -0.0032280439045280214 -0.037401229143142686 0.00042521755676716566
v -0.003103211987763643 -0.03605427592992781 0.0004864170914515853
v -0.003834696719422936 -0.03752803429961203 0.00022739905398339033
v -0.003834696719422936 -0.03752803429961203 0.00022739905398339033
v -0.003103211987763643 -0.03605427592992781 0.0004864170914515853
v -0.003734122030436992 -0.036165319383144365 0.00028678576927632093
v -0.003834696719422936 -0.03752803429961203 0.00022739905398339033
v -0.003734122030436992 -0.036165319383144365 0.00028678576927632093
v -0.00437743542715907 -0.037657819688320146 -0.00014561798889189959
v -0.00437743542715907 -0.037657819688320146 -0.00014561798889189959
v -0.003734122030436992 -0.036165319383144365 0.00028678576927632093
v -0.004296082537621259 -0.036273464560508714 -8.885387069312856e-05
v -0.00437743542715907 -0.037657819688320146 -0.00014561798889189959
v -0.004296082537621259 -0.036273464560508714 -8.885387069312856e-05
v -0.004835975822061299 -0.037786480039358125 -0.0006792718777433038
v -0.004835975822061299 -0.037786480039358125 -0.0006792718777433038
v -0.004296082537621259 -0.036273464560508714 -8.885387069312856e-05
v -0.004767833277583121 -0.03637541458010672 -0.0006281743990257382
v -0.004835975822061299 -0.037786480039358125 -0.0006792718777433038
v -0.004767833277583121 -0.03637541458010672 -0.0006281743990257382
v -0.0052067204378545276 -0.03791226074099539 -0.0013169568264856935
v -0.0052067204378545276 -0.03791226074099539 -0.0013169568264856935
v -0.004767833277583121 -0.03637541458010672 -0.0006281743990257382
v -0.005146747920662164 -0.0364704020321369 -0.001276288297958672
v -0.0052067204378545276 -0.03791226074099539 -0.0013169568264856935
v -0.005146747920662164 -0.0364704020321369 -0.001276288297958672
v -0.005492233205586671 -0.03803349658846854 -0.0019683283753693104
v -0.005492233205586671 -0.03803349658846854 -0.0019683283753693104
v -0.005146747920662164 -0.0364704020321369 -0.001276288297958672
v -0.0054376297630369655 -0.03655828908085822 -0.001942122238688171
v -0.005492233205586671 -0.03803349658846854 -0.0019683283753693104
v -0.0054376297630369655 -0.03655828908085822 -0.001942122238688171
v -0.0056922128424048415 -0.0381464511156082 -0.0025171912275254726
v -0.0056922128424048415 -0.0381464511156082 -0.0025171912275254726
v -0.0054376297630369655 -0.03655828908085822 -0.001942122238688171
v -0.005641911178827285 -0.036637637764215455 -0.0025046751834452152
v -0.0056922128424048415 -0.0381464511156082 -0.0025171912275254726
v -0.005641911178827285 -0.036637637764215455 -0.0025046751834452152
v -0.00579135725274682 -0.03788841515779494 -0.0028259288519620895
v -0.00579135725274682 -0.03788841515779494 -0.0028259288519620895
v -0.005641911178827285 -0.036637637764215455 -0.0025046751834452152
v -0.005705113988369702 -0.036081828176975236 -0.0028180431108921766
v -0.002770511200651526 -0.03994714468717574 0.0002780643990263343
v -0.002605441957712173 -0.037286061793565736 0.0004847919335588813
v -0.003336892463266849 -0.03996717557311057 0.00022862839978188276
v -0.003336892463266849 -0.03996717557311057 0.00022862839978188276
v -0.002605441957712173 -0.037286061793565736 0.0004847919335588813
v -0.0032280439045280214 -0.037401229143142686 0.00042521755676716566
v -0.003336892463266849 -0.03996717557311057 0.00022862839978188276
v -0.0032280439045280214 -0.037401229143142686 0.00042521755676716566
v -0.0038912002928555007 -0.04001219570636748 4.3114068830618635e-05
v -0.0038912002928555007 -0.04001219570636748 4.3114068830618635e-05
v -0.0032280439045280214 -0.037401229143142686 0.00042521755676716566
v -0.003834696719422936 -0.03752803429961203 0.00022739905398339033
v -0.0038912002928555007 -0.04001219570636748 4.3114068830618635e-05
v -0.003834696719422936 -0.03752803429961203 0.00022739905398339033
v -0.004390039015561341 -0.04007183015346526 -0.0003158902982249856
v -0.004390039015561341 -0.04007183015346526 -0.0003158902982249856
v -0.003834696719422936 -0.03752803429961203 0.00022739905398339033
v -0.00437743542715907 -0.037657819688320146 -0.00014561798889189959
v -0.004390039015561341 -0.04007183015346526 -0.0003158902982249856
v -0.00437743542715907 -0.037657819688320146 -0.00014561798889189959
v -0.004814006388187408 -0.04014049470424651 -0.000830466509796679
v -0.004814006388187408 -0.04014049470424651 -0.000830466509796679
v -0.00437743542715907 -0.037657819688320146 -0.00014561798889189959
v -0.004835975822061299 -0.037786480039358125 -0.0006792718777433038
v -0.004814006388187408 -0.04014049470424651 -0.000830466509796679
v -0.004835975822061299 -0.037786480039358125 -0.0006792718777433038
v -0.0051589375361800185 -0.040214538574218736 -0.0014400569489225745
v -0.0051589375361800185 -0.040214538574218736 -0.0014400569489225745
v -0.004835975822061299 -0.037786480039358125 -0.0006792718777433038
v -0.0052067204378545276 -0.03791226074099539 -0.0013169568264856935
v -0.0051589375361800185 -0.040214538574218736 -0.0014400569489225745
v -0.0052067204378545276 -0.03791226074099539 -0.0013169568264856935
v -0.005427154712378978 -0.040289409458637224 -0.0020541572012007236
v -0.005427154712378978 -0.040289409458637224 -0.0020541572012007236
v -0.0052067204378545276 -0.03791226074099539 -0.0013169568264856935
v -0.005492233205586671 -0.03803349658846854 -0.0019683283753693104
v -0.005427154712378978 -0.040289409458637224 -0.0020541572012007236
v -0.005492233205586671 -0.03803349658846854 -0.0019683283753693104
v -0.005618645809590816 -0.04035673290491103 -0.002565008355304599
v -0.005618645809590816 -0.04035673290491103 -0.002565008355304599
v -0.005492233205586671 -0.03803349658846854 -0.0019683283753693104
v -0.0056922128424048415 -0.0381464511156082 -0.0025171912275254726
v -0.005618645809590816 -0.04035673290491103 -0.002565008355304599
v -0.0056922128424048415 -0.0381464511156082 -0.0025171912275254726
v -0.005722302477806806 -0.04040155932307242 -0.0028602892998605967
v -0.005722302477806806 -0.04040155932307242 -0.0028602892998605967
v -0.0056922128424048415 -0.0381464511156082 -0.0025171912275254726
v -0.00579135725274682 -0.03788841515779494 -0.0028259288519620895
v -0.0039217090234160415 -0.04696274176239966 -0.006767335347831249
v -0.0039211371913552276 -0.046969097107648836 -0.0067417505197227
v -0.0042737461626529685 -0.046545583754777894 -0.006080663297325373
v -0.0042737461626529685 -0.046545583754777894 -0.006080663297325373
v -0.004219507332891225 -0.046466987580060945 -0.0070790178142488
v -0.004032098222523927 -0.046760853379964815 -0.007000046316534281
v -0.0039217090234160415 -0.04696274176239966 -0.006767335347831249
v -0.0042737461626529685 -0.046545583754777894 -0.006080663297325373
v -0.003922170959413051 -0.04695817083120345 -0.006785137113183737
v -0.003922170959413051 -0.04695817083120345 -0.006785137113183737
v -0.0042737461626529685 -0.046545583754777894 -0.006080663297325373
v -0.004032098222523927 -0.046760853379964815 -0.007000046316534281
v -0.003922170959413051 -0.04695817083120345 -0.006785137113183737
v -0.004032098222523927 -0.046760853379964815 -0.007000046316534281
v -0.003942691255360841 -0.046907823532819734 -0.006886851508170366
v -0.0039211371913552276 -0.046969097107648836 -0.0067417505197227
v -0.003920572344213723 -0.04697533324360846 -0.006716064643114805
v -0.0042737461626529685 -0.046545583754777894 -0.006080663297325373
v -0.0042737461626529685 -0.046545583754777894 -0.006080663297325373
v -0.003920572344213723 -0.04697533324360846 -0.006716064643114805
v -0.003919491078704595 -0.04698731750249861 -0.006665071938186884
v -0.0042737461626529685 -0.046545583754777894 -0.006080663297325373
v -0.003919491078704595 -0.04698731750249861 -0.006665071938186884
v -0.003909951075911521 -0.047092217952013 -0.006078499369323254
v -0.00436410866677761 -0.04622228443622588 -0.007092614192515612
v -0.004357872996479272 -0.04623334109783171 -0.007092471234500408
v -0.0042737461626529685 -0.046545583754777894 -0.006080663297325373
v -0.0042737461626529685 -0.046545583754777894 -0.006080663297325373
v -0.004357872996479272 -0.04623334109783171 -0.007092471234500408
v -0.0042409119196236125 -0.04643212631344794 -0.007082828786224127
v -0.0042737461626529685 -0.046545583754777894 -0.006080663297325373
v -0.0042409119196236125 -0.04643212631344794 -0.007082828786224127
v -0.004219507332891225 -0.046466987580060945 -0.0070790178142488
v -0.005014202091842889 -0.044656254351139055 -0.0071104830130934715
v -0.004665852524340152 -0.04560841619968413 -0.007100338581949472
v -0.004666642285883426 -0.04579554498195647 -0.006085133645683527
v -0.004666642285883426 -0.04579554498195647 -0.006085133645683527
v -0.004665852524340152 -0.04560841619968413 -0.007100338581949472
v -0.004654452204704284 -0.045634701848030076 -0.007100029848515987
v -0.004666642285883426 -0.04579554498195647 -0.006085133645683527
v -0.004654452204704284 -0.045634701848030076 -0.007100029848515987
v -0.0042737461626529685 -0.046545583754777894 -0.006080663297325373
v -0.0042737461626529685 -0.046545583754777894 -0.006080663297325373
v -0.004654452204704284 -0.045634701848030076 -0.007100029848515987
v -0.004370173439383506 -0.046211462467908845 -0.007092771586030722
v -0.0042737461626529685 -0.046545583754777894 -0.006080663297325373
v -0.004370173439383506 -0.046211462467908845 -0.007092771586030722
v -0.00436410866677761 -0.04622228443622588 -0.007092614192515612
v -0.004666642285883426 -0.04579554498195647 -0.006085133645683527
v -0.005042552016675471 -0.04488296434283255 -0.006091868970543146
v -0.005014202091842889 -0.044656254351139055 -0.0071104830130934715
v -0.005014202091842889 -0.044656254351139055 -0.0071104830130934715
v -0.005042552016675471 -0.04488296434283255 -0.006091868970543146
v -0.005373158957809209 -0.043865729123353944 -0.006099574267864227
v -0.005014202091842889 -0.044656254351139055 -0.0071104830130934715
v -0.005373158957809209 -0.043865729123353944 -0.006099574267864227
v -0.005266012158244847 -0.04372431337833403 -0.007118774112313986
v -0.005815892480313777 -0.04186269640922545 -0.006110558286309242
v -0.0056113642640411845 -0.04172351956367491 -0.007132014725357294
v -0.005499843508005141 -0.042529053986072526 -0.007127376273274422
v -0.005815892480313777 -0.04186269640922545 -0.006110558286309242
v -0.005499843508005141 -0.042529053986072526 -0.007127376273274422
v -0.005373158957809209 -0.043865729123353944 -0.006099574267864227
v -0.005373158957809209 -0.043865729123353944 -0.006099574267864227
v -0.005499843508005141 -0.042529053986072526 -0.007127376273274422
v -0.00539320521056652 -0.04313012585043906 -0.007123322691768408
v -0.005373158957809209 -0.043865729123353944 -0.006099574267864227
v -0.00539320521056652 -0.04313012585043906 -0.007123322691768408
v -0.005266012158244847 -0.04372431337833403 -0.007118774112313986
v -0.006030478980392217 -0.04055913910269736 -0.0050000157207250595
v -0.006002490408718585 -0.04054482653737067 -0.005695638246834278
v -0.005815892480313777 -0.04186269640922545 -0.006110558286309242
v -0.005815892480313777 -0.04186269640922545 -0.006110558286309242
v -0.006002490408718585 -0.04054482653737067 -0.005695638246834278
v -0.005957354325801133 -0.040521748363971696 -0.006109725683927536
v -0.005815892480313777 -0.04186269640922545 -0.006110558286309242
v -0.005957354325801133 -0.040521748363971696 -0.006109725683927536
v -0.0056113642640411845 -0.04172351956367491 -0.007132014725357294
v -0.0056113642640411845 -0.04172351956367491 -0.007132014725357294
v -0.005957354325801133 -0.040521748363971696 -0.006109725683927536
v -0.00595645373687148 -0.04052128270268439 -0.006116234697401524
v -0.0056113642640411845 -0.04172351956367491 -0.007132014725357294
v -0.00595645373687148 -0.04052128270268439 -0.006116234697401524
v -0.0057223113253712645 -0.04040155187249182 -0.007139730732887983
v -0.005880304612219333 -0.041906159371137605 -0.004986385349184275
v -0.005812708288431167 -0.04186053946614264 -0.003863498568534851
v -0.005993236787617206 -0.04054009914398192 -0.004199831746518612
v -0.005993236787617206 -0.04054009914398192 -0.004199831746518612
v -0.005812708288431167 -0.04186053946614264 -0.003863498568534851
v -0.0059564528055489055 -0.040521290153264986 -0.0038837967440485954
v -0.0059564528055489055 -0.040521290153264986 -0.0038837967440485954
v -0.005812708288431167 -0.04186053946614264 -0.003863498568534851
v -0.005611355416476726 -0.04172352701425551 -0.002868007170036435
v -0.0059564528055489055 -0.040521290153264986 -0.0038837967440485954
v -0.005611355416476726 -0.04172352701425551 -0.002868007170036435
v -0.005722302477806806 -0.04040155932307242 -0.0028602892998605967
v -0.0050357943400740615 -0.04458599910140036 -0.0028888608794659376
v -0.0053931926377117625 -0.04313015192747115 -0.0028766989707946777
v -0.005632803309708833 -0.04282521456480025 -0.0038677663542330265
v -0.005632803309708833 -0.04282521456480025 -0.0038677663542330265
v -0.0053931926377117625 -0.04313015192747115 -0.0028766989707946777
v -0.005473919212818145 -0.042686466127634035 -0.0028736554086208344
v -0.005632803309708833 -0.04282521456480025 -0.0038677663542330265
v -0.005473919212818145 -0.042686466127634035 -0.0028736554086208344
v -0.005497758742421865 -0.04254198446869849 -0.0028727271128445864
v -0.005632803309708833 -0.04282521456480025 -0.0038677663542330265
v -0.005371489096432923 -0.04386352747678755 -0.003874687710776925
v -0.0050357943400740615 -0.04458599910140036 -0.0028888608794659376
v -0.0050357943400740615 -0.04458599910140036 -0.0028888608794659376
v -0.005371489096432923 -0.04386352747678755 -0.003874687710776925
v -0.005041730124503373 -0.044880680739879594 -0.0038825352676212788
v -0.0050357943400740615 -0.04458599910140036 -0.0028888608794659376
v -0.005041730124503373 -0.044880680739879594 -0.0038825352676212788
v -0.004665838554501533 -0.045608449727296815 -0.002899682382121682
v -0.004665838554501533 -0.045608449727296815 -0.002899682382121682
v -0.005041730124503373 -0.044880680739879594 -0.0038825352676212788
v -0.00466647371649742 -0.0457930378615856 -0.0038894054014235735
v -0.004665838554501533 -0.045608449727296815 -0.002899682382121682
v -0.00466647371649742 -0.0457930378615856 -0.0038894054014235735
v -0.004654453601688146 -0.04563469439744948 -0.0028999904170632362
v -0.004654453601688146 -0.04563469439744948 -0.0028999904170632362
v -0.00466647371649742 -0.0457930378615856 -0.0038894054014235735
v -0.004370173439383506 -0.046211462467908845 -0.002907254034653306
v -0.004273937083780765 -0.04654268175363539 -0.0038939823862165213
v -0.00391026260331273 -0.04708881303668021 -0.003896218491718173
v -0.003916993737220763 -0.04701491072773932 -0.00346148363314569
v -0.004273937083780765 -0.04654268175363539 -0.0038939823862165213
v -0.003916993737220763 -0.04701491072773932 -0.00346148363314569
v -0.00414484180510044 -0.04661668092012404 -0.003069191472604871
v -0.00466647371649742 -0.0457930378615856 -0.0038894054014235735
v -0.004273937083780765 -0.04654268175363539 -0.0038939823862165213
v -0.004370173439383506 -0.046211462467908845 -0.002907254034653306
v -0.004370173439383506 -0.046211462467908845 -0.002907254034653306
v -0.004273937083780765 -0.04654268175363539 -0.0038939823862165213
v -0.00414484180510044 -0.04661668092012404 -0.003069191472604871
v -0.004370173439383506 -0.046211462467908845 -0.002907254034653306
v -0.00414484180510044 -0.04661668092012404 -0.003069191472604871
v -0.0042164213955402366 -0.046472001820802675 -0.002921650419011712
v -0.0042164213955402366 -0.046472001820802675 -0.002921650419011712
v -0.00414484180510044 -0.04661668092012404 -0.003069191472604871
v -0.004050799645483493 -0.0467318259179592 -0.0029867880512028933
v -0.003945555537939071 -0.04690252617001532 -0.0031066013034433126
v -0.004050799645483493 -0.0467318259179592 -0.0029867880512028933
v -0.003922006580978631 -0.046959750354289995 -0.0032209951896220446
v -0.003922006580978631 -0.046959750354289995 -0.0032209951896220446
v -0.004050799645483493 -0.0467318259179592 -0.0029867880512028933
v -0.00414484180510044 -0.04661668092012404 -0.003069191472604871
v -0.003922006580978631 -0.046959750354289995 -0.0032209951896220446
v -0.00414484180510044 -0.04661668092012404 -0.003069191472604871
v -0.003921704366803168 -0.046962726861238466 -0.003232612507417798
v -0.003921704366803168 -0.046962726861238466 -0.003232612507417798
v -0.00414484180510044 -0.04661668092012404 -0.003069191472604871
v -0.003916993737220763 -0.04701491072773932 -0.00346148363314569
v -0.003909951075911521 -0.047092217952013 -0.006078499369323254
v -0.0039036234375089403 -0.04716078191995619 -0.005046053323894739
v -0.0042737461626529685 -0.046545583754777894 -0.006080663297325373
v -0.0042737461626529685 -0.046545583754777894 -0.006080663297325373
v -0.0039036234375089403 -0.04716078191995619 -0.005046053323894739
v -0.004269813653081655 -0.04660423845052718 -0.004986777435988188
v -0.0042737461626529685 -0.046545583754777894 -0.006080663297325373
v -0.004269813653081655 -0.04660423845052718 -0.004986777435988188
v -0.004666642285883426 -0.04579554498195647 -0.006085133645683527
v -0.004666642285883426 -0.04579554498195647 -0.006085133645683527
v -0.004269813653081655 -0.04660423845052718 -0.004986777435988188
v -0.004669975023716687 -0.045846246182918535 -0.0049867224879562855
v -0.004666642285883426 -0.04579554498195647 -0.006085133645683527
v -0.004669975023716687 -0.045846246182918535 -0.0049867224879562855
v -0.005042552016675471 -0.04488296434283255 -0.006091868970543146
v -0.005042552016675471 -0.04488296434283255 -0.006091868970543146
v -0.004669975023716687 -0.045846246182918535 -0.0049867224879562855
v -0.005059077870100736 -0.044929195195436464 -0.004986634943634272
v -0.005042552016675471 -0.04488296434283255 -0.006091868970543146
v -0.005059077870100736 -0.044929195195436464 -0.004986634943634272
v -0.005373158957809209 -0.043865729123353944 -0.006099574267864227
v -0.005373158957809209 -0.043865729123353944 -0.006099574267864227
v -0.005059077870100736 -0.044929195195436464 -0.004986634943634272
v -0.0054067536257207385 -0.04391030222177504 -0.004986531566828489
v -0.005373158957809209 -0.043865729123353944 -0.006099574267864227
v -0.0054067536257207385 -0.04391030222177504 -0.004986531566828489
v -0.005815892480313777 -0.04186269640922545 -0.006110558286309242
v -0.005815892480313777 -0.04186269640922545 -0.006110558286309242
v -0.0054067536257207385 -0.04391030222177504 -0.004986531566828489
v -0.005880304612219333 -0.041906159371137605 -0.004986385349184275
v -0.005815892480313777 -0.04186269640922545 -0.006110558286309242
v -0.005880304612219333 -0.041906159371137605 -0.004986385349184275
v -0.006030478980392217 -0.04055913910269736 -0.0050000157207250595
v -0.006030478980392217 -0.04055913910269736 -0.0050000157207250595
v -0.005880304612219333 -0.041906159371137605 -0.004986385349184275
v -0.005993236787617206 -0.04054009914398192 -0.004199831746518612
v -0.0039036234375089403 -0.04716078191995619 -0.005046053323894739
v -0.00391026260331273 -0.04708881303668021 -0.003896218491718173
v -0.004269813653081655 -0.04660423845052718 -0.004986777435988188
v -0.004269813653081655 -0.04660423845052718 -0.004986777435988188
v -0.00391026260331273 -0.04708881303668021 -0.003896218491718173
v -0.004273937083780765 -0.04654268175363539 -0.0038939823862165213
v -0.004269813653081655 -0.04660423845052718 -0.004986777435988188
v -0.004273937083780765 -0.04654268175363539 -0.0038939823862165213
v -0.004669975023716687 -0.045846246182918535 -0.0049867224879562855
v -0.004669975023716687 -0.045846246182918535 -0.0049867224879562855
v -0.004273937083780765 -0.04654268175363539 -0.0038939823862165213
v -0.00466647371649742 -0.0457930378615856 -0.0038894054014235735
v -0.004669975023716687 -0.045846246182918535 -0.0049867224879562855
v -0.00466647371649742 -0.0457930378615856 -0.0038894054014235735
v -0.005059077870100736 -0.044929195195436464 -0.004986634943634272
v -0.005059077870100736 -0.044929195195436464 -0.004986634943634272
v -0.00466647371649742 -0.0457930378615856 -0.0038894054014235735
v -0.005041730124503373 -0.044880680739879594 -0.0038825352676212788
v -0.005059077870100736 -0.044929195195436464 -0.004986634943634272
v -0.005041730124503373 -0.044880680739879594 -0.0038825352676212788
v -0.0054067536257207385 -0.04391030222177504 -0.004986531566828489
v -0.0054067536257207385 -0.04391030222177504 -0.004986531566828489
v -0.005041730124503373 -0.044880680739879594 -0.0038825352676212788
v -0.005371489096432923 -0.04386352747678755 -0.003874687710776925
v -0.0054067536257207385 -0.04391030222177504 -0.004986531566828489
v -0.005371489096432923 -0.04386352747678755 -0.003874687710776925
v -0.005880304612219333 -0.041906159371137605 -0.004986385349184275
v -0.005880304612219333 -0.041906159371137605 -0.004986385349184275
v -0.005371489096432923 -0.04386352747678755 -0.003874687710776925
v -0.005632803309708833 -0.04282521456480025 -0.0038677663542330265
v -0.005880304612219333 -0.041906159371137605 -0.004986385349184275
v -0.005632803309708833 -0.04282521456480025 -0.0038677663542330265
v -0.005812708288431167 -0.04186053946614264 -0.003863498568534851
v -0.005812708288431167 -0.04186053946614264 -0.003863498568534851
v -0.005632803309708833 -0.04282521456480025 -0.0038677663542330265
v -0.005497758742421865 -0.04254198446869849 -0.0028727271128445864
v -0.005812708288431167 -0.04186053946614264 -0.003863498568534851
v -0.005497758742421865 -0.04254198446869849 -0.0028727271128445864
v -0.005611355416476726 -0.04172352701425551 -0.002868007170036435
v -0.003732537385076284 -0.03614859655499457 -0.010287382639944553
v -0.0035694004036486144 -0.03474953025579451 -0.010329346172511578
v -0.002923598978668451 -0.03467807918787001 -0.01053170021623373
v -0.0027868612669408317 -0.03466301038861273 -0.01055352296680212
v -0.0022563163656741376 -0.03460508957505225 -0.010592463426291943
v -0.002606646856293082 -0.03729876503348349 -0.01048409566283226
v -0.004614459816366433 -0.03486421704292296 -0.009404654614627361
v -0.004420896992087363 -0.03484325855970381 -0.009658650495111942
v -0.004294679965823888 -0.03625632077455519 -0.009911710396409035
v -0.004294679965823888 -0.03625632077455519 -0.009911710396409035
v -0.004420896992087363 -0.03484325855970381 -0.009658650495111942
v -0.004139756318181752 -0.03481251373887061 -0.009949907660484314
v -0.004294679965823888 -0.03625632077455519 -0.009911710396409035
v -0.004139756318181752 -0.03481251373887061 -0.009949907660484314
v -0.003732537385076284 -0.03614859655499457 -0.010287382639944553
v -0.003732537385076284 -0.03614859655499457 -0.010287382639944553
v -0.004139756318181752 -0.03481251373887061 -0.009949907660484314
v -0.0037022205069661136 -0.03476424142718314 -0.010261517949402332
v -0.003732537385076284 -0.03614859655499457 -0.010287382639944553
v -0.0037022205069661136 -0.03476424142718314 -0.010261517949402332
v -0.0035694004036486144 -0.03474953025579451 -0.010329346172511578
v -0.004294679965823888 -0.03625632077455519 -0.009911710396409035
v -0.004766526632010936 -0.0363577827811241 -0.009372325614094734
v -0.004614459816366433 -0.03486421704292296 -0.009404654614627361
v -0.004614459816366433 -0.03486421704292296 -0.009404654614627361
v -0.004766526632010936 -0.0363577827811241 -0.009372325614094734
v -0.0051454929634928695 -0.036452233791351304 -0.008724097162485123
v -0.004614459816366433 -0.03486421704292296 -0.009404654614627361
v -0.0051454929634928695 -0.036452233791351304 -0.008724097162485123
v -0.005037990864366292 -0.0349091663956642 -0.008655022829771042
v -0.0051454929634928695 -0.036452233791351304 -0.008724097162485123
v -0.005436418112367391 -0.036539547145366655 -0.00805810559540987
v -0.005037990864366292 -0.0349091663956642 -0.008655022829771042
v -0.005037990864366292 -0.0349091663956642 -0.008655022829771042
v -0.005436418112367391 -0.036539547145366655 -0.00805810559540987
v -0.00564074283465743 -0.03661831840872763 -0.007495406083762646
v -0.005037990864366292 -0.0349091663956642 -0.008655022829771042
v -0.00564074283465743 -0.03661831840872763 -0.007495406083762646
v -0.005492889788001775 -0.03495540842413901 -0.0074956403113901615
v -0.005492889788001775 -0.03495540842413901 -0.0074956403113901615
v -0.00564074283465743 -0.03661831840872763 -0.007495406083762646
v -0.005705122370272874 -0.03608182445168494 -0.007181978784501553
v -0.005492889788001775 -0.03495540842413901 -0.0074956403113901615
v -0.005705122370272874 -0.03608182445168494 -0.007181978784501553
v -0.0055981264449656 -0.034965980798006044 -0.007180900778621435
v -0.0056186532601714126 -0.040356736630201326 -0.0074350000359117985
v -0.0057223113253712645 -0.04040155187249182 -0.007139730732887983
v -0.005791373085230588 -0.03788841143250464 -0.007174093276262283
v -0.005791373085230588 -0.03788841143250464 -0.007174093276262283
v -0.005692220292985438 -0.0381464511156082 -0.007482816465198994
v -0.0056186532601714126 -0.040356736630201326 -0.0074350000359117985
v -0.0056186532601714126 -0.040356736630201326 -0.0074350000359117985
v -0.005692220292985438 -0.0381464511156082 -0.007482816465198994
v -0.005492231808602809 -0.038033504039049135 -0.008031679317355156
v -0.0056186532601714126 -0.040356736630201326 -0.0074350000359117985
v -0.005492231808602809 -0.038033504039049135 -0.008031679317355156
v -0.005216152872890233 -0.040229000151157365 -0.008439560420811176
v -0.005216152872890233 -0.040229000151157365 -0.008439560420811176
v -0.005492231808602809 -0.038033504039049135 -0.008031679317355156
v -0.0052067204378545276 -0.03791226074099539 -0.008683050982654095
v -0.005216152872890233 -0.040229000151157365 -0.008439560420811176
v -0.0052067204378545276 -0.03791226074099539 -0.008683050982654095
v -0.004835975822061299 -0.037786480039358125 -0.009320735931396484
v -0.004390039015561341 -0.04007183015346526 -0.009684117510914803
v -0.0046089687384665 -0.040104798972606645 -0.009446904994547367
v -0.004835975822061299 -0.037786480039358125 -0.009320735931396484
v -0.004835975822061299 -0.037786480039358125 -0.009320735931396484
v -0.0046089687384665 -0.040104798972606645 -0.009446904994547367
v -0.004814006388187408 -0.04014049470424651 -0.009169541299343109
v -0.004835975822061299 -0.037786480039358125 -0.009320735931396484
v -0.004814006388187408 -0.04014049470424651 -0.009169541299343109
v -0.005216152872890233 -0.040229000151157365 -0.008439560420811176
v -0.003093089442700147 -0.039954729378223405 -0.010261940769851208
v -0.003336892463266849 -0.03996717557311057 -0.010228636674582958
v -0.0032280439045280214 -0.037401229143142686 -0.010425225831568241
v -0.0032280439045280214 -0.037401229143142686 -0.010425225831568241
v -0.003336892463266849 -0.03996717557311057 -0.010228636674582958
v -0.003930578008294105 -0.04001621529459952 -0.010022467002272606
v -0.0032280439045280214 -0.037401229143142686 -0.010425225831568241
v -0.003930578008294105 -0.04001621529459952 -0.010022467002272606
v -0.003834695322439074 -0.03752804175019263 -0.010227407328784466
v -0.003834695322439074 -0.03752804175019263 -0.010227407328784466
v -0.003930578008294105 -0.04001621529459952 -0.010022467002272606
v -0.004390039015561341 -0.04007183015346526 -0.009684117510914803
v -0.003834695322439074 -0.03752804175019263 -0.010227407328784466
v -0.004390039015561341 -0.04007183015346526 -0.009684117510914803
v -0.00437743542715907 -0.037657819688320146 -0.009854390285909176
v -0.00437743542715907 -0.037657819688320146 -0.009854390285909176
v -0.004390039015561341 -0.04007183015346526 -0.009684117510914803
v -0.004835975822061299 -0.037786480039358125 -0.009320735931396484
v -0.0027868612669408317 -0.03466301038861273 -0.01055352296680212
v -0.002606646856293082 -0.03729876503348349 -0.01048409566283226
v -0.0032280439045280214 -0.037401229143142686 -0.010425225831568241
v -0.0032280439045280214 -0.037401229143142686 -0.010425225831568241
v -0.002606646856293082 -0.03729876503348349 -0.01048409566283226
v -0.002770511200651526 -0.03994714468717574 -0.010278072208166122
v -0.0032280439045280214 -0.037401229143142686 -0.010425225831568241
v -0.002770511200651526 -0.03994714468717574 -0.010278072208166122
v -0.003093089442700147 -0.039954729378223405 -0.010261940769851208
v -0.005791373085230588 -0.03788841143250464 -0.007174093276262283
v -0.005705122370272874 -0.03608182445168494 -0.007181978784501553
v -0.005692220292985438 -0.0381464511156082 -0.007482816465198994
v -0.005692220292985438 -0.0381464511156082 -0.007482816465198994
v -0.005705122370272874 -0.03608182445168494 -0.007181978784501553
v -0.00564074283465743 -0.03661831840872763 -0.007495406083762646
v -0.005692220292985438 -0.0381464511156082 -0.007482816465198994
v -0.00564074283465743 -0.03661831840872763 -0.007495406083762646
v -0.005492231808602809 -0.038033504039049135 -0.008031679317355156
v -0.005492231808602809 -0.038033504039049135 -0.008031679317355156
v -0.00564074283465743 -0.03661831840872763 -0.007495406083762646
v -0.005436418112367391 -0.036539547145366655 -0.00805810559540987
v -0.005492231808602809 -0.038033504039049135 -0.008031679317355156
v -0.005436418112367391 -0.036539547145366655 -0.00805810559540987
v -0.0052067204378545276 -0.03791226074099539 -0.008683050982654095
v -0.0052067204378545276 -0.03791226074099539 -0.008683050982654095
v -0.005436418112367391 -0.036539547145366655 -0.00805810559540987
v -0.0051454929634928695 -0.036452233791351304 -0.008724097162485123
v -0.0052067204378545276 -0.03791226074099539 -0.008683050982654095
v -0.0051454929634928695 -0.036452233791351304 -0.008724097162485123
v -0.004835975822061299 -0.037786480039358125 -0.009320735931396484
v -0.004835975822061299 -0.037786480039358125 -0.009320735931396484
v -0.0051454929634928695 -0.036452233791351304 -0.008724097162485123
v -0.004766526632010936 -0.0363577827811241 -0.009372325614094734
v -0.004835975822061299 -0.037786480039358125 -0.009320735931396484
v -0.004766526632010936 -0.0363577827811241 -0.009372325614094734
v -0.00437743542715907 -0.037657819688320146 -0.009854390285909176
v -0.00437743542715907 -0.037657819688320146 -0.009854390285909176
v -0.004766526632010936 -0.0363577827811241 -0.009372325614094734
v -0.004294679965823888 -0.03625632077455519 -0.009911710396409035
v -0.00437743542715907 -0.037657819688320146 -0.009854390285909176
v -0.004294679965823888 -0.03625632077455519 -0.009911710396409035
v -0.003834695322439074 -0.03752804175019263 -0.010227407328784466
v -0.003834695322439074 -0.03752804175019263 -0.010227407328784466
v -0.004294679965823888 -0.03625632077455519 -0.009911710396409035
v -0.003732537385076284 -0.03614859655499457 -0.010287382639944553
v -0.003834695322439074 -0.03752804175019263 -0.010227407328784466
v -0.003732537385076284 -0.03614859655499457 -0.010287382639944553
v -0.0032280439045280214 -0.037401229143142686 -0.010425225831568241
v -0.0032280439045280214 -0.037401229143142686 -0.010425225831568241
v -0.003732537385076284 -0.03614859655499457 -0.010287382639944553
v -0.002923598978668451 -0.03467807918787001 -0.01053170021623373
v -0.0032280439045280214 -0.037401229143142686 -0.010425225831568241
v -0.002923598978668451 -0.03467807918787001 -0.01053170021623373
v -0.0027868612669408317 -0.03466301038861273 -0.01055352296680212
v -0.0027050159405916925 -0.043966699391603456 -0.0003068904625251889
v -0.002602077322080731 -0.04526573792099951 -0.0005828599678352475
v -0.001514898845925927 -0.04514837637543677 -0.0005821191007271409
v -0.0016252031782642005 -0.04255120828747748 -0.00010245024895993993
v -0.001514898845925927 -0.04514837637543677 -0.0005821191007271409
v -0.0005072932690382003 -0.04503952339291571 -0.0007020436460152268
v -0.0027050159405916925 -0.043966699391603456 -0.0003068904625251889
v -0.001514898845925927 -0.04514837637543677 -0.0005821191007271409
v -0.0027682720683515068 -0.04261529445648192 -6.888119241921231e-05
v -0.001514898845925927 -0.04514837637543677 -0.0005821191007271409
v -0.0016252031782642005 -0.04255120828747748 -0.00010245024895993993
v -0.0027682720683515068 -0.04261529445648192 -6.888119241921231e-05
v -0.0027682720683515068 -0.04261529445648192 -6.888119241921231e-05
v -0.0016252031782642005 -0.04255120828747748 -0.00010245024895993993
v -0.0015604769578203557 -0.039872989058494554 0.0002428427105769515
v -0.0027682720683515068 -0.04261529445648192 -6.888119241921231e-05
v -0.0015604769578203557 -0.039872989058494554 0.0002428427105769515
v -0.002770511200651526 -0.03994714468717574 0.0002780643990263343
v -0.002770511200651526 -0.03994714468717574 0.0002780643990263343
v -0.0015604769578203557 -0.039872989058494554 0.0002428427105769515
v -0.001358872978016734 -0.03717980533838271 0.0004540354711934924
v -0.002770511200651526 -0.03994714468717574 0.0002780643990263343
v -0.001358872978016734 -0.03717980533838271 0.0004540354711934924
v -0.002605441957712173 -0.037286061793565736 0.0004847919335588813
v -0.0010450469562783835 -0.034474279731512056 0.0005596306873485446
v -0.0022563163656741376 -0.03460508957505225 0.0005924556171521544
v -0.001358872978016734 -0.03717980533838271 0.0004540354711934924
v -0.001358872978016734 -0.03717980533838271 0.0004540354711934924
v -0.0022563163656741376 -0.03460508957505225 0.0005924556171521544
v -0.002454750472679734 -0.03594815358519553 0.0005470033502206206
v -0.001358872978016734 -0.03717980533838271 0.0004540354711934924
v -0.002454750472679734 -0.03594815358519553 0.0005470033502206206
v -0.002605441957712173 -0.037286061793565736 0.0004847919335588813
v -0.0005072932690382003 -0.04503952339291571 -0.0007020436460152268
v -0.0005746049573644995 -0.0424387715756893 -0.00022284418810158968
v -0.0016252031782642005 -0.04255120828747748 -0.00010245024895993993
v -0.0016252031782642005 -0.04255120828747748 -0.00010245024895993993
v -0.0005746049573644995 -0.0424387715756893 -0.00022284418810158968
v -0.0004674871161114424 -0.039755444973707185 0.00012984906788915396
v -0.0016252031782642005 -0.04255120828747748 -0.00010245024895993993
v -0.0004674871161114424 -0.039755444973707185 0.00012984906788915396
v -0.0015604769578203557 -0.039872989058494554 0.0002428427105769515
v -0.0015604769578203557 -0.039872989058494554 0.0002428427105769515
v -0.0004674871161114424 -0.039755444973707185 0.00012984906788915396
v -0.0002567225019447505 -0.03706092014908789 0.00035369570832699537
v -0.0015604769578203557 -0.039872989058494554 0.0002428427105769515
v -0.0002567225019447505 -0.03706092014908789 0.00035369570832699537
v -0.001358872978016734 -0.03717980533838271 0.0004540354711934924
v -0.001358872978016734 -0.03717980533838271 0.0004540354711934924
v -0.0002567225019447505 -0.03706092014908789 0.00035369570832699537
v -9.999334906751754e-06 -0.0343625135719776 0.0004692821530625224
v -0.001358872978016734 -0.03717980533838271 0.0004540354711934924
v -9.999334906751754e-06 -0.0343625135719776 0.0004692821530625224
v -0.0010450469562783835 -0.034474279731512056 0.0005596306873485446
v -0.0038291958626359697 -0.027952142059803 -0.0028576485347002745
v -0.0039176400750875464 -0.028161978349089612 -0.0028569865971803665
v -0.0035177974496036764 -0.02824881486594676 -0.001960442401468754
v -0.002923598978668451 -0.03467807918787001 0.0005316919414326549
v -0.0022563163656741376 -0.03460508957505225 0.0005924556171521544
v -0.001908678328618407 -0.032815020531415925 0.0006322114495560527
v -0.004993903450667857 -0.0349045619368553 -0.0012527919607236981
v -0.004592598881572484 -0.03267332911491393 -0.0012554189888760448
v -0.0052859634160995475 -0.03493466600775717 -0.0019308383343741298
v -0.0052859634160995475 -0.03493466600775717 -0.0019308383343741298
v -0.004592598881572484 -0.03267332911491393 -0.0012554189888760448
v -0.004903234541416167 -0.03266780450940131 -0.0019333685049787164
v -0.0052859634160995475 -0.03493466600775717 -0.0019308383343741298
v -0.004903234541416167 -0.03266780450940131 -0.0019333685049787164
v -0.005492889788001775 -0.03495540842413901 -0.002504367846995592
v -0.0008734411094337701 -0.02930644154548644 0.0006066475762054324
v -0.0005555855459533631 -0.028443798422813405 0.0006013381062075496
v -0.001254205824807286 -0.029043443500995626 0.000542459893040359
v -0.001254205824807286 -0.029043443500995626 0.000542459893040359
v -0.0005555855459533631 -0.028443798422813405 0.0006013381062075496
v -0.0002540908171795308 -0.027666550129652013 0.0006012906087562442
v -0.001254205824807286 -0.029043443500995626 0.000542459893040359
v -0.0002540908171795308 -0.027666550129652013 0.0006012906087562442
v -0.0003012158267665654 -0.027616873383522023 0.0005989110795781016
v -0.0039176400750875464 -0.028161978349089612 -0.0028569865971803665
v -0.004554975777864455 -0.029917605221271504 -0.0028485276270657778
v -0.0035177974496036764 -0.02824881486594676 -0.001960442401468754
v -0.0035177974496036764 -0.02824881486594676 -0.001960442401468754
v -0.004554975777864455 -0.029917605221271504 -0.0028485276270657778
v -0.0043083326891064635 -0.03041098080575465 -0.0019473036518320441
v -0.0035177974496036764 -0.02824881486594676 -0.001960442401468754
v -0.0043083326891064635 -0.03041098080575465 -0.0019473036518320441
v -0.0031756234820932146 -0.028351126238703717 -0.0013337867567315698
v -0.0031756234820932146 -0.028351126238703717 -0.0013337867567315698
v -0.0043083326891064635 -0.03041098080575465 -0.0019473036518320441
v -0.003971246071159839 -0.030464977025985707 -0.0012945068301633
v -0.0031756234820932146 -0.028351126238703717 -0.0013337867567315698
v -0.003971246071159839 -0.030464977025985707 -0.0012945068301633
v -0.002753775799646973 -0.02848931960761546 -0.0007012319983914495
v -0.002753775799646973 -0.02848931960761546 -0.0007012319983914495
v -0.003971246071159839 -0.030464977025985707 -0.0012945068301633
v -0.003552066627889871 -0.03053126484155654 -0.0006467985222116113
v -0.002753775799646973 -0.02848931960761546 -0.0007012319983914495
v -0.003552066627889871 -0.03053126484155654 -0.0006467985222116113
v -0.002268387237563729 -0.028651870787143697 -0.00013828056398779154
v -0.002268387237563729 -0.028651870787143697 -0.00013828056398779154
v -0.003552066627889871 -0.03053126484155654 -0.0006467985222116113
v -0.0030594822019338603 -0.03059896081686019 -8.488364255754277e-05
v -0.002268387237563729 -0.028651870787143697 -0.00013828056398779154
v -0.0030594822019338603 -0.03059896081686019 -8.488364255754277e-05
v -0.0017477887449786065 -0.028828831389546384 0.0002933064242824912
v -0.0017477887449786065 -0.028828831389546384 0.0002933064242824912
v -0.0030594822019338603 -0.03059896081686019 -8.488364255754277e-05
v -0.002510873600840568 -0.03066790848970412 0.0003328424645587802
v -0.0017477887449786065 -0.028828831389546384 0.0002933064242824912
v -0.002510873600840568 -0.03066790848970412 0.0003328424645587802
v -0.001254205824807286 -0.029043443500995626 0.000542459893040359
v -0.001254205824807286 -0.029043443500995626 0.000542459893040359
v -0.002510873600840568 -0.03066790848970412 0.0003328424645587802
v -0.001948827179148793 -0.030797459185123433 0.0005678044399246573
v -0.001254205824807286 -0.029043443500995626 0.000542459893040359
v -0.001948827179148793 -0.030797459185123433 0.0005678044399246573
v -0.0008734411094337701 -0.02930644154548644 0.0006066475762054324
v -0.0008734411094337701 -0.02930644154548644 0.0006066475762054324
v -0.001948827179148793 -0.030797459185123433 0.0005678044399246573
v -0.0015662733931094406 -0.031467597931623445 0.0006323972484096885
v -0.002923598978668451 -0.03467807918787001 0.0005316919414326549
v -0.0033947953488677736 -0.033687457442283616 0.00035450782161206007
v -0.0035694004036486144 -0.03474953025579451 0.00032933836337178946
v -0.0035694004036486144 -0.03474953025579451 0.00032933836337178946
v -0.0033947953488677736 -0.033687457442283616 0.00035450782161206007
v -0.003966642078012227 -0.03373513370752333 -3.167253089486621e-05
v -0.0035694004036486144 -0.03474953025579451 0.00032933836337178946
v -0.003966642078012227 -0.03373513370752333 -3.167253089486621e-05
v -0.004139756318181752 -0.03481251373887061 -5.010014501749538e-05
v -0.004139756318181752 -0.03481251373887061 -5.010014501749538e-05
v -0.003966642078012227 -0.03373513370752333 -3.167253089486621e-05
v -0.004442827776074409 -0.033770151436328874 -0.0005831677699461579
v -0.004139756318181752 -0.03481251373887061 -5.010014501749538e-05
v -0.004442827776074409 -0.033770151436328874 -0.0005831677699461579
v -0.004614459816366433 -0.03486421704292296 -0.0005953527288511395
v -0.004993903450667857 -0.0349045619368553 -0.0012527919607236981
v -0.004614459816366433 -0.03486421704292296 -0.0005953527288511395
v -0.004592598881572484 -0.03267332911491393 -0.0012554189888760448
v -0.004592598881572484 -0.03267332911491393 -0.0012554189888760448
v -0.004614459816366433 -0.03486421704292296 -0.0005953527288511395
v -0.004442827776074409 -0.033770151436328874 -0.0005831677699461579
v -0.004592598881572484 -0.03267332911491393 -0.0012554189888760448
v -0.004442827776074409 -0.033770151436328874 -0.0005831677699461579
v -0.00419881148263812 -0.032675661146640764 -0.0005936977686360478
v -0.00419881148263812 -0.032675661146640764 -0.0005936977686360478
v -0.004442827776074409 -0.033770151436328874 -0.0005831677699461579
v -0.003966642078012227 -0.03373513370752333 -3.167253089486621e-05
v -0.00419881148263812 -0.032675661146640764 -0.0005936977686360478
v -0.003966642078012227 -0.03373513370752333 -3.167253089486621e-05
v -0.0037180408835411067 -0.032666333019733415 -3.6432520573725924e-05
v -0.0037180408835411067 -0.032666333019733415 -3.6432520573725924e-05
v -0.003966642078012227 -0.03373513370752333 -3.167253089486621e-05
v -0.0033947953488677736 -0.033687457442283616 0.00035450782161206007
v -0.0037180408835411067 -0.032666333019733415 -3.6432520573725924e-05
v -0.0033947953488677736 -0.033687457442283616 0.00035450782161206007
v -0.0031530745327472682 -0.0326474793255329 0.0003612259170040488
v -0.0031530745327472682 -0.0326474793255329 0.0003612259170040488
v -0.0033947953488677736 -0.033687457442283616 0.00035450782161206007
v -0.002923598978668451 -0.03467807918787001 0.0005316919414326549
v -0.0031530745327472682 -0.0326474793255329 0.0003612259170040488
v -0.002923598978668451 -0.03467807918787001 0.0005316919414326549
v -0.0025303747970610853 -0.03267784789204596 0.000576562131755054
v -0.0025303747970610853 -0.03267784789204596 0.000576562131755054
v -0.002923598978668451 -0.03467807918787001 0.0005316919414326549
v -0.001908678328618407 -0.032815020531415925 0.0006322114495560527
v -0.004689584951847791 -0.030361322686076154 -0.002845744602382183
v -0.005102657712996005 -0.031977340579032884 -0.0028347517363727093
v -0.004903234541416167 -0.03266780450940131 -0.0019333685049787164
v -0.004903234541416167 -0.03266780450940131 -0.0019333685049787164
v -0.005102657712996005 -0.031977340579032884 -0.0028347517363727093
v -0.005245259031653403 -0.03266446292400359 -0.0028301815036684275
v -0.004903234541416167 -0.03266780450940131 -0.0019333685049787164
v -0.005245259031653403 -0.03266446292400359 -0.0028301815036684275
v -0.005492889788001775 -0.03495540842413901 -0.002504367846995592
v -0.005492889788001775 -0.03495540842413901 -0.002504367846995592
v -0.005245259031653403 -0.03266446292400359 -0.0028301815036684275
v -0.005482254084199666 -0.034068249166011796 -0.0028223369736224413
v -0.005492889788001775 -0.03495540842413901 -0.002504367846995592
v -0.005482254084199666 -0.034068249166011796 -0.0028223369736224413
v -0.005598118994385003 -0.034965977072715745 -0.0028191194869577885
v -0.002909328788518905 -0.026074405759572972 -0.0028602892998605967
v -0.0038291958626359697 -0.027952142059803 -0.0028576485347002745
v -0.002525432966649532 -0.02620224840939044 -0.001965712523087859
v -0.002525432966649532 -0.02620224840939044 -0.001965712523087859
v -0.0038291958626359697 -0.027952142059803 -0.0028576485347002745
v -0.0035177974496036764 -0.02824881486594676 -0.001960442401468754
v -0.002525432966649532 -0.02620224840939044 -0.001965712523087859
v -0.0035177974496036764 -0.02824881486594676 -0.001960442401468754
v -0.002344777807593345 -0.02628090977668761 -0.001606895704753697
v -0.002344777807593345 -0.02628090977668761 -0.001606895704753697
v -0.0035177974496036764 -0.02824881486594676 -0.001960442401468754
v -0.0031756234820932146 -0.028351126238703717 -0.0013337867567315698
v -0.002344777807593345 -0.02628090977668761 -0.001606895704753697
v -0.0031756234820932146 -0.028351126238703717 -0.0013337867567315698
v -0.0018150835530832408 -0.02654839865863322 -0.0007264130981639028
v -0.0018150835530832408 -0.02654839865863322 -0.0007264130981639028
v -0.0031756234820932146 -0.028351126238703717 -0.0013337867567315698
v -0.002753775799646973 -0.02848931960761546 -0.0007012319983914495
v -0.0018150835530832408 -0.02654839865863322 -0.0007264130981639028
v -0.002753775799646973 -0.02848931960761546 -0.0007012319983914495
v -0.0014809222193434832 -0.026739193126559247 -0.0002823221730068326
v -0.0014809222193434832 -0.026739193126559247 -0.0002823221730068326
v -0.002753775799646973 -0.02848931960761546 -0.0007012319983914495
v -0.002268387237563729 -0.028651870787143697 -0.00013828056398779154
v -0.0014809222193434832 -0.026739193126559247 -0.0002823221730068326
v -0.002268387237563729 -0.028651870787143697 -0.00013828056398779154
v -0.0009247326524928211 -0.02709318883717059 0.00028720253612846136
v -0.0009247326524928211 -0.02709318883717059 0.00028720253612846136
v -0.002268387237563729 -0.028651870787143697 -0.00013828056398779154
v -0.0017477887449786065 -0.028828831389546384 0.0002933064242824912
v -0.0009247326524928211 -0.02709318883717059 0.00028720253612846136
v -0.0017477887449786065 -0.028828831389546384 0.0002933064242824912
v -0.0007717884727753698 -0.02720241993665694 0.00040401832666248083
v -0.0007717884727753698 -0.02720241993665694 0.00040401832666248083
v -0.0017477887449786065 -0.028828831389546384 0.0002933064242824912
v -0.001254205824807286 -0.029043443500995626 0.000542459893040359
v -0.0007717884727753698 -0.02720241993665694 0.00040401832666248083
v -0.001254205824807286 -0.029043443500995626 0.000542459893040359
v -0.0005257815355435013 -0.027399685233831395 0.000543479691259563
v -0.0005257815355435013 -0.027399685233831395 0.000543479691259563
v -0.001254205824807286 -0.029043443500995626 0.000542459893040359
v -0.0003012158267665654 -0.027616873383522023 0.0005989110795781016
v -0.004554975777864455 -0.029917605221271504 -0.0028485276270657778
v -0.004689584951847791 -0.030361322686076154 -0.002845744602382183
v -0.0043083326891064635 -0.03041098080575465 -0.0019473036518320441
v -0.0043083326891064635 -0.03041098080575465 -0.0019473036518320441
v -0.004689584951847791 -0.030361322686076154 -0.002845744602382183
v -0.004903234541416167 -0.03266780450940131 -0.0019333685049787164
v -0.0043083326891064635 -0.03041098080575465 -0.0019473036518320441
v -0.004903234541416167 -0.03266780450940131 -0.0019333685049787164
v -0.003971246071159839 -0.030464977025985707 -0.0012945068301633
v -0.003971246071159839 -0.030464977025985707 -0.0012945068301633
v -0.004903234541416167 -0.03266780450940131 -0.0019333685049787164
v -0.004592598881572484 -0.03267332911491393 -0.0012554189888760448
v -0.003971246071159839 -0.030464977025985707 -0.0012945068301633
v -0.004592598881572484 -0.03267332911491393 -0.0012554189888760448
v -0.003552066627889871 -0.03053126484155654 -0.0006467985222116113
v -0.003552066627889871 -0.03053126484155654 -0.0006467985222116113
v -0.004592598881572484 -0.03267332911491393 -0.0012554189888760448
v -0.00419881148263812 -0.032675661146640764 -0.0005936977686360478
v -0.003552066627889871 -0.03053126484155654 -0.0006467985222116113
v -0.00419881148263812 -0.032675661146640764 -0.0005936977686360478
v -0.0030594822019338603 -0.03059896081686019 -8.488364255754277e-05
v -0.0030594822019338603 -0.03059896081686019 -8.488364255754277e-05
v -0.00419881148263812 -0.032675661146640764 -0.0005936977686360478
v -0.0037180408835411067 -0.032666333019733415 -3.6432520573725924e-05
v -0.0030594822019338603 -0.03059896081686019 -8.488364255754277e-05
v -0.0037180408835411067 -0.032666333019733415 -3.6432520573725924e-05
v -0.002510873600840568 -0.03066790848970412 0.0003328424645587802
v -0.002510873600840568 -0.03066790848970412 0.0003328424645587802
v -0.0037180408835411067 -0.032666333019733415 -3.6432520573725924e-05
v -0.0031530745327472682 -0.0326474793255329 0.0003612259170040488
v -0.002510873600840568 -0.03066790848970412 0.0003328424645587802
v -0.0031530745327472682 -0.0326474793255329 0.0003612259170040488
v -0.001948827179148793 -0.030797459185123433 0.0005678044399246573
v -0.001948827179148793 -0.030797459185123433 0.0005678044399246573
v -0.0031530745327472682 -0.0326474793255329 0.0003612259170040488
v -0.0025303747970610853 -0.03267784789204596 0.000576562131755054
v -0.001948827179148793 -0.030797459185123433 0.0005678044399246573
v -0.0025303747970610853 -0.03267784789204596 0.000576562131755054
v -0.0015662733931094406 -0.031467597931623445 0.0006323972484096885
v -0.0015662733931094406 -0.031467597931623445 0.0006323972484096885
v -0.0025303747970610853 -0.03267784789204596 0.000576562131755054
v -0.001908678328618407 -0.032815020531415925 0.0006322114495560527
v 0.0022282782010734077 -0.044741846621036516 -0.0027696702163666487
v 0.0028927130624651905 -0.0420510172843933 -0.0026820432394742966
v 0.002146877814084291 -0.04475201293826102 -0.0025132198352366686
v 0.002146877814084291 -0.04475201293826102 -0.0025132198352366686
v 0.0028927130624651905 -0.0420510172843933 -0.0026820432394742966
v 0.002764735138043761 -0.04207447171211241 -0.002320549450814724
v 0.002146877814084291 -0.04475201293826102 -0.0025132198352366686
v 0.002764735138043761 -0.04207447171211241 -0.002320549450814724
v 0.001973890699446201 -0.04477211460471152 -0.002140878001227975
v 0.001973890699446201 -0.04477211460471152 -0.002140878001227975
v 0.002764735138043761 -0.04207447171211241 -0.002320549450814724
v 0.002567892195656895 -0.04210254922509192 -0.001950326724909246
v 0.001973890699446201 -0.04477211460471152 -0.002140878001227975
v 0.002567892195656895 -0.04210254922509192 -0.001950326724909246
v 0.0022775027900934215 -0.0421367511153221 -0.0015859064878895879
v 6.826237950008361e-05 -0.04497732967138289 -0.0008423804538324475
v 0.0005937088862992822 -0.04492077231407164 -0.0010358673753216863
v 0.0007943763048388063 -0.04229206591844557 -0.0006132755661383271
v 0.0007943763048388063 -0.04229206591844557 -0.0006132755661383271
v 0.0005937088862992822 -0.04492077231407164 -0.0010358673753216863
v 0.0008034216589294373 -0.04489827156066893 -0.0011340175988152623
v 0.0007943763048388063 -0.04229206591844557 -0.0006132755661383271
v 0.0008034216589294373 -0.04489827156066893 -0.0011340175988152623
v 0.0013830561656504867 -0.04223077371716498 -0.000903092441149056
v 0.0013830561656504867 -0.04223077371716498 -0.000903092441149056
v 0.0008034216589294373 -0.04489827156066893 -0.0011340175988152623
v 0.0014445312554016707 -0.044829644262790666 -0.001541403471492231
v 0.0013830561656504867 -0.04223077371716498 -0.000903092441149056
v 0.0014445312554016707 -0.044829644262790666 -0.001541403471492231
v 0.0018817106029018758 -0.04217909276485442 -0.0012327480362728238
v 0.0018817106029018758 -0.04217909276485442 -0.0012327480362728238
v 0.0014445312554016707 -0.044829644262790666 -0.001541403471492231
v 0.0014527684543281791 -0.04482876136898993 -0.0015481180744245648
v 0.0018817106029018758 -0.04217909276485442 -0.0012327480362728238
v 0.0014527684543281791 -0.04482876136898993 -0.0015481180744245648
v 0.0017039130907505748 -0.04480174928903578 -0.001782259321771562
v 0.0007943763048388063 -0.04229206591844557 -0.0006132755661383271
v 0.0001347469224128872 -0.04236211627721785 -0.0003810400376096368
v 6.826237950008361e-05 -0.04497732967138289 -0.0008423804538324475
v 6.826237950008361e-05 -0.04497732967138289 -0.0008423804538324475
v 0.0001347469224128872 -0.04236211627721785 -0.0003810400376096368
v -0.0005746049573644995 -0.0424387715756893 -0.00022284418810158968
v 6.826237950008361e-05 -0.04497732967138289 -0.0008423804538324475
v -0.0005746049573644995 -0.0424387715756893 -0.00022284418810158968
v -0.0005072932690382003 -0.04503952339291571 -0.0007020436460152268
v -0.0004674871161114424 -0.039755444973707185 0.00012984906788915396
v -0.0005746049573644995 -0.0424387715756893 -0.00022284418810158968
v 0.0003471225500106811 -0.039667330682277666 -3.9824863051762804e-05
v 0.0003471225500106811 -0.039667330682277666 -3.9824863051762804e-05
v -0.0005746049573644995 -0.0424387715756893 -0.00022284418810158968
v 0.0001347469224128872 -0.04236211627721785 -0.0003810400376096368
v 0.0003471225500106811 -0.039667330682277666 -3.9824863051762804e-05
v 0.0001347469224128872 -0.04236211627721785 -0.0003810400376096368
v 0.0011062602279707787 -0.03958622366189955 -0.00029698305297642946
v 0.0011062602279707787 -0.03958622366189955 -0.00029698305297642946
v 0.0001347469224128872 -0.04236211627721785 -0.0003810400376096368
v 0.0007943763048388063 -0.04229206591844557 -0.0006132755661383271
v 0.0011062602279707787 -0.03958622366189955 -0.00029698305297642946
v 0.0007943763048388063 -0.04229206591844557 -0.0006132755661383271
v 0.001787572633475065 -0.03951424360275267 -0.0006232537562027574
v 0.001787572633475065 -0.03951424360275267 -0.0006232537562027574
v 0.0007943763048388063 -0.04229206591844557 -0.0006132755661383271
v 0.0013830561656504867 -0.04223077371716498 -0.000903092441149056
v 0.001787572633475065 -0.03951424360275267 -0.0006232537562027574
v 0.0013830561656504867 -0.04223077371716498 -0.000903092441149056
v 0.0023683162871748205 -0.03945260494947432 -0.000996656366623938
v 0.0023683162871748205 -0.03945260494947432 -0.000996656366623938
v 0.0013830561656504867 -0.04223077371716498 -0.000903092441149056
v 0.0018817106029018758 -0.04217909276485442 -0.0012327480362728238
v 0.0028312539216130968 -0.03940157219767569 -0.001395470811985433
v 0.0022775027900934215 -0.0421367511153221 -0.0015859064878895879
v 0.0031705240253359075 -0.0393603779375553 -0.001802103710360825
v 0.0031705240253359075 -0.0393603779375553 -0.001802103710360825
v 0.0022775027900934215 -0.0421367511153221 -0.0015859064878895879
v 0.002567892195656895 -0.04210254922509192 -0.001950326724909246
v 0.0031705240253359075 -0.0393603779375553 -0.001802103710360825
v 0.002567892195656895 -0.04210254922509192 -0.001950326724909246
v 0.0033975208643823858 -0.03932717815041541 -0.002206954872235656
v 0.0033975208643823858 -0.03932717815041541 -0.002206954872235656
v 0.002567892195656895 -0.04210254922509192 -0.001950326724909246
v 0.002764735138043761 -0.04207447171211241 -0.002320549450814724
v 0.0033975208643823858 -0.03932717815041541 -0.002206954872235656
v 0.002764735138043761 -0.04207447171211241 -0.002320549450814724
v 0.0035480808001011606 -0.03926751017570494 -0.0025916751474142075
v 0.0035480808001011606 -0.03926751017570494 -0.0025916751474142075
v 0.002764735138043761 -0.04207447171211241 -0.002320549450814724
v 0.0028927130624651905 -0.0420510172843933 -0.0026820432394742966
v -0.0002567225019447505 -0.03706092014908789 0.00035369570832699537
v -0.0004674871161114424 -0.039755444973707185 0.00012984906788915396
v 0.0006416005780920385 -0.03696374967694281 0.0001818909076973796
v 0.0006416005780920385 -0.03696374967694281 0.0001818909076973796
v -0.0004674871161114424 -0.039755444973707185 0.00012984906788915396
v 0.0003471225500106811 -0.039667330682277666 -3.9824863051762804e-05
v 0.0006416005780920385 -0.03696374967694281 0.0001818909076973796
v 0.0003471225500106811 -0.039667330682277666 -3.9824863051762804e-05
v 0.0014785883249714968 -0.036873277276754365 -8.744757360545918e-05
v 0.0014785883249714968 -0.036873277276754365 -8.744757360545918e-05
v 0.0003471225500106811 -0.039667330682277666 -3.9824863051762804e-05
v 0.0011062602279707787 -0.03958622366189955 -0.00029698305297642946
v 0.0014785883249714968 -0.036873277276754365 -8.744757360545918e-05
v 0.0011062602279707787 -0.03958622366189955 -0.00029698305297642946
v 0.002230182290077209 -0.03679168969392775 -0.0004354818956926465
v 0.002230182290077209 -0.03679168969392775 -0.0004354818956926465
v 0.0011062602279707787 -0.03958622366189955 -0.00029698305297642946
v 0.001787572633475065 -0.03951424360275267 -0.0006232537562027574
v 0.002230182290077209 -0.03679168969392775 -0.0004354818956926465
v 0.001787572633475065 -0.03951424360275267 -0.0006232537562027574
v 0.0028707974124699827 -0.03672099485993384 -0.00083664630074054
v 0.0028707974124699827 -0.03672099485993384 -0.00083664630074054
v 0.001787572633475065 -0.03951424360275267 -0.0006232537562027574
v 0.0023683162871748205 -0.03945260494947432 -0.000996656366623938
v 0.0028707974124699827 -0.03672099485993384 -0.00083664630074054
v 0.0023683162871748205 -0.03945260494947432 -0.000996656366623938
v 0.0028312539216130968 -0.03940157219767569 -0.001395470811985433
v 0.0028312539216130968 -0.03940157219767569 -0.001395470811985433
v 0.0023683162871748205 -0.03945260494947432 -0.000996656366623938
v 0.0018817106029018758 -0.04217909276485442 -0.0012327480362728238
v 0.0028312539216130968 -0.03940157219767569 -0.001395470811985433
v 0.0018817106029018758 -0.04217909276485442 -0.0012327480362728238
v 0.0022775027900934215 -0.0421367511153221 -0.0015859064878895879
v 0.0022775027900934215 -0.0421367511153221 -0.0015859064878895879
v 0.0018817106029018758 -0.04217909276485442 -0.0012327480362728238
v 0.0017039130907505748 -0.04480174928903578 -0.001782259321771562
v 0.0022775027900934215 -0.0421367511153221 -0.0015859064878895879
v 0.0017039130907505748 -0.04480174928903578 -0.001782259321771562
v 0.001973890699446201 -0.04477211460471152 -0.002140878001227975
v -9.999334906751754e-06 -0.0343625135719776 0.0004692821530625224
v -0.0002567225019447505 -0.03706092014908789 0.00035369570832699537
v 0.0009203546214848756 -0.034261893481016145 0.00030635844450443983
v 0.0009203546214848756 -0.034261893481016145 0.00030635844450443983
v -0.0002567225019447505 -0.03706092014908789 0.00035369570832699537
v 0.0006416005780920385 -0.03696374967694281 0.0001818909076973796
v 0.0009203546214848756 -0.034261893481016145 0.00030635844450443983
v 0.0006416005780920385 -0.03696374967694281 0.0001818909076973796
v 0.0018321053357794879 -0.034162398427724824 3.544090213836171e-05
v 0.0018321053357794879 -0.034162398427724824 3.544090213836171e-05
v 0.0006416005780920385 -0.03696374967694281 0.0001818909076973796
v 0.0014785883249714968 -0.036873277276754365 -8.744757360545918e-05
v 0.0018321053357794879 -0.034162398427724824 3.544090213836171e-05
v 0.0014785883249714968 -0.036873277276754365 -8.744757360545918e-05
v 0.0026511808391660448 -0.034071426838636384 -0.0003213906893506646
v 0.0026511808391660448 -0.034071426838636384 -0.0003213906893506646
v 0.0014785883249714968 -0.036873277276754365 -8.744757360545918e-05
v 0.002230182290077209 -0.03679168969392775 -0.0004354818956926465
v 0.0026511808391660448 -0.034071426838636384 -0.0003213906893506646
v 0.002230182290077209 -0.03679168969392775 -0.0004354818956926465
v 0.0033485032618045803 -0.033991839736700044 -0.0007364872144535184
v 0.0033485032618045803 -0.033991839736700044 -0.0007364872144535184
v 0.002230182290077209 -0.03679168969392775 -0.0004354818956926465
v 0.0028707974124699827 -0.03672099485993384 -0.00083664630074054
v 0.0033485032618045803 -0.033991839736700044 -0.0007364872144535184
v 0.0028707974124699827 -0.03672099485993384 -0.00083664630074054
v 0.0039006257429718967 -0.03392624482512473 -0.0011781438952311873
v 0.0039006257429718967 -0.03392624482512473 -0.0011781438952311873
v 0.0028707974124699827 -0.03672099485993384 -0.00083664630074054
v 0.0028312539216130968 -0.03940157219767569 -0.001395470811985433
v 0.0039006257429718967 -0.03392624482512473 -0.0011781438952311873
v 0.0028312539216130968 -0.03940157219767569 -0.001395470811985433
v 0.004298034589737653 -0.033876039087772356 -0.0016177349025383592
v 0.004298034589737653 -0.033876039087772356 -0.0016177349025383592
v 0.0028312539216130968 -0.03940157219767569 -0.001395470811985433
v 0.0031705240253359075 -0.0393603779375553 -0.001802103710360825
v 0.004298034589737653 -0.033876039087772356 -0.0016177349025383592
v 0.0031705240253359075 -0.0393603779375553 -0.001802103710360825
v 0.004553454928100108 -0.03384050354361533 -0.0020368469413369894
v 0.004553454928100108 -0.03384050354361533 -0.0020368469413369894
v 0.0031705240253359075 -0.0393603779375553 -0.001802103710360825
v 0.0033975208643823858 -0.03932717815041541 -0.002206954872235656
v 0.004553454928100108 -0.03384050354361533 -0.0020368469413369894
v 0.0033975208643823858 -0.03932717815041541 -0.002206954872235656
v 0.004703866783529519 -0.03381692618131636 -0.0024158114101737738
v 0.004703866783529519 -0.03381692618131636 -0.0024158114101737738
v 0.0033975208643823858 -0.03932717815041541 -0.002206954872235656
v 0.0035480808001011606 -0.03926751017570494 -0.0025916751474142075
v 0.0022282863501459356 -0.04474180564284323 -0.007230339106172323
v 0.00349085871130228 -0.03951752185821532 -0.0074002305045723915
v 0.003755800891667604 -0.0394839011132717 -0.006221719551831484
v 0.0028927130624651905 -0.0420510172843933 -0.0026820432394742966
v 0.0022282782010734077 -0.044741846621036516 -0.0027696702163666487
v 0.0022726831957697864 -0.04522682353854178 -0.0035337405279278755
v 0.0022726831957697864 -0.04522682353854178 -0.0035337405279278755
v 0.0022282782010734077 -0.044741846621036516 -0.0027696702163666487
v 0.002207879908382892 -0.044826596975326524 -0.0027756565250456333
v 0.0022726831957697864 -0.04522682353854178 -0.0035337405279278755
v 0.002207879908382892 -0.044826596975326524 -0.0027756565250456333
v 0.0022178820800036188 -0.0452323444187641 -0.0032541200052946806
v 0.0022178820800036188 -0.0452323444187641 -0.0032541200052946806
v 0.002207879908382892 -0.044826596975326524 -0.0027756565250456333
v 0.002190770814195275 -0.04491510242223738 -0.0027973013930022717
v 0.002190770814195275 -0.04491510242223738 -0.0027973013930022717
v 0.002175068017095327 -0.04506294429302214 -0.0028829413931816816
v 0.0022178820800036188 -0.0452323444187641 -0.0032541200052946806
v 0.0022178820800036188 -0.0452323444187641 -0.0032541200052946806
v 0.002175068017095327 -0.04506294429302214 -0.0028829413931816816
v 0.002174116903916001 -0.045097813010215745 -0.002914506709203124
v 0.0022178820800036188 -0.0452323444187641 -0.0032541200052946806
v 0.002174116903916001 -0.045097813010215745 -0.002914506709203124
v 0.002182564232498407 -0.04519850388169287 -0.003055706387385726
v 0.0023254707921296354 -0.04522151127457617 -0.006126909516751766
v 0.002217889297753572 -0.0452323444187641 -0.006745851598680019
v 0.00221446412615478 -0.045041408389806734 -0.006982375402003527
v 0.002226480515673756 -0.04474899917840956 -0.0072301048785448074
v 0.0023254707921296354 -0.04522151127457617 -0.006126909516751766
v 0.002202558564022183 -0.04485139250755309 -0.007220230530947447
v 0.002202558564022183 -0.04485139250755309 -0.007220230530947447
v 0.0023254707921296354 -0.04522151127457617 -0.006126909516751766
v 0.00221446412615478 -0.045041408389806734 -0.006982375402003527
v 0.002202558564022183 -0.04485139250755309 -0.007220230530947447
v 0.00221446412615478 -0.045041408389806734 -0.006982375402003527
v 0.0021903945598751302 -0.04491737857460974 -0.0072018783539533615
v 0.0021903945598751302 -0.04491737857460974 -0.0072018783539533615
v 0.00221446412615478 -0.045041408389806734 -0.006982375402003527
v 0.002175580011680722 -0.04505265131592749 -0.00712538743391633
v 0.002217889297753572 -0.0452323444187641 -0.006745851598680019
v 0.002181734889745712 -0.04519512504339217 -0.006951519288122654
v 0.00221446412615478 -0.045041408389806734 -0.006982375402003527
v 0.00221446412615478 -0.045041408389806734 -0.006982375402003527
v 0.002181734889745712 -0.04519512504339217 -0.006951519288122654
v 0.0021741345990449186 -0.04509593918919562 -0.007087344769388437
v 0.00221446412615478 -0.045041408389806734 -0.006982375402003527
v 0.0021741345990449186 -0.04509593918919562 -0.007087344769388437
v 0.002175580011680722 -0.04505265131592749 -0.00712538743391633
v 0.00349085871130228 -0.03951752185821532 -0.0074002305045723915
v 0.004703866783529519 -0.03381692618131636 -0.007584196515381336
v 0.003755800891667604 -0.0394839011132717 -0.006221719551831484
v 0.003755800891667604 -0.0394839011132717 -0.006221719551831484
v 0.004703866783529519 -0.03381692618131636 -0.007584196515381336
v 0.005012182518839835 -0.03376677632331847 -0.0063153584487736225
v 0.003755800891667604 -0.0394839011132717 -0.006221719551831484
v 0.005012182518839835 -0.03376677632331847 -0.0063153584487736225
v 0.0038434946909546848 -0.03947278112173079 -0.005014405585825443
v 0.0038434946909546848 -0.03947278112173079 -0.005014405585825443
v 0.005012182518839835 -0.03376677632331847 -0.0063153584487736225
v 0.005113417748361825 -0.033750310540199266 -0.00501550966873765
v 0.0038434946909546848 -0.03947278112173079 -0.005014405585825443
v 0.005113417748361825 -0.033750310540199266 -0.00501550966873765
v 0.003759946674108505 -0.039483379572629915 -0.0038070916198194027
v 0.003759946674108505 -0.039483379572629915 -0.0038070916198194027
v 0.005113417748361825 -0.033750310540199266 -0.00501550966873765
v 0.005016977433115243 -0.03376599401235579 -0.003715662518516183
v 0.003759946674108505 -0.039483379572629915 -0.0038070916198194027
v 0.005016977433115243 -0.03376599401235579 -0.003715662518516183
v 0.0035480808001011606 -0.03926751017570494 -0.0025916751474142075
v 0.0035480808001011606 -0.03926751017570494 -0.0025916751474142075
v 0.005016977433115243 -0.03376599401235579 -0.003715662518516183
v 0.004703866783529519 -0.03381692618131636 -0.0024158114101737738
v 0.002226480515673756 -0.04474899917840956 -0.0072301048785448074
v 0.0022282863501459356 -0.04474180564284323 -0.007230339106172323
v 0.0023254707921296354 -0.04522151127457617 -0.006126909516751766
v 0.0023254707921296354 -0.04522151127457617 -0.006126909516751766
v 0.0022282863501459356 -0.04474180564284323 -0.007230339106172323
v 0.003755800891667604 -0.0394839011132717 -0.006221719551831484
v 0.0023254707921296354 -0.04522151127457617 -0.006126909516751766
v 0.003755800891667604 -0.0394839011132717 -0.006221719551831484
v 0.0024000883568078275 -0.04521398991346358 -0.004999969154596329
v 0.0024000883568078275 -0.04521398991346358 -0.004999969154596329
v 0.003755800891667604 -0.0394839011132717 -0.006221719551831484
v 0.0038434946909546848 -0.03947278112173079 -0.005014405585825443
v 0.0024000883568078275 -0.04521398991346358 -0.004999969154596329
v 0.0038434946909546848 -0.03947278112173079 -0.005014405585825443
v 0.002328987699002027 -0.04522115737199782 -0.0038996662478893995
v 0.002328987699002027 -0.04522115737199782 -0.0038996662478893995
v 0.0038434946909546848 -0.03947278112173079 -0.005014405585825443
v 0.003759946674108505 -0.039483379572629915 -0.0038070916198194027
v 0.002328987699002027 -0.04522115737199782 -0.0038996662478893995
v 0.003759946674108505 -0.039483379572629915 -0.0038070916198194027
v 0.0022726831957697864 -0.04522682353854178 -0.0035337405279278755
v 0.0022726831957697864 -0.04522682353854178 -0.0035337405279278755
v 0.003759946674108505 -0.039483379572629915 -0.0038070916198194027
v 0.0035480808001011606 -0.03926751017570494 -0.0025916751474142075
v 0.0022726831957697864 -0.04522682353854178 -0.0035337405279278755
v 0.0035480808001011606 -0.03926751017570494 -0.0025916751474142075
v 0.0028927130624651905 -0.0420510172843933 -0.0026820432394742966
v 0.002570095937699079 -0.04205461218953131 -0.008065911941230297
v 0.003167524235323071 -0.03932895511388777 -0.008213977329432964
v 0.003397281980141997 -0.03929565474390982 -0.007811135612428188
v 0.00349085871130228 -0.03951752185821532 -0.0074002305045723915
v 0.0022282863501459356 -0.04474180564284323 -0.007230339106172323
v 0.003397281980141997 -0.03929565474390982 -0.007811135612428188
v 0.003397281980141997 -0.03929565474390982 -0.007811135612428188
v 0.0022282863501459356 -0.04474180564284323 -0.007230339106172323
v 0.002119828481227159 -0.04475525021553038 -0.007558582816272974
v 0.003397281980141997 -0.03929565474390982 -0.007811135612428188
v 0.002119828481227159 -0.04475525021553038 -0.007558582816272974
v 0.002570095937699079 -0.04205461218953131 -0.008065911941230297
v 0.002570095937699079 -0.04205461218953131 -0.008065911941230297
v 0.002119828481227159 -0.04475525021553038 -0.007558582816272974
v 0.001971714664250612 -0.04477234929800032 -0.007862803526222706
v 0.002570095937699079 -0.04205461218953131 -0.008065911941230297
v 0.001971714664250612 -0.04477234929800032 -0.007862803526222706
v 0.0018985288916155694 -0.044780503958463655 -0.007976826280355453
v 0.0005816993652842938 -0.04492206126451491 -0.008969362825155258
v 0.00013331581430975345 -0.04231442883610724 -0.009627391584217548
v 0.0005937088862992822 -0.04492077231407164 -0.00896414089947939
v 0.0005937088862992822 -0.04492077231407164 -0.00896414089947939
v 0.00013331581430975345 -0.04231442883610724 -0.009627391584217548
v 0.000791583559475839 -0.04224451258778571 -0.009396566078066826
v 0.0005937088862992822 -0.04492077231407164 -0.00896414089947939
v 0.000791583559475839 -0.04224451258778571 -0.009396566078066826
v 0.0010582191171124575 -0.0448709838092327 -0.008726658299565315
v 0.0010582191171124575 -0.0448709838092327 -0.008726658299565315
v 0.000791583559475839 -0.04224451258778571 -0.009396566078066826
v 0.001379875582642853 -0.0421832501888275 -0.009108412079513073
v 0.0010582191171124575 -0.0448709838092327 -0.008726658299565315
v 0.001379875582642853 -0.0421832501888275 -0.009108412079513073
v 0.0011839673388749359 -0.04485753178596495 -0.00864812545478344
v -0.0005740466294810175 -0.042390905320644365 -0.009784691035747528
v -0.0004654293588828295 -0.039723351597785936 -0.01013325247913599
v 0.00013331581430975345 -0.04231442883610724 -0.009627391584217548
v 0.00013331581430975345 -0.04231442883610724 -0.009627391584217548
v -0.0004654293588828295 -0.039723351597785936 -0.01013325247913599
v 0.00034556796890683467 -0.03963560983538626 -0.009964792989194393
v 0.00013331581430975345 -0.04231442883610724 -0.009627391584217548
v 0.00034556796890683467 -0.03963560983538626 -0.009964792989194393
v 0.000791583559475839 -0.04224451258778571 -0.009396566078066826
v 0.000791583559475839 -0.04224451258778571 -0.009396566078066826
v 0.00034556796890683467 -0.03963560983538626 -0.009964792989194393
v 0.001101805013604462 -0.03955478966236113 -0.00970965065062046
v 0.000791583559475839 -0.04224451258778571 -0.009396566078066826
v 0.001101805013604462 -0.03955478966236113 -0.00970965065062046
v 0.001379875582642853 -0.0421832501888275 -0.009108412079513073
v 0.001379875582642853 -0.0421832501888275 -0.009108412079513073
v 0.001101805013604462 -0.03955478966236113 -0.00970965065062046
v 0.0017813360318541525 -0.039482966065406785 -0.009385842829942703
v 0.001379875582642853 -0.0421832501888275 -0.009108412079513073
v 0.0017813360318541525 -0.039482966065406785 -0.009385842829942703
v 0.0018793176859617231 -0.04213148728013037 -0.008780441246926785
v 0.0018793176859617231 -0.04213148728013037 -0.008780441246926785
v 0.0017813360318541525 -0.039482966065406785 -0.009385842829942703
v 0.0023617309052497144 -0.03942136839032172 -0.009014987386763096
v 0.0018793176859617231 -0.04213148728013037 -0.008780441246926785
v 0.0023617309052497144 -0.03942136839032172 -0.009014987386763096
v 0.002277021529152989 -0.042088996618986116 -0.008428853936493397
v 0.002277021529152989 -0.042088996618986116 -0.008428853936493397
v 0.0023617309052497144 -0.03942136839032172 -0.009014987386763096
v 0.0028258524835109706 -0.03937026485800742 -0.008618528954684734
v -0.00025530339917168016 -0.037044830620288835 -0.010354691185057163
v -9.999334906751754e-06 -0.0343625135719776 -0.010469290427863598
v 0.0006382795982062816 -0.03694816306233405 -0.010184219107031822
v 0.0006382795982062816 -0.03694816306233405 -0.010184219107031822
v -9.999334906751754e-06 -0.0343625135719776 -0.010469290427863598
v 0.0009147340897470712 -0.03426250815391539 -0.010307676158845425
v 0.0006382795982062816 -0.03694816306233405 -0.010184219107031822
v 0.0009147340897470712 -0.03426250815391539 -0.010307676158845425
v 0.001471345662139356 -0.03685810789465903 -0.009917235933244228
v 0.001471345662139356 -0.03685810789465903 -0.009917235933244228
v 0.0009147340897470712 -0.03426250815391539 -0.010307676158845425
v 0.0018217719625681637 -0.034163538366556154 -0.010039211250841618
v 0.001471345662139356 -0.03685810789465903 -0.009917235933244228
v 0.0018217719625681637 -0.034163538366556154 -0.010039211250841618
v 0.0022202963009476657 -0.036776810884475694 -0.009572166018188
v 0.0022202963009476657 -0.036776810884475694 -0.009572166018188
v 0.0018217719625681637 -0.034163538366556154 -0.010039211250841618
v 0.002637594239786267 -0.03407295793294905 -0.00968556571751833
v 0.0022202963009476657 -0.036776810884475694 -0.009572166018188
v 0.002637594239786267 -0.03407295793294905 -0.00968556571751833
v 0.0028599575161933895 -0.03670624271035193 -0.009174087084829807
v 0.0028599575161933895 -0.03670624271035193 -0.009174087084829807
v 0.002637594239786267 -0.03407295793294905 -0.00968556571751833
v 0.003333575557917356 -0.03399357572197913 -0.009273798204958439
v 0.0028599575161933895 -0.03670624271035193 -0.009174087084829807
v 0.003333575557917356 -0.03399357572197913 -0.009273798204958439
v 0.003886477323248982 -0.03392797335982321 -0.008835051208734512
v -0.0005072932690382003 -0.04503952339291571 -0.009297964163124561
v -0.0005740466294810175 -0.042390905320644365 -0.009784691035747528
v 3.9760532672516995e-05 -0.04498040676116942 -0.009166236035525799
v 3.9760532672516995e-05 -0.04498040676116942 -0.009166236035525799
v -0.0005740466294810175 -0.042390905320644365 -0.009784691035747528
v 0.00013331581430975345 -0.04231442883610724 -0.009627391584217548
v 3.9760532672516995e-05 -0.04498040676116942 -0.009166236035525799
v 0.00013331581430975345 -0.04231442883610724 -0.009627391584217548
v 6.493658293038605e-05 -0.04497769474983214 -0.009158642031252384
v 6.493658293038605e-05 -0.04497769474983214 -0.009158642031252384
v 0.00013331581430975345 -0.04231442883610724 -0.009627391584217548
v 0.0005816993652842938 -0.04492206126451491 -0.008969362825155258
v 0.0011839673388749359 -0.04485753178596495 -0.00864812545478344
v 0.001379875582642853 -0.0421832501888275 -0.009108412079513073
v 0.0014445312554016707 -0.044829644262790666 -0.008458605036139488
v 0.0014445312554016707 -0.044829644262790666 -0.008458605036139488
v 0.001379875582642853 -0.0421832501888275 -0.009108412079513073
v 0.0018793176859617231 -0.04213148728013037 -0.008780441246926785
v 0.0014445312554016707 -0.044829644262790666 -0.008458605036139488
v 0.0018793176859617231 -0.04213148728013037 -0.008780441246926785
v 0.0018985288916155694 -0.044780503958463655 -0.007976826280355453
v 0.0018985288916155694 -0.044780503958463655 -0.007976826280355453
v 0.0018793176859617231 -0.04213148728013037 -0.008780441246926785
v 0.002277021529152989 -0.042088996618986116 -0.008428853936493397
v 0.0018985288916155694 -0.044780503958463655 -0.007976826280355453
v 0.002277021529152989 -0.042088996618986116 -0.008428853936493397
v 0.002570095937699079 -0.04205461218953131 -0.008065911941230297
v 0.002570095937699079 -0.04205461218953131 -0.008065911941230297
v 0.002277021529152989 -0.042088996618986116 -0.008428853936493397
v 0.0028258524835109706 -0.03937026485800742 -0.008618528954684734
v 0.002570095937699079 -0.04205461218953131 -0.008065911941230297
v 0.0028258524835109706 -0.03937026485800742 -0.008618528954684734
v 0.003167524235323071 -0.03932895511388777 -0.008213977329432964
v 0.004703866783529519 -0.03381692618131636 -0.007584196515381336
v 0.00349085871130228 -0.03951752185821532 -0.0074002305045723915
v 0.004545240662992 -0.033841721713542924 -0.007980061694979668
v 0.004545240662992 -0.033841721713542924 -0.007980061694979668
v 0.00349085871130228 -0.03951752185821532 -0.0074002305045723915
v 0.003397281980141997 -0.03929565474390982 -0.007811135612428188
v 0.004545240662992 -0.033841721713542924 -0.007980061694979668
v 0.003397281980141997 -0.03929565474390982 -0.007811135612428188
v 0.004286489915102719 -0.03387755528092383 -0.008397627621889114
v 0.004286489915102719 -0.03387755528092383 -0.008397627621889114
v 0.003397281980141997 -0.03929565474390982 -0.007811135612428188
v 0.003167524235323071 -0.03932895511388777 -0.008213977329432964
v 0.004286489915102719 -0.03387755528092383 -0.008397627621889114
v 0.003167524235323071 -0.03932895511388777 -0.008213977329432964
v 0.003886477323248982 -0.03392797335982321 -0.008835051208734512
v 0.003886477323248982 -0.03392797335982321 -0.008835051208734512
v 0.003167524235323071 -0.03932895511388777 -0.008213977329432964
v 0.0028258524835109706 -0.03937026485800742 -0.008618528954684734
v 0.003886477323248982 -0.03392797335982321 -0.008835051208734512
v 0.0028258524835109706 -0.03937026485800742 -0.008618528954684734
v 0.0028599575161933895 -0.03670624271035193 -0.009174087084829807
v 0.0028599575161933895 -0.03670624271035193 -0.009174087084829807
v 0.0028258524835109706 -0.03937026485800742 -0.008618528954684734
v 0.0023617309052497144 -0.03942136839032172 -0.009014987386763096
v 0.0028599575161933895 -0.03670624271035193 -0.009174087084829807
v 0.0023617309052497144 -0.03942136839032172 -0.009014987386763096
v 0.0022202963009476657 -0.036776810884475694 -0.009572166018188
v 0.0022202963009476657 -0.036776810884475694 -0.009572166018188
v 0.0023617309052497144 -0.03942136839032172 -0.009014987386763096
v 0.0017813360318541525 -0.039482966065406785 -0.009385842829942703
v 0.0022202963009476657 -0.036776810884475694 -0.009572166018188
v 0.0017813360318541525 -0.039482966065406785 -0.009385842829942703
v 0.001471345662139356 -0.03685810789465903 -0.009917235933244228
v 0.001471345662139356 -0.03685810789465903 -0.009917235933244228
v 0.0017813360318541525 -0.039482966065406785 -0.009385842829942703
v 0.001101805013604462 -0.03955478966236113 -0.00970965065062046
v 0.001471345662139356 -0.03685810789465903 -0.009917235933244228
v 0.001101805013604462 -0.03955478966236113 -0.00970965065062046
v 0.0006382795982062816 -0.03694816306233405 -0.010184219107031822
v 0.0006382795982062816 -0.03694816306233405 -0.010184219107031822
v 0.001101805013604462 -0.03955478966236113 -0.00970965065062046
v 0.00034556796890683467 -0.03963560983538626 -0.009964792989194393
v 0.0006382795982062816 -0.03694816306233405 -0.010184219107031822
v 0.00034556796890683467 -0.03963560983538626 -0.009964792989194393
v -0.00025530339917168016 -0.037044830620288835 -0.010354691185057163
v -0.00025530339917168016 -0.037044830620288835 -0.010354691185057163
v 0.00034556796890683467 -0.03963560983538626 -0.009964792989194393
v -0.0004654293588828295 -0.039723351597785936 -0.01013325247913599
v -0.0022563163656741376 -0.03460508957505225 -0.010592463426291943
v -0.0010450469562783835 -0.034474279731512056 -0.01055963896214962
v -0.0013573119649663565 -0.03716370835900305 -0.010454947128891945
v -0.0022563163656741376 -0.03460508957505225 -0.010592463426291943
v -0.0013573119649663565 -0.03716370835900305 -0.010454947128891945
v -0.002606646856293082 -0.03729876503348349 -0.01048409566283226
v -0.002606646856293082 -0.03729876503348349 -0.01048409566283226
v -0.0013573119649663565 -0.03716370835900305 -0.010454947128891945
v -0.0015588176902383564 -0.03984095156192778 -0.010246123187243938
v -0.002606646856293082 -0.03729876503348349 -0.01048409566283226
v -0.0015588176902383564 -0.03984095156192778 -0.010246123187243938
v -0.002770511200651526 -0.03994714468717574 -0.010278072208166122
v -0.002770511200651526 -0.03994714468717574 -0.010278072208166122
v -0.0015588176902383564 -0.03984095156192778 -0.010246123187243938
v -0.0016254374058917163 -0.0425034388899803 -0.009905004873871803
v -0.002770511200651526 -0.03994714468717574 -0.010278072208166122
v -0.0016254374058917163 -0.0425034388899803 -0.009905004873871803
v -0.0027682720683515068 -0.04261529445648192 -0.009931126609444618
v -0.0027682720683515068 -0.04261529445648192 -0.009931126609444618
v -0.0016254374058917163 -0.0425034388899803 -0.009905004873871803
v -0.0027050212956964965 -0.04396667331457137 -0.009693123400211334
v -0.0027050212956964965 -0.04396667331457137 -0.009693123400211334
v -0.0016254374058917163 -0.0425034388899803 -0.009905004873871803
v -0.00152193964459002 -0.04514913260936736 -0.009418326430022717
v -0.0027050212956964965 -0.04396667331457137 -0.009693123400211334
v -0.00152193964459002 -0.04514913260936736 -0.009418326430022717
v -0.002602077322080731 -0.04526573792099951 -0.009417148306965828
v -0.0010450469562783835 -0.034474279731512056 -0.01055963896214962
v -9.999334906751754e-06 -0.0343625135719776 -0.010469290427863598
v -0.0013573119649663565 -0.03716370835900305 -0.010454947128891945
v -0.0013573119649663565 -0.03716370835900305 -0.010454947128891945
v -9.999334906751754e-06 -0.0343625135719776 -0.010469290427863598
v -0.00025530339917168016 -0.037044830620288835 -0.010354691185057163
v -0.0013573119649663565 -0.03716370835900305 -0.010454947128891945
v -0.00025530339917168016 -0.037044830620288835 -0.010354691185057163
v -0.0015588176902383564 -0.03984095156192778 -0.010246123187243938
v -0.0015588176902383564 -0.03984095156192778 -0.010246123187243938
v -0.00025530339917168016 -0.037044830620288835 -0.010354691185057163
v -0.0004654293588828295 -0.039723351597785936 -0.01013325247913599
v -0.0015588176902383564 -0.03984095156192778 -0.010246123187243938
v -0.0004654293588828295 -0.039723351597785936 -0.01013325247913599
v -0.0016254374058917163 -0.0425034388899803 -0.009905004873871803
v -0.0016254374058917163 -0.0425034388899803 -0.009905004873871803
v -0.0004654293588828295 -0.039723351597785936 -0.01013325247913599
v -0.0005740466294810175 -0.042390905320644365 -0.009784691035747528
v -0.0016254374058917163 -0.0425034388899803 -0.009905004873871803
v -0.0005740466294810175 -0.042390905320644365 -0.009784691035747528
v -0.00152193964459002 -0.04514913260936736 -0.009418326430022717
v -0.00152193964459002 -0.04514913260936736 -0.009418326430022717
v -0.0005740466294810175 -0.042390905320644365 -0.009784691035747528
v -0.0005072932690382003 -0.04503952339291571 -0.009297964163124561
v -0.0014420787338167427 -0.031038366258144368 -0.01062818057835102
v -0.001908678328618407 -0.032815020531415925 -0.010632219724357128
v -0.0025303747970610853 -0.03267784789204596 -0.01057657040655613
v -0.005482262466102838 -0.0340682454407215 -0.007177685387432575
v -0.00524527346715331 -0.032664466649293886 -0.007169840857386589
v -0.004903234541416167 -0.03266780450940131 -0.008066639304161072
v -0.005102666094899177 -0.031977336853742586 -0.007165270857512951
v -0.00468959379941225 -0.030361317098140706 -0.00715427752584219
v -0.0043083326891064635 -0.03041098080575465 -0.0080527039244771
v -0.004554984159767627 -0.029917599633336057 -0.007151494733989239
v -0.003917648922652005 -0.028161970898509015 -0.007143035996705294
v -0.0035177974496036764 -0.02824881486594676 -0.008039564825594425
v -0.0035177974496036764 -0.02824881486594676 -0.008039564825594425
v -0.003917648922652005 -0.028161970898509015 -0.007143035996705294
v -0.0038292047102004285 -0.02795213647186755 -0.007142373826354742
v -0.0055981264449656 -0.034965980798006044 -0.007180900778621435
v -0.005482262466102838 -0.0340682454407215 -0.007177685387432575
v -0.005492889788001775 -0.03495540842413901 -0.0074956403113901615
v -0.005492889788001775 -0.03495540842413901 -0.0074956403113901615
v -0.005482262466102838 -0.0340682454407215 -0.007177685387432575
v -0.005037990864366292 -0.0349091663956642 -0.008655022829771042
v -0.00468959379941225 -0.030361317098140706 -0.00715427752584219
v -0.004554984159767627 -0.029917599633336057 -0.007151494733989239
v -0.0043083326891064635 -0.03041098080575465 -0.0080527039244771
v -0.0043083326891064635 -0.03041098080575465 -0.0080527039244771
v -0.004554984159767627 -0.029917599633336057 -0.007151494733989239
v -0.0035177974496036764 -0.02824881486594676 -0.008039564825594425
v -0.0043083326891064635 -0.03041098080575465 -0.0080527039244771
v -0.0035177974496036764 -0.02824881486594676 -0.008039564825594425
v -0.003971246071159839 -0.030464977025985707 -0.008705501444637775
v -0.003971246071159839 -0.030464977025985707 -0.008705501444637775
v -0.0035177974496036764 -0.02824881486594676 -0.008039564825594425
v -0.0031756234820932146 -0.028351126238703717 -0.008666221052408218
v -0.003971246071159839 -0.030464977025985707 -0.008705501444637775
v -0.0031756234820932146 -0.028351126238703717 -0.008666221052408218
v -0.003552066627889871 -0.03053126484155654 -0.009353209286928177
v -0.003552066627889871 -0.03053126484155654 -0.009353209286928177
v -0.0031756234820932146 -0.028351126238703717 -0.008666221052408218
v -0.002753775799646973 -0.02848931960761546 -0.009298775345087051
v -0.003552066627889871 -0.03053126484155654 -0.009353209286928177
v -0.002753775799646973 -0.02848931960761546 -0.009298775345087051
v -0.0030594835989177223 -0.03059895336627959 -0.009915124624967575
v -0.0030594835989177223 -0.03059895336627959 -0.009915124624967575
v -0.002753775799646973 -0.02848931960761546 -0.009298775345087051
v -0.002268387237563729 -0.028651870787143697 -0.009861727245151997
v -0.0030594835989177223 -0.03059895336627959 -0.009915124624967575
v -0.002268387237563729 -0.028651870787143697 -0.009861727245151997
v -0.002510873600840568 -0.03066790848970412 -0.010332850739359856
v -0.002510873600840568 -0.03066790848970412 -0.010332850739359856
v -0.002268387237563729 -0.028651870787143697 -0.009861727245151997
v -0.0017477887449786065 -0.028828831389546384 -0.01029331423342228
v -0.002510873600840568 -0.03066790848970412 -0.010332850739359856
v -0.0017477887449786065 -0.028828831389546384 -0.01029331423342228
v -0.001948827179148793 -0.030797459185123433 -0.010567812249064445
v -0.001948827179148793 -0.030797459185123433 -0.010567812249064445
v -0.0017477887449786065 -0.028828831389546384 -0.01029331423342228
v -0.001254205824807286 -0.029043443500995626 -0.010542468167841434
v -0.001948827179148793 -0.030797459185123433 -0.010567812249064445
v -0.001254205824807286 -0.029043443500995626 -0.010542468167841434
v -0.0013850239338353274 -0.03084891475737094 -0.010625927709043026
v -0.0013850239338353274 -0.03084891475737094 -0.010625927709043026
v -0.001254205824807286 -0.029043443500995626 -0.010542468167841434
v -0.0008734411094337701 -0.02930644154548644 -0.010606655851006508
v -0.005482262466102838 -0.0340682454407215 -0.007177685387432575
v -0.004903234541416167 -0.03266780450940131 -0.008066639304161072
v -0.005037990864366292 -0.0349091663956642 -0.008655022829771042
v -0.005037990864366292 -0.0349091663956642 -0.008655022829771042
v -0.004903234541416167 -0.03266780450940131 -0.008066639304161072
v -0.004592598881572484 -0.03267332911491393 -0.008744589053094387
v -0.005037990864366292 -0.0349091663956642 -0.008655022829771042
v -0.004592598881572484 -0.03267332911491393 -0.008744589053094387
v -0.004442827776074409 -0.033770151436328874 -0.00941684003919363
v -0.002923598978668451 -0.03467807918787001 -0.01053170021623373
v -0.002125919563695788 -0.03386444970965384 -0.010613561607897282
v -0.0027868612669408317 -0.03466301038861273 -0.01055352296680212
v -0.0027868612669408317 -0.03466301038861273 -0.01055352296680212
v -0.002125919563695788 -0.03386444970965384 -0.010613561607897282
v -0.0022563163656741376 -0.03460508957505225 -0.010592463426291943
v -0.003966649528592824 -0.03373513370752333 -0.00996833574026823
v -0.004420896992087363 -0.03484325855970381 -0.009658650495111942
v -0.004442827776074409 -0.033770151436328874 -0.00941684003919363
v -0.004442827776074409 -0.033770151436328874 -0.00941684003919363
v -0.004420896992087363 -0.03484325855970381 -0.009658650495111942
v -0.004614459816366433 -0.03486421704292296 -0.009404654614627361
v -0.004442827776074409 -0.033770151436328874 -0.00941684003919363
v -0.004614459816366433 -0.03486421704292296 -0.009404654614627361
v -0.005037990864366292 -0.0349091663956642 -0.008655022829771042
v -0.002923598978668451 -0.03467807918787001 -0.01053170021623373
v -0.0035694004036486144 -0.03474953025579451 -0.010329346172511578
v -0.0033947953488677736 -0.033687457442283616 -0.010354516096413136
v -0.0033947953488677736 -0.033687457442283616 -0.010354516096413136
v -0.0035694004036486144 -0.03474953025579451 -0.010329346172511578
v -0.0037022205069661136 -0.03476424142718314 -0.010261517949402332
v -0.0033947953488677736 -0.033687457442283616 -0.010354516096413136
v -0.0037022205069661136 -0.03476424142718314 -0.010261517949402332
v -0.003966649528592824 -0.03373513370752333 -0.00996833574026823
v -0.003966649528592824 -0.03373513370752333 -0.00996833574026823
v -0.0037022205069661136 -0.03476424142718314 -0.010261517949402332
v -0.004139756318181752 -0.03481251373887061 -0.009949907660484314
v -0.003966649528592824 -0.03373513370752333 -0.00996833574026823
v -0.004139756318181752 -0.03481251373887061 -0.009949907660484314
v -0.004420896992087363 -0.03484325855970381 -0.009658650495111942
v -0.004592598881572484 -0.03267332911491393 -0.008744589053094387
v -0.00419881148263812 -0.032675661146640764 -0.009406309574842453
v -0.004442827776074409 -0.033770151436328874 -0.00941684003919363
v -0.004442827776074409 -0.033770151436328874 -0.00941684003919363
v -0.00419881148263812 -0.032675661146640764 -0.009406309574842453
v -0.0037180408835411067 -0.032666333019733415 -0.00996357575058937
v -0.004442827776074409 -0.033770151436328874 -0.00941684003919363
v -0.0037180408835411067 -0.032666333019733415 -0.00996357575058937
v -0.003966649528592824 -0.03373513370752333 -0.00996833574026823
v -0.003966649528592824 -0.03373513370752333 -0.00996833574026823
v -0.0037180408835411067 -0.032666333019733415 -0.00996357575058937
v -0.0031530745327472682 -0.0326474793255329 -0.010361233726143837
v -0.003966649528592824 -0.03373513370752333 -0.00996833574026823
v -0.0031530745327472682 -0.0326474793255329 -0.010361233726143837
v -0.0033947953488677736 -0.033687457442283616 -0.010354516096413136
v -0.0033947953488677736 -0.033687457442283616 -0.010354516096413136
v -0.0031530745327472682 -0.0326474793255329 -0.010361233726143837
v -0.0025303747970610853 -0.03267784789204596 -0.01057657040655613
v -0.0033947953488677736 -0.033687457442283616 -0.010354516096413136
v -0.0025303747970610853 -0.03267784789204596 -0.01057657040655613
v -0.002923598978668451 -0.03467807918787001 -0.01053170021623373
v -0.002923598978668451 -0.03467807918787001 -0.01053170021623373
v -0.0025303747970610853 -0.03267784789204596 -0.01057657040655613
v -0.001908678328618407 -0.032815020531415925 -0.010632219724357128
v -0.002923598978668451 -0.03467807918787001 -0.01053170021623373
v -0.001908678328618407 -0.032815020531415925 -0.010632219724357128
v -0.002125919563695788 -0.03386444970965384 -0.010613561607897282
v -0.0002540908171795308 -0.027666550129652013 -0.01060129888355732
v -0.0008734411094337701 -0.02930644154548644 -0.010606655851006508
v -0.000644857296720147 -0.027300037443637837 -0.010484525933861732
v -0.000644857296720147 -0.027300037443637837 -0.010484525933861732
v -0.0008734411094337701 -0.02930644154548644 -0.010606655851006508
v -0.001254205824807286 -0.029043443500995626 -0.010542468167841434
v -0.000644857296720147 -0.027300037443637837 -0.010484525933861732
v -0.001254205824807286 -0.029043443500995626 -0.010542468167841434
v -0.0009403907461091875 -0.027082404121756543 -0.01027416717261076
v -0.0009403907461091875 -0.027082404121756543 -0.01027416717261076
v -0.001254205824807286 -0.029043443500995626 -0.010542468167841434
v -0.0017477887449786065 -0.028828831389546384 -0.01029331423342228
v -0.0009403907461091875 -0.027082404121756543 -0.01027416717261076
v -0.0017477887449786065 -0.028828831389546384 -0.01029331423342228
v -0.001284841098822653 -0.026858223602175702 -0.009942548349499702
v -0.001284841098822653 -0.026858223602175702 -0.009942548349499702
v -0.0017477887449786065 -0.028828831389546384 -0.01029331423342228
v -0.002268387237563729 -0.028651870787143697 -0.009861727245151997
v -0.001284841098822653 -0.026858223602175702 -0.009942548349499702
v -0.002268387237563729 -0.028651870787143697 -0.009861727245151997
v -0.0018251126166433094 -0.026542916893959035 -0.009259033016860485
v -0.0018251126166433094 -0.026542916893959035 -0.009259033016860485
v -0.002268387237563729 -0.028651870787143697 -0.009861727245151997
v -0.002753775799646973 -0.02848931960761546 -0.009298775345087051
v -0.0018251126166433094 -0.026542916893959035 -0.009259033016860485
v -0.002753775799646973 -0.02848931960761546 -0.009298775345087051
v -0.0021092235110700126 -0.026393890380859365 -0.008813847787678242
v -0.0021092235110700126 -0.026393890380859365 -0.008813847787678242
v -0.002753775799646973 -0.02848931960761546 -0.009298775345087051
v -0.0031756234820932146 -0.028351126238703717 -0.008666221052408218
v -0.0021092235110700126 -0.026393890380859365 -0.008813847787678242
v -0.0031756234820932146 -0.028351126238703717 -0.008666221052408218
v -0.0025287466123700138 -0.026200879365205754 -0.008027391508221626
v -0.0025287466123700138 -0.026200879365205754 -0.008027391508221626
v -0.0031756234820932146 -0.028351126238703717 -0.008666221052408218
v -0.0035177974496036764 -0.02824881486594676 -0.008039564825594425
v -0.0025287466123700138 -0.026200879365205754 -0.008027391508221626
v -0.0035177974496036764 -0.02824881486594676 -0.008039564825594425
v -0.002797966124489903 -0.02610255405306815 -0.007421751040965319
v -0.002797966124489903 -0.02610255405306815 -0.007421751040965319
v -0.0035177974496036764 -0.02824881486594676 -0.008039564825594425
v -0.0038292047102004285 -0.02795213647186755 -0.007142373826354742
v -0.002797966124489903 -0.02610255405306815 -0.007421751040965319
v -0.0038292047102004285 -0.02795213647186755 -0.007142373826354742
v -0.002909328788518905 -0.026074405759572972 -0.007139730732887983
v -0.00524527346715331 -0.032664466649293886 -0.007169840857386589
v -0.005102666094899177 -0.031977336853742586 -0.007165270857512951
v -0.004903234541416167 -0.03266780450940131 -0.008066639304161072
v -0.004903234541416167 -0.03266780450940131 -0.008066639304161072
v -0.005102666094899177 -0.031977336853742586 -0.007165270857512951
v -0.0043083326891064635 -0.03041098080575465 -0.0080527039244771
v -0.004903234541416167 -0.03266780450940131 -0.008066639304161072
v -0.0043083326891064635 -0.03041098080575465 -0.0080527039244771
v -0.004592598881572484 -0.03267332911491393 -0.008744589053094387
v -0.004592598881572484 -0.03267332911491393 -0.008744589053094387
v -0.0043083326891064635 -0.03041098080575465 -0.0080527039244771
v -0.003971246071159839 -0.030464977025985707 -0.008705501444637775
v -0.004592598881572484 -0.03267332911491393 -0.008744589053094387
v -0.003971246071159839 -0.030464977025985707 -0.008705501444637775
v -0.00419881148263812 -0.032675661146640764 -0.009406309574842453
v -0.00419881148263812 -0.032675661146640764 -0.009406309574842453
v -0.003971246071159839 -0.030464977025985707 -0.008705501444637775
v -0.003552066627889871 -0.03053126484155654 -0.009353209286928177
v -0.00419881148263812 -0.032675661146640764 -0.009406309574842453
v -0.003552066627889871 -0.03053126484155654 -0.009353209286928177
v -0.0037180408835411067 -0.032666333019733415 -0.00996357575058937
v -0.0037180408835411067 -0.032666333019733415 -0.00996357575058937
v -0.003552066627889871 -0.03053126484155654 -0.009353209286928177
v -0.0030594835989177223 -0.03059895336627959 -0.009915124624967575
v -0.0037180408835411067 -0.032666333019733415 -0.00996357575058937
v -0.0030594835989177223 -0.03059895336627959 -0.009915124624967575
v -0.0031530745327472682 -0.0326474793255329 -0.010361233726143837
v -0.0031530745327472682 -0.0326474793255329 -0.010361233726143837
v -0.0030594835989177223 -0.03059895336627959 -0.009915124624967575
v -0.002510873600840568 -0.03066790848970412 -0.010332850739359856
v -0.0031530745327472682 -0.0326474793255329 -0.010361233726143837
v -0.002510873600840568 -0.03066790848970412 -0.010332850739359856
v -0.0025303747970610853 -0.03267784789204596 -0.01057657040655613
v -0.0025303747970610853 -0.03267784789204596 -0.01057657040655613
v -0.002510873600840568 -0.03066790848970412 -0.010332850739359856
v -0.001948827179148793 -0.030797459185123433 -0.010567812249064445
v -0.0025303747970610853 -0.03267784789204596 -0.01057657040655613
v -0.001948827179148793 -0.030797459185123433 -0.010567812249064445
v -0.0014420787338167427 -0.031038366258144368 -0.01062818057835102
v -0.0014420787338167427 -0.031038366258144368 -0.01062818057835102
v -0.001948827179148793 -0.030797459185123433 -0.010567812249064445
v -0.0013850239338353274 -0.03084891475737094 -0.010625927709043026
v -0.003184586530551314 -0.026025632396340363 -0.0060096136294305325
v -0.0031691088806837793 -0.026028372347354882 -0.006116234697401524
v -0.004089099820703267 -0.027923710644245137 -0.0061181336641311646
v -0.005993236787617206 -0.04054009914398192 -0.004199831746518612
v -0.0059564528055489055 -0.040521290153264986 -0.0038837967440485954
v -0.006010751705616712 -0.037964526563882814 -0.0038695780094712973
v -0.0057223113253712645 -0.04040155187249182 -0.007139730732887983
v -0.006010759156197309 -0.037964526563882814 -0.006130453199148178
v -0.005791373085230588 -0.03788841143250464 -0.007174093276262283
v -0.005791373085230588 -0.03788841143250464 -0.007174093276262283
v -0.006010759156197309 -0.037964526563882814 -0.006130453199148178
v -0.005924566183239221 -0.03613505512475966 -0.006134016904979944
v -0.005791373085230588 -0.03788841143250464 -0.007174093276262283
v -0.005924566183239221 -0.03613505512475966 -0.006134016904979944
v -0.005705122370272874 -0.03608182445168494 -0.007181978784501553
v -0.005705122370272874 -0.03608182445168494 -0.007181978784501553
v -0.005924566183239221 -0.03613505512475966 -0.006134016904979944
v -0.0055981264449656 -0.034965980798006044 -0.007180900778621435
v -0.0055981264449656 -0.034965980798006044 -0.007180900778621435
v -0.005924566183239221 -0.03613505512475966 -0.006134016904979944
v -0.005710886325687169 -0.034098893404006944 -0.006132789887487888
v -0.0055981264449656 -0.034965980798006044 -0.007180900778621435
v -0.005710886325687169 -0.034098893404006944 -0.006132789887487888
v -0.005482262466102838 -0.0340682454407215 -0.007177685387432575
v -0.005482262466102838 -0.0340682454407215 -0.007177685387432575
v -0.005710886325687169 -0.034098893404006944 -0.006132789887487888
v -0.00524527346715331 -0.032664466649293886 -0.007169840857386589
v -0.00524527346715331 -0.032664466649293886 -0.007169840857386589
v -0.005710886325687169 -0.034098893404006944 -0.006132789887487888
v -0.0053450632840394965 -0.03198658302426337 -0.006128118839114904
v -0.00524527346715331 -0.032664466649293886 -0.007169840857386589
v -0.0053450632840394965 -0.03198658302426337 -0.006128118839114904
v -0.005102666094899177 -0.031977336853742586 -0.007165270857512951
v -0.005102666094899177 -0.031977336853742586 -0.007165270857512951
v -0.0053450632840394965 -0.03198658302426337 -0.006128118839114904
v -0.00468959379941225 -0.030361317098140706 -0.00715427752584219
v -0.00468959379941225 -0.030361317098140706 -0.00715427752584219
v -0.0053450632840394965 -0.03198658302426337 -0.006128118839114904
v -0.004809339065104722 -0.0299072004854679 -0.006122449412941933
v -0.00468959379941225 -0.030361317098140706 -0.00715427752584219
v -0.004809339065104722 -0.0299072004854679 -0.006122449412941933
v -0.004554984159767627 -0.029917599633336057 -0.007151494733989239
v -0.004554984159767627 -0.029917599633336057 -0.007151494733989239
v -0.004809339065104722 -0.0299072004854679 -0.006122449412941933
v -0.003917648922652005 -0.028161970898509015 -0.007143035996705294
v -0.003917648922652005 -0.028161970898509015 -0.007143035996705294
v -0.004809339065104722 -0.0299072004854679 -0.006122449412941933
v -0.004089099820703267 -0.027923710644245137 -0.0061181336641311646
v -0.003917648922652005 -0.028161970898509015 -0.007143035996705294
v -0.004089099820703267 -0.027923710644245137 -0.0061181336641311646
v -0.0038292047102004285 -0.02795213647186755 -0.007142373826354742
v -0.0038292047102004285 -0.02795213647186755 -0.007142373826354742
v -0.004089099820703267 -0.027923710644245137 -0.0061181336641311646
v -0.0031691088806837793 -0.026028372347354882 -0.006116234697401524
v -0.0038292047102004285 -0.02795213647186755 -0.007142373826354742
v -0.0031691088806837793 -0.026028372347354882 -0.006116234697401524
v -0.002909328788518905 -0.026074405759572972 -0.007139730732887983
v -0.006002490408718585 -0.04054482653737067 -0.005695638246834278
v -0.006030478980392217 -0.04055913910269736 -0.0050000157207250595
v -0.006078811362385749 -0.03798933327198027 -0.0050000157207250595
v -0.006078811362385749 -0.03798933327198027 -0.0050000157207250595
v -0.006030478980392217 -0.04055913910269736 -0.0050000157207250595
v -0.005993236787617206 -0.04054009914398192 -0.004199831746518612
v -0.0057223113253712645 -0.04040155187249182 -0.007139730732887983
v -0.00595645373687148 -0.04052128270268439 -0.006116234697401524
v -0.006010759156197309 -0.037964526563882814 -0.006130453199148178
v -0.006010759156197309 -0.037964526563882814 -0.006130453199148178
v -0.00595645373687148 -0.04052128270268439 -0.006116234697401524
v -0.005957354325801133 -0.040521748363971696 -0.006109725683927536
v -0.006010759156197309 -0.037964526563882814 -0.006130453199148178
v -0.005957354325801133 -0.040521748363971696 -0.006109725683927536
v -0.006002490408718585 -0.04054482653737067 -0.005695638246834278
v -0.005710886325687169 -0.034098893404006944 -0.0038672415539622307
v -0.005924564786255359 -0.03613506257534026 -0.003866014303639531
v -0.005705113988369702 -0.036081828176975236 -0.0028180431108921766
v -0.005705113988369702 -0.036081828176975236 -0.0028180431108921766
v -0.005924564786255359 -0.03613506257534026 -0.003866014303639531
v -0.006010751705616712 -0.037964526563882814 -0.0038695780094712973
v -0.005705113988369702 -0.036081828176975236 -0.0028180431108921766
v -0.006010751705616712 -0.037964526563882814 -0.0038695780094712973
v -0.00579135725274682 -0.03788841515779494 -0.0028259288519620895
v -0.00579135725274682 -0.03788841515779494 -0.0028259288519620895
v -0.006010751705616712 -0.037964526563882814 -0.0038695780094712973
v -0.0059564528055489055 -0.040521290153264986 -0.0038837967440485954
v -0.00579135725274682 -0.03788841515779494 -0.0028259288519620895
v -0.0059564528055489055 -0.040521290153264986 -0.0038837967440485954
v -0.005722302477806806 -0.04040155932307242 -0.0028602892998605967
v -0.005705113988369702 -0.036081828176975236 -0.0028180431108921766
v -0.005598118994385003 -0.034965977072715745 -0.0028191194869577885
v -0.005710886325687169 -0.034098893404006944 -0.0038672415539622307
v -0.005710886325687169 -0.034098893404006944 -0.0038672415539622307
v -0.005598118994385003 -0.034965977072715745 -0.0028191194869577885
v -0.005482254084199666 -0.034068249166011796 -0.0028223369736224413
v -0.005710886325687169 -0.034098893404006944 -0.0038672415539622307
v -0.005482254084199666 -0.034068249166011796 -0.0028223369736224413
v -0.005345061887055635 -0.031986590474843965 -0.003871913067996502
v -0.005482254084199666 -0.034068249166011796 -0.0028223369736224413
v -0.005245259031653403 -0.03266446292400359 -0.0028301815036684275
v -0.005345061887055635 -0.031986590474843965 -0.003871913067996502
v -0.005345061887055635 -0.031986590474843965 -0.003871913067996502
v -0.005245259031653403 -0.03266446292400359 -0.0028301815036684275
v -0.005102657712996005 -0.031977340579032884 -0.0028347517363727093
v -0.005345061887055635 -0.031986590474843965 -0.003871913067996502
v -0.005102657712996005 -0.031977340579032884 -0.0028347517363727093
v -0.004809330217540263 -0.029907207936048497 -0.0038775824941694736
v -0.005102657712996005 -0.031977340579032884 -0.0028347517363727093
v -0.004689584951847791 -0.030361322686076154 -0.002845744602382183
v -0.004809330217540263 -0.029907207936048497 -0.0038775824941694736
v -0.004809330217540263 -0.029907207936048497 -0.0038775824941694736
v -0.004689584951847791 -0.030361322686076154 -0.002845744602382183
v -0.004554975777864455 -0.029917605221271504 -0.0028485276270657778
v -0.004809330217540263 -0.029907207936048497 -0.0038775824941694736
v -0.004554975777864455 -0.029917605221271504 -0.0028485276270657778
v -0.004089099820703267 -0.027923710644245137 -0.0038818977773189545
v -0.005993236787617206 -0.04054009914398192 -0.004199831746518612
v -0.006010751705616712 -0.037964526563882814 -0.0038695780094712973
v -0.006078811362385749 -0.03798933327198027 -0.0050000157207250595
v -0.006078811362385749 -0.03798933327198027 -0.0050000157207250595
v -0.006010751705616712 -0.037964526563882814 -0.0038695780094712973
v -0.005924564786255359 -0.03613506257534026 -0.003866014303639531
v -0.006078811362385749 -0.03798933327198027 -0.0050000157207250595
v -0.005924564786255359 -0.03613506257534026 -0.003866014303639531
v -0.005991055630147456 -0.03615362942218779 -0.0050000157207250595
v -0.005991055630147456 -0.03615362942218779 -0.0050000157207250595
v -0.005924564786255359 -0.03613506257534026 -0.003866014303639531
v -0.005710886325687169 -0.034098893404006944 -0.0038672415539622307
v -0.005991055630147456 -0.03615362942218779 -0.0050000157207250595
v -0.005710886325687169 -0.034098893404006944 -0.0038672415539622307
v -0.005778904538601636 -0.03411126136779784 -0.0050000157207250595
v -0.005778904538601636 -0.03411126136779784 -0.0050000157207250595
v -0.005710886325687169 -0.034098893404006944 -0.0038672415539622307
v -0.005345061887055635 -0.031986590474843965 -0.003871913067996502
v -0.005778904538601636 -0.03411126136779784 -0.0050000157207250595
v -0.005345061887055635 -0.031986590474843965 -0.003871913067996502
v -0.005417007952928542 -0.031992550939321504 -0.0050000157207250595
v -0.005417007952928542 -0.031992550939321504 -0.0050000157207250595
v -0.005345061887055635 -0.031986590474843965 -0.003871913067996502
v -0.004809330217540263 -0.029907207936048497 -0.0038775824941694736
v -0.005417007952928542 -0.031992550939321504 -0.0050000157207250595
v -0.004809330217540263 -0.029907207936048497 -0.0038775824941694736
v -0.0048860027454793445 -0.02990640513598918 -0.0050000157207250595
v -0.0048860027454793445 -0.02990640513598918 -0.0050000157207250595
v -0.004809330217540263 -0.029907207936048497 -0.0038775824941694736
v -0.004089099820703267 -0.027923710644245137 -0.0038818977773189545
v -0.0048860027454793445 -0.02990640513598918 -0.0050000157207250595
v -0.004089099820703267 -0.027923710644245137 -0.0038818977773189545
v -0.004169520456343888 -0.027915900573134412 -0.0050000157207250595
v -0.006002490408718585 -0.04054482653737067 -0.005695638246834278
v -0.006078811362385749 -0.03798933327198027 -0.0050000157207250595
v -0.006010759156197309 -0.037964526563882814 -0.006130453199148178
v -0.006010759156197309 -0.037964526563882814 -0.006130453199148178
v -0.006078811362385749 -0.03798933327198027 -0.0050000157207250595
v -0.005991055630147456 -0.03615362942218779 -0.0050000157207250595
v -0.006010759156197309 -0.037964526563882814 -0.006130453199148178
v -0.005991055630147456 -0.03615362942218779 -0.0050000157207250595
v -0.005924566183239221 -0.03613505512475966 -0.006134016904979944
v -0.005924566183239221 -0.03613505512475966 -0.006134016904979944
v -0.005991055630147456 -0.03615362942218779 -0.0050000157207250595
v -0.005778904538601636 -0.03411126136779784 -0.0050000157207250595
v -0.005924566183239221 -0.03613505512475966 -0.006134016904979944
v -0.005778904538601636 -0.03411126136779784 -0.0050000157207250595
v -0.005710886325687169 -0.034098893404006944 -0.006132789887487888
v -0.005710886325687169 -0.034098893404006944 -0.006132789887487888
v -0.005778904538601636 -0.03411126136779784 -0.0050000157207250595
v -0.005417007952928542 -0.031992550939321504 -0.0050000157207250595
v -0.005710886325687169 -0.034098893404006944 -0.006132789887487888
v -0.005417007952928542 -0.031992550939321504 -0.0050000157207250595
v -0.0053450632840394965 -0.03198658302426337 -0.006128118839114904
v -0.0053450632840394965 -0.03198658302426337 -0.006128118839114904
v -0.005417007952928542 -0.031992550939321504 -0.0050000157207250595
v -0.0048860027454793445 -0.02990640513598918 -0.0050000157207250595
v -0.0053450632840394965 -0.03198658302426337 -0.006128118839114904
v -0.0048860027454793445 -0.02990640513598918 -0.0050000157207250595
v -0.004809339065104722 -0.0299072004854679 -0.006122449412941933
v -0.004809339065104722 -0.0299072004854679 -0.006122449412941933
v -0.0048860027454793445 -0.02990640513598918 -0.0050000157207250595
v -0.004169520456343888 -0.027915900573134412 -0.0050000157207250595
v -0.004809339065104722 -0.0299072004854679 -0.006122449412941933
v -0.004169520456343888 -0.027915900573134412 -0.0050000157207250595
v -0.004089099820703267 -0.027923710644245137 -0.0061181336641311646
v -0.002909328788518905 -0.026074405759572972 -0.0028602892998605967
v -0.0030935399699956174 -0.026041768491268148 -0.0034824851900339127
v -0.0038291958626359697 -0.027952142059803 -0.0028576485347002745
v -0.0038291958626359697 -0.027952142059803 -0.0028576485347002745
v -0.0030935399699956174 -0.026041768491268148 -0.0034824851900339127
v -0.004089099820703267 -0.027923710644245137 -0.0038818977773189545
v -0.0038291958626359697 -0.027952142059803 -0.0028576485347002745
v -0.004089099820703267 -0.027923710644245137 -0.0038818977773189545
v -0.0039176400750875464 -0.028161978349089612 -0.0028569865971803665
v -0.0039176400750875464 -0.028161978349089612 -0.0028569865971803665
v -0.004089099820703267 -0.027923710644245137 -0.0038818977773189545
v -0.004554975777864455 -0.029917605221271504 -0.0028485276270657778
v -0.0030935399699956174 -0.026041768491268148 -0.0034824851900339127
v -0.0031691074836999174 -0.02602837979793548 -0.0038837967440485954
v -0.004089099820703267 -0.027923710644245137 -0.0038818977773189545
v -0.004089099820703267 -0.027923710644245137 -0.0038818977773189545
v -0.0031691074836999174 -0.02602837979793548 -0.0038837967440485954
v -0.0032205947209149595 -0.026019254699349396 -0.004309013020247221
v -0.004089099820703267 -0.027923710644245137 -0.0038818977773189545
v -0.0032205947209149595 -0.026019254699349396 -0.004309013020247221
v -0.004169520456343888 -0.027915900573134412 -0.0050000157207250595
v -0.004169520456343888 -0.027915900573134412 -0.0050000157207250595
v -0.0032205947209149595 -0.026019254699349396 -0.004309013020247221
v -0.003247171407565474 -0.026014542207121842 -0.004746670369058847
v -0.004169520456343888 -0.027915900573134412 -0.0050000157207250595
v -0.003247171407565474 -0.026014542207121842 -0.004746670369058847
v -0.004089099820703267 -0.027923710644245137 -0.0061181336641311646
v -0.004089099820703267 -0.027923710644245137 -0.0061181336641311646
v -0.003247171407565474 -0.026014542207121842 -0.004746670369058847
v -0.00320968497544527 -0.026021184399724 -0.005802387371659279
v -0.004089099820703267 -0.027923710644245137 -0.0061181336641311646
v -0.00320968497544527 -0.026021184399724 -0.005802387371659279
v -0.003184586530551314 -0.026025632396340363 -0.0060096136294305325
v 0.0006389601039700209 -0.030777443200349797 0.0004996125353500247
v 0.0008840177324600517 -0.030053695663809766 0.0004963529063388705
v 3.0617673473898315e-05 -0.02980487048625945 0.0005855060881003737
v 3.0617673473898315e-05 -0.02980487048625945 0.0005855060881003737
v 0.0008840177324600517 -0.030053695663809766 0.0004963529063388705
v 0.001466359128244221 -0.028680207207798947 0.00048364640679210424
v 3.0617673473898315e-05 -0.02980487048625945 0.0005855060881003737
v 0.001466359128244221 -0.028680207207798947 0.00048364640679210424
v 0.0005504478467628359 -0.028311943635344495 0.0005840895464643836
v 0.0006389601039700209 -0.030777443200349797 0.0004996125353500247
v 3.0617673473898315e-05 -0.02980487048625945 0.0005855060881003737
v 0.0004207003803458064 -0.03156819567084311 0.0005007943836972117
v 0.0004207003803458064 -0.03156819567084311 0.0005007943836972117
v 3.0617673473898315e-05 -0.02980487048625945 0.0005855060881003737
v -0.00046251330059021706 -0.03139226883649825 0.0005911382613703609
v 0.0004207003803458064 -0.03156819567084311 0.0005007943836972117
v -0.00046251330059021706 -0.03139226883649825 0.0005911382613703609
v 0.00041615529335103924 -0.03158684447407721 0.0005007860017940402
v 0.00041615529335103924 -0.03158684447407721 0.0005007860017940402
v -0.00046251330059021706 -0.03139226883649825 0.0005911382613703609
v -0.0008128928602673112 -0.03298940137028693 0.0005856299540027976
v 0.00041615529335103924 -0.03158684447407721 0.0005007860017940402
v -0.0008128928602673112 -0.03298940137028693 0.0005856299540027976
v 0.0001280438445974141 -0.03311362117528914 0.0004923137603327632
v 0.0001280438445974141 -0.03311362117528914 0.0004923137603327632
v -0.0008128928602673112 -0.03298940137028693 0.0005856299540027976
v -0.0010450469562783835 -0.034474279731512056 0.0005596306873485446
v 0.0001280438445974141 -0.03311362117528914 0.0004923137603327632
v -0.0010450469562783835 -0.034474279731512056 0.0005596306873485446
v -9.999334906751754e-06 -0.0343625135719776 0.0004692821530625224
v -0.00042185763595625753 -0.029597623273730268 0.0006077996222302318
v -0.0008734411094337701 -0.02930644154548644 0.0006066475762054324
v -0.0009548693196848034 -0.03124350681900977 0.0006204101955518126
v -0.0009548693196848034 -0.03124350681900977 0.0006204101955518126
v -0.0008734411094337701 -0.02930644154548644 0.0006066475762054324
v -0.0015662733931094406 -0.031467597931623445 0.0006323972484096885
v -0.0009548693196848034 -0.03124350681900977 0.0006204101955518126
v -0.0015662733931094406 -0.031467597931623445 0.0006323972484096885
v -0.001908678328618407 -0.032815020531415925 0.0006322114495560527
v -0.00042185763595625753 -0.029597623273730268 0.0006077996222302318
v 0.00017778102483134714 -0.02806067280471324 0.000602798885665834
v -0.0008734411094337701 -0.02930644154548644 0.0006066475762054324
v -0.0008734411094337701 -0.02930644154548644 0.0006066475762054324
v 0.00017778102483134714 -0.02806067280471324 0.000602798885665834
v 0.00016761844744905827 -0.028052734211087216 0.0006030699005350471
v -0.0008734411094337701 -0.02930644154548644 0.0006066475762054324
v 0.00016761844744905827 -0.028052734211087216 0.0006030699005350471
v -0.0005555855459533631 -0.028443798422813405 0.0006013381062075496
v -0.0005555855459533631 -0.028443798422813405 0.0006013381062075496
v 0.00016761844744905827 -0.028052734211087216 0.0006030699005350471
v -0.0002540908171795308 -0.027666550129652013 0.0006012906087562442
v 0.0005504478467628359 -0.028311943635344495 0.0005840895464643836
v 0.00017778102483134714 -0.02806067280471324 0.000602798885665834
v 3.0617673473898315e-05 -0.02980487048625945 0.0005855060881003737
v 3.0617673473898315e-05 -0.02980487048625945 0.0005855060881003737
v 0.00017778102483134714 -0.02806067280471324 0.000602798885665834
v -0.00042185763595625753 -0.029597623273730268 0.0006077996222302318
v 3.0617673473898315e-05 -0.02980487048625945 0.0005855060881003737
v -0.00042185763595625753 -0.029597623273730268 0.0006077996222302318
v -0.00046251330059021706 -0.03139226883649825 0.0005911382613703609
v -0.00046251330059021706 -0.03139226883649825 0.0005911382613703609
v -0.00042185763595625753 -0.029597623273730268 0.0006077996222302318
v -0.0009548693196848034 -0.03124350681900977 0.0006204101955518126
v -0.00046251330059021706 -0.03139226883649825 0.0005911382613703609
v -0.0009548693196848034 -0.03124350681900977 0.0006204101955518126
v -0.0008128928602673112 -0.03298940137028693 0.0005856299540027976
v -0.0008128928602673112 -0.03298940137028693 0.0005856299540027976
v -0.0009548693196848034 -0.03124350681900977 0.0006204101955518126
v -0.001908678328618407 -0.032815020531415925 0.0006322114495560527
v -0.0008128928602673112 -0.03298940137028693 0.0005856299540027976
v -0.001908678328618407 -0.032815020531415925 0.0006322114495560527
v -0.0010450469562783835 -0.034474279731512056 0.0005596306873485446
v -0.0010450469562783835 -0.034474279731512056 0.0005596306873485446
v -0.001908678328618407 -0.032815020531415925 0.0006322114495560527
v -0.0022563163656741376 -0.03460508957505225 0.0005924556171521544
v -0.0003012158267665654 -0.027616873383522023 0.0005989110795781016
v -0.0002540908171795308 -0.027666550129652013 0.0006012906087562442
v 9.383507858728989e-05 -0.02660282887518405 0.0005888956366106868
v -0.0011702114716172216 -0.02473721653223037 -0.0007924513192847371
v -0.001398363150656223 -0.0255331452935934 -0.0007618215167894959
v -0.0010071998694911597 -0.025780811905860894 -0.00019946519751101732
v -0.0015549361705780027 -0.023613112047314637 -0.0020474912598729134
v -0.001863209414295852 -0.023498918861150735 -0.0028605915140360594
v -0.0020591111388057466 -0.024233136326074593 -0.00286052911542356
v -0.0005351752042770385 -0.024000028148293488 -0.00019498972687870264
v -0.0009899641154333947 -0.023827442899346345 -0.0008434077026322484
v -0.0011702114716172216 -0.02473721653223037 -0.0007924513192847371
v -0.0011702114716172216 -0.02473721653223037 -0.0007924513192847371
v -0.0009899641154333947 -0.023827442899346345 -0.0008434077026322484
v -0.0012622245121747253 -0.023723972961306565 -0.0013647567247971892
v -0.0011702114716172216 -0.02473721653223037 -0.0007924513192847371
v -0.0012622245121747253 -0.023723972961306565 -0.0013647567247971892
v -0.0017488737357780335 -0.024422926828265183 -0.002007600385695696
v -0.0011702114716172216 -0.02473721653223037 -0.0007924513192847371
v -0.0010071998694911597 -0.025780811905860894 -0.00019946519751101732
v -0.0005351752042770385 -0.024000028148293488 -0.00019498972687870264
v -0.0005351752042770385 -0.024000028148293488 -0.00019498972687870264
v -0.0010071998694911597 -0.025780811905860894 -0.00019946519751101732
v -0.0005900294054299592 -0.02605314552783965 0.00024812330957502127
v -0.0005351752042770385 -0.024000028148293488 -0.00019498972687870264
v -0.0005900294054299592 -0.02605314552783965 0.00024812330957502127
v -0.0002080192643916234 -0.024124039337038987 0.00013346306513994932
v -0.0002080192643916234 -0.024124039337038987 0.00013346306513994932
v -0.0005900294054299592 -0.02605314552783965 0.00024812330957502127
v -0.00019837310537695882 -0.026341501623392095 0.0005180485313758254
v -0.0002080192643916234 -0.024124039337038987 0.00013346306513994932
v -0.00019837310537695882 -0.026341501623392095 0.0005180485313758254
v 0.0001710727374302223 -0.024267967790365212 0.0003951838007196784
v 0.0001710727374302223 -0.024267967790365212 0.0003951838007196784
v -0.00019837310537695882 -0.026341501623392095 0.0005180485313758254
v 9.383507858728989e-05 -0.02660282887518405 0.0005888956366106868
v 0.0001710727374302223 -0.024267967790365212 0.0003951838007196784
v 9.383507858728989e-05 -0.02660282887518405 0.0005888956366106868
v 0.0005751883727498351 -0.024422725662589066 0.000528565957210958
v -0.0017488737357780335 -0.024422926828265183 -0.002007600385695696
v -0.0020080604590475555 -0.025148386135697358 -0.001988255651667714
v -0.0011702114716172216 -0.02473721653223037 -0.0007924513192847371
v -0.0011702114716172216 -0.02473721653223037 -0.0007924513192847371
v -0.0020080604590475555 -0.025148386135697358 -0.001988255651667714
v -0.001736316713504493 -0.02532058767974376 -0.001380542409606278
v -0.0011702114716172216 -0.02473721653223037 -0.0007924513192847371
v -0.001736316713504493 -0.02532058767974376 -0.001380542409606278
v -0.001398363150656223 -0.0255331452935934 -0.0007618215167894959
v -0.001398363150656223 -0.0255331452935934 -0.0007618215167894959
v -0.001736316713504493 -0.02532058767974376 -0.001380542409606278
v -0.0016245716251432893 -0.026140447705984105 -0.0007388378726318479
v -0.001398363150656223 -0.0255331452935934 -0.0007618215167894959
v -0.0016245716251432893 -0.026140447705984105 -0.0007388378726318479
v -0.0010071998694911597 -0.025780811905860894 -0.00019946519751101732
v -0.0010071998694911597 -0.025780811905860894 -0.00019946519751101732
v -0.0016245716251432893 -0.026140447705984105 -0.0007388378726318479
v -0.0012100402964279053 -0.026409735903143872 -0.00017154880333691835
v -0.0010071998694911597 -0.025780811905860894 -0.00019946519751101732
v -0.0012100402964279053 -0.026409735903143872 -0.00017154880333691835
v -0.0005900294054299592 -0.02605314552783965 0.00024812330957502127
v -0.0005900294054299592 -0.02605314552783965 0.00024812330957502127
v -0.0012100402964279053 -0.026409735903143872 -0.00017154880333691835
v -0.0007798656006343662 -0.026708772405982007 0.00027568067889660597
v -0.0005900294054299592 -0.02605314552783965 0.00024812330957502127
v -0.0007798656006343662 -0.026708772405982007 0.00027568067889660597
v -0.00019837310537695882 -0.026341501623392095 0.0005180485313758254
v -0.00019837310537695882 -0.026341501623392095 0.0005180485313758254
v -0.0007798656006343662 -0.026708772405982007 0.00027568067889660597
v -0.0003908209910150617 -0.027019357308745374 0.0005377948982641101
v -0.00019837310537695882 -0.026341501623392095 0.0005180485313758254
v -0.0003908209910150617 -0.027019357308745374 0.0005377948982641101
v 9.383507858728989e-05 -0.02660282887518405 0.0005888956366106868
v 9.383507858728989e-05 -0.02660282887518405 0.0005888956366106868
v -0.0003908209910150617 -0.027019357308745374 0.0005377948982641101
v -0.0005257815355435013 -0.027399685233831395 0.000543479691259563
v 9.383507858728989e-05 -0.02660282887518405 0.0005888956366106868
v -0.0005257815355435013 -0.027399685233831395 0.000543479691259563
v -0.0003012158267665654 -0.027616873383522023 0.0005989110795781016
v -0.0012622245121747253 -0.023723972961306565 -0.0013647567247971892
v -0.0015549361705780027 -0.023613112047314637 -0.0020474912598729134
v -0.0017488737357780335 -0.024422926828265183 -0.002007600385695696
v -0.0017488737357780335 -0.024422926828265183 -0.002007600385695696
v -0.0015549361705780027 -0.023613112047314637 -0.0020474912598729134
v -0.0020591111388057466 -0.024233136326074593 -0.00286052911542356
v -0.0017488737357780335 -0.024422926828265183 -0.002007600385695696
v -0.0020591111388057466 -0.024233136326074593 -0.00286052911542356
v -0.0020080604590475555 -0.025148386135697358 -0.001988255651667714
v -0.0020080604590475555 -0.025148386135697358 -0.001988255651667714
v -0.0020591111388057466 -0.024233136326074593 -0.00286052911542356
v -0.0022417546715587373 -0.024736264720559113 -0.002860483480617404
v -0.0020080604590475555 -0.025148386135697358 -0.001988255651667714
v -0.0022417546715587373 -0.024736264720559113 -0.002860483480617404
v -0.0023242223542183633 -0.024932779371738427 -0.002860464621335268
v -0.0023242223542183633 -0.024932779371738427 -0.002860464621335268
v -0.002909328788518905 -0.026074405759572972 -0.0028602892998605967
v -0.0020080604590475555 -0.025148386135697358 -0.001988255651667714
v -0.0020080604590475555 -0.025148386135697358 -0.001988255651667714
v -0.002909328788518905 -0.026074405759572972 -0.0028602892998605967
v -0.002525432966649532 -0.02620224840939044 -0.001965712523087859
v -0.0020080604590475555 -0.025148386135697358 -0.001988255651667714
v -0.002525432966649532 -0.02620224840939044 -0.001965712523087859
v -0.001736316713504493 -0.02532058767974376 -0.001380542409606278
v -0.001736316713504493 -0.02532058767974376 -0.001380542409606278
v -0.002525432966649532 -0.02620224840939044 -0.001965712523087859
v -0.002344777807593345 -0.02628090977668761 -0.001606895704753697
v -0.001736316713504493 -0.02532058767974376 -0.001380542409606278
v -0.002344777807593345 -0.02628090977668761 -0.001606895704753697
v -0.0016245716251432893 -0.026140447705984105 -0.0007388378726318479
v -0.0016245716251432893 -0.026140447705984105 -0.0007388378726318479
v -0.002344777807593345 -0.02628090977668761 -0.001606895704753697
v -0.0018150835530832408 -0.02654839865863322 -0.0007264130981639028
v -0.0016245716251432893 -0.026140447705984105 -0.0007388378726318479
v -0.0018150835530832408 -0.02654839865863322 -0.0007264130981639028
v -0.0012100402964279053 -0.026409735903143872 -0.00017154880333691835
v -0.0012100402964279053 -0.026409735903143872 -0.00017154880333691835
v -0.0018150835530832408 -0.02654839865863322 -0.0007264130981639028
v -0.0014809222193434832 -0.026739193126559247 -0.0002823221730068326
v -0.0012100402964279053 -0.026409735903143872 -0.00017154880333691835
v -0.0014809222193434832 -0.026739193126559247 -0.0002823221730068326
v -0.0007798656006343662 -0.026708772405982007 0.00027568067889660597
v -0.0007798656006343662 -0.026708772405982007 0.00027568067889660597
v -0.0014809222193434832 -0.026739193126559247 -0.0002823221730068326
v -0.0009247326524928211 -0.02709318883717059 0.00028720253612846136
v -0.0007798656006343662 -0.026708772405982007 0.00027568067889660597
v -0.0009247326524928211 -0.02709318883717059 0.00028720253612846136
v -0.0003908209910150617 -0.027019357308745374 0.0005377948982641101
v -0.0003908209910150617 -0.027019357308745374 0.0005377948982641101
v -0.0009247326524928211 -0.02709318883717059 0.00028720253612846136
v -0.0007717884727753698 -0.02720241993665694 0.00040401832666248083
v -0.0003908209910150617 -0.027019357308745374 0.0005377948982641101
v -0.0007717884727753698 -0.02720241993665694 0.00040401832666248083
v -0.0005257815355435013 -0.027399685233831395 0.000543479691259563
v 0.00041615529335103924 -0.03158684447407721 0.0005007860017940402
v 0.0001280438445974141 -0.03311362117528914 0.0004923137603327632
v 0.001049477490596473 -0.03307406231760977 0.00033510231878608465
v 0.0006389601039700209 -0.030777443200349797 0.0004996125353500247
v 0.0004207003803458064 -0.03156819567084311 0.0005007943836972117
v 0.0013067161198705433 -0.03163616731762885 0.0003558107418939471
v 0.0013067161198705433 -0.03163616731762885 0.0003558107418939471
v 0.0004207003803458064 -0.03156819567084311 0.0005007943836972117
v 0.00041615529335103924 -0.03158684447407721 0.0005007860017940402
v 0.001466359128244221 -0.028680207207798947 0.00048364640679210424
v 0.0008840177324600517 -0.030053695663809766 0.0004963529063388705
v 0.002573969075456261 -0.029001208022236814 0.0003028655191883445
v 0.002573969075456261 -0.029001208022236814 0.0003028655191883445
v 0.0008840177324600517 -0.030053695663809766 0.0004963529063388705
v 0.0017447749851271508 -0.030168550089001645 0.0003636017208918929
v 0.002573969075456261 -0.029001208022236814 0.0003028655191883445
v 0.0017447749851271508 -0.030168550089001645 0.0003636017208918929
v 0.00260521937161684 -0.030306249856948842 0.00016516854520887136
v 0.004009852185845374 -0.02939855493605136 -0.00012866698671132326
v 0.0031084280926734205 -0.029151733964681615 0.00017764221411198378
v 0.00260521937161684 -0.030306249856948842 0.00016516854520887136
v 0.00260521937161684 -0.030306249856948842 0.00016516854520887136
v 0.0031084280926734205 -0.029151733964681615 0.00017764221411198378
v 0.0030803086701780553 -0.029143886640667905 0.00018510257359594107
v 0.00260521937161684 -0.030306249856948842 0.00016516854520887136
v 0.0030803086701780553 -0.029143886640667905 0.00018510257359594107
v 0.002573969075456261 -0.029001208022236814 0.0003028655191883445
v 0.0046976995654404155 -0.030609913170337667 -0.0008472601184621453
v 0.004670771770179271 -0.029572414234280576 -0.00046926981303840876
v 0.004111255519092082 -0.03052970767021178 -0.0004461422795429826
v 0.004111255519092082 -0.03052970767021178 -0.0004461422795429826
v 0.004670771770179271 -0.029572414234280576 -0.00046926981303840876
v 0.004009852185845374 -0.02939855493605136 -0.00012866698671132326
v 0.004111255519092082 -0.03052970767021178 -0.0004461422795429826
v 0.004009852185845374 -0.02939855493605136 -0.00012866698671132326
v 0.003404615214094519 -0.03042786382138728 -0.00010542163363425061
v 0.003404615214094519 -0.03042786382138728 -0.00010542163363425061
v 0.004009852185845374 -0.02939855493605136 -0.00012866698671132326
v 0.00260521937161684 -0.030306249856948842 0.00016516854520887136
v 0.005862742196768521 -0.029855314642190923 -0.0017287236405536532
v 0.0058610900305211535 -0.029854968190193166 -0.0017255287384614348
v 0.005471204407513141 -0.030709225684404363 -0.0017904628766700625
v 0.005471204407513141 -0.030709225684404363 -0.0017904628766700625
v 0.0058610900305211535 -0.029854968190193166 -0.0017255287384614348
v 0.00556028913706541 -0.029789887368679036 -0.0012535693822428584
v 0.005471204407513141 -0.030709225684404363 -0.0017904628766700625
v 0.00556028913706541 -0.029789887368679036 -0.0012535693822428584
v 0.005149053875356912 -0.030668765306472768 -0.0012975417776033282
v 0.005149053875356912 -0.030668765306472768 -0.0012975417776033282
v 0.00556028913706541 -0.029789887368679036 -0.0012535693822428584
v 0.005092487670481204 -0.02967875823378562 -0.0007723198505118489
v 0.005149053875356912 -0.030668765306472768 -0.0012975417776033282
v 0.005092487670481204 -0.02967875823378562 -0.0007723198505118489
v 0.0046976995654404155 -0.030609913170337667 -0.0008472601184621453
v 0.0046976995654404155 -0.030609913170337667 -0.0008472601184621453
v 0.005092487670481204 -0.02967875823378562 -0.0007723198505118489
v 0.00508347013965249 -0.029676532372832288 -0.0007648380706086755
v 0.0046976995654404155 -0.030609913170337667 -0.0008472601184621453
v 0.00508347013965249 -0.029676532372832288 -0.0007648380706086755
v 0.004670771770179271 -0.029572414234280576 -0.00046926981303840876
v 0.004719626624137162 -0.03301770985126494 -0.001977846259251237
v 0.004883857909590005 -0.03300463035702704 -0.0023887029383331537
v 0.0052151880227029315 -0.03192324936389922 -0.0023492195177823305
v 0.006095221266150474 -0.029900884255766858 -0.002270642900839448
v 0.005862742196768521 -0.029855314642190923 -0.0017287236405536532
v 0.005689514335244893 -0.030736109241843213 -0.0023035069461911917
v 0.005689514335244893 -0.030736109241843213 -0.0023035069461911917
v 0.005862742196768521 -0.029855314642190923 -0.0017287236405536532
v 0.005471204407513141 -0.030709225684404363 -0.0017904628766700625
v 0.005689514335244893 -0.030736109241843213 -0.0023035069461911917
v 0.005471204407513141 -0.030709225684404363 -0.0017904628766700625
v 0.005027960054576396 -0.03190258890390395 -0.001881297561340034
v 0.005027960054576396 -0.03190258890390395 -0.001881297561340034
v 0.005471204407513141 -0.030709225684404363 -0.0017904628766700625
v 0.005149053875356912 -0.030668765306472768 -0.0012975417776033282
v 0.005027960054576396 -0.03190258890390395 -0.001881297561340034
v 0.005149053875356912 -0.030668765306472768 -0.0012975417776033282
v 0.004729960113763808 -0.03188741952180861 -0.0014122420689091086
v 0.004729960113763808 -0.03188741952180861 -0.0014122420689091086
v 0.005149053875356912 -0.030668765306472768 -0.0012975417776033282
v 0.0046976995654404155 -0.030609913170337667 -0.0008472601184621453
v 0.004729960113763808 -0.03188741952180861 -0.0014122420689091086
v 0.0046976995654404155 -0.030609913170337667 -0.0008472601184621453
v 0.004295496270060538 -0.031859848648309694 -0.0009630309650674462
v 0.004295496270060538 -0.031859848648309694 -0.0009630309650674462
v 0.0046976995654404155 -0.030609913170337667 -0.0008472601184621453
v 0.004111255519092082 -0.03052970767021178 -0.0004461422795429826
v 0.004295496270060538 -0.031859848648309694 -0.0009630309650674462
v 0.004111255519092082 -0.03052970767021178 -0.0004461422795429826
v 0.003716376610100269 -0.03181900456547736 -0.0005445439601317048
v 0.003716376610100269 -0.03181900456547736 -0.0005445439601317048
v 0.004111255519092082 -0.03052970767021178 -0.0004461422795429826
v 0.003404615214094519 -0.03042786382138728 -0.00010542163363425061
v 0.003716376610100269 -0.03181900456547736 -0.0005445439601317048
v 0.003404615214094519 -0.03042786382138728 -0.00010542163363425061
v 0.0030064133461564775 -0.031766235828399644 -0.00017444754485040903
v 0.0030064133461564775 -0.031766235828399644 -0.00017444754485040903
v 0.003404615214094519 -0.03042786382138728 -0.00010542163363425061
v 0.00260521937161684 -0.030306249856948842 0.00016516854520887136
v 0.0030064133461564775 -0.031766235828399644 -0.00017444754485040903
v 0.00260521937161684 -0.030306249856948842 0.00016516854520887136
v 0.002192680491134524 -0.031704232096672044 0.00012944487389177084
v 0.002192680491134524 -0.031704232096672044 0.00012944487389177084
v 0.00260521937161684 -0.030306249856948842 0.00016516854520887136
v 0.0017447749851271508 -0.030168550089001645 0.0003636017208918929
v 0.002192680491134524 -0.031704232096672044 0.00012944487389177084
v 0.0017447749851271508 -0.030168550089001645 0.0003636017208918929
v 0.0013067161198705433 -0.03163616731762885 0.0003558107418939471
v 0.0013067161198705433 -0.03163616731762885 0.0003558107418939471
v 0.0017447749851271508 -0.030168550089001645 0.0003636017208918929
v 0.0008840177324600517 -0.030053695663809766 0.0004963529063388705
v 0.0013067161198705433 -0.03163616731762885 0.0003558107418939471
v 0.0008840177324600517 -0.030053695663809766 0.0004963529063388705
v 0.0006389601039700209 -0.030777443200349797 0.0004996125353500247
v 0.00041615529335103924 -0.03158684447407721 0.0005007860017940402
v 0.001049477490596473 -0.03307406231760977 0.00033510231878608465
v 0.0013067161198705433 -0.03163616731762885 0.0003558107418939471
v 0.0013067161198705433 -0.03163616731762885 0.0003558107418939471
v 0.001049477490596473 -0.03307406231760977 0.00033510231878608465
v 0.001954612554982304 -0.0330638252198696 7.934205495985225e-05
v 0.0013067161198705433 -0.03163616731762885 0.0003558107418939471
v 0.001954612554982304 -0.0330638252198696 7.934205495985225e-05
v 0.002192680491134524 -0.031704232096672044 0.00012944487389177084
v 0.002192680491134524 -0.031704232096672044 0.00012944487389177084
v 0.001954612554982304 -0.0330638252198696 7.934205495985225e-05
v 0.0027738306671380992 -0.03305564075708388 -0.00025961792562156916
v 0.002192680491134524 -0.031704232096672044 0.00012944487389177084
v 0.0027738306671380992 -0.03305564075708388 -0.00025961792562156916
v 0.0030064133461564775 -0.031766235828399644 -0.00017444754485040903
v 0.0030064133461564775 -0.031766235828399644 -0.00017444754485040903
v 0.0027738306671380992 -0.03305564075708388 -0.00025961792562156916
v 0.0034770674537867303 -0.033048242330551134 -0.000660103396512568
v 0.0030064133461564775 -0.031766235828399644 -0.00017444754485040903
v 0.0034770674537867303 -0.033048242330551134 -0.000660103396512568
v 0.003716376610100269 -0.03181900456547736 -0.0005445439601317048
v 0.003716376610100269 -0.03181900456547736 -0.0005445439601317048
v 0.0034770674537867303 -0.033048242330551134 -0.000660103396512568
v 0.004039458464831113 -0.03304012119770049 -0.0010951902950182557
v 0.003716376610100269 -0.03181900456547736 -0.0005445439601317048
v 0.004039458464831113 -0.03304012119770049 -0.0010951902950182557
v 0.004295496270060538 -0.031859848648309694 -0.0009630309650674462
v 0.004295496270060538 -0.031859848648309694 -0.0009630309650674462
v 0.004039458464831113 -0.03304012119770049 -0.0010951902950182557
v 0.004449900705367326 -0.033030074089765535 -0.0015398088144138455
v 0.004295496270060538 -0.031859848648309694 -0.0009630309650674462
v 0.004449900705367326 -0.033030074089765535 -0.0015398088144138455
v 0.004729960113763808 -0.03188741952180861 -0.0014122420689091086
v 0.004729960113763808 -0.03188741952180861 -0.0014122420689091086
v 0.004449900705367326 -0.033030074089765535 -0.0015398088144138455
v 0.004719626624137162 -0.03301770985126494 -0.001977846259251237
v 0.004729960113763808 -0.03188741952180861 -0.0014122420689091086
v 0.004719626624137162 -0.03301770985126494 -0.001977846259251237
v 0.005027960054576396 -0.03190258890390395 -0.001881297561340034
v 0.005027960054576396 -0.03190258890390395 -0.001881297561340034
v 0.004719626624137162 -0.03301770985126494 -0.001977846259251237
v 0.0052151880227029315 -0.03192324936389922 -0.0023492195177823305
v 0.005027960054576396 -0.03190258890390395 -0.001881297561340034
v 0.0052151880227029315 -0.03192324936389922 -0.0023492195177823305
v 0.005689514335244893 -0.030736109241843213 -0.0023035069461911917
v 0.004703866783529519 -0.03381692618131636 -0.0024158114101737738
v 0.004883857909590005 -0.03300463035702704 -0.0023887029383331537
v 0.004553454928100108 -0.03384050354361533 -0.0020368469413369894
v 0.004553454928100108 -0.03384050354361533 -0.0020368469413369894
v 0.004883857909590005 -0.03300463035702704 -0.0023887029383331537
v 0.004719626624137162 -0.03301770985126494 -0.001977846259251237
v 0.004553454928100108 -0.03384050354361533 -0.0020368469413369894
v 0.004719626624137162 -0.03301770985126494 -0.001977846259251237
v 0.004298034589737653 -0.033876039087772356 -0.0016177349025383592
v 0.004298034589737653 -0.033876039087772356 -0.0016177349025383592
v 0.004719626624137162 -0.03301770985126494 -0.001977846259251237
v 0.004449900705367326 -0.033030074089765535 -0.0015398088144138455
v 0.004298034589737653 -0.033876039087772356 -0.0016177349025383592
v 0.004449900705367326 -0.033030074089765535 -0.0015398088144138455
v 0.0039006257429718967 -0.03392624482512473 -0.0011781438952311873
v 0.0039006257429718967 -0.03392624482512473 -0.0011781438952311873
v 0.004449900705367326 -0.033030074089765535 -0.0015398088144138455
v 0.004039458464831113 -0.03304012119770049 -0.0010951902950182557
v 0.0039006257429718967 -0.03392624482512473 -0.0011781438952311873
v 0.004039458464831113 -0.03304012119770049 -0.0010951902950182557
v 0.0033485032618045803 -0.033991839736700044 -0.0007364872144535184
v 0.0033485032618045803 -0.033991839736700044 -0.0007364872144535184
v 0.004039458464831113 -0.03304012119770049 -0.0010951902950182557
v 0.0034770674537867303 -0.033048242330551134 -0.000660103396512568
v 0.0033485032618045803 -0.033991839736700044 -0.0007364872144535184
v 0.0034770674537867303 -0.033048242330551134 -0.000660103396512568
v 0.0026511808391660448 -0.034071426838636384 -0.0003213906893506646
v 0.0026511808391660448 -0.034071426838636384 -0.0003213906893506646
v 0.0034770674537867303 -0.033048242330551134 -0.000660103396512568
v 0.0027738306671380992 -0.03305564075708388 -0.00025961792562156916
v 0.0026511808391660448 -0.034071426838636384 -0.0003213906893506646
v 0.0027738306671380992 -0.03305564075708388 -0.00025961792562156916
v 0.0018321053357794879 -0.034162398427724824 3.544090213836171e-05
v 0.0018321053357794879 -0.034162398427724824 3.544090213836171e-05
v 0.0027738306671380992 -0.03305564075708388 -0.00025961792562156916
v 0.001954612554982304 -0.0330638252198696 7.934205495985225e-05
v 0.0018321053357794879 -0.034162398427724824 3.544090213836171e-05
v 0.001954612554982304 -0.0330638252198696 7.934205495985225e-05
v 0.0009203546214848756 -0.034261893481016145 0.00030635844450443983
v 0.0009203546214848756 -0.034261893481016145 0.00030635844450443983
v 0.001954612554982304 -0.0330638252198696 7.934205495985225e-05
v 0.001049477490596473 -0.03307406231760977 0.00033510231878608465
v 0.0009203546214848756 -0.034261893481016145 0.00030635844450443983
v 0.001049477490596473 -0.03307406231760977 0.00033510231878608465
v -9.999334906751754e-06 -0.0343625135719776 0.0004692821530625224
v -9.999334906751754e-06 -0.0343625135719776 0.0004692821530625224
v 0.001049477490596473 -0.03307406231760977 0.00033510231878608465
v 0.0001280438445974141 -0.03311362117528914 0.0004923137603327632
v 0.006294040940701961 -0.029938744381070127 -0.0029082868713885546
v 0.00616568699479103 -0.02976827695965766 -0.0022654691711068153
v 0.00620255060493946 -0.029921326786279668 -0.0025894648861140013
v 0.00620255060493946 -0.029921326786279668 -0.0025894648861140013
v 0.00616568699479103 -0.02976827695965766 -0.0022654691711068153
v 0.006127832457423209 -0.029839707538485517 -0.0022682223934680223
v 0.00620255060493946 -0.029921326786279668 -0.0025894648861140013
v 0.006127832457423209 -0.029839707538485517 -0.0022682223934680223
v 0.006095221266150474 -0.029900884255766858 -0.002270642900839448
v 0.00030038101249374444 -0.03210428729653357 -0.010499775409698486
v 0.00041615529335103924 -0.03158684447407721 -0.010500794276595116
v 0.0013013035058975218 -0.03163575381040572 -0.010356924496591091
v 0.0017395560862496493 -0.030167696997523297 -0.010364586487412453
v 0.000931506452616304 -0.029926925897598256 -0.010495597496628761
v 0.001466359128244221 -0.028680207207798947 -0.010483655147254467
v 0.00030038101249374444 -0.03210428729653357 -0.010499775409698486
v 0.0013013035058975218 -0.03163575381040572 -0.010356924496591091
v 0.00013189369929023084 -0.03308617323637007 -0.010492639616131783
v 0.0009147340897470712 -0.03426250815391539 -0.010307676158845425
v -9.999334906751754e-06 -0.0343625135719776 -0.010469290427863598
v 0.00013069201668258754 -0.03309473767876624 -0.010492540895938873
v 0.004095797892659902 -0.030527539551258077 -0.009562691673636436
v 0.005083359777927398 -0.0296765062958002 -0.009235261939466
v 0.004682229831814765 -0.03060784377157687 -0.00916539691388607
v 0.004682229831814765 -0.03060784377157687 -0.00916539691388607
v 0.005083359777927398 -0.0296765062958002 -0.009235261939466
v 0.005393201485276221 -0.029751282185316075 -0.008943181484937668
v 0.004682229831814765 -0.03060784377157687 -0.00916539691388607
v 0.005393201485276221 -0.029751282185316075 -0.008943181484937668
v 0.0051353215239942065 -0.03066701255738734 -0.008719231002032757
v 0.0051353215239942065 -0.03066701255738734 -0.008719231002032757
v 0.005393201485276221 -0.029751282185316075 -0.008943181484937668
v 0.005861066747456788 -0.029854964464902867 -0.008274526335299015
v 0.0051353215239942065 -0.03066701255738734 -0.008719231002032757
v 0.005861066747456788 -0.029854964464902867 -0.008274526335299015
v 0.005460062064230441 -0.03070785291492938 -0.008230859413743019
v 0.005460062064230441 -0.03070785291492938 -0.008230859413743019
v 0.005861066747456788 -0.029854964464902867 -0.008274526335299015
v 0.005973461084067821 -0.02987745963037013 -0.008037599734961987
v 0.0033911110367625947 -0.030425865203142156 -0.009900033473968506
v 0.003839583601802587 -0.029352685436606397 -0.00994069967418909
v 0.004095797892659902 -0.030527539551258077 -0.009562691673636436
v 0.004095797892659902 -0.030527539551258077 -0.009562691673636436
v 0.003839583601802587 -0.029352685436606397 -0.00994069967418909
v 0.004515706561505794 -0.02953229658305644 -0.009622743353247643
v 0.004095797892659902 -0.030527539551258077 -0.009562691673636436
v 0.004515706561505794 -0.02953229658305644 -0.009622743353247643
v 0.005083359777927398 -0.0296765062958002 -0.009235261939466
v 0.001466359128244221 -0.028680207207798947 -0.010483655147254467
v 0.002261549467220902 -0.028911899775266637 -0.010362282395362854
v 0.0017395560862496493 -0.030167696997523297 -0.010364586487412453
v 0.0017395560862496493 -0.030167696997523297 -0.010364586487412453
v 0.002261549467220902 -0.028911899775266637 -0.010362282395362854
v 0.0030799654778093095 -0.029143789783120145 -0.010185202583670616
v 0.0017395560862496493 -0.030167696997523297 -0.010364586487412453
v 0.0030799654778093095 -0.029143789783120145 -0.010185202583670616
v 0.0025953094009310003 -0.030304700136184682 -0.010167945176362991
v 0.0025953094009310003 -0.030304700136184682 -0.010167945176362991
v 0.0030799654778093095 -0.029143789783120145 -0.010185202583670616
v 0.003266327548772096 -0.029195640236139287 -0.010133721865713596
v 0.0025953094009310003 -0.030304700136184682 -0.010167945176362991
v 0.003266327548772096 -0.029195640236139287 -0.010133721865713596
v 0.0033911110367625947 -0.030425865203142156 -0.009900033473968506
v 0.0033911110367625947 -0.030425865203142156 -0.009900033473968506
v 0.003266327548772096 -0.029195640236139287 -0.010133721865713596
v 0.0038269902579486366 -0.029349273070693006 -0.009945587255060673
v 0.0033911110367625947 -0.030425865203142156 -0.009900033473968506
v 0.0038269902579486366 -0.029349273070693006 -0.009945587255060673
v 0.003839583601802587 -0.029352685436606397 -0.00994069967418909
v 0.00522018177434802 -0.03190910071134566 -0.0076513225212693214
v 0.004883850459009408 -0.03300463035702704 -0.007611304987221956
v 0.004710800945758819 -0.03301826491951941 -0.008040142245590687
v 0.00013069201668258754 -0.03309473767876624 -0.010492540895938873
v 0.0010439095785841344 -0.03307412564754485 -0.010336351580917835
v 0.0009147340897470712 -0.03426250815391539 -0.010307676158845425
v 0.0009147340897470712 -0.03426250815391539 -0.010307676158845425
v 0.0010439095785841344 -0.03307412564754485 -0.010336351580917835
v 0.0019443278433755038 -0.033063933253288255 -0.010082903318107128
v 0.0009147340897470712 -0.03426250815391539 -0.010307676158845425
v 0.0019443278433755038 -0.033063933253288255 -0.010082903318107128
v 0.0018217719625681637 -0.034163538366556154 -0.010039211250841618
v 0.0018217719625681637 -0.034163538366556154 -0.010039211250841618
v 0.0019443278433755038 -0.033063933253288255 -0.010082903318107128
v 0.0027601886540651317 -0.033055771142244325 -0.009747033007442951
v 0.0018217719625681637 -0.034163538366556154 -0.010039211250841618
v 0.0027601886540651317 -0.033055771142244325 -0.009747033007442951
v 0.002637594239786267 -0.03407295793294905 -0.00968556571751833
v 0.002637594239786267 -0.03407295793294905 -0.00968556571751833
v 0.0027601886540651317 -0.033055771142244325 -0.009747033007442951
v 0.0034619411453604694 -0.03304841369390486 -0.009349912405014038
v 0.002637594239786267 -0.03407295793294905 -0.00968556571751833
v 0.0034619411453604694 -0.03304841369390486 -0.009349912405014038
v 0.003333575557917356 -0.03399357572197913 -0.009273798204958439
v 0.003333575557917356 -0.03399357572197913 -0.009273798204958439
v 0.0034619411453604694 -0.03304841369390486 -0.009349912405014038
v 0.004024963360279798 -0.033040389418601976 -0.008917962200939655
v 0.003333575557917356 -0.03399357572197913 -0.009273798204958439
v 0.004024963360279798 -0.033040389418601976 -0.008917962200939655
v 0.003886477323248982 -0.03392797335982321 -0.008835051208734512
v 0.003886477323248982 -0.03392797335982321 -0.008835051208734512
v 0.004024963360279798 -0.033040389418601976 -0.008917962200939655
v 0.004437859635800122 -0.03303047642111777 -0.008475960232317448
v 0.003886477323248982 -0.03392797335982321 -0.008835051208734512
v 0.004437859635800122 -0.03303047642111777 -0.008475960232317448
v 0.004286489915102719 -0.03387755528092383 -0.008397627621889114
v 0.004286489915102719 -0.03387755528092383 -0.008397627621889114
v 0.004437859635800122 -0.03303047642111777 -0.008475960232317448
v 0.004710800945758819 -0.03301826491951941 -0.008040142245590687
v 0.004286489915102719 -0.03387755528092383 -0.008397627621889114
v 0.004710800945758819 -0.03301826491951941 -0.008040142245590687
v 0.004545240662992 -0.033841721713542924 -0.007980061694979668
v 0.004545240662992 -0.033841721713542924 -0.007980061694979668
v 0.004710800945758819 -0.03301826491951941 -0.008040142245590687
v 0.004883850459009408 -0.03300463035702704 -0.007611304987221956
v 0.004545240662992 -0.033841721713542924 -0.007980061694979668
v 0.004883850459009408 -0.03300463035702704 -0.007611304987221956
v 0.004703866783529519 -0.03381692618131636 -0.007584196515381336
v 0.005689514335244893 -0.030736109241843213 -0.007696501445025206
v 0.00522018177434802 -0.03190910071134566 -0.0076513225212693214
v 0.005017927847802638 -0.03190216794610022 -0.008138547651469707
v 0.005017927847802638 -0.03190216794610022 -0.008138547651469707
v 0.00522018177434802 -0.03190910071134566 -0.0076513225212693214
v 0.004710800945758819 -0.03301826491951941 -0.008040142245590687
v 0.005017927847802638 -0.03190216794610022 -0.008138547651469707
v 0.004710800945758819 -0.03301826491951941 -0.008040142245590687
v 0.004716969095170497 -0.03188666701316832 -0.008604120463132858
v 0.004716969095170497 -0.03188666701316832 -0.008604120463132858
v 0.004710800945758819 -0.03301826491951941 -0.008040142245590687
v 0.004437859635800122 -0.03303047642111777 -0.008475960232317448
v 0.004716969095170497 -0.03188666701316832 -0.008604120463132858
v 0.004437859635800122 -0.03303047642111777 -0.008475960232317448
v 0.004280382301658391 -0.031858831644058214 -0.00904990267008543
v 0.004280382301658391 -0.031858831644058214 -0.00904990267008543
v 0.004437859635800122 -0.03303047642111777 -0.008475960232317448
v 0.004024963360279798 -0.033040389418601976 -0.008917962200939655
v 0.004280382301658391 -0.031858831644058214 -0.00904990267008543
v 0.004024963360279798 -0.033040389418601976 -0.008917962200939655
v 0.0037009648513048883 -0.03181788697838782 -0.009464876726269722
v 0.0037009648513048883 -0.03181788697838782 -0.009464876726269722
v 0.004024963360279798 -0.033040389418601976 -0.008917962200939655
v 0.0034619411453604694 -0.03304841369390486 -0.009349912405014038
v 0.0037009648513048883 -0.03181788697838782 -0.009464876726269722
v 0.0034619411453604694 -0.03304841369390486 -0.009349912405014038
v 0.0029927580617368217 -0.03176520392298697 -0.009831591509282589
v 0.0029927580617368217 -0.03176520392298697 -0.009831591509282589
v 0.0034619411453604694 -0.03304841369390486 -0.009349912405014038
v 0.0027601886540651317 -0.033055771142244325 -0.009747033007442951
v 0.0029927580617368217 -0.03176520392298697 -0.009831591509282589
v 0.0027601886540651317 -0.033055771142244325 -0.009747033007442951
v 0.0021825321018695827 -0.03170346096158026 -0.010132603347301483
v 0.0021825321018695827 -0.03170346096158026 -0.010132603347301483
v 0.0027601886540651317 -0.033055771142244325 -0.009747033007442951
v 0.0019443278433755038 -0.033063933253288255 -0.010082903318107128
v 0.0021825321018695827 -0.03170346096158026 -0.010132603347301483
v 0.0019443278433755038 -0.033063933253288255 -0.010082903318107128
v 0.0013013035058975218 -0.03163575381040572 -0.010356924496591091
v 0.0013013035058975218 -0.03163575381040572 -0.010356924496591091
v 0.0019443278433755038 -0.033063933253288255 -0.010082903318107128
v 0.0010439095785841344 -0.03307412564754485 -0.010336351580917835
v 0.0013013035058975218 -0.03163575381040572 -0.010356924496591091
v 0.0010439095785841344 -0.03307412564754485 -0.010336351580917835
v 0.00013189369929023084 -0.03308617323637007 -0.010492639616131783
v 0.00013189369929023084 -0.03308617323637007 -0.010492639616131783
v 0.0010439095785841344 -0.03307412564754485 -0.010336351580917835
v 0.00013069201668258754 -0.03309473767876624 -0.010492540895938873
v 0.00041615529335103924 -0.03158684447407721 -0.010500794276595116
v 0.000931506452616304 -0.029926925897598256 -0.010495597496628761
v 0.0013013035058975218 -0.03163575381040572 -0.010356924496591091
v 0.0013013035058975218 -0.03163575381040572 -0.010356924496591091
v 0.000931506452616304 -0.029926925897598256 -0.010495597496628761
v 0.0017395560862496493 -0.030167696997523297 -0.010364586487412453
v 0.0013013035058975218 -0.03163575381040572 -0.010356924496591091
v 0.0017395560862496493 -0.030167696997523297 -0.010364586487412453
v 0.0021825321018695827 -0.03170346096158026 -0.010132603347301483
v 0.0021825321018695827 -0.03170346096158026 -0.010132603347301483
v 0.0017395560862496493 -0.030167696997523297 -0.010364586487412453
v 0.0025953094009310003 -0.030304700136184682 -0.010167945176362991
v 0.0021825321018695827 -0.03170346096158026 -0.010132603347301483
v 0.0025953094009310003 -0.030304700136184682 -0.010167945176362991
v 0.0029927580617368217 -0.03176520392298697 -0.009831591509282589
v 0.0029927580617368217 -0.03176520392298697 -0.009831591509282589
v 0.0025953094009310003 -0.030304700136184682 -0.010167945176362991
v 0.0033911110367625947 -0.030425865203142156 -0.009900033473968506
v 0.0029927580617368217 -0.03176520392298697 -0.009831591509282589
v 0.0033911110367625947 -0.030425865203142156 -0.009900033473968506
v 0.0037009648513048883 -0.03181788697838782 -0.009464876726269722
v 0.0037009648513048883 -0.03181788697838782 -0.009464876726269722
v 0.0033911110367625947 -0.030425865203142156 -0.009900033473968506
v 0.004095797892659902 -0.030527539551258077 -0.009562691673636436
v 0.0037009648513048883 -0.03181788697838782 -0.009464876726269722
v 0.004095797892659902 -0.030527539551258077 -0.009562691673636436
v 0.004280382301658391 -0.031858831644058214 -0.00904990267008543
v 0.004280382301658391 -0.031858831644058214 -0.00904990267008543
v 0.004095797892659902 -0.030527539551258077 -0.009562691673636436
v 0.004682229831814765 -0.03060784377157687 -0.00916539691388607
v 0.004280382301658391 -0.031858831644058214 -0.00904990267008543
v 0.004682229831814765 -0.03060784377157687 -0.00916539691388607
v 0.004716969095170497 -0.03188666701316832 -0.008604120463132858
v 0.004716969095170497 -0.03188666701316832 -0.008604120463132858
v 0.004682229831814765 -0.03060784377157687 -0.00916539691388607
v 0.0051353215239942065 -0.03066701255738734 -0.008719231002032757
v 0.004716969095170497 -0.03188666701316832 -0.008604120463132858
v 0.0051353215239942065 -0.03066701255738734 -0.008719231002032757
v 0.005017927847802638 -0.03190216794610022 -0.008138547651469707
v 0.005017927847802638 -0.03190216794610022 -0.008138547651469707
v 0.0051353215239942065 -0.03066701255738734 -0.008719231002032757
v 0.005460062064230441 -0.03070785291492938 -0.008230859413743019
v 0.005017927847802638 -0.03190216794610022 -0.008138547651469707
v 0.005460062064230441 -0.03070785291492938 -0.008230859413743019
v 0.005689514335244893 -0.030736109241843213 -0.007696501445025206
v 0.005689514335244893 -0.030736109241843213 -0.007696501445025206
v 0.005460062064230441 -0.03070785291492938 -0.008230859413743019
v 0.005973461084067821 -0.02987745963037013 -0.008037599734961987
v 0.005689514335244893 -0.030736109241843213 -0.007696501445025206
v 0.005973461084067821 -0.02987745963037013 -0.008037599734961987
v 0.006095221266150474 -0.029900884255766858 -0.007729365024715662
v 0.006095221266150474 -0.029900884255766858 -0.007729365024715662
v 0.006127832457423209 -0.029839707538485517 -0.007731784600764513
v 0.00620255060493946 -0.029921326786279668 -0.007410542573779821
v 0.00620255060493946 -0.029921326786279668 -0.007410542573779821
v 0.006127832457423209 -0.029839707538485517 -0.007731784600764513
v 0.00616568699479103 -0.02976827695965766 -0.007734538987278938
v 0.00620255060493946 -0.029921326786279668 -0.007410542573779821
v 0.00616568699479103 -0.02976827695965766 -0.007734538987278938
v 0.006294040940701961 -0.029938744381070127 -0.0070917196571826935
v 0.00013189369929023084 -0.03308617323637007 -0.010492639616131783
v 0.00013069201668258754 -0.03309473767876624 -0.010492540895938873
v -0.0008128928602673112 -0.03298940137028693 -0.010585637763142586
v 0.00013189369929023084 -0.03308617323637007 -0.010492639616131783
v -0.0008128928602673112 -0.03298940137028693 -0.010585637763142586
v 0.00030038101249374444 -0.03210428729653357 -0.010499775409698486
v 0.00030038101249374444 -0.03210428729653357 -0.010499775409698486
v -0.0008128928602673112 -0.03298940137028693 -0.010585637763142586
v -0.00046251330059021706 -0.03139226883649825 -0.010591146536171436
v 0.00030038101249374444 -0.03210428729653357 -0.010499775409698486
v -0.00046251330059021706 -0.03139226883649825 -0.010591146536171436
v 0.00041615529335103924 -0.03158684447407721 -0.010500794276595116
v 0.00041615529335103924 -0.03158684447407721 -0.010500794276595116
v -0.00046251330059021706 -0.03139226883649825 -0.010591146536171436
v 3.0625004001194604e-05 -0.0298048686236143 -0.010585513897240162
v 0.00041615529335103924 -0.03158684447407721 -0.010500794276595116
v 3.0625004001194604e-05 -0.0298048686236143 -0.010585513897240162
v 0.000931506452616304 -0.029926925897598256 -0.010495597496628761
v 0.000931506452616304 -0.029926925897598256 -0.010495597496628761
v 3.0625004001194604e-05 -0.0298048686236143 -0.010585513897240162
v 0.0006010534707456826 -0.0283405128866434 -0.010580360889434814
v 0.000931506452616304 -0.029926925897598256 -0.010495597496628761
v 0.0006010534707456826 -0.0283405128866434 -0.010580360889434814
v 0.001466359128244221 -0.028680207207798947 -0.010483655147254467
v -0.0022563163656741376 -0.03460508957505225 -0.010592463426291943
v -0.002125919563695788 -0.03386444970965384 -0.010613561607897282
v -0.0010450469562783835 -0.034474279731512056 -0.01055963896214962
v -0.0010450469562783835 -0.034474279731512056 -0.01055963896214962
v -0.002125919563695788 -0.03386444970965384 -0.010613561607897282
v -0.0008128928602673112 -0.03298940137028693 -0.010585637763142586
v -0.0010450469562783835 -0.034474279731512056 -0.01055963896214962
v -0.0008128928602673112 -0.03298940137028693 -0.010585637763142586
v -9.999334906751754e-06 -0.0343625135719776 -0.010469290427863598
v -9.999334906751754e-06 -0.0343625135719776 -0.010469290427863598
v -0.0008128928602673112 -0.03298940137028693 -0.010585637763142586
v 0.00013069201668258754 -0.03309473767876624 -0.010492540895938873
v -0.0002540908171795308 -0.027666550129652013 -0.01060129888355732
v 0.00017778102483134714 -0.02806067280471324 -0.010602806694805622
v -0.00042185763595625753 -0.029597623273730268 -0.010607807897031307
v -0.001908678328618407 -0.032815020531415925 -0.010632219724357128
v -0.0014420787338167427 -0.031038366258144368 -0.01062818057835102
v -0.0009548693196848034 -0.03124350681900977 -0.0106204180046916
v -0.0009548693196848034 -0.03124350681900977 -0.0106204180046916
v -0.0014420787338167427 -0.031038366258144368 -0.01062818057835102
v -0.0013850239338353274 -0.03084891475737094 -0.010625927709043026
v -0.0009548693196848034 -0.03124350681900977 -0.0106204180046916
v -0.0013850239338353274 -0.03084891475737094 -0.010625927709043026
v -0.00042185763595625753 -0.029597623273730268 -0.010607807897031307
v -0.00042185763595625753 -0.029597623273730268 -0.010607807897031307
v -0.0013850239338353274 -0.03084891475737094 -0.010625927709043026
v -0.0008734411094337701 -0.02930644154548644 -0.010606655851006508
v -0.00042185763595625753 -0.029597623273730268 -0.010607807897031307
v -0.0008734411094337701 -0.02930644154548644 -0.010606655851006508
v -0.0002540908171795308 -0.027666550129652013 -0.01060129888355732
v -0.002125919563695788 -0.03386444970965384 -0.010613561607897282
v -0.001908678328618407 -0.032815020531415925 -0.010632219724357128
v -0.0008128928602673112 -0.03298940137028693 -0.010585637763142586
v -0.0008128928602673112 -0.03298940137028693 -0.010585637763142586
v -0.001908678328618407 -0.032815020531415925 -0.010632219724357128
v -0.0009548693196848034 -0.03124350681900977 -0.0106204180046916
v -0.0008128928602673112 -0.03298940137028693 -0.010585637763142586
v -0.0009548693196848034 -0.03124350681900977 -0.0106204180046916
v -0.00046251330059021706 -0.03139226883649825 -0.010591146536171436
v -0.00046251330059021706 -0.03139226883649825 -0.010591146536171436
v -0.0009548693196848034 -0.03124350681900977 -0.0106204180046916
v -0.00042185763595625753 -0.029597623273730268 -0.010607807897031307
v -0.00046251330059021706 -0.03139226883649825 -0.010591146536171436
v -0.00042185763595625753 -0.029597623273730268 -0.010607807897031307
v 3.0625004001194604e-05 -0.0298048686236143 -0.010585513897240162
v 3.0625004001194604e-05 -0.0298048686236143 -0.010585513897240162
v -0.00042185763595625753 -0.029597623273730268 -0.010607807897031307
v 0.00017778102483134714 -0.02806067280471324 -0.010602806694805622
v 3.0625004001194604e-05 -0.0298048686236143 -0.010585513897240162
v 0.00017778102483134714 -0.02806067280471324 -0.010602806694805622
v 0.0006010534707456826 -0.0283405128866434 -0.010580360889434814
v -0.0020141392014920707 -0.025154471397399895 -0.008005084469914436
v -0.0023242309689521785 -0.02493277378380298 -0.007139557972550392
v -0.0022417632862925525 -0.024736259132623666 -0.0071395388804376125
v -0.0020141392014920707 -0.025154471397399895 -0.008005084469914436
v -0.0025287466123700138 -0.026200879365205754 -0.008027391508221626
v -0.0023242309689521785 -0.02493277378380298 -0.007139557972550392
v -0.0023242309689521785 -0.02493277378380298 -0.007139557972550392
v -0.0025287466123700138 -0.026200879365205754 -0.008027391508221626
v -0.002797966124489903 -0.02610255405306815 -0.007421751040965319
v -0.0023242309689521785 -0.02493277378380298 -0.007139557972550392
v -0.002797966124489903 -0.02610255405306815 -0.007421751040965319
v -0.002909328788518905 -0.026074405759572972 -0.007139730732887983
v -0.0021092235110700126 -0.026393890380859365 -0.008813847787678242
v -0.0025287466123700138 -0.026200879365205754 -0.008027391508221626
v -0.0017448512371629474 -0.025325231254100793 -0.008608524687588215
v -0.0017448512371629474 -0.025325231254100793 -0.008608524687588215
v -0.0025287466123700138 -0.026200879365205754 -0.008027391508221626
v -0.0020141392014920707 -0.025154471397399895 -0.008005084469914436
v -0.0017448512371629474 -0.025325231254100793 -0.008608524687588215
v -0.0020141392014920707 -0.025154471397399895 -0.008005084469914436
v -0.0017530047334730623 -0.024426087737083428 -0.007985688745975494
v -0.0017530047334730623 -0.024426087737083428 -0.007985688745975494
v -0.0020141392014920707 -0.025154471397399895 -0.008005084469914436
v -0.0022417632862925525 -0.024736259132623666 -0.0071395388804376125
v -0.0017530047334730623 -0.024426087737083428 -0.007985688745975494
v -0.0022417632862925525 -0.024736259132623666 -0.0071395388804376125
v -0.001863216748461127 -0.023498918861150735 -0.007139428518712521
v -0.0010219846153631804 -0.025781868025660508 -0.009785539470613003
v -0.001409907476045191 -0.0255360472947359 -0.00922415778040886
v -0.0011798293562605975 -0.024737998843193047 -0.009193602949380875
v -0.0011798293562605975 -0.024737998843193047 -0.009193602949380875
v -0.0006674070027656852 -0.02394988387823104 -0.009641782380640507
v -0.0010219846153631804 -0.025781868025660508 -0.009785539470613003
v -0.0010219846153631804 -0.025781868025660508 -0.009785539470613003
v -0.0006674070027656852 -0.02394988387823104 -0.009641782380640507
v -0.00020295637659728524 -0.024125957861542695 -0.010137775912880898
v -0.0010219846153631804 -0.025781868025660508 -0.009785539470613003
v -0.00020295637659728524 -0.024125957861542695 -0.010137775912880898
v -0.0006073575932532548 -0.02605244144797324 -0.010235190391540527
v -0.0006073575932532548 -0.02605244144797324 -0.010235190391540527
v -0.00020295637659728524 -0.024125957861542695 -0.010137775912880898
v 7.727328193141146e-05 -0.024232303723692887 -0.010341793298721313
v -0.0006073575932532548 -0.02605244144797324 -0.010235190391540527
v 7.727328193141146e-05 -0.024232303723692887 -0.010341793298721313
v -0.00021587648370768872 -0.026339156553149213 -0.010511422529816628
v -0.00021587648370768872 -0.026339156553149213 -0.010511422529816628
v 7.727328193141146e-05 -0.024232303723692887 -0.010341793298721313
v 0.0005751883727498351 -0.024422725662589066 -0.010528573766350746
v -0.00021587648370768872 -0.026339156553149213 -0.010511422529816628
v 0.0005751883727498351 -0.024422725662589066 -0.010528573766350746
v 9.426223550690337e-05 -0.0266012530773878 -0.01058887131512165
v -0.0015468852361664174 -0.023616148158907883 -0.007972817867994308
v -0.0012676704209297893 -0.02372190542519092 -0.008623682893812656
v -0.0011798293562605975 -0.024737998843193047 -0.009193602949380875
v -0.0011798293562605975 -0.024737998843193047 -0.009193602949380875
v -0.0012676704209297893 -0.02372190542519092 -0.008623682893812656
v -0.000981875811703503 -0.023830518126487725 -0.009170440025627613
v -0.0011798293562605975 -0.024737998843193047 -0.009193602949380875
v -0.000981875811703503 -0.023830518126487725 -0.009170440025627613
v -0.0006674070027656852 -0.02394988387823104 -0.009641782380640507
v -0.001637763576582074 -0.02614353410899638 -0.009247004054486752
v -0.001409907476045191 -0.0255360472947359 -0.00922415778040886
v -0.0012261992087587712 -0.026410268619656552 -0.009813361801207066
v -0.0012261992087587712 -0.026410268619656552 -0.009813361801207066
v -0.001409907476045191 -0.0255360472947359 -0.00922415778040886
v -0.0010219846153631804 -0.025781868025660508 -0.009785539470613003
v -0.0012261992087587712 -0.026410268619656552 -0.009813361801207066
v -0.0010219846153631804 -0.025781868025660508 -0.009785539470613003
v -0.000797993445303291 -0.02670699357986449 -0.010262839496135712
v -0.000797993445303291 -0.02670699357986449 -0.010262839496135712
v -0.0010219846153631804 -0.025781868025660508 -0.009785539470613003
v -0.0006073575932532548 -0.02605244144797324 -0.010235190391540527
v -0.000797993445303291 -0.02670699357986449 -0.010262839496135712
v -0.0006073575932532548 -0.02605244144797324 -0.010235190391540527
v -0.00040830296347849066 -0.027015874162316312 -0.010531498119235039
v -0.00040830296347849066 -0.027015874162316312 -0.010531498119235039
v -0.0006073575932532548 -0.02605244144797324 -0.010235190391540527
v -0.00021587648370768872 -0.026339156553149213 -0.010511422529816628
v -0.00040830296347849066 -0.027015874162316312 -0.010531498119235039
v -0.00021587648370768872 -0.026339156553149213 -0.010511422529816628
v -0.00011652440298348664 -0.027294451370835294 -0.010599857196211815
v -0.00011652440298348664 -0.027294451370835294 -0.010599857196211815
v -0.00021587648370768872 -0.026339156553149213 -0.010511422529816628
v 9.426223550690337e-05 -0.0266012530773878 -0.01058887131512165
v -0.001863216748461127 -0.023498918861150735 -0.007139428518712521
v -0.0015468852361664174 -0.023616148158907883 -0.007972817867994308
v -0.0017530047334730623 -0.024426087737083428 -0.007985688745975494
v -0.0017530047334730623 -0.024426087737083428 -0.007985688745975494
v -0.0015468852361664174 -0.023616148158907883 -0.007972817867994308
v -0.0011798293562605975 -0.024737998843193047 -0.009193602949380875
v -0.0017530047334730623 -0.024426087737083428 -0.007985688745975494
v -0.0011798293562605975 -0.024737998843193047 -0.009193602949380875
v -0.0017448512371629474 -0.025325231254100793 -0.008608524687588215
v -0.0017448512371629474 -0.025325231254100793 -0.008608524687588215
v -0.0011798293562605975 -0.024737998843193047 -0.009193602949380875
v -0.001409907476045191 -0.0255360472947359 -0.00922415778040886
v -0.0017448512371629474 -0.025325231254100793 -0.008608524687588215
v -0.001409907476045191 -0.0255360472947359 -0.00922415778040886
v -0.0021092235110700126 -0.026393890380859365 -0.008813847787678242
v -0.0021092235110700126 -0.026393890380859365 -0.008813847787678242
v -0.001409907476045191 -0.0255360472947359 -0.00922415778040886
v -0.001637763576582074 -0.02614353410899638 -0.009247004054486752
v -0.0021092235110700126 -0.026393890380859365 -0.008813847787678242
v -0.001637763576582074 -0.02614353410899638 -0.009247004054486752
v -0.0018251126166433094 -0.026542916893959035 -0.009259033016860485
v -0.0018251126166433094 -0.026542916893959035 -0.009259033016860485
v -0.001637763576582074 -0.02614353410899638 -0.009247004054486752
v -0.0012261992087587712 -0.026410268619656552 -0.009813361801207066
v -0.0018251126166433094 -0.026542916893959035 -0.009259033016860485
v -0.0012261992087587712 -0.026410268619656552 -0.009813361801207066
v -0.001284841098822653 -0.026858223602175702 -0.009942548349499702
v -0.001284841098822653 -0.026858223602175702 -0.009942548349499702
v -0.0012261992087587712 -0.026410268619656552 -0.009813361801207066
v -0.000797993445303291 -0.02670699357986449 -0.010262839496135712
v -0.001284841098822653 -0.026858223602175702 -0.009942548349499702
v -0.000797993445303291 -0.02670699357986449 -0.010262839496135712
v -0.0009403907461091875 -0.027082404121756543 -0.01027416717261076
v -0.0009403907461091875 -0.027082404121756543 -0.01027416717261076
v -0.000797993445303291 -0.02670699357986449 -0.010262839496135712
v -0.00040830296347849066 -0.027015874162316312 -0.010531498119235039
v -0.0009403907461091875 -0.027082404121756543 -0.01027416717261076
v -0.00040830296347849066 -0.027015874162316312 -0.010531498119235039
v -0.000644857296720147 -0.027300037443637837 -0.010484525933861732
v -0.000644857296720147 -0.027300037443637837 -0.010484525933861732
v -0.00040830296347849066 -0.027015874162316312 -0.010531498119235039
v -0.00011652440298348664 -0.027294451370835294 -0.010599857196211815
v -0.000644857296720147 -0.027300037443637837 -0.010484525933861732
v -0.00011652440298348664 -0.027294451370835294 -0.010599857196211815
v -0.0002540908171795308 -0.027666550129652013 -0.01060129888355732
v -0.003038919530808925 -0.025942593812942498 -0.0034824740141630173
v -0.0023242223542183633 -0.024932779371738427 -0.002860464621335268
v -0.0022417546715587373 -0.024736264720559113 -0.002860483480617404
v -0.001863209414295852 -0.023498918861150735 -0.0028605915140360594
v -0.0018333810148760674 -0.023351108655333512 -0.002860603155568242
v -0.002027799608185887 -0.023372272029519074 -0.0034823459573090076
v -0.0017760092159733174 -0.020778901875019067 -0.0028606487903743982
v -0.0018576792208477853 -0.020297652110457413 -0.002860597101971507
v -0.0020162379369139667 -0.020392445847392075 -0.0034823527093976736
v -0.0020162379369139667 -0.020392445847392075 -0.0034823527093976736
v -0.0018576792208477853 -0.020297652110457413 -0.002860597101971507
v -0.002259714528918266 -0.018872765824198716 -0.002860307926312089
v -0.0023242309689521785 -0.02493277378380298 -0.007139557972550392
v -0.002909328788518905 -0.026074405759572972 -0.007139730732887983
v -0.003021096112206578 -0.02594578824937343 -0.006593961268663406
v -0.0031691088806837793 -0.026028372347354882 -0.006116234697401524
v -0.003184586530551314 -0.026025632396340363 -0.0060096136294305325
v -0.003130057360976934 -0.025926247239112847 -0.006009628530591726
v -0.00320968497544527 -0.026021184399724 -0.005802387371659279
v -0.003247171407565474 -0.026014542207121842 -0.004746670369058847
v -0.0031927314121276136 -0.02591499872505664 -0.004746665712445974
v -0.0023242223542183633 -0.024932779371738427 -0.002860464621335268
v -0.003038919530808925 -0.025942593812942498 -0.0034824740141630173
v -0.002909328788518905 -0.026074405759572972 -0.0028602892998605967
v -0.0032205947209149595 -0.026019254699349396 -0.004309013020247221
v -0.0031691074836999174 -0.02602837979793548 -0.0038837967440485954
v -0.003038919530808925 -0.025942593812942498 -0.0034824740141630173
v -0.003038919530808925 -0.025942593812942498 -0.0034824740141630173
v -0.0031691074836999174 -0.02602837979793548 -0.0038837967440485954
v -0.0030935399699956174 -0.026041768491268148 -0.0034824851900339127
v -0.003038919530808925 -0.025942593812942498 -0.0034824740141630173
v -0.0030935399699956174 -0.026041768491268148 -0.0034824851900339127
v -0.002909328788518905 -0.026074405759572972 -0.0028602892998605967
v -0.002027799608185887 -0.023372272029519074 -0.0034823459573090076
v -0.0018333810148760674 -0.023351108655333512 -0.002860603155568242
v -0.0019140343647450206 -0.022601192817091935 -0.003482323605567217
v -0.0018956711282953618 -0.02259706147015094 -0.00659408513456583
v -0.001863216748461127 -0.023498918861150735 -0.007139428518712521
v -0.0020089470781385894 -0.023370262235403054 -0.006594066973775625
v -0.0020089470781385894 -0.023370262235403054 -0.006594066973775625
v -0.001863216748461127 -0.023498918861150735 -0.007139428518712521
v -0.0022417632862925525 -0.024736259132623666 -0.0071395388804376125
v -0.0020089470781385894 -0.023370262235403054 -0.006594066973775625
v -0.0022417632862925525 -0.024736259132623666 -0.0071395388804376125
v -0.002415935508906841 -0.024722870439290993 -0.006594023201614618
v -0.002415935508906841 -0.024722870439290993 -0.006594023201614618
v -0.0022417632862925525 -0.024736259132623666 -0.0071395388804376125
v -0.0023242309689521785 -0.02493277378380298 -0.007139557972550392
v -0.0016987061826512215 -0.021760942414402955 -0.0028606813866645098
v -0.0018788810120895503 -0.02182636968791484 -0.0034823135938495398
v -0.0016974625177681444 -0.021899947896599763 -0.002860679756850004
v -0.0016974625177681444 -0.021899947896599763 -0.002860679756850004
v -0.0018788810120895503 -0.02182636968791484 -0.0034823135938495398
v -0.0019140343647450206 -0.022601192817091935 -0.003482323605567217
v -0.0016974625177681444 -0.021899947896599763 -0.002860679756850004
v -0.0019140343647450206 -0.022601192817091935 -0.003482323605567217
v -0.001700933091342449 -0.02213660813868045 -0.002860673936083913
v -0.001700933091342449 -0.02213660813868045 -0.002860673936083913
v -0.0019140343647450206 -0.022601192817091935 -0.003482323605567217
v -0.0018333810148760674 -0.023351108655333512 -0.002860603155568242
v -0.003247171407565474 -0.026014542207121842 -0.004746670369058847
v -0.0032205947209149595 -0.026019254699349396 -0.004309013020247221
v -0.0031927314121276136 -0.02591499872505664 -0.004746665712445974
v -0.0031927314121276136 -0.02591499872505664 -0.004746665712445974
v -0.0032205947209149595 -0.026019254699349396 -0.004309013020247221
v -0.003038919530808925 -0.025942593812942498 -0.0034824740141630173
v -0.0031927314121276136 -0.02591499872505664 -0.004746665712445974
v -0.003038919530808925 -0.025942593812942498 -0.0034824740141630173
v -0.0024346190039068456 -0.024721413850784295 -0.0034823992755264044
v -0.0024346190039068456 -0.024721413850784295 -0.0034823992755264044
v -0.003038919530808925 -0.025942593812942498 -0.0034824740141630173
v -0.0022417546715587373 -0.024736264720559113 -0.002860483480617404
v -0.0024346190039068456 -0.024721413850784295 -0.0034823992755264044
v -0.0022417546715587373 -0.024736264720559113 -0.002860483480617404
v -0.0020591111388057466 -0.024233136326074593 -0.00286052911542356
v -0.0022986875846982 -0.01875727251172065 -0.0028602892998605967
v -0.002488651545718312 -0.018944162875413888 -0.003870799206197262
v -0.0023957160301506515 -0.019006414338946336 -0.0034824772737920284
v -0.0023957160301506515 -0.019006414338946336 -0.0034824772737920284
v -0.002488651545718312 -0.018944162875413888 -0.003870799206197262
v -0.0025190878659486766 -0.018974104896187775 -0.00418551079928875
v -0.0023957160301506515 -0.019006414338946336 -0.0034824772737920284
v -0.0025190878659486766 -0.018974104896187775 -0.00418551079928875
v -0.002509225625544786 -0.019117822870612138 -0.004746667109429836
v -0.002509225625544786 -0.019117822870612138 -0.004746667109429836
v -0.0025190878659486766 -0.018974104896187775 -0.00418551079928875
v -0.0025476661976426835 -0.019002217799425118 -0.004746670369058847
v -0.003184586530551314 -0.026025632396340363 -0.0060096136294305325
v -0.00320968497544527 -0.026021184399724 -0.005802387371659279
v -0.003130057360976934 -0.025926247239112847 -0.006009628530591726
v -0.003130057360976934 -0.025926247239112847 -0.006009628530591726
v -0.00320968497544527 -0.026021184399724 -0.005802387371659279
v -0.0031927314121276136 -0.02591499872505664 -0.004746665712445974
v -0.003130057360976934 -0.025926247239112847 -0.006009628530591726
v -0.0031927314121276136 -0.02591499872505664 -0.004746665712445974
v -0.0025961028877645727 -0.024708651006221764 -0.004746634513139725
v -0.0025961028877645727 -0.024708651006221764 -0.004746634513139725
v -0.0031927314121276136 -0.02591499872505664 -0.004746665712445974
v -0.0024346190039068456 -0.024721413850784295 -0.0034823992755264044
v -0.0025961028877645727 -0.024708651006221764 -0.004746634513139725
v -0.0024346190039068456 -0.024721413850784295 -0.0034823992755264044
v -0.002027799608185887 -0.023372272029519074 -0.0034823459573090076
v -0.002027799608185887 -0.023372272029519074 -0.0034823459573090076
v -0.0024346190039068456 -0.024721413850784295 -0.0034823992755264044
v -0.0020591111388057466 -0.024233136326074593 -0.00286052911542356
v -0.002027799608185887 -0.023372272029519074 -0.0034823459573090076
v -0.0020591111388057466 -0.024233136326074593 -0.00286052911542356
v -0.001863209414295852 -0.023498918861150735 -0.0028605915140360594
v -0.0021479073911905284 -0.020480006933212273 -0.004746614955365658
v -0.002094116527587175 -0.02044443413615226 -0.0060097877867519855
v -0.001968680880963802 -0.02185824327170848 -0.006009838078171015
v -0.002909328788518905 -0.026074405759572972 -0.007139730732887983
v -0.0031691088806837793 -0.026028372347354882 -0.006116234697401524
v -0.003021096112206578 -0.02594578824937343 -0.006593961268663406
v -0.003021096112206578 -0.02594578824937343 -0.006593961268663406
v -0.0031691088806837793 -0.026028372347354882 -0.006116234697401524
v -0.003130057360976934 -0.025926247239112847 -0.006009628530591726
v -0.003021096112206578 -0.02594578824937343 -0.006593961268663406
v -0.003130057360976934 -0.025926247239112847 -0.006009628530591726
v -0.00253024254925549 -0.02471389435231685 -0.006009725853800774
v -0.00253024254925549 -0.02471389435231685 -0.006009725853800774
v -0.003130057360976934 -0.025926247239112847 -0.006009628530591726
v -0.0025961028877645727 -0.024708651006221764 -0.004746634513139725
v -0.00253024254925549 -0.02471389435231685 -0.006009725853800774
v -0.0025961028877645727 -0.024708651006221764 -0.004746634513139725
v -0.0021910925861448045 -0.023389250040054314 -0.004746612627059221
v -0.0021910925861448045 -0.023389250040054314 -0.004746612627059221
v -0.0025961028877645727 -0.024708651006221764 -0.004746634513139725
v -0.002027799608185887 -0.023372272029519074 -0.0034823459573090076
v -0.0021910925861448045 -0.023389250040054314 -0.004746612627059221
v -0.002027799608185887 -0.023372272029519074 -0.0034823459573090076
v -0.002073272597044706 -0.022636312991380685 -0.004746603313833475
v -0.002073272597044706 -0.022636312991380685 -0.004746603313833475
v -0.002027799608185887 -0.023372272029519074 -0.0034823459573090076
v -0.0019140343647450206 -0.022601192817091935 -0.003482323605567217
v -0.002073272597044706 -0.022636312991380685 -0.004746603313833475
v -0.0019140343647450206 -0.022601192817091935 -0.003482323605567217
v -0.0020307267550379034 -0.021879959851503365 -0.004746598657220602
v -0.0020307267550379034 -0.021879959851503365 -0.004746598657220602
v -0.0019140343647450206 -0.022601192817091935 -0.003482323605567217
v -0.0018788810120895503 -0.02182636968791484 -0.0034823135938495398
v -0.0020307267550379034 -0.021879959851503365 -0.004746598657220602
v -0.0018788810120895503 -0.02182636968791484 -0.0034823135938495398
v -0.0020162379369139667 -0.020392445847392075 -0.0034823527093976736
v -0.0020162379369139667 -0.020392445847392075 -0.0034823527093976736
v -0.0018788810120895503 -0.02182636968791484 -0.0034823135938495398
v -0.0016987061826512215 -0.021760942414402955 -0.0028606813866645098
v -0.0020162379369139667 -0.020392445847392075 -0.0034823527093976736
v -0.0016987061826512215 -0.021760942414402955 -0.0028606813866645098
v -0.0017760092159733174 -0.020778901875019067 -0.0028606487903743982
v -0.0025476661976426835 -0.019002217799425118 -0.004746670369058847
v -0.002550662029534578 -0.01900516636669635 -0.005000010132789612
v -0.002509225625544786 -0.019117822870612138 -0.004746667109429836
v -0.002509225625544786 -0.019117822870612138 -0.004746667109429836
v -0.002550662029534578 -0.01900516636669635 -0.005000010132789612
v -0.0025297475513070817 -0.018984591588377946 -0.0056654587388038635
v -0.002509225625544786 -0.019117822870612138 -0.004746667109429836
v -0.0025297475513070817 -0.018984591588377946 -0.0056654587388038635
v -0.0024629740510135885 -0.019072445109486573 -0.0060096243396401405
v -0.0024629740510135885 -0.019072445109486573 -0.0060096243396401405
v -0.0025297475513070817 -0.018984591588377946 -0.0056654587388038635
v -0.0024886589962989088 -0.018944164738059037 -0.006129220128059387
v -0.0024629740510135885 -0.019072445109486573 -0.0060096243396401405
v -0.0024886589962989088 -0.018944164738059037 -0.006129220128059387
v -0.0018849670886993406 -0.020166490226984017 -0.00713944248855114
v -0.0018849670886993406 -0.020166490226984017 -0.00713944248855114
v -0.0024886589962989088 -0.018944164738059037 -0.006129220128059387
v -0.002337760059162974 -0.018795698881149285 -0.006990697700530291
v -0.0018849670886993406 -0.020166490226984017 -0.00713944248855114
v -0.002337760059162974 -0.018795698881149285 -0.006990697700530291
v -0.002298696199432015 -0.018757265061140053 -0.007139728870242834
v -0.0018849670886993406 -0.020166490226984017 -0.00713944248855114
v -0.001859938143752515 -0.020286438986659043 -0.0071394252590835094
v -0.0024629740510135885 -0.019072445109486573 -0.0060096243396401405
v -0.0024629740510135885 -0.019072445109486573 -0.0060096243396401405
v -0.001859938143752515 -0.020286438986659043 -0.0071394252590835094
v -0.002094116527587175 -0.02044443413615226 -0.0060097877867519855
v -0.0024629740510135885 -0.019072445109486573 -0.0060096243396401405
v -0.002094116527587175 -0.02044443413615226 -0.0060097877867519855
v -0.002509225625544786 -0.019117822870612138 -0.004746667109429836
v -0.002509225625544786 -0.019117822870612138 -0.004746667109429836
v -0.002094116527587175 -0.02044443413615226 -0.0060097877867519855
v -0.0021479073911905284 -0.020480006933212273 -0.004746614955365658
v -0.002509225625544786 -0.019117822870612138 -0.004746667109429836
v -0.0021479073911905284 -0.020480006933212273 -0.004746614955365658
v -0.0023957160301506515 -0.019006414338946336 -0.0034824772737920284
v -0.0017760226037353275 -0.020778911188244813 -0.007139372639358044
v -0.0016984338872134683 -0.021778009831905358 -0.0071393405087292194
v -0.0018613807624205945 -0.02182009816169738 -0.006594093516469002
v -0.0018613807624205945 -0.02182009816169738 -0.006594093516469002
v -0.0016984338872134683 -0.021778009831905358 -0.0071393405087292194
v -0.001700940425507724 -0.02213660813868045 -0.007139347959309816
v -0.0018613807624205945 -0.02182009816169738 -0.006594093516469002
v -0.001700940425507724 -0.02213660813868045 -0.007139347959309816
v -0.0018956711282953618 -0.02259706147015094 -0.00659408513456583
v -0.0018956711282953618 -0.02259706147015094 -0.00659408513456583
v -0.001700940425507724 -0.02213660813868045 -0.007139347959309816
v -0.0017248098738491533 -0.022558050230145447 -0.007139366120100021
v -0.0018956711282953618 -0.02259706147015094 -0.00659408513456583
v -0.0017248098738491533 -0.022558050230145447 -0.007139366120100021
v -0.001863216748461127 -0.023498918861150735 -0.007139428518712521
v -0.001859938143752515 -0.020286438986659043 -0.0071394252590835094
v -0.0017760226037353275 -0.020778911188244813 -0.007139372639358044
v -0.002094116527587175 -0.02044443413615226 -0.0060097877867519855
v -0.002094116527587175 -0.02044443413615226 -0.0060097877867519855
v -0.0017760226037353275 -0.020778911188244813 -0.007139372639358044
v -0.0018613807624205945 -0.02182009816169738 -0.006594093516469002
v -0.002094116527587175 -0.02044443413615226 -0.0060097877867519855
v -0.0018613807624205945 -0.02182009816169738 -0.006594093516469002
v -0.001968680880963802 -0.02185824327170848 -0.006009838078171015
v -0.001968680880963802 -0.02185824327170848 -0.006009838078171015
v -0.0018613807624205945 -0.02182009816169738 -0.006594093516469002
v -0.0018956711282953618 -0.02259706147015094 -0.00659408513456583
v -0.001968680880963802 -0.02185824327170848 -0.006009838078171015
v -0.0018956711282953618 -0.02259706147015094 -0.00659408513456583
v -0.002008235780522227 -0.02262210473418235 -0.006009824573993683
v -0.002008235780522227 -0.02262210473418235 -0.006009824573993683
v -0.0018956711282953618 -0.02259706147015094 -0.00659408513456583
v -0.0020089470781385894 -0.023370262235403054 -0.006594066973775625
v -0.002008235780522227 -0.02262210473418235 -0.006009824573993683
v -0.0020089470781385894 -0.023370262235403054 -0.006594066973775625
v -0.0021244378294795747 -0.02338241040706634 -0.0060097952373325825
v -0.0021244378294795747 -0.02338241040706634 -0.0060097952373325825
v -0.0020089470781385894 -0.023370262235403054 -0.006594066973775625
v -0.002415935508906841 -0.024722870439290993 -0.006594023201614618
v -0.0023242309689521785 -0.02493277378380298 -0.007139557972550392
v -0.003021096112206578 -0.02594578824937343 -0.006593961268663406
v -0.002415935508906841 -0.024722870439290993 -0.006594023201614618
v -0.002415935508906841 -0.024722870439290993 -0.006594023201614618
v -0.003021096112206578 -0.02594578824937343 -0.006593961268663406
v -0.00253024254925549 -0.02471389435231685 -0.006009725853800774
v -0.002415935508906841 -0.024722870439290993 -0.006594023201614618
v -0.00253024254925549 -0.02471389435231685 -0.006009725853800774
v -0.0021244378294795747 -0.02338241040706634 -0.0060097952373325825
v -0.0021244378294795747 -0.02338241040706634 -0.0060097952373325825
v -0.00253024254925549 -0.02471389435231685 -0.006009725853800774
v -0.0021910925861448045 -0.023389250040054314 -0.004746612627059221
v -0.0021244378294795747 -0.02338241040706634 -0.0060097952373325825
v -0.0021910925861448045 -0.023389250040054314 -0.004746612627059221
v -0.002008235780522227 -0.02262210473418235 -0.006009824573993683
v -0.002008235780522227 -0.02262210473418235 -0.006009824573993683
v -0.0021910925861448045 -0.023389250040054314 -0.004746612627059221
v -0.002073272597044706 -0.022636312991380685 -0.004746603313833475
v -0.002008235780522227 -0.02262210473418235 -0.006009824573993683
v -0.002073272597044706 -0.022636312991380685 -0.004746603313833475
v -0.001968680880963802 -0.02185824327170848 -0.006009838078171015
v -0.001968680880963802 -0.02185824327170848 -0.006009838078171015
v -0.002073272597044706 -0.022636312991380685 -0.004746603313833475
v -0.0020307267550379034 -0.021879959851503365 -0.004746598657220602
v -0.001968680880963802 -0.02185824327170848 -0.006009838078171015
v -0.0020307267550379034 -0.021879959851503365 -0.004746598657220602
v -0.0021479073911905284 -0.020480006933212273 -0.004746614955365658
v -0.0021479073911905284 -0.020480006933212273 -0.004746614955365658
v -0.0020307267550379034 -0.021879959851503365 -0.004746598657220602
v -0.0020162379369139667 -0.020392445847392075 -0.0034823527093976736
v -0.0021479073911905284 -0.020480006933212273 -0.004746614955365658
v -0.0020162379369139667 -0.020392445847392075 -0.0034823527093976736
v -0.0023957160301506515 -0.019006414338946336 -0.0034824772737920284
v -0.0023957160301506515 -0.019006414338946336 -0.0034824772737920284
v -0.0020162379369139667 -0.020392445847392075 -0.0034823527093976736
v -0.002259714528918266 -0.018872765824198716 -0.002860307926312089
v -0.0023957160301506515 -0.019006414338946336 -0.0034824772737920284
v -0.002259714528918266 -0.018872765824198716 -0.002860307926312089
v -0.0022986875846982 -0.01875727251172065 -0.0028602892998605967
v 0.0005826916894875466 -0.018718866631388657 0.0002532022772356868
v 0.0009959383169189093 -0.019993217661976807 0.00041313411202281713
v 0.0010574609041213987 -0.0170247983187437 0.00038238370325416327
v 0.0001710727374302223 -0.024267967790365212 0.0003951838007196784
v 0.0005751883727498351 -0.024422725662589066 0.000528565957210958
v 0.000637215154711157 -0.02404095791280269 0.0005163442110642791
v -0.0012622245121747253 -0.023723972961306565 -0.0013647567247971892
v -0.0009899641154333947 -0.023827442899346345 -0.0008434077026322484
v -0.0008435762720182537 -0.022607080638408654 -0.0008480303222313523
v -0.0008435762720182537 -0.022607080638408654 -0.0008480303222313523
v -0.0009899641154333947 -0.023827442899346345 -0.0008434077026322484
v -0.0005351752042770385 -0.024000028148293488 -0.00019498972687870264
v -0.0008435762720182537 -0.022607080638408654 -0.0008480303222313523
v -0.0005351752042770385 -0.024000028148293488 -0.00019498972687870264
v -0.00047848283429630095 -0.02276006899774074 -0.0003286210121586919
v -0.00047848283429630095 -0.02276006899774074 -0.0003286210121586919
v -0.0005351752042770385 -0.024000028148293488 -0.00019498972687870264
v -0.0002080192643916234 -0.024124039337038987 0.00013346306513994932
v -0.00047848283429630095 -0.02276006899774074 -0.0003286210121586919
v -0.0002080192643916234 -0.024124039337038987 0.00013346306513994932
v -6.340083200484513e-05 -0.0229300707578659 8.588925265939906e-05
v -6.340083200484513e-05 -0.0229300707578659 8.588925265939906e-05
v -0.0002080192643916234 -0.024124039337038987 0.00013346306513994932
v 0.0001710727374302223 -0.024267967790365212 0.0003951838007196784
v -6.340083200484513e-05 -0.0229300707578659 8.588925265939906e-05
v 0.0001710727374302223 -0.024267967790365212 0.0003951838007196784
v 0.00036465231096372003 -0.02311035990715026 0.00036766647826880217
v 0.00036465231096372003 -0.02311035990715026 0.00036766647826880217
v 0.0001710727374302223 -0.024267967790365212 0.0003951838007196784
v 0.000637215154711157 -0.02404095791280269 0.0005163442110642791
v 0.00036465231096372003 -0.02311035990715026 0.00036766647826880217
v 0.000637215154711157 -0.02404095791280269 0.0005163442110642791
v 0.0007313227397389709 -0.023285798728466027 0.0004937982885167003
v -0.0017760092159733174 -0.020778901875019067 -0.0028606487903743982
v -0.0016987061826512215 -0.021760942414402955 -0.0028606813866645098
v -0.0013821762986481188 -0.0223469603806734 -0.002002531662583351
v -0.0016987061826512215 -0.021760942414402955 -0.0028606813866645098
v -0.0016974625177681444 -0.021899947896599763 -0.002860679756850004
v -0.0013821762986481188 -0.0223469603806734 -0.002002531662583351
v -0.0013821762986481188 -0.0223469603806734 -0.002002531662583351
v -0.0016974625177681444 -0.021899947896599763 -0.002860679756850004
v -0.001700933091342449 -0.02213660813868045 -0.002860673936083913
v -0.0013821762986481188 -0.0223469603806734 -0.002002531662583351
v -0.001700933091342449 -0.02213660813868045 -0.002860673936083913
v -0.0015549361705780027 -0.023613112047314637 -0.0020474912598729134
v -0.0015549361705780027 -0.023613112047314637 -0.0020474912598729134
v -0.001700933091342449 -0.02213660813868045 -0.002860673936083913
v -0.0018333810148760674 -0.023351108655333512 -0.002860603155568242
v -0.0015549361705780027 -0.023613112047314637 -0.0020474912598729134
v -0.0018333810148760674 -0.023351108655333512 -0.002860603155568242
v -0.001863209414295852 -0.023498918861150735 -0.0028605915140360594
v -0.0018576792208477853 -0.020297652110457413 -0.002860597101971507
v -0.0014099203981459139 -0.02081136964261531 -0.0019484200747683644
v -0.0018539939774200318 -0.01950427331030368 -0.002393609145656228
v -0.0018539939774200318 -0.01950427331030368 -0.002393609145656228
v -0.0014099203981459139 -0.02081136964261531 -0.0019484200747683644
v -0.0016102214576676486 -0.019375815987586968 -0.0018827378517016768
v -0.0018539939774200318 -0.01950427331030368 -0.002393609145656228
v -0.0016102214576676486 -0.019375815987586968 -0.0018827378517016768
v -0.002114205155521631 -0.018587911501526826 -0.0023315015714615583
v -0.0018576792208477853 -0.020297652110457413 -0.002860597101971507
v -0.0018539939774200318 -0.01950427331030368 -0.002393609145656228
v -0.002259714528918266 -0.018872765824198716 -0.002860307926312089
v -0.002259714528918266 -0.018872765824198716 -0.002860307926312089
v -0.0018539939774200318 -0.01950427331030368 -0.002393609145656228
v -0.002114205155521631 -0.018587911501526826 -0.0023315015714615583
v -0.002259714528918266 -0.018872765824198716 -0.002860307926312089
v -0.002114205155521631 -0.018587911501526826 -0.0023315015714615583
v -0.0022986875846982 -0.01875727251172065 -0.0028602892998605967
v -0.0012944210320711134 -0.0192352645099163 -0.0013617804506793618
v -0.0015002439031377433 -0.018138123676180833 -0.0013138906797394156
v -0.0019152108579874037 -0.01842688769102096 -0.0019282944267615676
v -0.0010720578720793126 -0.017884925007820122 -0.0008377135964110494
v -0.0009050481603480874 -0.01908962242305278 -0.000854889047332108
v -0.0004486723337322473 -0.018948385491967194 -0.0003942010225728154
v -0.0010720578720793126 -0.017884925007820122 -0.0008377135964110494
v -0.0004486723337322473 -0.018948385491967194 -0.0003942010225728154
v -0.0005728987744078039 -0.017630651593208306 -0.0004029959673061967
v -0.0005728987744078039 -0.017630651593208306 -0.0004029959673061967
v -0.0004486723337322473 -0.018948385491967194 -0.0003942010225728154
v 5.772156146122142e-05 -0.01882188953459262 -1.4714542885485571e-05
v -0.0005728987744078039 -0.017630651593208306 -0.0004029959673061967
v 5.772156146122142e-05 -0.01882188953459262 -1.4714542885485571e-05
v -3.152934732497669e-05 -0.01739442348480224 -4.2028837924590334e-05
v -3.152934732497669e-05 -0.01739442348480224 -4.2028837924590334e-05
v 5.772156146122142e-05 -0.01882188953459262 -1.4714542885485571e-05
v 0.0005826916894875466 -0.018718866631388657 0.0002532022772356868
v -3.152934732497669e-05 -0.01739442348480224 -4.2028837924590334e-05
v 0.0005826916894875466 -0.018718866631388657 0.0002532022772356868
v 0.000540078617632389 -0.017183529213070863 0.00023036159109324217
v 0.000540078617632389 -0.017183529213070863 0.00023036159109324217
v 0.0005826916894875466 -0.018718866631388657 0.0002532022772356868
v 0.0010574609041213987 -0.0170247983187437 0.00038238370325416327
v -0.0018576792208477853 -0.020297652110457413 -0.002860597101971507
v -0.0017760092159733174 -0.020778901875019067 -0.0028606487903743982
v -0.0014099203981459139 -0.02081136964261531 -0.0019484200747683644
v -0.0014099203981459139 -0.02081136964261531 -0.0019484200747683644
v -0.0017760092159733174 -0.020778901875019067 -0.0028606487903743982
v -0.0013821762986481188 -0.0223469603806734 -0.002002531662583351
v -0.0014099203981459139 -0.02081136964261531 -0.0019484200747683644
v -0.0013821762986481188 -0.0223469603806734 -0.002002531662583351
v -0.0008435762720182537 -0.022607080638408654 -0.0008480303222313523
v -0.0008435762720182537 -0.022607080638408654 -0.0008480303222313523
v -0.0013821762986481188 -0.0223469603806734 -0.002002531662583351
v -0.0015549361705780027 -0.023613112047314637 -0.0020474912598729134
v -0.0008435762720182537 -0.022607080638408654 -0.0008480303222313523
v -0.0015549361705780027 -0.023613112047314637 -0.0020474912598729134
v -0.0012622245121747253 -0.023723972961306565 -0.0013647567247971892
v 0.00036465231096372003 -0.02311035990715026 0.00036766647826880217
v 0.0005130291683599352 -0.020995115861296647 0.000305827590636909
v -6.340083200484513e-05 -0.0229300707578659 8.588925265939906e-05
v -6.340083200484513e-05 -0.0229300707578659 8.588925265939906e-05
v 0.0005130291683599352 -0.020995115861296647 0.000305827590636909
v 4.372483090264722e-05 -0.02093102410435676 3.1161474908003584e-05
v -6.340083200484513e-05 -0.0229300707578659 8.588925265939906e-05
v 4.372483090264722e-05 -0.02093102410435676 3.1161474908003584e-05
v -0.00047848283429630095 -0.02276006899774074 -0.0003286210121586919
v -0.00047848283429630095 -0.02276006899774074 -0.0003286210121586919
v 4.372483090264722e-05 -0.02093102410435676 3.1161474908003584e-05
v -0.00040895256097428495 -0.020883629098534577 -0.00036576821003109217
v -0.00047848283429630095 -0.02276006899774074 -0.0003286210121586919
v -0.00040895256097428495 -0.020883629098534577 -0.00036576821003109217
v -0.0008435762720182537 -0.022607080638408654 -0.0008480303222313523
v -0.0008435762720182537 -0.022607080638408654 -0.0008480303222313523
v -0.00040895256097428495 -0.020883629098534577 -0.00036576821003109217
v -0.0008108296315185725 -0.02085158042609691 -0.0008554268861189485
v -0.0008435762720182537 -0.022607080638408654 -0.0008480303222313523
v -0.0008108296315185725 -0.02085158042609691 -0.0008554268861189485
v -0.0014099203981459139 -0.02081136964261531 -0.0019484200747683644
v -0.0014099203981459139 -0.02081136964261531 -0.0019484200747683644
v -0.0008108296315185725 -0.02085158042609691 -0.0008554268861189485
v -0.0012944210320711134 -0.0192352645099163 -0.0013617804506793618
v -0.0014099203981459139 -0.02081136964261531 -0.0019484200747683644
v -0.0012944210320711134 -0.0192352645099163 -0.0013617804506793618
v -0.0016102214576676486 -0.019375815987586968 -0.0018827378517016768
v -0.0016102214576676486 -0.019375815987586968 -0.0018827378517016768
v -0.0012944210320711134 -0.0192352645099163 -0.0013617804506793618
v -0.0019152108579874037 -0.01842688769102096 -0.0019282944267615676
v -0.0016102214576676486 -0.019375815987586968 -0.0018827378517016768
v -0.0019152108579874037 -0.01842688769102096 -0.0019282944267615676
v -0.002114205155521631 -0.018587911501526826 -0.0023315015714615583
v 0.0007313227397389709 -0.023285798728466027 0.0004937982885167003
v 0.0007320610457099973 -0.023279026150703423 0.0004936045734211802
v 0.00036465231096372003 -0.02311035990715026 0.00036766647826880217
v 0.00036465231096372003 -0.02311035990715026 0.00036766647826880217
v 0.0007320610457099973 -0.023279026150703423 0.0004936045734211802
v 0.0009959383169189093 -0.019993217661976807 0.00041313411202281713
v 0.00036465231096372003 -0.02311035990715026 0.00036766647826880217
v 0.0009959383169189093 -0.019993217661976807 0.00041313411202281713
v 0.0005130291683599352 -0.020995115861296647 0.000305827590636909
v 0.0005130291683599352 -0.020995115861296647 0.000305827590636909
v 0.0009959383169189093 -0.019993217661976807 0.00041313411202281713
v 0.0005826916894875466 -0.018718866631388657 0.0002532022772356868
v 0.0005130291683599352 -0.020995115861296647 0.000305827590636909
v 0.0005826916894875466 -0.018718866631388657 0.0002532022772356868
v 4.372483090264722e-05 -0.02093102410435676 3.1161474908003584e-05
v 4.372483090264722e-05 -0.02093102410435676 3.1161474908003584e-05
v 0.0005826916894875466 -0.018718866631388657 0.0002532022772356868
v 5.772156146122142e-05 -0.01882188953459262 -1.4714542885485571e-05
v 4.372483090264722e-05 -0.02093102410435676 3.1161474908003584e-05
v 5.772156146122142e-05 -0.01882188953459262 -1.4714542885485571e-05
v -0.00040895256097428495 -0.020883629098534577 -0.00036576821003109217
v -0.00040895256097428495 -0.020883629098534577 -0.00036576821003109217
v 5.772156146122142e-05 -0.01882188953459262 -1.4714542885485571e-05
v -0.0004486723337322473 -0.018948385491967194 -0.0003942010225728154
v -0.00040895256097428495 -0.020883629098534577 -0.00036576821003109217
v -0.0004486723337322473 -0.018948385491967194 -0.0003942010225728154
v -0.0008108296315185725 -0.02085158042609691 -0.0008554268861189485
v -0.0008108296315185725 -0.02085158042609691 -0.0008554268861189485
v -0.0004486723337322473 -0.018948385491967194 -0.0003942010225728154
v -0.0009050481603480874 -0.01908962242305278 -0.000854889047332108
v -0.0008108296315185725 -0.02085158042609691 -0.0008554268861189485
v -0.0009050481603480874 -0.01908962242305278 -0.000854889047332108
v -0.0012944210320711134 -0.0192352645099163 -0.0013617804506793618
v -0.0012944210320711134 -0.0192352645099163 -0.0013617804506793618
v -0.0009050481603480874 -0.01908962242305278 -0.000854889047332108
v -0.0010720578720793126 -0.017884925007820122 -0.0008377135964110494
v -0.0012944210320711134 -0.0192352645099163 -0.0013617804506793618
v -0.0010720578720793126 -0.017884925007820122 -0.0008377135964110494
v -0.0015002439031377433 -0.018138123676180833 -0.0013138906797394156
v 0.0024699016939848657 -0.026403985917568196 0.0003999414620921016
v 0.0029091718606650825 -0.025289056822657578 0.0003509422531351447
v 0.0017205990152433512 -0.024852473288774483 0.000490140519104898
v 0.0024699016939848657 -0.026403985917568196 0.0003999414620921016
v 0.0017205990152433512 -0.024852473288774483 0.000490140519104898
v 0.0020389950368553396 -0.02742180787026881 0.0004444251535460353
v 0.001466359128244221 -0.028680207207798947 0.00048364640679210424
v 0.00168857688549906 -0.02820497378706931 0.00047299114521592855
v 0.0005504478467628359 -0.028311943635344495 0.0005840895464643836
v 0.0005504478467628359 -0.028311943635344495 0.0005840895464643836
v 0.00168857688549906 -0.02820497378706931 0.00047299114521592855
v 0.0010490338318049906 -0.02708618715405463 0.000556391547434032
v 0.0005504478467628359 -0.028311943635344495 0.0005840895464643836
v 0.0010490338318049906 -0.02708618715405463 0.000556391547434032
v 0.00017778102483134714 -0.02806067280471324 0.000602798885665834
v 0.00017778102483134714 -0.02806067280471324 0.000602798885665834
v 0.0010490338318049906 -0.02708618715405463 0.000556391547434032
v 0.0005035946378484367 -0.026846563443541516 0.0005895973881706595
v 0.00017778102483134714 -0.02806067280471324 0.000602798885665834
v 0.0005035946378484367 -0.026846563443541516 0.0005895973881706595
v 0.00016761844744905827 -0.028052734211087216 0.0006030699005350471
v 9.383507858728989e-05 -0.02660282887518405 0.0005888956366106868
v -0.0002540908171795308 -0.027666550129652013 0.0006012906087562442
v 0.00016761844744905827 -0.028052734211087216 0.0006030699005350471
v 0.00016761844744905827 -0.028052734211087216 0.0006030699005350471
v 0.0005035946378484367 -0.026846563443541516 0.0005895973881706595
v 9.383507858728989e-05 -0.02660282887518405 0.0005888956366106868
v 9.383507858728989e-05 -0.02660282887518405 0.0005888956366106868
v 0.0005035946378484367 -0.026846563443541516 0.0005895973881706595
v 0.0010123571846634147 -0.024589845910668366 0.0005293417489156127
v 9.383507858728989e-05 -0.02660282887518405 0.0005888956366106868
v 0.0010123571846634147 -0.024589845910668366 0.0005293417489156127
v 0.0005751883727498351 -0.024422725662589066 0.000528565957210958
v 0.00168857688549906 -0.02820497378706931 0.00047299114521592855
v 0.0020389950368553396 -0.02742180787026881 0.0004444251535460353
v 0.0010490338318049906 -0.02708618715405463 0.000556391547434032
v 0.0010490338318049906 -0.02708618715405463 0.000556391547434032
v 0.0020389950368553396 -0.02742180787026881 0.0004444251535460353
v 0.0017205990152433512 -0.024852473288774483 0.000490140519104898
v 0.0010490338318049906 -0.02708618715405463 0.000556391547434032
v 0.0017205990152433512 -0.024852473288774483 0.000490140519104898
v 0.0005035946378484367 -0.026846563443541516 0.0005895973881706595
v 0.0005035946378484367 -0.026846563443541516 0.0005895973881706595
v 0.0017205990152433512 -0.024852473288774483 0.000490140519104898
v 0.0010123571846634147 -0.024589845910668366 0.0005293417489156127
v 0.005705012008547782 -0.029156334698200215 -0.0010540677467361093
v 0.005791828967630862 -0.029340166598558415 -0.0012416021199896932
v 0.005921849515289067 -0.02943824790418147 -0.001470735645852983
v 0.005705012008547782 -0.029156334698200215 -0.0010540677467361093
v 0.0054139606654644 -0.028769800439476956 -0.0006766185397282243
v 0.005366304889321326 -0.029244601726531972 -0.0008022092515602708
v 0.002958567580208182 -0.02772936411201953 0.00030162406619638205
v 0.0038541897665709253 -0.026698248460888852 0.00015907676424831152
v 0.003424321766942739 -0.026727806776761998 0.00024381547700613737
v 0.003424321766942739 -0.026727806776761998 0.00024381547700613737
v 0.0038541897665709253 -0.026698248460888852 0.00015907676424831152
v 0.0034234146587550636 -0.026104476302862157 0.0002559408312663436
v 0.003424321766942739 -0.026727806776761998 0.00024381547700613737
v 0.0034234146587550636 -0.026104476302862157 0.0002559408312663436
v 0.0029091718606650825 -0.025289056822657578 0.0003509422531351447
v 0.002958567580208182 -0.02772936411201953 0.00030162406619638205
v 0.0038114294875413175 -0.027985820546746244 0.00010960491636069492
v 0.0038541897665709253 -0.026698248460888852 0.00015907676424831152
v 0.0038541897665709253 -0.026698248460888852 0.00015907676424831152
v 0.0038114294875413175 -0.027985820546746244 0.00010960491636069492
v 0.004576386883854865 -0.028193429112434377 -0.00014588853809982538
v 0.0038541897665709253 -0.026698248460888852 0.00015907676424831152
v 0.004576386883854865 -0.028193429112434377 -0.00014588853809982538
v 0.004580834414809941 -0.027664730325341214 -9.03491090866737e-05
v 0.004155499394983052 -0.028938854113221158 -9.787326416699216e-05
v 0.004818351007997989 -0.029111335054039945 -0.0004184182034805417
v 0.005058167036622762 -0.028297651559114446 -0.000365432002581656
v 0.005705012008547782 -0.029156334698200215 -0.0010540677467361093
v 0.005366304889321326 -0.029244601726531972 -0.0008022092515602708
v 0.005791828967630862 -0.029340166598558415 -0.0012416021199896932
v 0.005791828967630862 -0.029340166598558415 -0.0012416021199896932
v 0.005366304889321326 -0.029244601726531972 -0.0008022092515602708
v 0.00556028913706541 -0.029789887368679036 -0.0012535693822428584
v 0.005791828967630862 -0.029340166598558415 -0.0012416021199896932
v 0.00556028913706541 -0.029789887368679036 -0.0012535693822428584
v 0.005921849515289067 -0.02943824790418147 -0.001470735645852983
v 0.005862742196768521 -0.029855314642190923 -0.0017287236405536532
v 0.006095221266150474 -0.029900884255766858 -0.002270642900839448
v 0.006127832457423209 -0.029839707538485517 -0.0022682223934680223
v 0.00556028913706541 -0.029789887368679036 -0.0012535693822428584
v 0.0058610900305211535 -0.029854968190193166 -0.0017255287384614348
v 0.005921849515289067 -0.02943824790418147 -0.001470735645852983
v 0.005921849515289067 -0.02943824790418147 -0.001470735645852983
v 0.0058610900305211535 -0.029854968190193166 -0.0017255287384614348
v 0.005862742196768521 -0.029855314642190923 -0.0017287236405536532
v 0.005921849515289067 -0.02943824790418147 -0.001470735645852983
v 0.005862742196768521 -0.029855314642190923 -0.0017287236405536532
v 0.006103027611970901 -0.02968274801969527 -0.0020130500197410583
v 0.006103027611970901 -0.02968274801969527 -0.0020130500197410583
v 0.005862742196768521 -0.029855314642190923 -0.0017287236405536532
v 0.006127832457423209 -0.029839707538485517 -0.0022682223934680223
v 0.006103027611970901 -0.02968274801969527 -0.0020130500197410583
v 0.006127832457423209 -0.029839707538485517 -0.0022682223934680223
v 0.00616568699479103 -0.02976827695965766 -0.0022654691711068153
v 0.004670771770179271 -0.029572414234280576 -0.00046926981303840876
v 0.00508347013965249 -0.029676532372832288 -0.0007648380706086755
v 0.005366304889321326 -0.029244601726531972 -0.0008022092515602708
v 0.005366304889321326 -0.029244601726531972 -0.0008022092515602708
v 0.00508347013965249 -0.029676532372832288 -0.0007648380706086755
v 0.005092487670481204 -0.02967875823378562 -0.0007723198505118489
v 0.005366304889321326 -0.029244601726531972 -0.0008022092515602708
v 0.005092487670481204 -0.02967875823378562 -0.0007723198505118489
v 0.00556028913706541 -0.029789887368679036 -0.0012535693822428584
v 0.0054139606654644 -0.028769800439476956 -0.0006766185397282243
v 0.005058167036622762 -0.028297651559114446 -0.000365432002581656
v 0.005366304889321326 -0.029244601726531972 -0.0008022092515602708
v 0.005366304889321326 -0.029244601726531972 -0.0008022092515602708
v 0.005058167036622762 -0.028297651559114446 -0.000365432002581656
v 0.004818351007997989 -0.029111335054039945 -0.0004184182034805417
v 0.005366304889321326 -0.029244601726531972 -0.0008022092515602708
v 0.004818351007997989 -0.029111335054039945 -0.0004184182034805417
v 0.004670771770179271 -0.029572414234280576 -0.00046926981303840876
v 0.004670771770179271 -0.029572414234280576 -0.00046926981303840876
v 0.004818351007997989 -0.029111335054039945 -0.0004184182034805417
v 0.004155499394983052 -0.028938854113221158 -9.787326416699216e-05
v 0.004670771770179271 -0.029572414234280576 -0.00046926981303840876
v 0.004155499394983052 -0.028938854113221158 -9.787326416699216e-05
v 0.004009852185845374 -0.02939855493605136 -0.00012866698671132326
v 0.004009852185845374 -0.02939855493605136 -0.00012866698671132326
v 0.004155499394983052 -0.028938854113221158 -9.787326416699216e-05
v 0.0033966491464525457 -0.02872854657471179 0.00015375379007309675
v 0.004009852185845374 -0.02939855493605136 -0.00012866698671132326
v 0.0033966491464525457 -0.02872854657471179 0.00015375379007309675
v 0.0031084280926734205 -0.029151733964681615 0.00017764221411198378
v 0.0031084280926734205 -0.029151733964681615 0.00017764221411198378
v 0.0033966491464525457 -0.02872854657471179 0.00015375379007309675
v 0.0030803086701780553 -0.029143886640667905 0.00018510257359594107
v 0.0030803086701780553 -0.029143886640667905 0.00018510257359594107
v 0.0033966491464525457 -0.02872854657471179 0.00015375379007309675
v 0.0025662728585302825 -0.02848312072455882 0.0003386902390047908
v 0.0030803086701780553 -0.029143886640667905 0.00018510257359594107
v 0.0025662728585302825 -0.02848312072455882 0.0003386902390047908
v 0.002573969075456261 -0.029001208022236814 0.0003028655191883445
v 0.0029091718606650825 -0.025289056822657578 0.0003509422531351447
v 0.0024699016939848657 -0.026403985917568196 0.0003999414620921016
v 0.003424321766942739 -0.026727806776761998 0.00024381547700613737
v 0.003424321766942739 -0.026727806776761998 0.00024381547700613737
v 0.0024699016939848657 -0.026403985917568196 0.0003999414620921016
v 0.0020389950368553396 -0.02742180787026881 0.0004444251535460353
v 0.003424321766942739 -0.026727806776761998 0.00024381547700613737
v 0.0020389950368553396 -0.02742180787026881 0.0004444251535460353
v 0.002958567580208182 -0.02772936411201953 0.00030162406619638205
v 0.002958567580208182 -0.02772936411201953 0.00030162406619638205
v 0.0020389950368553396 -0.02742180787026881 0.0004444251535460353
v 0.00168857688549906 -0.02820497378706931 0.00047299114521592855
v 0.001466359128244221 -0.028680207207798947 0.00048364640679210424
v 0.002573969075456261 -0.029001208022236814 0.0003028655191883445
v 0.00168857688549906 -0.02820497378706931 0.00047299114521592855
v 0.00168857688549906 -0.02820497378706931 0.00047299114521592855
v 0.002573969075456261 -0.029001208022236814 0.0003028655191883445
v 0.0025662728585302825 -0.02848312072455882 0.0003386902390047908
v 0.00168857688549906 -0.02820497378706931 0.00047299114521592855
v 0.0025662728585302825 -0.02848312072455882 0.0003386902390047908
v 0.002958567580208182 -0.02772936411201953 0.00030162406619638205
v 0.002958567580208182 -0.02772936411201953 0.00030162406619638205
v 0.0025662728585302825 -0.02848312072455882 0.0003386902390047908
v 0.0033966491464525457 -0.02872854657471179 0.00015375379007309675
v 0.002958567580208182 -0.02772936411201953 0.00030162406619638205
v 0.0033966491464525457 -0.02872854657471179 0.00015375379007309675
v 0.0038114294875413175 -0.027985820546746244 0.00010960491636069492
v 0.0038114294875413175 -0.027985820546746244 0.00010960491636069492
v 0.0033966491464525457 -0.02872854657471179 0.00015375379007309675
v 0.004155499394983052 -0.028938854113221158 -9.787326416699216e-05
v 0.0038114294875413175 -0.027985820546746244 0.00010960491636069492
v 0.004155499394983052 -0.028938854113221158 -9.787326416699216e-05
v 0.004576386883854865 -0.028193429112434377 -0.00014588853809982538
v 0.004576386883854865 -0.028193429112434377 -0.00014588853809982538
v 0.004155499394983052 -0.028938854113221158 -9.787326416699216e-05
v 0.005058167036622762 -0.028297651559114446 -0.000365432002581656
v 0.004576386883854865 -0.028193429112434377 -0.00014588853809982538
v 0.005058167036622762 -0.028297651559114446 -0.000365432002581656
v 0.004580834414809941 -0.027664730325341214 -9.03491090866737e-05
v 0.003266327548772096 -0.029195640236139287 -0.010133721865713596
v 0.0030799654778093095 -0.029143789783120145 -0.010185202583670616
v 0.003374117193743586 -0.028709711506962766 -0.01016099564731121
v 0.002261549467220902 -0.028911899775266637 -0.010362282395362854
v 0.001466359128244221 -0.028680207207798947 -0.010483655147254467
v 0.0025359906721860166 -0.028461195528507222 -0.010344775393605232
v 0.0025359906721860166 -0.028461195528507222 -0.010344775393605232
v 0.001466359128244221 -0.028680207207798947 -0.010483655147254467
v 0.002041543368250131 -0.027415920048952092 -0.01044419314712286
v 0.0031474521383643146 -0.02569059841334819 -0.010308372788131237
v 0.0038541823159903284 -0.026698250323534 -0.010159085504710674
v 0.0029261412564665075 -0.02770675905048846 -0.010307920165359974
v 0.00521003222092986 -0.028499048203229894 -0.009516364894807339
v 0.0045603024773299685 -0.028177177533507337 -0.009862087666988373
v 0.004749892745167016 -0.027889106422662725 -0.00982592348009348
v 0.006127832457423209 -0.029839707538485517 -0.007731784600764513
v 0.006095221266150474 -0.029900884255766858 -0.007729365024715662
v 0.005973461084067821 -0.02987745963037013 -0.008037599734961987
v 0.005986185278743505 -0.0295227039605379 -0.008365456946194172
v 0.0057933530770242206 -0.02932814136147498 -0.008763636462390423
v 0.005827775690704583 -0.02931927703320979 -0.00872887298464775
v 0.005827775690704583 -0.02931927703320979 -0.00872887298464775
v 0.0057933530770242206 -0.02932814136147498 -0.008763636462390423
v 0.00536372885107994 -0.02923167496919631 -0.009204655885696411
v 0.005827775690704583 -0.02931927703320979 -0.00872887298464775
v 0.00536372885107994 -0.02923167496919631 -0.009204655885696411
v 0.005578817799687385 -0.028988689184188832 -0.009128468111157417
v 0.005578817799687385 -0.028988689184188832 -0.009128468111157417
v 0.00536372885107994 -0.02923167496919631 -0.009204655885696411
v 0.004810141399502753 -0.029096977785229673 -0.009589404799044132
v 0.005578817799687385 -0.028988689184188832 -0.009128468111157417
v 0.004810141399502753 -0.029096977785229673 -0.009589404799044132
v 0.00521003222092986 -0.028499048203229894 -0.009516364894807339
v 0.00521003222092986 -0.028499048203229894 -0.009516364894807339
v 0.004810141399502753 -0.029096977785229673 -0.009589404799044132
v 0.004140470176935195 -0.028922533616423596 -0.009910072200000286
v 0.00521003222092986 -0.028499048203229894 -0.009516364894807339
v 0.004140470176935195 -0.028922533616423596 -0.009910072200000286
v 0.0045603024773299685 -0.028177177533507337 -0.009862087666988373
v 0.0045603024773299685 -0.028177177533507337 -0.009862087666988373
v 0.004140470176935195 -0.028922533616423596 -0.009910072200000286
v 0.0037874046247452493 -0.027966808527708043 -0.010116972029209137
v 0.0045603024773299685 -0.028177177533507337 -0.009862087666988373
v 0.0037874046247452493 -0.027966808527708043 -0.010116972029209137
v 0.004749892745167016 -0.027889106422662725 -0.00982592348009348
v 0.004749892745167016 -0.027889106422662725 -0.00982592348009348
v 0.0037874046247452493 -0.027966808527708043 -0.010116972029209137
v 0.0041835266165435306 -0.027136364951729764 -0.010063893161714077
v 0.0030799654778093095 -0.029143789783120145 -0.010185202583670616
v 0.002261549467220902 -0.028911899775266637 -0.010362282395362854
v 0.003374117193743586 -0.028709711506962766 -0.01016099564731121
v 0.003374117193743586 -0.028709711506962766 -0.01016099564731121
v 0.002261549467220902 -0.028911899775266637 -0.010362282395362854
v 0.0025359906721860166 -0.028461195528507222 -0.010344775393605232
v 0.003374117193743586 -0.028709711506962766 -0.01016099564731121
v 0.0025359906721860166 -0.028461195528507222 -0.010344775393605232
v 0.0029261412564665075 -0.02770675905048846 -0.010307920165359974
v 0.0029261412564665075 -0.02770675905048846 -0.010307920165359974
v 0.0025359906721860166 -0.028461195528507222 -0.010344775393605232
v 0.002041543368250131 -0.027415920048952092 -0.01044419314712286
v 0.0029261412564665075 -0.02770675905048846 -0.010307920165359974
v 0.002041543368250131 -0.027415920048952092 -0.01044419314712286
v 0.0031474521383643146 -0.02569059841334819 -0.010308372788131237
v 0.0031474521383643146 -0.02569059841334819 -0.010308372788131237
v 0.002041543368250131 -0.027415920048952092 -0.01044419314712286
v 0.0029114764183759685 -0.025292554870247834 -0.010350551456212997
v 0.004140470176935195 -0.028922533616423596 -0.009910072200000286
v 0.003839583601802587 -0.029352685436606397 -0.00994069967418909
v 0.0038269902579486366 -0.029349273070693006 -0.009945587255060673
v 0.0038269902579486366 -0.029349273070693006 -0.009945587255060673
v 0.003266327548772096 -0.029195640236139287 -0.010133721865713596
v 0.004140470176935195 -0.028922533616423596 -0.009910072200000286
v 0.004140470176935195 -0.028922533616423596 -0.009910072200000286
v 0.003266327548772096 -0.029195640236139287 -0.010133721865713596
v 0.003374117193743586 -0.028709711506962766 -0.01016099564731121
v 0.004140470176935195 -0.028922533616423596 -0.009910072200000286
v 0.003374117193743586 -0.028709711506962766 -0.01016099564731121
v 0.0037874046247452493 -0.027966808527708043 -0.010116972029209137
v 0.0037874046247452493 -0.027966808527708043 -0.010116972029209137
v 0.003374117193743586 -0.028709711506962766 -0.01016099564731121
v 0.0029261412564665075 -0.02770675905048846 -0.010307920165359974
v 0.0037874046247452493 -0.027966808527708043 -0.010116972029209137
v 0.0029261412564665075 -0.02770675905048846 -0.010307920165359974
v 0.0041835266165435306 -0.027136364951729764 -0.010063893161714077
v 0.0041835266165435306 -0.027136364951729764 -0.010063893161714077
v 0.0029261412564665075 -0.02770675905048846 -0.010307920165359974
v 0.0038541823159903284 -0.026698250323534 -0.010159085504710674
v 0.003839583601802587 -0.029352685436606397 -0.00994069967418909
v 0.004140470176935195 -0.028922533616423596 -0.009910072200000286
v 0.004515706561505794 -0.02953229658305644 -0.009622743353247643
v 0.004515706561505794 -0.02953229658305644 -0.009622743353247643
v 0.004140470176935195 -0.028922533616423596 -0.009910072200000286
v 0.004810141399502753 -0.029096977785229673 -0.009589404799044132
v 0.004515706561505794 -0.02953229658305644 -0.009622743353247643
v 0.004810141399502753 -0.029096977785229673 -0.009589404799044132
v 0.005083359777927398 -0.0296765062958002 -0.009235261939466
v 0.005083359777927398 -0.0296765062958002 -0.009235261939466
v 0.004810141399502753 -0.029096977785229673 -0.009589404799044132
v 0.00536372885107994 -0.02923167496919631 -0.009204655885696411
v 0.005083359777927398 -0.0296765062958002 -0.009235261939466
v 0.00536372885107994 -0.02923167496919631 -0.009204655885696411
v 0.005393201485276221 -0.029751282185316075 -0.008943181484937668
v 0.005393201485276221 -0.029751282185316075 -0.008943181484937668
v 0.00536372885107994 -0.02923167496919631 -0.009204655885696411
v 0.0057933530770242206 -0.02932814136147498 -0.008763636462390423
v 0.005393201485276221 -0.029751282185316075 -0.008943181484937668
v 0.0057933530770242206 -0.02932814136147498 -0.008763636462390423
v 0.005861066747456788 -0.029854964464902867 -0.008274526335299015
v 0.005861066747456788 -0.029854964464902867 -0.008274526335299015
v 0.0057933530770242206 -0.02932814136147498 -0.008763636462390423
v 0.005986185278743505 -0.0295227039605379 -0.008365456946194172
v 0.005861066747456788 -0.029854964464902867 -0.008274526335299015
v 0.005986185278743505 -0.0295227039605379 -0.008365456946194172
v 0.005973461084067821 -0.02987745963037013 -0.008037599734961987
v 0.005973461084067821 -0.02987745963037013 -0.008037599734961987
v 0.005986185278743505 -0.0295227039605379 -0.008365456946194172
v 0.00616568699479103 -0.02976827695965766 -0.007734538987278938
v 0.005973461084067821 -0.02987745963037013 -0.008037599734961987
v 0.00616568699479103 -0.02976827695965766 -0.007734538987278938
v 0.006127832457423209 -0.029839707538485517 -0.007731784600764513
v 0.0005157759296707808 -0.02685222402215003 -0.010589190758764744
v 0.0010626089060679076 -0.027091097086668004 -0.010555249638855457
v 0.00017778102483134714 -0.02806067280471324 -0.010602806694805622
v 0.00017778102483134714 -0.02806067280471324 -0.010602806694805622
v 0.0010626089060679076 -0.027091097086668004 -0.010555249638855457
v 0.0006010534707456826 -0.0283405128866434 -0.010580360889434814
v 0.0017236310523003338 -0.02485366724431514 -0.010489911772310734
v 0.0029114764183759685 -0.025292554870247834 -0.010350551456212997
v 0.002041543368250131 -0.027415920048952092 -0.01044419314712286
v 0.0010123485699295995 -0.02458983846008777 -0.0105293495580554
v 0.00102736079134047 -0.024595495313405984 -0.010528897866606712
v 0.0005157759296707808 -0.02685222402215003 -0.010589190758764744
v 0.0005157759296707808 -0.02685222402215003 -0.010589190758764744
v 0.00102736079134047 -0.024595495313405984 -0.010528897866606712
v 0.0017236310523003338 -0.02485366724431514 -0.010489911772310734
v 0.0005157759296707808 -0.02685222402215003 -0.010589190758764744
v 0.0017236310523003338 -0.02485366724431514 -0.010489911772310734
v 0.0010626089060679076 -0.027091097086668004 -0.010555249638855457
v 0.0010626089060679076 -0.027091097086668004 -0.010555249638855457
v 0.0017236310523003338 -0.02485366724431514 -0.010489911772310734
v 0.002041543368250131 -0.027415920048952092 -0.01044419314712286
v 0.0010626089060679076 -0.027091097086668004 -0.010555249638855457
v 0.002041543368250131 -0.027415920048952092 -0.01044419314712286
v 0.0006010534707456826 -0.0283405128866434 -0.010580360889434814
v 0.0006010534707456826 -0.0283405128866434 -0.010580360889434814
v 0.002041543368250131 -0.027415920048952092 -0.01044419314712286
v 0.001466359128244221 -0.028680207207798947 -0.010483655147254467
v 0.0005751883727498351 -0.024422725662589066 -0.010528573766350746
v 0.0010123485699295995 -0.02458983846008777 -0.0105293495580554
v 9.426223550690337e-05 -0.0266012530773878 -0.01058887131512165
v 9.426223550690337e-05 -0.0266012530773878 -0.01058887131512165
v 0.0010123485699295995 -0.02458983846008777 -0.0105293495580554
v 0.0005157759296707808 -0.02685222402215003 -0.010589190758764744
v 9.426223550690337e-05 -0.0266012530773878 -0.01058887131512165
v 0.0005157759296707808 -0.02685222402215003 -0.010589190758764744
v -0.00011652440298348664 -0.027294451370835294 -0.010599857196211815
v -0.00011652440298348664 -0.027294451370835294 -0.010599857196211815
v 0.0005157759296707808 -0.02685222402215003 -0.010589190758764744
v 0.00017778102483134714 -0.02806067280471324 -0.010602806694805622
v -0.00011652440298348664 -0.027294451370835294 -0.010599857196211815
v 0.00017778102483134714 -0.02806067280471324 -0.010602806694805622
v -0.0002540908171795308 -0.027666550129652013 -0.01060129888355732
v 0.0010551610030233858 -0.018649963662028306 -0.0103902667760849
v 0.0009267384302802383 -0.02106754854321479 -0.010436461307108402
v 0.0005157641717232763 -0.02099554613232612 -0.01030705962330103
v -0.0016984338872134683 -0.021778009831905358 -0.0071393405087292194
v -0.0017760226037353275 -0.020778911188244813 -0.007139372639358044
v -0.0014015844790264962 -0.02081199921667575 -0.008070762269198895
v -0.0014015844790264962 -0.02081199921667575 -0.008070762269198895
v -0.0017760226037353275 -0.020778911188244813 -0.007139372639358044
v -0.001859938143752515 -0.020286438986659043 -0.0071394252590835094
v -0.0014015844790264962 -0.02081199921667575 -0.008070762269198895
v -0.001859938143752515 -0.020286438986659043 -0.0071394252590835094
v -0.0018849670886993406 -0.020166490226984017 -0.00713944248855114
v -0.0015468852361664174 -0.023616148158907883 -0.007972817867994308
v -0.001863216748461127 -0.023498918861150735 -0.007139428518712521
v -0.001374621409922838 -0.022351192310452454 -0.008017251268029213
v -0.001374621409922838 -0.022351192310452454 -0.008017251268029213
v -0.001863216748461127 -0.023498918861150735 -0.007139428518712521
v -0.0017248098738491533 -0.022558050230145447 -0.007139366120100021
v -0.001374621409922838 -0.022351192310452454 -0.008017251268029213
v -0.0017248098738491533 -0.022558050230145447 -0.007139366120100021
v -0.001700940425507724 -0.02213660813868045 -0.007139347959309816
v 0.0003671239828690886 -0.02311142720282077 -0.010368919000029564
v 0.0007320610457099973 -0.023279026150703423 -0.010493612848222256
v 0.0007311494555324315 -0.023287396878004067 -0.010493852198123932
v -0.0015468852361664174 -0.023616148158907883 -0.007972817867994308
v -0.001374621409922838 -0.022351192310452454 -0.008017251268029213
v -0.0012676704209297893 -0.02372190542519092 -0.008623682893812656
v -0.0012676704209297893 -0.02372190542519092 -0.008623682893812656
v -0.001374621409922838 -0.022351192310452454 -0.008017251268029213
v -0.0008356524631381034 -0.02261050231754779 -0.009165179915726185
v -0.0012676704209297893 -0.02372190542519092 -0.008623682893812656
v -0.0008356524631381034 -0.02261050231754779 -0.009165179915726185
v -0.000981875811703503 -0.023830518126487725 -0.009170440025627613
v -0.000981875811703503 -0.023830518126487725 -0.009170440025627613
v -0.0008356524631381034 -0.02261050231754779 -0.009165179915726185
v -0.0004714592650998383 -0.02276294864714145 -0.009679790586233139
v -0.000981875811703503 -0.023830518126487725 -0.009170440025627613
v -0.0004714592650998383 -0.02276294864714145 -0.009679790586233139
v -0.0006674070027656852 -0.02394988387823104 -0.009641782380640507
v -0.0006674070027656852 -0.02394988387823104 -0.009641782380640507
v -0.0004714592650998383 -0.02276294864714145 -0.009679790586233139
v -5.830485679325647e-05 -0.02293217182159423 -0.010090048424899578
v -0.0006674070027656852 -0.02394988387823104 -0.009641782380640507
v -5.830485679325647e-05 -0.02293217182159423 -0.010090048424899578
v -0.00020295637659728524 -0.024125957861542695 -0.010137775912880898
v -0.00020295637659728524 -0.024125957861542695 -0.010137775912880898
v -5.830485679325647e-05 -0.02293217182159423 -0.010090048424899578
v 0.0003671239828690886 -0.02311142720282077 -0.010368919000029564
v -0.00020295637659728524 -0.024125957861542695 -0.010137775912880898
v 0.0003671239828690886 -0.02311142720282077 -0.010368919000029564
v 7.727328193141146e-05 -0.024232303723692887 -0.010341793298721313
v 7.727328193141146e-05 -0.024232303723692887 -0.010341793298721313
v 0.0003671239828690886 -0.02311142720282077 -0.010368919000029564
v 0.0007311494555324315 -0.023287396878004067 -0.010493852198123932
v 7.727328193141146e-05 -0.024232303723692887 -0.010341793298721313
v 0.0007311494555324315 -0.023287396878004067 -0.010493852198123932
v 0.0005751883727498351 -0.024422725662589066 -0.010528573766350746
v 0.0010574596235528586 -0.017024790868163102 -0.010382391512393951
v 0.0010552612366154788 -0.018646577373147004 -0.010390222072601318
v 0.0005434053600765764 -0.017182413488626473 -0.010231638327240944
v 0.0005434053600765764 -0.017182413488626473 -0.010231638327240944
v 0.0010552612366154788 -0.018646577373147004 -0.010390222072601318
v 0.0005857691285200416 -0.018718341365456574 -0.010254423134028912
v 0.0005434053600765764 -0.017182413488626473 -0.010231638327240944
v 0.0005857691285200416 -0.018718341365456574 -0.010254423134028912
v 0.000540078617632389 -0.017183529213070863 -0.010230369865894318
v 0.000540078617632389 -0.017183529213070863 -0.010230369865894318
v 0.0005857691285200416 -0.018718341365456574 -0.010254423134028912
v 6.39161662547849e-05 -0.01882051490247249 -0.009989174082875252
v 0.000540078617632389 -0.017183529213070863 -0.010230369865894318
v 6.39161662547849e-05 -0.01882051490247249 -0.009989174082875252
v -2.2979756977292706e-05 -0.017390996217727654 -0.009962850250303745
v -2.2979756977292706e-05 -0.017390996217727654 -0.009962850250303745
v 6.39161662547849e-05 -0.01882051490247249 -0.009989174082875252
v -0.00044002939830534155 -0.01894597709178924 -0.009613367728888988
v -0.002114205155521631 -0.018587911501526826 -0.007668506819754839
v -0.0021047226618975397 -0.018579795956611626 -0.007690540514886379
v -0.001845234422944486 -0.01949924044311046 -0.007627198472619057
v -0.001845234422944486 -0.01949924044311046 -0.007627198472619057
v -0.0021047226618975397 -0.018579795956611626 -0.007690540514886379
v -0.0018190497066825626 -0.018355093896389 -0.008234309032559395
v -0.001845234422944486 -0.01949924044311046 -0.007627198472619057
v -0.0018190497066825626 -0.018355093896389 -0.008234309032559395
v -0.0016002499032765625 -0.01937099546194076 -0.008135741576552391
v -0.0016002499032765625 -0.01937099546194076 -0.008135741576552391
v -0.0018190497066825626 -0.018355093896389 -0.008234309032559395
v -0.0015002439031377433 -0.018138123676180833 -0.008686117827892303
v -0.0016002499032765625 -0.01937099546194076 -0.008135741576552391
v -0.0015002439031377433 -0.018138123676180833 -0.008686117827892303
v -0.0012839217670261858 -0.01923097670078277 -0.00865359976887703
v -0.0012839217670261858 -0.01923097670078277 -0.00865359976887703
v -0.0015002439031377433 -0.018138123676180833 -0.008686117827892303
v -0.0010714862728491423 -0.017884610220789902 -0.00916285440325737
v -0.0012839217670261858 -0.01923097670078277 -0.00865359976887703
v -0.0010714862728491423 -0.017884610220789902 -0.00916285440325737
v -0.0008949565235525369 -0.019086180254817002 -0.00915671605616808
v -0.0008949565235525369 -0.019086180254817002 -0.00915671605616808
v -0.0010714862728491423 -0.017884610220789902 -0.00916285440325737
v -0.0005728987744078039 -0.017630651593208306 -0.009597012773156166
v -0.0008949565235525369 -0.019086180254817002 -0.00915671605616808
v -0.0005728987744078039 -0.017630651593208306 -0.009597012773156166
v -0.00044002939830534155 -0.01894597709178924 -0.009613367728888988
v -0.00044002939830534155 -0.01894597709178924 -0.009613367728888988
v -0.0005728987744078039 -0.017630651593208306 -0.009597012773156166
v -0.0005635075503960251 -0.017626224085688584 -0.009604186750948429
v -0.00044002939830534155 -0.01894597709178924 -0.009613367728888988
v -0.0005635075503960251 -0.017626224085688584 -0.009604186750948429
v -2.2979756977292706e-05 -0.017390996217727654 -0.009962850250303745
v 0.0009267384302802383 -0.02106754854321479 -0.010436461307108402
v 0.0007320610457099973 -0.023279026150703423 -0.010493612848222256
v 0.0005157641717232763 -0.02099554613232612 -0.01030705962330103
v 0.0005157641717232763 -0.02099554613232612 -0.01030705962330103
v 0.0007320610457099973 -0.023279026150703423 -0.010493612848222256
v 0.0003671239828690886 -0.02311142720282077 -0.010368919000029564
v 0.0005157641717232763 -0.02099554613232612 -0.01030705962330103
v 0.0003671239828690886 -0.02311142720282077 -0.010368919000029564
v 4.928044290863908e-05 -0.020931687206029885 -0.010035187005996704
v 4.928044290863908e-05 -0.020931687206029885 -0.010035187005996704
v 0.0003671239828690886 -0.02311142720282077 -0.010368919000029564
v -5.830485679325647e-05 -0.02293217182159423 -0.010090048424899578
v 4.928044290863908e-05 -0.020931687206029885 -0.010035187005996704
v -5.830485679325647e-05 -0.02293217182159423 -0.010090048424899578
v -0.0004012711870018392 -0.02088432386517524 -0.009642215445637703
v -0.0004012711870018392 -0.02088432386517524 -0.009642215445637703
v -5.830485679325647e-05 -0.02293217182159423 -0.010090048424899578
v -0.0004714592650998383 -0.02276294864714145 -0.009679790586233139
v -0.0004012711870018392 -0.02088432386517524 -0.009642215445637703
v -0.0004714592650998383 -0.02276294864714145 -0.009679790586233139
v -0.0008020406239666044 -0.0208522044122219 -0.009156975895166397
v -0.0008020406239666044 -0.0208522044122219 -0.009156975895166397
v -0.0004714592650998383 -0.02276294864714145 -0.009679790586233139
v -0.0008356524631381034 -0.02261050231754779 -0.009165179915726185
v -0.0008020406239666044 -0.0208522044122219 -0.009156975895166397
v -0.0008356524631381034 -0.02261050231754779 -0.009165179915726185
v -0.0014015844790264962 -0.02081199921667575 -0.008070762269198895
v -0.0014015844790264962 -0.02081199921667575 -0.008070762269198895
v -0.0008356524631381034 -0.02261050231754779 -0.009165179915726185
v -0.001374621409922838 -0.022351192310452454 -0.008017251268029213
v -0.0014015844790264962 -0.02081199921667575 -0.008070762269198895
v -0.001374621409922838 -0.022351192310452454 -0.008017251268029213
v -0.0016984338872134683 -0.021778009831905358 -0.0071393405087292194
v -0.0016984338872134683 -0.021778009831905358 -0.0071393405087292194
v -0.001374621409922838 -0.022351192310452454 -0.008017251268029213
v -0.001700940425507724 -0.02213660813868045 -0.007139347959309816
v 0.0010552612366154788 -0.018646577373147004 -0.010390222072601318
v 0.0010551610030233858 -0.018649963662028306 -0.0103902667760849
v 0.0005857691285200416 -0.018718341365456574 -0.010254423134028912
v 0.0005857691285200416 -0.018718341365456574 -0.010254423134028912
v 0.0010551610030233858 -0.018649963662028306 -0.0103902667760849
v 0.0005157641717232763 -0.02099554613232612 -0.01030705962330103
v 0.0005857691285200416 -0.018718341365456574 -0.010254423134028912
v 0.0005157641717232763 -0.02099554613232612 -0.01030705962330103
v 6.39161662547849e-05 -0.01882051490247249 -0.009989174082875252
v 6.39161662547849e-05 -0.01882051490247249 -0.009989174082875252
v 0.0005157641717232763 -0.02099554613232612 -0.01030705962330103
v 4.928044290863908e-05 -0.020931687206029885 -0.010035187005996704
v 6.39161662547849e-05 -0.01882051490247249 -0.009989174082875252
v 4.928044290863908e-05 -0.020931687206029885 -0.010035187005996704
v -0.00044002939830534155 -0.01894597709178924 -0.009613367728888988
v -0.00044002939830534155 -0.01894597709178924 -0.009613367728888988
v 4.928044290863908e-05 -0.020931687206029885 -0.010035187005996704
v -0.0004012711870018392 -0.02088432386517524 -0.009642215445637703
v -0.00044002939830534155 -0.01894597709178924 -0.009613367728888988
v -0.0004012711870018392 -0.02088432386517524 -0.009642215445637703
v -0.0008949565235525369 -0.019086180254817002 -0.00915671605616808
v -0.0008949565235525369 -0.019086180254817002 -0.00915671605616808
v -0.0004012711870018392 -0.02088432386517524 -0.009642215445637703
v -0.0008020406239666044 -0.0208522044122219 -0.009156975895166397
v -0.0008949565235525369 -0.019086180254817002 -0.00915671605616808
v -0.0008020406239666044 -0.0208522044122219 -0.009156975895166397
v -0.0012839217670261858 -0.01923097670078277 -0.00865359976887703
v -0.0012839217670261858 -0.01923097670078277 -0.00865359976887703
v -0.0008020406239666044 -0.0208522044122219 -0.009156975895166397
v -0.0014015844790264962 -0.02081199921667575 -0.008070762269198895
v -0.0012839217670261858 -0.01923097670078277 -0.00865359976887703
v -0.0014015844790264962 -0.02081199921667575 -0.008070762269198895
v -0.0016002499032765625 -0.01937099546194076 -0.008135741576552391
v -0.0016002499032765625 -0.01937099546194076 -0.008135741576552391
v -0.0014015844790264962 -0.02081199921667575 -0.008070762269198895
v -0.0018849670886993406 -0.020166490226984017 -0.00713944248855114
v -0.0016002499032765625 -0.01937099546194076 -0.008135741576552391
v -0.0018849670886993406 -0.020166490226984017 -0.00713944248855114
v -0.001845234422944486 -0.01949924044311046 -0.007627198472619057
v -0.001845234422944486 -0.01949924044311046 -0.007627198472619057
v -0.0018849670886993406 -0.020166490226984017 -0.00713944248855114
v -0.002298696199432015 -0.018757265061140053 -0.007139728870242834
v -0.001845234422944486 -0.01949924044311046 -0.007627198472619057
v -0.002298696199432015 -0.018757265061140053 -0.007139728870242834
v -0.002114205155521631 -0.018587911501526826 -0.007668506819754839
v -0.0028077187016606327 -0.01783600822091102 -0.006146935746073723
v -0.0024886589962989088 -0.018944164738059037 -0.006129220128059387
v -0.0025297475513070817 -0.018984591588377946 -0.0056654587388038635
v -0.0038729952648282047 -0.010182488709688183 -0.00559265399351716
v -0.003891146974638104 -0.010216397233307358 -0.005000004079192877
v -0.004035134334117173 -0.007717204745858905 -0.0050000036135315895
v -0.0039429706521332255 -0.003239646786823868 -0.0064363135024905205
v -0.0037586332764476533 -0.0033664298243820654 -0.00713919335976243
v -0.003765421453863382 -0.006089049391448496 -0.007136060390621424
v -0.0040423353202641 -0.003169714240357279 -0.0056883804500103
v -0.003992940299212932 -0.0032050805166363707 -0.006135151255875826
v -0.004016879014670848 -0.005214973352849482 -0.006136443931609392
v -0.004016879014670848 -0.005214973352849482 -0.006136443931609392
v -0.003992940299212932 -0.0032050805166363707 -0.006135151255875826
v -0.0039429706521332255 -0.003239646786823868 -0.0064363135024905205
v -0.004067836795002221 -0.0031501965131610623 -0.0048215314745903015
v -0.004069638904184102 -0.0031487273517996064 -0.00500024389475584
v -0.00409563211724162 -0.005294746719300745 -0.005000002682209015
v -0.00409563211724162 -0.005294746719300745 -0.005000002682209015
v -0.004069638904184102 -0.0031487273517996064 -0.00500024389475584
v -0.0040615000762045375 -0.0031552305445075026 -0.005378467962145805
v -0.0038460611831396814 -0.0033059187699109303 -0.0031442311592400074
v -0.0039925980381667605 -0.003205298911780118 -0.0038624887820333242
v -0.004016879014670848 -0.005214973352849482 -0.003863567253574729
v -0.004016879014670848 -0.005214973352849482 -0.003863567253574729
v -0.0039925980381667605 -0.003205298911780118 -0.0038624887820333242
v -0.004016467835754155 -0.0031884468626230946 -0.004047646652907133
v -0.003958548419177531 -0.007610703352838752 -0.0038551928009837866
v -0.003727280534803867 -0.007355091162025926 -0.0028660311363637447
v -0.0037694920320063825 -0.005874783266335724 -0.00286362087354064
v -0.003727280534803867 -0.007355091162025926 -0.0028660311363637447
v -0.003958548419177531 -0.007610703352838752 -0.0038551928009837866
v -0.003630312625318765 -0.009248960763216015 -0.0028691403567790985
v -0.003630312625318765 -0.009248960763216015 -0.0028691403567790985
v -0.003958548419177531 -0.007610703352838752 -0.0038551928009837866
v -0.0038179429247975345 -0.010084825567901131 -0.0038416055031120777
v -0.003630312625318765 -0.009248960763216015 -0.0028691403567790985
v -0.0038179429247975345 -0.010084825567901131 -0.0038416055031120777
v -0.0034446092322468753 -0.011688133701682087 -0.0028718016110360622
v -0.0034446092322468753 -0.011688133701682087 -0.0028718016110360622
v -0.0038179429247975345 -0.010084825567901131 -0.0038416055031120777
v -0.0036133262328803535 -0.012484244070947167 -0.003828933695331216
v -0.0034446092322468753 -0.011688133701682087 -0.0028718016110360622
v -0.0036133262328803535 -0.012484244070947167 -0.003828933695331216
v -0.0034391700755804773 -0.011748757213354107 -0.002871836768463254
v -0.0032867400441318746 -0.014468315988779063 -0.0033099858555942774
v -0.0031747275497764345 -0.014262924902141089 -0.0028707748278975487
v -0.003201031126081943 -0.014044692739844317 -0.0028710837941616774
v -0.0030234830919653173 -0.016276370733976357 -0.003314174944534898
v -0.0029193889349699016 -0.016084576025605195 -0.0028662148397415876
v -0.002934163669124245 -0.015992952510714524 -0.002866528695449233
v -0.0029193889349699016 -0.016084576025605195 -0.0028662148397415876
v -0.0030234830919653173 -0.016276370733976357 -0.003314174944534898
v -0.002868232317268848 -0.016389530152082436 -0.002865113550797105
v -0.002488651545718312 -0.018944162875413888 -0.003870799206197262
v -0.0022986875846982 -0.01875727251172065 -0.0028602892998605967
v -0.0026368410326540466 -0.01754950545728206 -0.0028607372660189867
v -0.0028077187016606327 -0.01783600822091102 -0.006146935746073723
v -0.0027551767416298385 -0.01699892990291118 -0.007137252017855644
v -0.0024395033251494165 -0.018306467682123177 -0.0071407100185751915
v -0.0024886589962989088 -0.018944164738059037 -0.006129220128059387
v -0.0028077187016606327 -0.01783600822091102 -0.006146935746073723
v -0.002337760059162974 -0.018795698881149285 -0.006990697700530291
v -0.002337760059162974 -0.018795698881149285 -0.006990697700530291
v -0.0028077187016606327 -0.01783600822091102 -0.006146935746073723
v -0.0024395033251494165 -0.018306467682123177 -0.0071407100185751915
v -0.002337760059162974 -0.018795698881149285 -0.006990697700530291
v -0.0024395033251494165 -0.018306467682123177 -0.0071407100185751915
v -0.002298696199432015 -0.018757265061140053 -0.007139728870242834
v -0.003286754712462425 -0.014468318782746787 -0.006690032780170441
v -0.003059906186535954 -0.015146424993872637 -0.0071310014463961124
v -0.0027551767416298385 -0.01699892990291118 -0.007137252017855644
v -0.003059906186535954 -0.015146424993872637 -0.0071310014463961124
v -0.003525724401697516 -0.012314451858401295 -0.006686595268547535
v -0.0034049104433506723 -0.012120448052883145 -0.0071280342526733875
v -0.0034049104433506723 -0.012120448052883145 -0.0071280342526733875
v -0.003525724401697516 -0.012314451858401295 -0.006686595268547535
v -0.0038179503753781314 -0.01008482743054628 -0.006158407777547836
v -0.0039429706521332255 -0.003239646786823868 -0.0064363135024905205
v -0.003765421453863382 -0.006089049391448496 -0.007136060390621424
v -0.004016879014670848 -0.005214973352849482 -0.006136443931609392
v -0.004016879014670848 -0.005214973352849482 -0.006136443931609392
v -0.003765421453863382 -0.006089049391448496 -0.007136060390621424
v -0.003644882701337337 -0.009011173620820042 -0.0071312361396849155
v -0.004016879014670848 -0.005214973352849482 -0.006136443931609392
v -0.003644882701337337 -0.009011173620820042 -0.0071312361396849155
v -0.003958556801080703 -0.007610697299242017 -0.006144819315522909
v -0.0040615000762045375 -0.0031552305445075026 -0.005378467962145805
v -0.0040423353202641 -0.003169714240357279 -0.0056883804500103
v -0.00409563211724162 -0.005294746719300745 -0.005000002682209015
v -0.00409563211724162 -0.005294746719300745 -0.005000002682209015
v -0.0040423353202641 -0.003169714240357279 -0.0056883804500103
v -0.004016879014670848 -0.005214973352849482 -0.006136443931609392
v -0.00409563211724162 -0.005294746719300745 -0.005000002682209015
v -0.004016879014670848 -0.005214973352849482 -0.006136443931609392
v -0.004016131162643432 -0.007689691148698327 -0.005582733079791069
v -0.004016131162643432 -0.007689691148698327 -0.005582733079791069
v -0.004016879014670848 -0.005214973352849482 -0.006136443931609392
v -0.003958556801080703 -0.007610697299242017 -0.006144819315522909
v -0.004016131162643432 -0.007689691148698327 -0.005582733079791069
v -0.003958556801080703 -0.007610697299242017 -0.006144819315522909
v -0.0038179503753781314 -0.01008482743054628 -0.006158407777547836
v -0.0038179503753781314 -0.01008482743054628 -0.006158407777547836
v -0.003958556801080703 -0.007610697299242017 -0.006144819315522909
v -0.003644882701337337 -0.009011173620820042 -0.0071312361396849155
v -0.0038179503753781314 -0.01008482743054628 -0.006158407777547836
v -0.003644882701337337 -0.009011173620820042 -0.0071312361396849155
v -0.0034049104433506723 -0.012120448052883145 -0.0071280342526733875
v -0.0036813167389482255 -0.012633120641112324 -0.005000005010515451
v -0.003891146974638104 -0.010216397233307358 -0.005000004079192877
v -0.0036644968204200263 -0.012594810687005516 -0.005601765122264624
v -0.0036644968204200263 -0.012594810687005516 -0.005601765122264624
v -0.003891146974638104 -0.010216397233307358 -0.005000004079192877
v -0.0038729952648282047 -0.010182488709688183 -0.00559265399351716
v -0.0036644968204200263 -0.012594810687005516 -0.005601765122264624
v -0.0038729952648282047 -0.010182488709688183 -0.00559265399351716
v -0.0036133334506303068 -0.012484245002269741 -0.006171080749481916
v -0.002550662029534578 -0.01900516636669635 -0.005000010132789612
v -0.0028597046621143814 -0.01794671453535556 -0.005000008270144463
v -0.002847035881131887 -0.017918458208441727 -0.005583665799349546
v -0.003059906186535954 -0.015146424993872637 -0.0071310014463961124
v -0.003286754712462425 -0.014468318782746787 -0.006690032780170441
v -0.003525724401697516 -0.012314451858401295 -0.006686595268547535
v -0.003525724401697516 -0.012314451858401295 -0.006686595268547535
v -0.003286754712462425 -0.014468318782746787 -0.006690032780170441
v -0.0036133334506303068 -0.012484245002269741 -0.006171080749481916
v -0.003525724401697516 -0.012314451858401295 -0.006686595268547535
v -0.0036133334506303068 -0.012484245002269741 -0.006171080749481916
v -0.0038179503753781314 -0.01008482743054628 -0.006158407777547836
v -0.0038179503753781314 -0.01008482743054628 -0.006158407777547836
v -0.0036133334506303068 -0.012484245002269741 -0.006171080749481916
v -0.0038729952648282047 -0.010182488709688183 -0.00559265399351716
v -0.0038179503753781314 -0.01008482743054628 -0.006158407777547836
v -0.0038729952648282047 -0.010182488709688183 -0.00559265399351716
v -0.004016131162643432 -0.007689691148698327 -0.005582733079791069
v -0.004016131162643432 -0.007689691148698327 -0.005582733079791069
v -0.0038729952648282047 -0.010182488709688183 -0.00559265399351716
v -0.004035134334117173 -0.007717204745858905 -0.0050000036135315895
v -0.004016131162643432 -0.007689691148698327 -0.005582733079791069
v -0.004035134334117173 -0.007717204745858905 -0.0050000036135315895
v -0.00409563211724162 -0.005294746719300745 -0.005000002682209015
v -0.003405193798243999 -0.012117411009967324 -0.002871978795155883
v -0.0034391700755804773 -0.011748757213354107 -0.002871836768463254
v -0.003525716951116919 -0.012314449995756146 -0.003313422668725252
v -0.003525716951116919 -0.012314449995756146 -0.003313422668725252
v -0.0034391700755804773 -0.011748757213354107 -0.002871836768463254
v -0.0036133262328803535 -0.012484244070947167 -0.003828933695331216
v -0.003525716951116919 -0.012314449995756146 -0.003313422668725252
v -0.0036133262328803535 -0.012484244070947167 -0.003828933695331216
v -0.003366682911291718 -0.014644047245383257 -0.003824621671810746
v -0.003366682911291718 -0.014644047245383257 -0.003824621671810746
v -0.0036133262328803535 -0.012484244070947167 -0.003828933695331216
v -0.0034127368126064535 -0.014758005738258357 -0.0043953293934464455
v -0.003366682911291718 -0.014644047245383257 -0.003824621671810746
v -0.0034127368126064535 -0.014758005738258357 -0.0043953293934464455
v -0.003137069987133145 -0.016544256359338753 -0.004401926416903734
v -0.003137069987133145 -0.016544256359338753 -0.004401926416903734
v -0.0034127368126064535 -0.014758005738258357 -0.0043953293934464455
v -0.0031503352802246805 -0.016580531373620026 -0.005000006873160601
v -0.003137069987133145 -0.016544256359338753 -0.004401926416903734
v -0.0031503352802246805 -0.016580531373620026 -0.005000006873160601
v -0.0028597046621143814 -0.01794671453535556 -0.005000008270144463
v -0.0028597046621143814 -0.01794671453535556 -0.005000008270144463
v -0.0031503352802246805 -0.016580531373620026 -0.005000006873160601
v -0.003137077437713742 -0.016544258221983903 -0.005598088726401329
v -0.0028597046621143814 -0.01794671453535556 -0.005000008270144463
v -0.003137077437713742 -0.016544258221983903 -0.005598088726401329
v -0.002847035881131887 -0.017918458208441727 -0.005583665799349546
v -0.002847035881131887 -0.017918458208441727 -0.005583665799349546
v -0.003137077437713742 -0.016544258221983903 -0.005598088726401329
v -0.0030960422009229656 -0.016439154744148247 -0.006166646257042885
v -0.0030234991572797294 -0.01627636514604091 -0.006685845088213682
v -0.0030960422009229656 -0.016439154744148247 -0.006166646257042885
v -0.003366691758856177 -0.014644040726125235 -0.006175394169986248
v -0.003366691758856177 -0.014644040726125235 -0.006175394169986248
v -0.0030960422009229656 -0.016439154744148247 -0.006166646257042885
v -0.003137077437713742 -0.016544258221983903 -0.005598088726401329
v -0.003366691758856177 -0.014644040726125235 -0.006175394169986248
v -0.003137077437713742 -0.016544258221983903 -0.005598088726401329
v -0.0034127440303564067 -0.014758007600903506 -0.0056046838872134686
v -0.0034127440303564067 -0.014758007600903506 -0.0056046838872134686
v -0.003137077437713742 -0.016544258221983903 -0.005598088726401329
v -0.0031503352802246805 -0.016580531373620026 -0.005000006873160601
v -0.0034127440303564067 -0.014758007600903506 -0.0056046838872134686
v -0.0031503352802246805 -0.016580531373620026 -0.005000006873160601
v -0.003427775343880057 -0.014797417446970934 -0.005000005941838026
v -0.003427775343880057 -0.014797417446970934 -0.005000005941838026
v -0.0031503352802246805 -0.016580531373620026 -0.005000006873160601
v -0.0034127368126064535 -0.014758005738258357 -0.0043953293934464455
v -0.003427775343880057 -0.014797417446970934 -0.005000005941838026
v -0.0034127368126064535 -0.014758005738258357 -0.0043953293934464455
v -0.003664489602670073 -0.012594809755682942 -0.004398246295750141
v -0.003664489602670073 -0.012594809755682942 -0.004398246295750141
v -0.0034127368126064535 -0.014758005738258357 -0.0043953293934464455
v -0.0036133262328803535 -0.012484244070947167 -0.003828933695331216
v -0.003664489602670073 -0.012594809755682942 -0.004398246295750141
v -0.0036133262328803535 -0.012484244070947167 -0.003828933695331216
v -0.0038729878142476078 -0.010182486847043034 -0.004407355561852455
v -0.0038729878142476078 -0.010182486847043034 -0.004407355561852455
v -0.0036133262328803535 -0.012484244070947167 -0.003828933695331216
v -0.0038179429247975345 -0.010084825567901131 -0.0038416055031120777
v -0.0038729878142476078 -0.010182486847043034 -0.004407355561852455
v -0.0038179429247975345 -0.010084825567901131 -0.0038416055031120777
v -0.004016131162643432 -0.007689691148698327 -0.004417275078594685
v -0.004016131162643432 -0.007689691148698327 -0.004417275078594685
v -0.0038179429247975345 -0.010084825567901131 -0.0038416055031120777
v -0.003958548419177531 -0.007610703352838752 -0.0038551928009837866
v -0.004016131162643432 -0.007689691148698327 -0.004417275078594685
v -0.003958548419177531 -0.007610703352838752 -0.0038551928009837866
v -0.004016879014670848 -0.005214973352849482 -0.003863567253574729
v -0.004016879014670848 -0.005214973352849482 -0.003863567253574729
v -0.003958548419177531 -0.007610703352838752 -0.0038551928009837866
v -0.0037694920320063825 -0.005874783266335724 -0.00286362087354064
v -0.004016879014670848 -0.005214973352849482 -0.003863567253574729
v -0.0037694920320063825 -0.005874783266335724 -0.00286362087354064
v -0.0038460611831396814 -0.0033059187699109303 -0.0031442311592400074
v -0.0038460611831396814 -0.0033059187699109303 -0.0031442311592400074
v -0.0037694920320063825 -0.005874783266335724 -0.00286362087354064
v -0.0037586332764476533 -0.0033664298243820654 -0.0028608141001313925
v -0.0025190878659486766 -0.018974104896187775 -0.00418551079928875
v -0.002488651545718312 -0.018944162875413888 -0.003870799206197262
v -0.0028076951857656236 -0.01783601008355617 -0.003853083588182926
v -0.0028076951857656236 -0.01783601008355617 -0.003853083588182926
v -0.002488651545718312 -0.018944162875413888 -0.003870799206197262
v -0.0026368410326540466 -0.01754950545728206 -0.0028607372660189867
v -0.0028076951857656236 -0.01783601008355617 -0.003853083588182926
v -0.0026368410326540466 -0.01754950545728206 -0.0028607372660189867
v -0.0030234830919653173 -0.016276370733976357 -0.003314174944534898
v -0.0030234830919653173 -0.016276370733976357 -0.003314174944534898
v -0.0026368410326540466 -0.01754950545728206 -0.0028607372660189867
v -0.0026376927271485324 -0.017545834183692925 -0.0028607493732124567
v -0.0030234830919653173 -0.016276370733976357 -0.003314174944534898
v -0.0026376927271485324 -0.017545834183692925 -0.0028607493732124567
v -0.002868232317268848 -0.016389530152082436 -0.002865113550797105
v -0.0025476661976426835 -0.019002217799425118 -0.004746670369058847
v -0.0025190878659486766 -0.018974104896187775 -0.00418551079928875
v -0.002847021212801337 -0.017918456345796578 -0.004416351672261953
v -0.002847021212801337 -0.017918456345796578 -0.004416351672261953
v -0.0025190878659486766 -0.018974104896187775 -0.00418551079928875
v -0.0028076951857656236 -0.01783601008355617 -0.003853083588182926
v -0.002847021212801337 -0.017918456345796578 -0.004416351672261953
v -0.0028076951857656236 -0.01783601008355617 -0.003853083588182926
v -0.0030960347503423686 -0.016439152881503098 -0.003833371214568615
v -0.0030960347503423686 -0.016439152881503098 -0.003833371214568615
v -0.0028076951857656236 -0.01783601008355617 -0.003853083588182926
v -0.0030234830919653173 -0.016276370733976357 -0.003314174944534898
v -0.0030960347503423686 -0.016439152881503098 -0.003833371214568615
v -0.0030234830919653173 -0.016276370733976357 -0.003314174944534898
v -0.0032867400441318746 -0.014468315988779063 -0.0033099858555942774
v -0.0032867400441318746 -0.014468315988779063 -0.0033099858555942774
v -0.0030234830919653173 -0.016276370733976357 -0.003314174944534898
v -0.002934163669124245 -0.015992952510714524 -0.002866528695449233
v -0.0032867400441318746 -0.014468315988779063 -0.0033099858555942774
v -0.002934163669124245 -0.015992952510714524 -0.002866528695449233
v -0.0031747275497764345 -0.014262924902141089 -0.0028707748278975487
v -0.002550662029534578 -0.01900516636669635 -0.005000010132789612
v -0.0025476661976426835 -0.019002217799425118 -0.004746670369058847
v -0.0028597046621143814 -0.01794671453535556 -0.005000008270144463
v -0.0028597046621143814 -0.01794671453535556 -0.005000008270144463
v -0.0025476661976426835 -0.019002217799425118 -0.004746670369058847
v -0.002847021212801337 -0.017918456345796578 -0.004416351672261953
v -0.0028597046621143814 -0.01794671453535556 -0.005000008270144463
v -0.002847021212801337 -0.017918456345796578 -0.004416351672261953
v -0.003137069987133145 -0.016544256359338753 -0.004401926416903734
v -0.003137069987133145 -0.016544256359338753 -0.004401926416903734
v -0.002847021212801337 -0.017918456345796578 -0.004416351672261953
v -0.0030960347503423686 -0.016439152881503098 -0.003833371214568615
v -0.003137069987133145 -0.016544256359338753 -0.004401926416903734
v -0.0030960347503423686 -0.016439152881503098 -0.003833371214568615
v -0.003366682911291718 -0.014644047245383257 -0.003824621671810746
v -0.003366682911291718 -0.014644047245383257 -0.003824621671810746
v -0.0030960347503423686 -0.016439152881503098 -0.003833371214568615
v -0.0032867400441318746 -0.014468315988779063 -0.0033099858555942774
v -0.003366682911291718 -0.014644047245383257 -0.003824621671810746
v -0.0032867400441318746 -0.014468315988779063 -0.0033099858555942774
v -0.003525716951116919 -0.012314449995756146 -0.003313422668725252
v -0.003525716951116919 -0.012314449995756146 -0.003313422668725252
v -0.0032867400441318746 -0.014468315988779063 -0.0033099858555942774
v -0.003201031126081943 -0.014044692739844317 -0.0028710837941616774
v -0.003525716951116919 -0.012314449995756146 -0.003313422668725252
v -0.003201031126081943 -0.014044692739844317 -0.0028710837941616774
v -0.003405193798243999 -0.012117411009967324 -0.002871978795155883
v -0.004016467835754155 -0.0031884468626230946 -0.004047646652907133
v -0.004067836795002221 -0.0031501965131610623 -0.0048215314745903015
v -0.004016879014670848 -0.005214973352849482 -0.003863567253574729
v -0.004016879014670848 -0.005214973352849482 -0.003863567253574729
v -0.004067836795002221 -0.0031501965131610623 -0.0048215314745903015
v -0.00409563211724162 -0.005294746719300745 -0.005000002682209015
v -0.004016879014670848 -0.005214973352849482 -0.003863567253574729
v -0.00409563211724162 -0.005294746719300745 -0.005000002682209015
v -0.004016131162643432 -0.007689691148698327 -0.004417275078594685
v -0.004016131162643432 -0.007689691148698327 -0.004417275078594685
v -0.00409563211724162 -0.005294746719300745 -0.005000002682209015
v -0.004035134334117173 -0.007717204745858905 -0.0050000036135315895
v -0.004016131162643432 -0.007689691148698327 -0.004417275078594685
v -0.004035134334117173 -0.007717204745858905 -0.0050000036135315895
v -0.0038729878142476078 -0.010182486847043034 -0.004407355561852455
v -0.0038729878142476078 -0.010182486847043034 -0.004407355561852455
v -0.004035134334117173 -0.007717204745858905 -0.0050000036135315895
v -0.003891146974638104 -0.010216397233307358 -0.005000004079192877
v -0.0038729878142476078 -0.010182486847043034 -0.004407355561852455
v -0.003891146974638104 -0.010216397233307358 -0.005000004079192877
v -0.003664489602670073 -0.012594809755682942 -0.004398246295750141
v -0.003664489602670073 -0.012594809755682942 -0.004398246295750141
v -0.003891146974638104 -0.010216397233307358 -0.005000004079192877
v -0.0036813167389482255 -0.012633120641112324 -0.005000005010515451
v -0.003664489602670073 -0.012594809755682942 -0.004398246295750141
v -0.0036813167389482255 -0.012633120641112324 -0.005000005010515451
v -0.003427775343880057 -0.014797417446970934 -0.005000005941838026
v -0.003427775343880057 -0.014797417446970934 -0.005000005941838026
v -0.0036813167389482255 -0.012633120641112324 -0.005000005010515451
v -0.0036644968204200263 -0.012594810687005516 -0.005601765122264624
v -0.003427775343880057 -0.014797417446970934 -0.005000005941838026
v -0.0036644968204200263 -0.012594810687005516 -0.005601765122264624
v -0.0034127440303564067 -0.014758007600903506 -0.0056046838872134686
v -0.0034127440303564067 -0.014758007600903506 -0.0056046838872134686
v -0.0036644968204200263 -0.012594810687005516 -0.005601765122264624
v -0.0036133334506303068 -0.012484245002269741 -0.006171080749481916
v -0.0034127440303564067 -0.014758007600903506 -0.0056046838872134686
v -0.0036133334506303068 -0.012484245002269741 -0.006171080749481916
v -0.003366691758856177 -0.014644040726125235 -0.006175394169986248
v -0.003366691758856177 -0.014644040726125235 -0.006175394169986248
v -0.0036133334506303068 -0.012484245002269741 -0.006171080749481916
v -0.003286754712462425 -0.014468318782746787 -0.006690032780170441
v -0.003366691758856177 -0.014644040726125235 -0.006175394169986248
v -0.003286754712462425 -0.014468318782746787 -0.006690032780170441
v -0.0030234991572797294 -0.01627636514604091 -0.006685845088213682
v -0.0030234991572797294 -0.01627636514604091 -0.006685845088213682
v -0.003286754712462425 -0.014468318782746787 -0.006690032780170441
v -0.0027551767416298385 -0.01699892990291118 -0.007137252017855644
v -0.0030234991572797294 -0.01627636514604091 -0.006685845088213682
v -0.0027551767416298385 -0.01699892990291118 -0.007137252017855644
v -0.0030960422009229656 -0.016439154744148247 -0.006166646257042885
v -0.0030960422009229656 -0.016439154744148247 -0.006166646257042885
v -0.0027551767416298385 -0.01699892990291118 -0.007137252017855644
v -0.0028077187016606327 -0.01783600822091102 -0.006146935746073723
v -0.0030960422009229656 -0.016439154744148247 -0.006166646257042885
v -0.0028077187016606327 -0.01783600822091102 -0.006146935746073723
v -0.002847035881131887 -0.017918458208441727 -0.005583665799349546
v -0.002847035881131887 -0.017918458208441727 -0.005583665799349546
v -0.0028077187016606327 -0.01783600822091102 -0.006146935746073723
v -0.0025297475513070817 -0.018984591588377946 -0.0056654587388038635
v -0.002847035881131887 -0.017918458208441727 -0.005583665799349546
v -0.0025297475513070817 -0.018984591588377946 -0.0056654587388038635
v -0.002550662029534578 -0.01900516636669635 -0.005000010132789612
v 0.0029091718606650825 -0.025289056822657578 0.0003509422531351447
v 0.002749391598626971 -0.0249760765582323 0.00037841813173145056
v 0.0017205990152433512 -0.024852473288774483 0.000490140519104898
v 0.0017205990152433512 -0.024852473288774483 0.000490140519104898
v 0.002749391598626971 -0.0249760765582323 0.00037841813173145056
v 0.002399609657004475 -0.024128675460815423 0.00042722083162516356
v 0.002399609657004475 -0.024128675460815423 0.00042722083162516356
v 0.002150583546608686 -0.023270711302757256 0.00045198469888418913
v 0.0017205990152433512 -0.024852473288774483 0.000490140519104898
v 0.0017205990152433512 -0.024852473288774483 0.000490140519104898
v 0.002150583546608686 -0.023270711302757256 0.00045198469888418913
v 0.0012962387409061191 -0.0232351254671812 0.000499945948831737
v 0.0017205990152433512 -0.024852473288774483 0.000490140519104898
v 0.0012962387409061191 -0.0232351254671812 0.000499945948831737
v 0.0010123571846634147 -0.024589845910668366 0.0005293417489156127
v 0.0010123571846634147 -0.024589845910668366 0.0005293417489156127
v 0.0012962387409061191 -0.0232351254671812 0.000499945948831737
v 0.000637215154711157 -0.02404095791280269 0.0005163442110642791
v 0.0010123571846634147 -0.024589845910668366 0.0005293417489156127
v 0.000637215154711157 -0.02404095791280269 0.0005163442110642791
v 0.0005751883727498351 -0.024422725662589066 0.000528565957210958
v 0.0009959383169189093 -0.019993217661976807 0.00041313411202281713
v 0.0007320610457099973 -0.023279026150703423 0.0004936045734211802
v 0.0012962387409061191 -0.0232351254671812 0.000499945948831737
v 0.0012962387409061191 -0.0232351254671812 0.000499945948831737
v 0.0007320610457099973 -0.023279026150703423 0.0004936045734211802
v 0.0007313227397389709 -0.023285798728466027 0.0004937982885167003
v 0.0012962387409061191 -0.0232351254671812 0.000499945948831737
v 0.0007313227397389709 -0.023285798728466027 0.0004937982885167003
v 0.000637215154711157 -0.02404095791280269 0.0005163442110642791
v 0.0017524650320410726 -0.016870714724063866 0.00045879639219492674
v 0.0010574609041213987 -0.0170247983187437 0.00038238370325416327
v 0.0009959383169189093 -0.019993217661976807 0.00041313411202281713
v 0.0024031007196754213 -0.018824690952897065 0.00043737597297877073
v 0.0018438984407112 -0.018588135018944733 0.00044784729834645987
v 0.002206411678344011 -0.020191056653857224 0.00044374295976012945
v 0.002206411678344011 -0.020191056653857224 0.00044374295976012945
v 0.0018438984407112 -0.018588135018944733 0.00044784729834645987
v 0.0016057329485192893 -0.02099627442657947 0.00046645093243569136
v 0.002206411678344011 -0.020191056653857224 0.00044374295976012945
v 0.0016057329485192893 -0.02099627442657947 0.00046645093243569136
v 0.0020686723291873928 -0.021437311545014374 0.00045405456330627203
v 0.0020686723291873928 -0.021437311545014374 0.00045405456330627203
v 0.0016057329485192893 -0.02099627442657947 0.00046645093243569136
v 0.002070911461487412 -0.022395122796297066 0.0004568694857880473
v 0.002399609657004475 -0.024128675460815423 0.00042722083162516356
v 0.002184196142479777 -0.023295441642403596 0.0004492452135309577
v 0.002150583546608686 -0.023270711302757256 0.00045198469888418913
v 0.002150583546608686 -0.023270711302757256 0.00045198469888418913
v 0.002184196142479777 -0.023295441642403596 0.0004492452135309577
v 0.002070911461487412 -0.022395122796297066 0.0004568694857880473
v 0.002150583546608686 -0.023270711302757256 0.00045198469888418913
v 0.002070911461487412 -0.022395122796297066 0.0004568694857880473
v 0.0012962387409061191 -0.0232351254671812 0.000499945948831737
v 0.0012962387409061191 -0.0232351254671812 0.000499945948831737
v 0.002070911461487412 -0.022395122796297066 0.0004568694857880473
v 0.0016057329485192893 -0.02099627442657947 0.00046645093243569136
v 0.0012962387409061191 -0.0232351254671812 0.000499945948831737
v 0.0016057329485192893 -0.02099627442657947 0.00046645093243569136
v 0.0009959383169189093 -0.019993217661976807 0.00041313411202281713
v 0.0009959383169189093 -0.019993217661976807 0.00041313411202281713
v 0.0016057329485192893 -0.02099627442657947 0.00046645093243569136
v 0.0018438984407112 -0.018588135018944733 0.00044784729834645987
v 0.0009959383169189093 -0.019993217661976807 0.00041313411202281713
v 0.0018438984407112 -0.018588135018944733 0.00044784729834645987
v 0.0017524650320410726 -0.016870714724063866 0.00045879639219492674
v 0.0017524650320410726 -0.016870714724063866 0.00045879639219492674
v 0.0018438984407112 -0.018588135018944733 0.00044784729834645987
v 0.0024031007196754213 -0.018824690952897065 0.00043737597297877073
v 0.0017524650320410726 -0.016870714724063866 0.00045879639219492674
v 0.0024031007196754213 -0.018824690952897065 0.00043737597297877073
v 0.002689759479835629 -0.016761695966124528 0.0004598841769620776
v 0.001009570085443556 -0.011790703050792214 -0.010489762760698795
v 0.0010090768337249754 -0.013454313389956946 -0.010437756776809692
v 0.00042907049646601075 -0.013722992502152915 -0.01026953011751175
v -0.0012582608032971618 -0.016438052058219903 -0.009206843562424183
v -0.0015002439031377433 -0.018138123676180833 -0.008686117827892303
v -0.0017431714804843066 -0.01677021197974681 -0.008739916607737541
v -0.0017431714804843066 -0.01677021197974681 -0.008739916607737541
v -0.0015002439031377433 -0.018138123676180833 -0.008686117827892303
v -0.0018190497066825626 -0.018355093896389 -0.008234309032559395
v -0.0017431714804843066 -0.01677021197974681 -0.008739916607737541
v -0.0018190497066825626 -0.018355093896389 -0.008234309032559395
v -0.0021373338531702753 -0.01709101535379886 -0.008232216350734234
v -0.0021373338531702753 -0.01709101535379886 -0.008232216350734234
v -0.0018190497066825626 -0.018355093896389 -0.008234309032559395
v -0.0021047226618975397 -0.018579795956611626 -0.007690540514886379
v -0.0021373338531702753 -0.01709101535379886 -0.008232216350734234
v -0.0021047226618975397 -0.018579795956611626 -0.007690540514886379
v -0.0024291591253131624 -0.01738485321402549 -0.007691332139074802
v -0.0024291591253131624 -0.01738485321402549 -0.007691332139074802
v -0.0021047226618975397 -0.018579795956611626 -0.007690540514886379
v -0.002114205155521631 -0.018587911501526826 -0.007668506819754839
v -0.0024291591253131624 -0.01738485321402549 -0.007691332139074802
v -0.002114205155521631 -0.018587911501526826 -0.007668506819754839
v -0.0024395033251494165 -0.018306467682123177 -0.0071407100185751915
v -0.0024395033251494165 -0.018306467682123177 -0.0071407100185751915
v -0.002114205155521631 -0.018587911501526826 -0.007668506819754839
v -0.002298696199432015 -0.018757265061140053 -0.007139728870242834
v -2.2979756977292706e-05 -0.017390996217727654 -0.009962850250303745
v -0.0005635075503960251 -0.017626224085688584 -0.009604186750948429
v -0.0008227757061831652 -0.014395374804735179 -0.009666754864156246
v -0.0008227757061831652 -0.014395374804735179 -0.009666754864156246
v -0.0005635075503960251 -0.017626224085688584 -0.009604186750948429
v -0.0005728987744078039 -0.017630651593208306 -0.009597012773156166
v -0.0008227757061831652 -0.014395374804735179 -0.009666754864156246
v -0.0005728987744078039 -0.017630651593208306 -0.009597012773156166
v -0.0012582608032971618 -0.016438052058219903 -0.009206843562424183
v -0.0012582608032971618 -0.016438052058219903 -0.009206843562424183
v -0.0005728987744078039 -0.017630651593208306 -0.009597012773156166
v -0.0010714862728491423 -0.017884610220789902 -0.00916285440325737
v -0.0012582608032971618 -0.016438052058219903 -0.009206843562424183
v -0.0010714862728491423 -0.017884610220789902 -0.00916285440325737
v -0.0015002439031377433 -0.018138123676180833 -0.008686117827892303
v -0.0008227757061831652 -0.014395374804735179 -0.009666754864156246
v -0.000198958718101494 -0.014043342322111125 -0.010009123012423515
v -2.2979756977292706e-05 -0.017390996217727654 -0.009962850250303745
v -2.2979756977292706e-05 -0.017390996217727654 -0.009962850250303745
v -0.000198958718101494 -0.014043342322111125 -0.010009123012423515
v 0.00042907049646601075 -0.013722992502152915 -0.01026953011751175
v -2.2979756977292706e-05 -0.017390996217727654 -0.009962850250303745
v 0.00042907049646601075 -0.013722992502152915 -0.01026953011751175
v 0.000540078617632389 -0.017183529213070863 -0.010230369865894318
v 0.0010090768337249754 -0.013454313389956946 -0.010437756776809692
v 0.0010574596235528586 -0.017024790868163102 -0.010382391512393951
v 0.00042907049646601075 -0.013722992502152915 -0.01026953011751175
v 0.00042907049646601075 -0.013722992502152915 -0.01026953011751175
v 0.0010574596235528586 -0.017024790868163102 -0.010382391512393951
v 0.0005434053600765764 -0.017182413488626473 -0.010231638327240944
v 0.00042907049646601075 -0.013722992502152915 -0.01026953011751175
v 0.0005434053600765764 -0.017182413488626473 -0.010231638327240944
v 0.000540078617632389 -0.017183529213070863 -0.010230369865894318
v -0.0020595781970769163 -0.004556288011372088 -0.009403472766280174
v -0.002426239196211099 -0.004962715320289133 -0.009067783132195473
v -0.0026942263357341285 -0.00411572167649865 -0.008817952126264572
v -0.0026942263357341285 -0.00411572167649865 -0.008817952126264572
v -0.002426239196211099 -0.004962715320289133 -0.009067783132195473
v -0.0030056277755647893 -0.005106391385197638 -0.00845512468367815
v -0.0026942263357341285 -0.00411572167649865 -0.008817952126264572
v -0.0030056277755647893 -0.005106391385197638 -0.00845512468367815
v -0.0032263910397887226 -0.003746008966118096 -0.008175559341907501
v -0.0032263910397887226 -0.003746008966118096 -0.008175559341907501
v -0.0030056277755647893 -0.005106391385197638 -0.00845512468367815
v -0.003470317460596561 -0.005267505068331955 -0.007802063133567572
v -0.0032263910397887226 -0.003746008966118096 -0.008175559341907501
v -0.003470317460596561 -0.005267505068331955 -0.007802063133567572
v -0.003566302359104156 -0.0035043607931584107 -0.007604008074849844
v -0.0034202355891466136 -0.007512433454394338 -0.007776712998747826
v -0.003644882701337337 -0.009011173620820042 -0.0071312361396849155
v -0.003765421453863382 -0.006089049391448496 -0.007136060390621424
v 0.0010316809639334676 -0.009798030368983742 -0.010575467720627785
v 0.001009570085443556 -0.011790703050792214 -0.010489762760698795
v 0.0003816889075096696 -0.01003060024231672 -0.010413876734673977
v 0.0003816889075096696 -0.01003060024231672 -0.010413876734673977
v 0.001009570085443556 -0.011790703050792214 -0.010489762760698795
v 0.00042907049646601075 -0.013722992502152915 -0.01026953011751175
v 0.0003816889075096696 -0.01003060024231672 -0.010413876734673977
v 0.00042907049646601075 -0.013722992502152915 -0.01026953011751175
v -0.00031444540945813054 -0.010310580953955647 -0.010161936283111572
v -0.00031444540945813054 -0.010310580953955647 -0.010161936283111572
v 0.00042907049646601075 -0.013722992502152915 -0.01026953011751175
v -0.000198958718101494 -0.014043342322111125 -0.010009123012423515
v -0.00031444540945813054 -0.010310580953955647 -0.010161936283111572
v -0.000198958718101494 -0.014043342322111125 -0.010009123012423515
v -0.0010004370706155894 -0.010623723268508908 -0.009810247458517551
v -0.0010004370706155894 -0.010623723268508908 -0.009810247458517551
v -0.000198958718101494 -0.014043342322111125 -0.010009123012423515
v -0.0008227757061831652 -0.014395374804735179 -0.009666754864156246
v -0.003059906186535954 -0.015146424993872637 -0.0071310014463961124
v -0.0034049104433506723 -0.012120448052883145 -0.0071280342526733875
v -0.002918671583756804 -0.014117834158241744 -0.007714756298810244
v -0.002918671583756804 -0.014117834158241744 -0.007714756298810244
v -0.0034049104433506723 -0.012120448052883145 -0.0071280342526733875
v -0.003124465467408299 -0.012057453393936154 -0.007730547338724136
v -0.002918671583756804 -0.014117834158241744 -0.007714756298810244
v -0.003124465467408299 -0.012057453393936154 -0.007730547338724136
v -0.002565406030043959 -0.01373362354934215 -0.008289375342428684
v -0.002565406030043959 -0.01373362354934215 -0.008289375342428684
v -0.003124465467408299 -0.012057453393936154 -0.007730547338724136
v -0.002737530274316668 -0.01169510185718536 -0.008321343921124935
v -0.002565406030043959 -0.01373362354934215 -0.008289375342428684
v -0.002737530274316668 -0.01169510185718536 -0.008321343921124935
v -0.0022389178629964586 -0.011327156797051426 -0.0088729877024889
v -0.0027551767416298385 -0.01699892990291118 -0.007137252017855644
v -0.003059906186535954 -0.015146424993872637 -0.0071310014463961124
v -0.0026903229299932714 -0.015902200713753693 -0.007703494746237993
v -0.0026903229299932714 -0.015902200713753693 -0.007703494746237993
v -0.003059906186535954 -0.015146424993872637 -0.0071310014463961124
v -0.002918671583756804 -0.014117834158241744 -0.007714756298810244
v -0.0026903229299932714 -0.015902200713753693 -0.007703494746237993
v -0.002918671583756804 -0.014117834158241744 -0.007714756298810244
v -0.0023692178074270482 -0.015541776083409781 -0.00826231949031353
v -0.0023692178074270482 -0.015541776083409781 -0.00826231949031353
v -0.002918671583756804 -0.014117834158241744 -0.007714756298810244
v -0.002565406030043959 -0.01373362354934215 -0.008289375342428684
v -0.0023692178074270482 -0.015541776083409781 -0.00826231949031353
v -0.002565406030043959 -0.01373362354934215 -0.008289375342428684
v -0.0019384406041353939 -0.015159744769334788 -0.0087825246155262
v -0.0019384406041353939 -0.015159744769334788 -0.0087825246155262
v -0.002565406030043959 -0.01373362354934215 -0.008289375342428684
v -0.0022389178629964586 -0.011327156797051426 -0.0088729877024889
v -0.0019384406041353939 -0.015159744769334788 -0.0087825246155262
v -0.0022389178629964586 -0.011327156797051426 -0.0088729877024889
v -0.001413660938851535 -0.014771510846912856 -0.009254321455955505
v -0.001413660938851535 -0.014771510846912856 -0.009254321455955505
v -0.0022389178629964586 -0.011327156797051426 -0.0088729877024889
v -0.0016513802111148832 -0.01096552517265081 -0.009374896995723248
v -0.0024395033251494165 -0.018306467682123177 -0.0071407100185751915
v -0.0027551767416298385 -0.01699892990291118 -0.007137252017855644
v -0.0024291591253131624 -0.01738485321402549 -0.007691332139074802
v -0.0024291591253131624 -0.01738485321402549 -0.007691332139074802
v -0.0027551767416298385 -0.01699892990291118 -0.007137252017855644
v -0.0026903229299932714 -0.015902200713753693 -0.007703494746237993
v -0.0024291591253131624 -0.01738485321402549 -0.007691332139074802
v -0.0026903229299932714 -0.015902200713753693 -0.007703494746237993
v -0.0021373338531702753 -0.01709101535379886 -0.008232216350734234
v -0.0021373338531702753 -0.01709101535379886 -0.008232216350734234
v -0.0026903229299932714 -0.015902200713753693 -0.007703494746237993
v -0.0023692178074270482 -0.015541776083409781 -0.00826231949031353
v -0.0021373338531702753 -0.01709101535379886 -0.008232216350734234
v -0.0023692178074270482 -0.015541776083409781 -0.00826231949031353
v -0.0017431714804843066 -0.01677021197974681 -0.008739916607737541
v -0.0017431714804843066 -0.01677021197974681 -0.008739916607737541
v -0.0023692178074270482 -0.015541776083409781 -0.00826231949031353
v -0.0019384406041353939 -0.015159744769334788 -0.0087825246155262
v -0.0017431714804843066 -0.01677021197974681 -0.008739916607737541
v -0.0019384406041353939 -0.015159744769334788 -0.0087825246155262
v -0.0012582608032971618 -0.016438052058219903 -0.009206843562424183
v -0.0012582608032971618 -0.016438052058219903 -0.009206843562424183
v -0.0019384406041353939 -0.015159744769334788 -0.0087825246155262
v -0.001413660938851535 -0.014771510846912856 -0.009254321455955505
v -0.0012582608032971618 -0.016438052058219903 -0.009206843562424183
v -0.001413660938851535 -0.014771510846912856 -0.009254321455955505
v -0.0008227757061831652 -0.014395374804735179 -0.009666754864156246
v -0.0008227757061831652 -0.014395374804735179 -0.009666754864156246
v -0.001413660938851535 -0.014771510846912856 -0.009254321455955505
v -0.0016513802111148832 -0.01096552517265081 -0.009374896995723248
v -0.0008227757061831652 -0.014395374804735179 -0.009666754864156246
v -0.0016513802111148832 -0.01096552517265081 -0.009374896995723248
v -0.0010004370706155894 -0.010623723268508908 -0.009810247458517551
v -0.0037586332764476533 -0.0033664298243820654 -0.00713919335976243
v -0.003566302359104156 -0.0035043607931584107 -0.007604008074849844
v -0.003765421453863382 -0.006089049391448496 -0.007136060390621424
v -0.003765421453863382 -0.006089049391448496 -0.007136060390621424
v -0.003566302359104156 -0.0035043607931584107 -0.007604008074849844
v -0.003470317460596561 -0.005267505068331955 -0.007802063133567572
v -0.003765421453863382 -0.006089049391448496 -0.007136060390621424
v -0.003470317460596561 -0.005267505068331955 -0.007802063133567572
v -0.0034202355891466136 -0.007512433454394338 -0.007776712998747826
v -0.0034202355891466136 -0.007512433454394338 -0.007776712998747826
v -0.003470317460596561 -0.005267505068331955 -0.007802063133567572
v -0.0030056277755647893 -0.005106391385197638 -0.00845512468367815
v -0.0034202355891466136 -0.007512433454394338 -0.007776712998747826
v -0.0030056277755647893 -0.005106391385197638 -0.00845512468367815
v -0.002973954891785979 -0.007280037738382814 -0.008406191132962704
v -0.002973954891785979 -0.007280037738382814 -0.008406191132962704
v -0.0030056277755647893 -0.005106391385197638 -0.00845512468367815
v -0.002426239196211099 -0.004962715320289133 -0.009067783132195473
v -0.002973954891785979 -0.007280037738382814 -0.008406191132962704
v -0.002426239196211099 -0.004962715320289133 -0.009067783132195473
v -0.0024138700682669874 -0.0070577771402895425 -0.008996211923658848
v -0.0024138700682669874 -0.0070577771402895425 -0.008996211923658848
v -0.002426239196211099 -0.004962715320289133 -0.009067783132195473
v -0.0020595781970769163 -0.004556288011372088 -0.009403472766280174
v -0.0024138700682669874 -0.0070577771402895425 -0.008996211923658848
v -0.0020595781970769163 -0.004556288011372088 -0.009403472766280174
v -0.0017721332842484114 -0.0068547176197171185 -0.009535901248455048
v -0.0017721332842484114 -0.0068547176197171185 -0.009535901248455048
v -0.0020595781970769163 -0.004556288011372088 -0.009403472766280174
v -0.0013081628130748866 -0.0050818687304854376 -0.009934823028743267
v -0.0017721332842484114 -0.0068547176197171185 -0.009535901248455048
v -0.0013081628130748866 -0.0050818687304854376 -0.009934823028743267
v -0.0010704689193516968 -0.006679399870336053 -0.010001938790082932
v -0.0010704689193516968 -0.006679399870336053 -0.010001938790082932
v -0.0013081628130748866 -0.0050818687304854376 -0.009934823028743267
v -0.0005619119037874042 -0.005604172125458716 -0.010320449247956276
v -0.0010704689193516968 -0.006679399870336053 -0.010001938790082932
v -0.0005619119037874042 -0.005604172125458716 -0.010320449247956276
v -0.0003314742061775177 -0.0065373713150620434 -0.010371146723628044
v -0.0003314742061775177 -0.0065373713150620434 -0.010371146723628044
v -0.0005619119037874042 -0.005604172125458716 -0.010320449247956276
v 0.00015528917720075694 -0.006109657697379587 -0.010570540092885494
v -0.0003314742061775177 -0.0065373713150620434 -0.010371146723628044
v 0.00015528917720075694 -0.006109657697379587 -0.010570540092885494
v 0.0004227890167385339 -0.006430184002965687 -0.01062722783535719
v 0.0004227890167385339 -0.006430184002965687 -0.01062722783535719
v 0.00015528917720075694 -0.006109657697379587 -0.010570540092885494
v 0.0011181142181158064 -0.006780173163861034 -0.010754497721791267
v -0.0034049104433506723 -0.012120448052883145 -0.0071280342526733875
v -0.003644882701337337 -0.009011173620820042 -0.0071312361396849155
v -0.003124465467408299 -0.012057453393936154 -0.007730547338724136
v -0.003124465467408299 -0.012057453393936154 -0.007730547338724136
v -0.003644882701337337 -0.009011173620820042 -0.0071312361396849155
v -0.0034202355891466136 -0.007512433454394338 -0.007776712998747826
v -0.003124465467408299 -0.012057453393936154 -0.007730547338724136
v -0.0034202355891466136 -0.007512433454394338 -0.007776712998747826
v -0.002737530274316668 -0.01169510185718536 -0.008321343921124935
v -0.002737530274316668 -0.01169510185718536 -0.008321343921124935
v -0.0034202355891466136 -0.007512433454394338 -0.007776712998747826
v -0.002973954891785979 -0.007280037738382814 -0.008406191132962704
v -0.002737530274316668 -0.01169510185718536 -0.008321343921124935
v -0.002973954891785979 -0.007280037738382814 -0.008406191132962704
v -0.0022389178629964586 -0.011327156797051426 -0.0088729877024889
v -0.0022389178629964586 -0.011327156797051426 -0.0088729877024889
v -0.002973954891785979 -0.007280037738382814 -0.008406191132962704
v -0.0024138700682669874 -0.0070577771402895425 -0.008996211923658848
v -0.0022389178629964586 -0.011327156797051426 -0.0088729877024889
v -0.0024138700682669874 -0.0070577771402895425 -0.008996211923658848
v -0.0016513802111148832 -0.01096552517265081 -0.009374896995723248
v -0.0016513802111148832 -0.01096552517265081 -0.009374896995723248
v -0.0024138700682669874 -0.0070577771402895425 -0.008996211923658848
v -0.0017721332842484114 -0.0068547176197171185 -0.009535901248455048
v -0.0016513802111148832 -0.01096552517265081 -0.009374896995723248
v -0.0017721332842484114 -0.0068547176197171185 -0.009535901248455048
v -0.0010004370706155894 -0.010623723268508908 -0.009810247458517551
v -0.0010004370706155894 -0.010623723268508908 -0.009810247458517551
v -0.0017721332842484114 -0.0068547176197171185 -0.009535901248455048
v -0.0010704689193516968 -0.006679399870336053 -0.010001938790082932
v -0.0010004370706155894 -0.010623723268508908 -0.009810247458517551
v -0.0010704689193516968 -0.006679399870336053 -0.010001938790082932
v -0.00031444540945813054 -0.010310580953955647 -0.010161936283111572
v -0.00031444540945813054 -0.010310580953955647 -0.010161936283111572
v -0.0010704689193516968 -0.006679399870336053 -0.010001938790082932
v -0.0003314742061775177 -0.0065373713150620434 -0.010371146723628044
v -0.00031444540945813054 -0.010310580953955647 -0.010161936283111572
v -0.0003314742061775177 -0.0065373713150620434 -0.010371146723628044
v 0.0003816889075096696 -0.01003060024231672 -0.010413876734673977
v 0.0003816889075096696 -0.01003060024231672 -0.010413876734673977
v -0.0003314742061775177 -0.0065373713150620434 -0.010371146723628044
v 0.0004227890167385339 -0.006430184002965687 -0.01062722783535719
v 0.0003816889075096696 -0.01003060024231672 -0.010413876734673977
v 0.0004227890167385339 -0.006430184002965687 -0.01062722783535719
v 0.0010316809639334676 -0.009798030368983742 -0.010575467720627785
v 0.0010316809639334676 -0.009798030368983742 -0.010575467720627785
v 0.0004227890167385339 -0.006430184002965687 -0.01062722783535719
v 0.0011181142181158064 -0.006780173163861034 -0.010754497721791267
v 0.0023996087256819005 -0.024128796532750123 -0.010427229106426239
v 0.0027504786849021907 -0.02497857436537742 -0.010378245264291763
v 0.0017236310523003338 -0.02485366724431514 -0.010489911772310734
v 0.0017236310523003338 -0.02485366724431514 -0.010489911772310734
v 0.0027504786849021907 -0.02497857436537742 -0.010378245264291763
v 0.0029114764183759685 -0.025292554870247834 -0.010350551456212997
v 0.0021842138376086946 -0.023295583203434937 -0.010449252091348171
v 0.0021501339506357904 -0.0232725404202938 -0.0104520283639431
v 0.002070911461487412 -0.022395122796297066 -0.010456877760589123
v 0.002070911461487412 -0.022395122796297066 -0.010456877760589123
v 0.0021501339506357904 -0.0232725404202938 -0.0104520283639431
v 0.001295926049351692 -0.023236831650137894 -0.0104999840259552
v 0.002070911461487412 -0.022395122796297066 -0.010456877760589123
v 0.001295926049351692 -0.023236831650137894 -0.0104999840259552
v 0.0020686723291873928 -0.021437311545014374 -0.01045406237244606
v 0.0020686723291873928 -0.021437311545014374 -0.01045406237244606
v 0.001295926049351692 -0.023236831650137894 -0.0104999840259552
v 0.0016055210726335643 -0.020997827872633927 -0.010466478765010834
v 0.0020686723291873928 -0.021437311545014374 -0.01045406237244606
v 0.0016055210726335643 -0.020997827872633927 -0.010466478765010834
v 0.002206411678344011 -0.020191056653857224 -0.010443750768899918
v 0.002206411678344011 -0.020191056653857224 -0.010443750768899918
v 0.0016055210726335643 -0.020997827872633927 -0.010466478765010834
v 0.0024031007196754213 -0.018824690952897065 -0.010437384247779846
v 0.0018438128754496572 -0.01858879439532756 -0.010447855107486248
v 0.0010551610030233858 -0.018649963662028306 -0.0103902667760849
v 0.0017524650320410726 -0.016870714724063866 -0.010458804666996002
v 0.0017524650320410726 -0.016870714724063866 -0.010458804666996002
v 0.0010551610030233858 -0.018649963662028306 -0.0103902667760849
v 0.0010552612366154788 -0.018646577373147004 -0.010390222072601318
v 0.0017524650320410726 -0.016870714724063866 -0.010458804666996002
v 0.0010552612366154788 -0.018646577373147004 -0.010390222072601318
v 0.0010574596235528586 -0.017024790868163102 -0.010382391512393951
v 0.0009267384302802383 -0.02106754854321479 -0.010436461307108402
v 0.0010551610030233858 -0.018649963662028306 -0.0103902667760849
v 0.0016055210726335643 -0.020997827872633927 -0.010466478765010834
v 0.0016055210726335643 -0.020997827872633927 -0.010466478765010834
v 0.0010551610030233858 -0.018649963662028306 -0.0103902667760849
v 0.0018438128754496572 -0.01858879439532756 -0.010447855107486248
v 0.0016055210726335643 -0.020997827872633927 -0.010466478765010834
v 0.0018438128754496572 -0.01858879439532756 -0.010447855107486248
v 0.0024031007196754213 -0.018824690952897065 -0.010437384247779846
v 0.0024031007196754213 -0.018824690952897065 -0.010437384247779846
v 0.0018438128754496572 -0.01858879439532756 -0.010447855107486248
v 0.0017524650320410726 -0.016870714724063866 -0.010458804666996002
v 0.0024031007196754213 -0.018824690952897065 -0.010437384247779846
v 0.0017524650320410726 -0.016870714724063866 -0.010458804666996002
v 0.002689759479835629 -0.016761695966124528 -0.010459892451763153
v 0.0009267384302802383 -0.02106754854321479 -0.010436461307108402
v 0.0016055210726335643 -0.020997827872633927 -0.010466478765010834
v 0.0007320610457099973 -0.023279026150703423 -0.010493612848222256
v 0.0007320610457099973 -0.023279026150703423 -0.010493612848222256
v 0.0016055210726335643 -0.020997827872633927 -0.010466478765010834
v 0.001295926049351692 -0.023236831650137894 -0.0104999840259552
v 0.0007320610457099973 -0.023279026150703423 -0.010493612848222256
v 0.001295926049351692 -0.023236831650137894 -0.0104999840259552
v 0.0007311494555324315 -0.023287396878004067 -0.010493852198123932
v 0.0005751883727498351 -0.024422725662589066 -0.010528573766350746
v 0.0007311494555324315 -0.023287396878004067 -0.010493852198123932
v 0.0010123485699295995 -0.02458983846008777 -0.0105293495580554
v 0.0010123485699295995 -0.02458983846008777 -0.0105293495580554
v 0.0007311494555324315 -0.023287396878004067 -0.010493852198123932
v 0.001295926049351692 -0.023236831650137894 -0.0104999840259552
v 0.0010123485699295995 -0.02458983846008777 -0.0105293495580554
v 0.001295926049351692 -0.023236831650137894 -0.0104999840259552
v 0.00102736079134047 -0.024595495313405984 -0.010528897866606712
v 0.00102736079134047 -0.024595495313405984 -0.010528897866606712
v 0.001295926049351692 -0.023236831650137894 -0.0104999840259552
v 0.0021501339506357904 -0.0232725404202938 -0.0104520283639431
v 0.00102736079134047 -0.024595495313405984 -0.010528897866606712
v 0.0021501339506357904 -0.0232725404202938 -0.0104520283639431
v 0.0017236310523003338 -0.02485366724431514 -0.010489911772310734
v 0.0017236310523003338 -0.02485366724431514 -0.010489911772310734
v 0.0021501339506357904 -0.0232725404202938 -0.0104520283639431
v 0.0021842138376086946 -0.023295583203434937 -0.010449252091348171
v 0.0017236310523003338 -0.02485366724431514 -0.010489911772310734
v 0.0021842138376086946 -0.023295583203434937 -0.010449252091348171
v 0.0023996087256819005 -0.024128796532750123 -0.010427229106426239
v 0.002399609657004475 -0.024128675460815423 0.00042722083162516356
v 0.002801289083436131 -0.023324990645050996 0.00038853089790791273
v 0.002184196142479777 -0.023295441642403596 0.0004492452135309577
v 0.0038264782633632417 -0.018717993050813668 0.00033232884015887976
v 0.0033531216904520984 -0.021069521084427827 0.00034684769343584776
v 0.004861529916524886 -0.0188666246831417 0.00018087576609104872
v 0.004861529916524886 -0.0188666246831417 0.00018087576609104872
v 0.0033531216904520984 -0.021069521084427827 0.00034684769343584776
v 0.004283501766622066 -0.021099822595715516 0.00021299568470567465
v 0.0029091718606650825 -0.025289056822657578 0.0003509422531351447
v 0.0029406971298158164 -0.02521808817982673 0.0003472295356914401
v 0.002749391598626971 -0.0249760765582323 0.00037841813173145056
v 0.002749391598626971 -0.0249760765582323 0.00037841813173145056
v 0.0029406971298158164 -0.02521808817982673 0.0003472295356914401
v 0.0029639936983585353 -0.02515702508389949 0.00034461019095033407
v 0.002749391598626971 -0.0249760765582323 0.00037841813173145056
v 0.0029639936983585353 -0.02515702508389949 0.00034461019095033407
v 0.0036039748229086395 -0.023350246250629418 0.00027513073291629553
v 0.004283501766622066 -0.021099822595715516 0.00021299568470567465
v 0.0033531216904520984 -0.021069521084427827 0.00034684769343584776
v 0.0036039748229086395 -0.023350246250629418 0.00027513073291629553
v 0.0036039748229086395 -0.023350246250629418 0.00027513073291629553
v 0.0033531216904520984 -0.021069521084427827 0.00034684769343584776
v 0.002801289083436131 -0.023324990645050996 0.00038853089790791273
v 0.0036039748229086395 -0.023350246250629418 0.00027513073291629553
v 0.002801289083436131 -0.023324990645050996 0.00038853089790791273
v 0.002399609657004475 -0.024128675460815423 0.00042722083162516356
v 0.0036039748229086395 -0.023350246250629418 0.00027513073291629553
v 0.002399609657004475 -0.024128675460815423 0.00042722083162516356
v 0.002749391598626971 -0.0249760765582323 0.00037841813173145056
v 0.002184196142479777 -0.023295441642403596 0.0004492452135309577
v 0.002801289083436131 -0.023324990645050996 0.00038853089790791273
v 0.002070911461487412 -0.022395122796297066 0.0004568694857880473
v 0.002070911461487412 -0.022395122796297066 0.0004568694857880473
v 0.002801289083436131 -0.023324990645050996 0.00038853089790791273
v 0.0033531216904520984 -0.021069521084427827 0.00034684769343584776
v 0.002070911461487412 -0.022395122796297066 0.0004568694857880473
v 0.0033531216904520984 -0.021069521084427827 0.00034684769343584776
v 0.0020686723291873928 -0.021437311545014374 0.00045405456330627203
v 0.004861529916524886 -0.0188666246831417 0.00018087576609104872
v 0.005321859847754239 -0.016780182719230645 0.00018487719353288412
v 0.0038264782633632417 -0.018717993050813668 0.00033232884015887976
v 0.0038264782633632417 -0.018717993050813668 0.00033232884015887976
v 0.005321859847754239 -0.016780182719230645 0.00018487719353288412
v 0.0044808019883930674 -0.016730336472392075 0.0003207906847819686
v 0.0038264782633632417 -0.018717993050813668 0.00033232884015887976
v 0.0044808019883930674 -0.016730336472392075 0.0003207906847819686
v 0.0032399448100477453 -0.016731504350900643 0.00043413869570940733
v 0.0020686723291873928 -0.021437311545014374 0.00045405456330627203
v 0.0033531216904520984 -0.021069521084427827 0.00034684769343584776
v 0.002206411678344011 -0.020191056653857224 0.00044374295976012945
v 0.002206411678344011 -0.020191056653857224 0.00044374295976012945
v 0.0033531216904520984 -0.021069521084427827 0.00034684769343584776
v 0.0038264782633632417 -0.018717993050813668 0.00033232884015887976
v 0.002206411678344011 -0.020191056653857224 0.00044374295976012945
v 0.0038264782633632417 -0.018717993050813668 0.00033232884015887976
v 0.0024031007196754213 -0.018824690952897065 0.00043737597297877073
v 0.0024031007196754213 -0.018824690952897065 0.00043737597297877073
v 0.0038264782633632417 -0.018717993050813668 0.00033232884015887976
v 0.0032399448100477453 -0.016731504350900643 0.00043413869570940733
v 0.0024031007196754213 -0.018824690952897065 0.00043737597297877073
v 0.0032399448100477453 -0.016731504350900643 0.00043413869570940733
v 0.002689759479835629 -0.016761695966124528 0.0004598841769620776
v 0.00620255060493946 -0.029921326786279668 -0.0025894648861140013
v 0.006095221266150474 -0.029900884255766858 -0.002270642900839448
v 0.005689514335244893 -0.030736109241843213 -0.0023035069461911917
v 0.006294040940701961 -0.029938744381070127 -0.0070917196571826935
v 0.006030214950442313 -0.03077774867415427 -0.006372366100549698
v 0.00620255060493946 -0.029921326786279668 -0.007410542573779821
v 0.00620255060493946 -0.029921326786279668 -0.007410542573779821
v 0.006030214950442313 -0.03077774867415427 -0.006372366100549698
v 0.005689514335244893 -0.030736109241843213 -0.007696501445025206
v 0.00620255060493946 -0.029921326786279668 -0.007410542573779821
v 0.005689514335244893 -0.030736109241843213 -0.007696501445025206
v 0.006095221266150474 -0.029900884255766858 -0.007729365024715662
v 0.006141228601336478 -0.030791256576776494 -0.005016181152313948
v 0.006549304816871881 -0.029987355694174756 -0.004604764748364687
v 0.00603548577055335 -0.030778387561440457 -0.003659999929368496
v 0.00603548577055335 -0.030778387561440457 -0.003659999929368496
v 0.006549304816871881 -0.029987355694174756 -0.004604764748364687
v 0.006445825565606355 -0.029967650771141042 -0.0036189488600939512
v 0.00603548577055335 -0.030778387561440457 -0.003659999929368496
v 0.006445825565606355 -0.029967650771141042 -0.0036189488600939512
v 0.005689514335244893 -0.030736109241843213 -0.0023035069461911917
v 0.005689514335244893 -0.030736109241843213 -0.0023035069461911917
v 0.006445825565606355 -0.029967650771141042 -0.0036189488600939512
v 0.006294040940701961 -0.029938744381070127 -0.0029082868713885546
v 0.005689514335244893 -0.030736109241843213 -0.0023035069461911917
v 0.006294040940701961 -0.029938744381070127 -0.0029082868713885546
v 0.00620255060493946 -0.029921326786279668 -0.0025894648861140013
v 0.006294040940701961 -0.029938744381070127 -0.0070917196571826935
v 0.006445825565606355 -0.029967650771141042 -0.006381059531122446
v 0.006030214950442313 -0.03077774867415427 -0.006372366100549698
v 0.006030214950442313 -0.03077774867415427 -0.006372366100549698
v 0.006445825565606355 -0.029967650771141042 -0.006381059531122446
v 0.006455241702497005 -0.029969440773129453 -0.006323049310594797
v 0.006030214950442313 -0.03077774867415427 -0.006372366100549698
v 0.006455241702497005 -0.029969440773129453 -0.006323049310594797
v 0.006141228601336478 -0.030791256576776494 -0.005016181152313948
v 0.006141228601336478 -0.030791256576776494 -0.005016181152313948
v 0.006455241702497005 -0.029969440773129453 -0.006323049310594797
v 0.0065583684481680385 -0.029989082366228093 -0.005000004079192877
v 0.006141228601336478 -0.030791256576776494 -0.005016181152313948
v 0.0065583684481680385 -0.029989082366228093 -0.005000004079192877
v 0.006549304816871881 -0.029987355694174756 -0.004604764748364687
v 0.005689514335244893 -0.030736109241843213 -0.0023035069461911917
v 0.0052151880227029315 -0.03192324936389922 -0.0023492195177823305
v 0.00603548577055335 -0.030778387561440457 -0.003659999929368496
v 0.00603548577055335 -0.030778387561440457 -0.003659999929368496
v 0.0052151880227029315 -0.03192324936389922 -0.0023492195177823305
v 0.005549374036490916 -0.031918317079544054 -0.003682602196931839
v 0.00603548577055335 -0.030778387561440457 -0.003659999929368496
v 0.005549374036490916 -0.031918317079544054 -0.003682602196931839
v 0.006141228601336478 -0.030791256576776494 -0.005016181152313948
v 0.006141228601336478 -0.030791256576776494 -0.005016181152313948
v 0.005549374036490916 -0.031918317079544054 -0.003682602196931839
v 0.005650158040225505 -0.03192103281617163 -0.005015907809138298
v 0.006141228601336478 -0.030791256576776494 -0.005016181152313948
v 0.005650158040225505 -0.03192103281617163 -0.005015907809138298
v 0.006030214950442313 -0.03077774867415427 -0.006372366100549698
v 0.006030214950442313 -0.03077774867415427 -0.006372366100549698
v 0.005650158040225505 -0.03192103281617163 -0.005015907809138298
v 0.005544359795749187 -0.03191817551851271 -0.006349220406264067
v 0.006030214950442313 -0.03077774867415427 -0.006372366100549698
v 0.005544359795749187 -0.03191817551851271 -0.006349220406264067
v 0.005689514335244893 -0.030736109241843213 -0.007696501445025206
v 0.005689514335244893 -0.030736109241843213 -0.007696501445025206
v 0.005544359795749187 -0.03191817551851271 -0.006349220406264067
v 0.00522018177434802 -0.03190910071134566 -0.0076513225212693214
v 0.0052151880227029315 -0.03192324936389922 -0.0023492195177823305
v 0.004883857909590005 -0.03300463035702704 -0.0023887029383331537
v 0.005549374036490916 -0.031918317079544054 -0.003682602196931839
v 0.005549374036490916 -0.031918317079544054 -0.003682602196931839
v 0.004883857909590005 -0.03300463035702704 -0.0023887029383331537
v 0.005200829822570085 -0.032977394759654985 -0.003702388145029545
v 0.005549374036490916 -0.031918317079544054 -0.003682602196931839
v 0.005200829822570085 -0.032977394759654985 -0.003702388145029545
v 0.005650158040225505 -0.03192103281617163 -0.005015907809138298
v 0.005650158040225505 -0.03192103281617163 -0.005015907809138298
v 0.005200829822570085 -0.032977394759654985 -0.003702388145029545
v 0.005298245698213576 -0.03296896070241927 -0.0050156693905591965
v 0.005650158040225505 -0.03192103281617163 -0.005015907809138298
v 0.005298245698213576 -0.03296896070241927 -0.0050156693905591965
v 0.005544359795749187 -0.03191817551851271 -0.006349220406264067
v 0.005544359795749187 -0.03191817551851271 -0.006349220406264067
v 0.005298245698213576 -0.03296896070241927 -0.0050156693905591965
v 0.005195990670472383 -0.032977804541587816 -0.006328955292701721
v 0.005544359795749187 -0.03191817551851271 -0.006349220406264067
v 0.005195990670472383 -0.032977804541587816 -0.006328955292701721
v 0.00522018177434802 -0.03190910071134566 -0.0076513225212693214
v 0.00522018177434802 -0.03190910071134566 -0.0076513225212693214
v 0.005195990670472383 -0.032977804541587816 -0.006328955292701721
v 0.004883850459009408 -0.03300463035702704 -0.007611304987221956
v 0.004703866783529519 -0.03381692618131636 -0.007584196515381336
v 0.004883850459009408 -0.03300463035702704 -0.007611304987221956
v 0.005012182518839835 -0.03376677632331847 -0.0063153584487736225
v 0.005012182518839835 -0.03376677632331847 -0.0063153584487736225
v 0.004883850459009408 -0.03300463035702704 -0.007611304987221956
v 0.005195990670472383 -0.032977804541587816 -0.006328955292701721
v 0.005012182518839835 -0.03376677632331847 -0.0063153584487736225
v 0.005195990670472383 -0.032977804541587816 -0.006328955292701721
v 0.005113417748361825 -0.033750310540199266 -0.00501550966873765
v 0.005113417748361825 -0.033750310540199266 -0.00501550966873765
v 0.005195990670472383 -0.032977804541587816 -0.006328955292701721
v 0.005298245698213576 -0.03296896070241927 -0.0050156693905591965
v 0.005113417748361825 -0.033750310540199266 -0.00501550966873765
v 0.005298245698213576 -0.03296896070241927 -0.0050156693905591965
v 0.005016977433115243 -0.03376599401235579 -0.003715662518516183
v 0.005016977433115243 -0.03376599401235579 -0.003715662518516183
v 0.005298245698213576 -0.03296896070241927 -0.0050156693905591965
v 0.005200829822570085 -0.032977394759654985 -0.003702388145029545
v 0.005016977433115243 -0.03376599401235579 -0.003715662518516183
v 0.005200829822570085 -0.032977394759654985 -0.003702388145029545
v 0.004703866783529519 -0.03381692618131636 -0.0024158114101737738
v 0.004703866783529519 -0.03381692618131636 -0.0024158114101737738
v 0.005200829822570085 -0.032977394759654985 -0.003702388145029545
v 0.004883857909590005 -0.03300463035702704 -0.0023887029383331537
v 0.0054139606654644 -0.028769800439476956 -0.0006766185397282243
v 0.005306269973516463 -0.028168313205242147 -0.00046746910084038973
v 0.005058167036622762 -0.028297651559114446 -0.000365432002581656
v 0.006103027611970901 -0.02968274801969527 -0.0020130500197410583
v 0.00616568699479103 -0.02976827695965766 -0.0022654691711068153
v 0.006416503340005874 -0.02925451658666133 -0.0022491132840514183
v 0.006678056437522172 -0.02862345054745673 -0.00223581213504076
v 0.006775632500648498 -0.028358008712530126 -0.0022319161798805
v 0.006541780661791562 -0.028408050537109365 -0.0017351802671328187
v 0.0040581878274679175 -0.025634342804551118 0.00014331366401165724
v 0.003188806120306253 -0.025372434407472604 0.0003064473858103156
v 0.0034234146587550636 -0.026104476302862157 0.0002559408312663436
v 0.0034234146587550636 -0.026104476302862157 0.0002559408312663436
v 0.003188806120306253 -0.025372434407472604 0.0003064473858103156
v 0.0029902658425271507 -0.02530567161738872 0.00033840618561953306
v 0.0034234146587550636 -0.026104476302862157 0.0002559408312663436
v 0.0029902658425271507 -0.02530567161738872 0.00033840618561953306
v 0.0029091718606650825 -0.025289056822657578 0.0003509422531351447
v 0.005730246193706988 -0.02717609889805316 -0.0005310300039127469
v 0.005618994124233722 -0.025966439396142953 -0.0003462029853835702
v 0.005083476193249225 -0.02704317122697829 -0.00021489255595952272
v 0.005083476193249225 -0.02704317122697829 -0.00021489255595952272
v 0.005618994124233722 -0.025966439396142953 -0.0003462029853835702
v 0.004740708041936158 -0.02580313012003898 -2.8164236937300302e-05
v 0.005083476193249225 -0.02704317122697829 -0.00021489255595952272
v 0.004740708041936158 -0.02580313012003898 -2.8164236937300302e-05
v 0.004313108976930379 -0.026852864772081365 4.381162943900563e-05
v 0.006120291538536548 -0.02602716349065303 -0.0006083982298150659
v 0.006244557444006204 -0.027261359617114057 -0.0008966341847553849
v 0.0065662432461977 -0.026055209338664998 -0.0009292355971410871
v 0.0065662432461977 -0.026055209338664998 -0.0009292355971410871
v 0.006244557444006204 -0.027261359617114057 -0.0008966341847553849
v 0.006628901232033967 -0.027309685945510854 -0.0013034053845331073
v 0.0065662432461977 -0.026055209338664998 -0.0009292355971410871
v 0.006628901232033967 -0.027309685945510854 -0.0013034053845331073
v 0.006965475622564553 -0.02605079859495162 -0.0013526695547625422
v 0.006965475622564553 -0.02605079859495162 -0.0013526695547625422
v 0.006628901232033967 -0.027309685945510854 -0.0013034053845331073
v 0.006901581771671771 -0.027332857251167287 -0.0017499391688033938
v 0.006965475622564553 -0.02605079859495162 -0.0013526695547625422
v 0.006901581771671771 -0.027332857251167287 -0.0017499391688033938
v 0.007161821238696574 -0.02603338845074176 -0.0016591864405199885
v 0.007161821238696574 -0.02603338845074176 -0.0016591864405199885
v 0.006901581771671771 -0.027332857251167287 -0.0017499391688033938
v 0.007059250492602586 -0.02746322937309741 -0.002224221359938383
v 0.007161821238696574 -0.02603338845074176 -0.0016591864405199885
v 0.007059250492602586 -0.02746322937309741 -0.002224221359938383
v 0.007404499221593141 -0.0259946621954441 -0.002221910748630762
v 0.006103027611970901 -0.02968274801969527 -0.0020130500197410583
v 0.006416503340005874 -0.02925451658666133 -0.0022491132840514183
v 0.005921849515289067 -0.02943824790418147 -0.001470735645852983
v 0.005058167036622762 -0.028297651559114446 -0.000365432002581656
v 0.005306269973516463 -0.028168313205242147 -0.00046746910084038973
v 0.004580834414809941 -0.027664730325341214 -9.03491090866737e-05
v 0.0040581878274679175 -0.025634342804551118 0.00014331366401165724
v 0.0034234146587550636 -0.026104476302862157 0.0002559408312663436
v 0.004740708041936158 -0.02580313012003898 -2.8164236937300302e-05
v 0.004740708041936158 -0.02580313012003898 -2.8164236937300302e-05
v 0.0034234146587550636 -0.026104476302862157 0.0002559408312663436
v 0.0038541897665709253 -0.026698248460888852 0.00015907676424831152
v 0.004740708041936158 -0.02580313012003898 -2.8164236937300302e-05
v 0.0038541897665709253 -0.026698248460888852 0.00015907676424831152
v 0.004313108976930379 -0.026852864772081365 4.381162943900563e-05
v 0.004313108976930379 -0.026852864772081365 4.381162943900563e-05
v 0.0038541897665709253 -0.026698248460888852 0.00015907676424831152
v 0.004580834414809941 -0.027664730325341214 -9.03491090866737e-05
v 0.004313108976930379 -0.026852864772081365 4.381162943900563e-05
v 0.004580834414809941 -0.027664730325341214 -9.03491090866737e-05
v 0.005083476193249225 -0.02704317122697829 -0.00021489255595952272
v 0.005083476193249225 -0.02704317122697829 -0.00021489255595952272
v 0.004580834414809941 -0.027664730325341214 -9.03491090866737e-05
v 0.005306269973516463 -0.028168313205242147 -0.00046746910084038973
v 0.005083476193249225 -0.02704317122697829 -0.00021489255595952272
v 0.005306269973516463 -0.028168313205242147 -0.00046746910084038973
v 0.005730246193706988 -0.02717609889805316 -0.0005310300039127469
v 0.0062493523582816115 -0.028360452502965917 -0.0012662758817896247
v 0.005884955171495675 -0.0291524939239025 -0.0012417846592143178
v 0.006541780661791562 -0.028408050537109365 -0.0017351802671328187
v 0.006541780661791562 -0.028408050537109365 -0.0017351802671328187
v 0.005884955171495675 -0.0291524939239025 -0.0012417846592143178
v 0.006195892579853534 -0.029214004054665555 -0.0017302631167694926
v 0.006541780661791562 -0.028408050537109365 -0.0017351802671328187
v 0.006195892579853534 -0.029214004054665555 -0.0017302631167694926
v 0.006678056437522172 -0.02862345054745673 -0.00223581213504076
v 0.006678056437522172 -0.02862345054745673 -0.00223581213504076
v 0.006195892579853534 -0.029214004054665555 -0.0017302631167694926
v 0.006416503340005874 -0.02925451658666133 -0.0022491132840514183
v 0.006244557444006204 -0.027261359617114057 -0.0008966341847553849
v 0.005842259153723716 -0.02828356996178626 -0.0008428409928455949
v 0.006628901232033967 -0.027309685945510854 -0.0013034053845331073
v 0.006628901232033967 -0.027309685945510854 -0.0013034053845331073
v 0.005842259153723716 -0.02828356996178626 -0.0008428409928455949
v 0.0062493523582816115 -0.028360452502965917 -0.0012662758817896247
v 0.006628901232033967 -0.027309685945510854 -0.0013034053845331073
v 0.0062493523582816115 -0.028360452502965917 -0.0012662758817896247
v 0.006901581771671771 -0.027332857251167287 -0.0017499391688033938
v 0.006901581771671771 -0.027332857251167287 -0.0017499391688033938
v 0.0062493523582816115 -0.028360452502965917 -0.0012662758817896247
v 0.006541780661791562 -0.028408050537109365 -0.0017351802671328187
v 0.006901581771671771 -0.027332857251167287 -0.0017499391688033938
v 0.006541780661791562 -0.028408050537109365 -0.0017351802671328187
v 0.007059250492602586 -0.02746322937309741 -0.002224221359938383
v 0.007059250492602586 -0.02746322937309741 -0.002224221359938383
v 0.006541780661791562 -0.028408050537109365 -0.0017351802671328187
v 0.006775632500648498 -0.028358008712530126 -0.0022319161798805
v 0.006416503340005874 -0.02925451658666133 -0.0022491132840514183
v 0.006195892579853534 -0.029214004054665555 -0.0017302631167694926
v 0.005921849515289067 -0.02943824790418147 -0.001470735645852983
v 0.005921849515289067 -0.02943824790418147 -0.001470735645852983
v 0.006195892579853534 -0.029214004054665555 -0.0017302631167694926
v 0.005884955171495675 -0.0291524939239025 -0.0012417846592143178
v 0.005921849515289067 -0.02943824790418147 -0.001470735645852983
v 0.005884955171495675 -0.0291524939239025 -0.0012417846592143178
v 0.005705012008547782 -0.029156334698200215 -0.0010540677467361093
v 0.005705012008547782 -0.029156334698200215 -0.0010540677467361093
v 0.005884955171495675 -0.0291524939239025 -0.0012417846592143178
v 0.0062493523582816115 -0.028360452502965917 -0.0012662758817896247
v 0.005705012008547782 -0.029156334698200215 -0.0010540677467361093
v 0.0062493523582816115 -0.028360452502965917 -0.0012662758817896247
v 0.0054139606654644 -0.028769800439476956 -0.0006766185397282243
v 0.0054139606654644 -0.028769800439476956 -0.0006766185397282243
v 0.0062493523582816115 -0.028360452502965917 -0.0012662758817896247
v 0.005842259153723716 -0.02828356996178626 -0.0008428409928455949
v 0.0054139606654644 -0.028769800439476956 -0.0006766185397282243
v 0.005842259153723716 -0.02828356996178626 -0.0008428409928455949
v 0.005306269973516463 -0.028168313205242147 -0.00046746910084038973
v 0.005306269973516463 -0.028168313205242147 -0.00046746910084038973
v 0.005842259153723716 -0.02828356996178626 -0.0008428409928455949
v 0.006244557444006204 -0.027261359617114057 -0.0008966341847553849
v 0.005306269973516463 -0.028168313205242147 -0.00046746910084038973
v 0.006244557444006204 -0.027261359617114057 -0.0008966341847553849
v 0.005730246193706988 -0.02717609889805316 -0.0005310300039127469
v 0.005730246193706988 -0.02717609889805316 -0.0005310300039127469
v 0.006244557444006204 -0.027261359617114057 -0.0008966341847553849
v 0.006120291538536548 -0.02602716349065303 -0.0006083982298150659
v 0.005730246193706988 -0.02717609889805316 -0.0005310300039127469
v 0.006120291538536548 -0.02602716349065303 -0.0006083982298150659
v 0.005618994124233722 -0.025966439396142953 -0.0003462029853835702
v 0.005578817799687385 -0.028988689184188832 -0.009128468111157417
v 0.00588522246107459 -0.029152506962418546 -0.008757910691201687
v 0.005827775690704583 -0.02931927703320979 -0.00872887298464775
v 0.00521003222092986 -0.028499048203229894 -0.009516364894807339
v 0.005307145882397889 -0.028168382123112668 -0.00953205581754446
v 0.005842784419655799 -0.02828354388475417 -0.009156753309071064
v 0.007404505275189876 -0.025994654744863503 -0.0077780974097549915
v 0.00709258671849966 -0.027342988178133954 -0.007776320446282625
v 0.006901720538735389 -0.027332620695233335 -0.008249911479651928
v 0.007404505275189876 -0.025994654744863503 -0.0077780974097549915
v 0.006901720538735389 -0.027332620695233335 -0.008249911479651928
v 0.007221439387649297 -0.026025526225566857 -0.008225208148360252
v 0.007221439387649297 -0.026025526225566857 -0.008225208148360252
v 0.006901720538735389 -0.027332620695233335 -0.008249911479651928
v 0.006629188545048236 -0.02730947546660899 -0.008696307428181171
v 0.007221439387649297 -0.026025526225566857 -0.008225208148360252
v 0.006629188545048236 -0.02730947546660899 -0.008696307428181171
v 0.006974523421376943 -0.026050254702568044 -0.00863516703248024
v 0.006974523421376943 -0.026050254702568044 -0.00863516703248024
v 0.006629188545048236 -0.02730947546660899 -0.008696307428181171
v 0.0062450896948575965 -0.027261201292276372 -0.009102967567741871
v 0.006974523421376943 -0.026050254702568044 -0.00863516703248024
v 0.0062450896948575965 -0.027261201292276372 -0.009102967567741871
v 0.006606585811823606 -0.026056239381432523 -0.009035581722855568
v 0.006606585811823606 -0.026056239381432523 -0.009035581722855568
v 0.0062450896948575965 -0.027261201292276372 -0.009102967567741871
v 0.005731119774281978 -0.027176031842827787 -0.009468495845794678
v 0.006606585811823606 -0.026056239381432523 -0.009035581722855568
v 0.005731119774281978 -0.027176031842827787 -0.009468495845794678
v 0.006283868569880723 -0.02604070119559764 -0.009286228567361832
v 0.006283868569880723 -0.02604070119559764 -0.009286228567361832
v 0.005731119774281978 -0.027176031842827787 -0.009468495845794678
v 0.005084775388240813 -0.027043240144848813 -0.009784607216715813
v 0.006283868569880723 -0.02604070119559764 -0.009286228567361832
v 0.005084775388240813 -0.027043240144848813 -0.009784607216715813
v 0.005499297287315129 -0.025948153808712952 -0.009705979377031326
v 0.005499297287315129 -0.025948153808712952 -0.009705979377031326
v 0.005084775388240813 -0.027043240144848813 -0.009784607216715813
v 0.004314897116273641 -0.026853123679757108 -0.010043335147202015
v 0.005499297287315129 -0.025948153808712952 -0.009705979377031326
v 0.004314897116273641 -0.026853123679757108 -0.010043335147202015
v 0.005119413137435912 -0.025881540030241006 -0.009851479902863503
v 0.0029114764183759685 -0.025292554870247834 -0.010350551456212997
v 0.0029751658439636226 -0.025300493463873856 -0.010340793058276176
v 0.0031474521383643146 -0.02569059841334819 -0.010308372788131237
v 0.0031474521383643146 -0.02569059841334819 -0.010308372788131237
v 0.0029751658439636226 -0.025300493463873856 -0.010340793058276176
v 0.0029897009953856464 -0.0253054779022932 -0.010338502936065197
v 0.0031474521383643146 -0.02569059841334819 -0.010308372788131237
v 0.0029897009953856464 -0.0253054779022932 -0.010338502936065197
v 0.0030056782998144622 -0.02531094476580619 -0.010335979051887989
v 0.0030056782998144622 -0.02531094476580619 -0.010335979051887989
v 0.0030230805277824398 -0.02531688101589679 -0.010333221405744553
v 0.0031474521383643146 -0.02569059841334819 -0.010308372788131237
v 0.0031474521383643146 -0.02569059841334819 -0.010308372788131237
v 0.0030230805277824398 -0.02531688101589679 -0.010333221405744553
v 0.003041906282305717 -0.0253232792019844 -0.010330227203667164
v 0.0031474521383643146 -0.02569059841334819 -0.010308372788131237
v 0.003041906282305717 -0.0253232792019844 -0.010330227203667164
v 0.0038541823159903284 -0.026698250323534 -0.010159085504710674
v 0.0038541823159903284 -0.026698250323534 -0.010159085504710674
v 0.003041906282305717 -0.0253232792019844 -0.010330227203667164
v 0.003538856748491525 -0.025483947247266762 -0.010246152058243752
v 0.0038541823159903284 -0.026698250323534 -0.010159085504710674
v 0.003538856748491525 -0.025483947247266762 -0.010246152058243752
v 0.0038597565144300456 -0.02557904459536075 -0.010184872895479202
v 0.005731119774281978 -0.027176031842827787 -0.009468495845794678
v 0.004749892745167016 -0.027889106422662725 -0.00982592348009348
v 0.005084775388240813 -0.027043240144848813 -0.009784607216715813
v 0.005084775388240813 -0.027043240144848813 -0.009784607216715813
v 0.004749892745167016 -0.027889106422662725 -0.00982592348009348
v 0.0041835266165435306 -0.027136364951729764 -0.010063893161714077
v 0.005084775388240813 -0.027043240144848813 -0.009784607216715813
v 0.0041835266165435306 -0.027136364951729764 -0.010063893161714077
v 0.004314897116273641 -0.026853123679757108 -0.010043335147202015
v 0.004314897116273641 -0.026853123679757108 -0.010043335147202015
v 0.0041835266165435306 -0.027136364951729764 -0.010063893161714077
v 0.0038541823159903284 -0.026698250323534 -0.010159085504710674
v 0.004314897116273641 -0.026853123679757108 -0.010043335147202015
v 0.0038541823159903284 -0.026698250323534 -0.010159085504710674
v 0.005119413137435912 -0.025881540030241006 -0.009851479902863503
v 0.005119413137435912 -0.025881540030241006 -0.009851479902863503
v 0.0038541823159903284 -0.026698250323534 -0.010159085504710674
v 0.0038597565144300456 -0.02557904459536075 -0.010184872895479202
v 0.005827775690704583 -0.02931927703320979 -0.00872887298464775
v 0.00588522246107459 -0.029152506962418546 -0.008757910691201687
v 0.005986185278743505 -0.0295227039605379 -0.008365456946194172
v 0.006541911512613296 -0.028407935053110112 -0.008264665491878986
v 0.0067470092326402656 -0.028437795117497434 -0.007767013739794493
v 0.006678056437522172 -0.02862345054745673 -0.007764196023344994
v 0.00521003222092986 -0.028499048203229894 -0.009516364894807339
v 0.005842784419655799 -0.02828354388475417 -0.009156753309071064
v 0.005578817799687385 -0.028988689184188832 -0.009128468111157417
v 0.005578817799687385 -0.028988689184188832 -0.009128468111157417
v 0.005842784419655799 -0.02828354388475417 -0.009156753309071064
v 0.006249632686376571 -0.0283603724092245 -0.008733428083360195
v 0.005578817799687385 -0.028988689184188832 -0.009128468111157417
v 0.006249632686376571 -0.0283603724092245 -0.008733428083360195
v 0.00588522246107459 -0.029152506962418546 -0.008757910691201687
v 0.00588522246107459 -0.029152506962418546 -0.008757910691201687
v 0.006249632686376571 -0.0283603724092245 -0.008733428083360195
v 0.006541911512613296 -0.028407935053110112 -0.008264665491878986
v 0.00588522246107459 -0.029152506962418546 -0.008757910691201687
v 0.006541911512613296 -0.028407935053110112 -0.008264665491878986
v 0.005986185278743505 -0.0295227039605379 -0.008365456946194172
v 0.005986185278743505 -0.0295227039605379 -0.008365456946194172
v 0.006541911512613296 -0.028407935053110112 -0.008264665491878986
v 0.006678056437522172 -0.02862345054745673 -0.007764196023344994
v 0.005986185278743505 -0.0295227039605379 -0.008365456946194172
v 0.006678056437522172 -0.02862345054745673 -0.007764196023344994
v 0.00616568699479103 -0.02976827695965766 -0.007734538987278938
v 0.00521003222092986 -0.028499048203229894 -0.009516364894807339
v 0.004749892745167016 -0.027889106422662725 -0.00982592348009348
v 0.005307145882397889 -0.028168382123112668 -0.00953205581754446
v 0.005307145882397889 -0.028168382123112668 -0.00953205581754446
v 0.004749892745167016 -0.027889106422662725 -0.00982592348009348
v 0.005731119774281978 -0.027176031842827787 -0.009468495845794678
v 0.005307145882397889 -0.028168382123112668 -0.00953205581754446
v 0.005731119774281978 -0.027176031842827787 -0.009468495845794678
v 0.005842784419655799 -0.02828354388475417 -0.009156753309071064
v 0.005842784419655799 -0.02828354388475417 -0.009156753309071064
v 0.005731119774281978 -0.027176031842827787 -0.009468495845794678
v 0.0062450896948575965 -0.027261201292276372 -0.009102967567741871
v 0.005842784419655799 -0.02828354388475417 -0.009156753309071064
v 0.0062450896948575965 -0.027261201292276372 -0.009102967567741871
v 0.006249632686376571 -0.0283603724092245 -0.008733428083360195
v 0.006249632686376571 -0.0283603724092245 -0.008733428083360195
v 0.0062450896948575965 -0.027261201292276372 -0.009102967567741871
v 0.006629188545048236 -0.02730947546660899 -0.008696307428181171
v 0.006249632686376571 -0.0283603724092245 -0.008733428083360195
v 0.006629188545048236 -0.02730947546660899 -0.008696307428181171
v 0.006541911512613296 -0.028407935053110112 -0.008264665491878986
v 0.006541911512613296 -0.028407935053110112 -0.008264665491878986
v 0.006629188545048236 -0.02730947546660899 -0.008696307428181171
v 0.006901720538735389 -0.027332620695233335 -0.008249911479651928
v 0.006541911512613296 -0.028407935053110112 -0.008264665491878986
v 0.006901720538735389 -0.027332620695233335 -0.008249911479651928
v 0.0067470092326402656 -0.028437795117497434 -0.007767013739794493
v 0.0067470092326402656 -0.028437795117497434 -0.007767013739794493
v 0.006901720538735389 -0.027332620695233335 -0.008249911479651928
v 0.00709258671849966 -0.027342988178133954 -0.007776320446282625
v 0.003834456671029329 -0.01867935620248317 -0.010332348756492138
v 0.004230413120239972 -0.016723535954952233 -0.010350324213504791
v 0.005321859847754239 -0.016780182719230645 -0.010184885002672672
v 0.002689759479835629 -0.016761695966124528 -0.010459892451763153
v 0.004230413120239972 -0.016723535954952233 -0.010350324213504791
v 0.0024031007196754213 -0.018824690952897065 -0.010437384247779846
v 0.0024031007196754213 -0.018824690952897065 -0.010437384247779846
v 0.004230413120239972 -0.016723535954952233 -0.010350324213504791
v 0.003834456671029329 -0.01867935620248317 -0.010332348756492138
v 0.0024031007196754213 -0.018824690952897065 -0.010437384247779846
v 0.003834456671029329 -0.01867935620248317 -0.010332348756492138
v 0.002206411678344011 -0.020191056653857224 -0.010443750768899918
v 0.002206411678344011 -0.020191056653857224 -0.010443750768899918
v 0.003834456671029329 -0.01867935620248317 -0.010332348756492138
v 0.003359780646860599 -0.021042367443442338 -0.01034641731530428
v 0.002206411678344011 -0.020191056653857224 -0.010443750768899918
v 0.003359780646860599 -0.021042367443442338 -0.01034641731530428
v 0.0020686723291873928 -0.021437311545014374 -0.01045406237244606
v 0.0028047212399542327 -0.02331485413014888 -0.010388227179646492
v 0.0021842138376086946 -0.023295583203434937 -0.010449252091348171
v 0.003359780646860599 -0.021042367443442338 -0.01034641731530428
v 0.003359780646860599 -0.021042367443442338 -0.01034641731530428
v 0.0021842138376086946 -0.023295583203434937 -0.010449252091348171
v 0.002070911461487412 -0.022395122796297066 -0.010456877760589123
v 0.003359780646860599 -0.021042367443442338 -0.01034641731530428
v 0.002070911461487412 -0.022395122796297066 -0.010456877760589123
v 0.0020686723291873928 -0.021437311545014374 -0.01045406237244606
v 0.0023996087256819005 -0.024128796532750123 -0.010427229106426239
v 0.003607450751587748 -0.023339640349149697 -0.010274781845510006
v 0.0027504786849021907 -0.02497857436537742 -0.010378245264291763
v 0.0027504786849021907 -0.02497857436537742 -0.010378245264291763
v 0.003607450751587748 -0.023339640349149697 -0.010274781845510006
v 0.0030094778630882497 -0.025037059560418122 -0.010339513421058655
v 0.0027504786849021907 -0.02497857436537742 -0.010378245264291763
v 0.0030094778630882497 -0.025037059560418122 -0.010339513421058655
v 0.0029114764183759685 -0.025292554870247834 -0.010350551456212997
v 0.005321859847754239 -0.016780182719230645 -0.010184885002672672
v 0.004870695993304252 -0.01882823556661605 -0.010180636309087276
v 0.003834456671029329 -0.01867935620248317 -0.010332348756492138
v 0.003834456671029329 -0.01867935620248317 -0.010332348756492138
v 0.004870695993304252 -0.01882823556661605 -0.010180636309087276
v 0.004263414535671472 -0.02117170207202434 -0.010214556939899921
v 0.003834456671029329 -0.01867935620248317 -0.010332348756492138
v 0.004263414535671472 -0.02117170207202434 -0.010214556939899921
v 0.003359780646860599 -0.021042367443442338 -0.01034641731530428
v 0.003359780646860599 -0.021042367443442338 -0.01034641731530428
v 0.004263414535671472 -0.02117170207202434 -0.010214556939899921
v 0.003607450751587748 -0.023339640349149697 -0.010274781845510006
v 0.003359780646860599 -0.021042367443442338 -0.01034641731530428
v 0.003607450751587748 -0.023339640349149697 -0.010274781845510006
v 0.0028047212399542327 -0.02331485413014888 -0.010388227179646492
v 0.0028047212399542327 -0.02331485413014888 -0.010388227179646492
v 0.003607450751587748 -0.023339640349149697 -0.010274781845510006
v 0.0023996087256819005 -0.024128796532750123 -0.010427229106426239
v 0.0028047212399542327 -0.02331485413014888 -0.010388227179646492
v 0.0023996087256819005 -0.024128796532750123 -0.010427229106426239
v 0.0021842138376086946 -0.023295583203434937 -0.010449252091348171
v 0.0029406971298158164 -0.02521808817982673 0.0003472295356914401
v 0.0029091718606650825 -0.025289056822657578 0.0003509422531351447
v 0.0029902658425271507 -0.02530567161738872 0.00033840618561953306
v 0.0029406971298158164 -0.02521808817982673 0.0003472295356914401
v 0.0029902658425271507 -0.02530567161738872 0.00033840618561953306
v 0.0029639936983585353 -0.02515702508389949 0.00034461019095033407
v 0.0029639936983585353 -0.02515702508389949 0.00034461019095033407
v 0.0029902658425271507 -0.02530567161738872 0.00033840618561953306
v 0.0036039748229086395 -0.023350246250629418 0.00027513073291629553
v 0.0036039748229086395 -0.023350246250629418 0.00027513073291629553
v 0.0029902658425271507 -0.02530567161738872 0.00033840618561953306
v 0.003188806120306253 -0.025372434407472604 0.0003064473858103156
v 0.0036039748229086395 -0.023350246250629418 0.00027513073291629553
v 0.003188806120306253 -0.025372434407472604 0.0003064473858103156
v 0.004494735039770602 -0.0237253438681364 9.6679556008894e-05
v 0.004861529916524886 -0.0188666246831417 0.00018087576609104872
v 0.004283501766622066 -0.021099822595715516 0.00021299568470567465
v 0.0050458312034606925 -0.021486474201083176 4.668941619456746e-05
v 0.005321859847754239 -0.016780182719230645 0.00018487719353288412
v 0.004861529916524886 -0.0188666246831417 0.00018087576609104872
v 0.006430113222450017 -0.016876459121704095 -0.00012254773173481226
v 0.006430113222450017 -0.016876459121704095 -0.00012254773173481226
v 0.004861529916524886 -0.0188666246831417 0.00018087576609104872
v 0.006126926280558108 -0.01934142224490642 -0.0001585130812600255
v 0.006430113222450017 -0.016876459121704095 -0.00012254773173481226
v 0.006126926280558108 -0.01934142224490642 -0.0001585130812600255
v 0.006461456883698701 -0.01687947660684585 -0.0001342162722721696
v 0.007161821238696574 -0.02603338845074176 -0.0016591864405199885
v 0.007404499221593141 -0.0259946621954441 -0.002221910748630762
v 0.007428339682519435 -0.02587143331766128 -0.002221863716840744
v 0.003188806120306253 -0.025372434407472604 0.0003064473858103156
v 0.0040581878274679175 -0.025634342804551118 0.00014331366401165724
v 0.004494735039770602 -0.0237253438681364 9.6679556008894e-05
v 0.004494735039770602 -0.0237253438681364 9.6679556008894e-05
v 0.0040581878274679175 -0.025634342804551118 0.00014331366401165724
v 0.004740708041936158 -0.02580313012003898 -2.8164236937300302e-05
v 0.004494735039770602 -0.0237253438681364 9.6679556008894e-05
v 0.004740708041936158 -0.02580313012003898 -2.8164236937300302e-05
v 0.005303930956870317 -0.02403143607079982 -0.0001245239982381463
v 0.005303930956870317 -0.02403143607079982 -0.0001245239982381463
v 0.004740708041936158 -0.02580313012003898 -2.8164236937300302e-05
v 0.005618994124233722 -0.025966439396142953 -0.0003462029853835702
v 0.005303930956870317 -0.02403143607079982 -0.0001245239982381463
v 0.005618994124233722 -0.025966439396142953 -0.0003462029853835702
v 0.005979967303574084 -0.02426165156066417 -0.00038597185630351305
v 0.005979967303574084 -0.02426165156066417 -0.00038597185630351305
v 0.005618994124233722 -0.025966439396142953 -0.0003462029853835702
v 0.006120291538536548 -0.02602716349065303 -0.0006083982298150659
v 0.005979967303574084 -0.02426165156066417 -0.00038597185630351305
v 0.006120291538536548 -0.02602716349065303 -0.0006083982298150659
v 0.0065245325677096835 -0.024434989318251603 -0.0006873292149975896
v 0.0065245325677096835 -0.024434989318251603 -0.0006873292149975896
v 0.006120291538536548 -0.02602716349065303 -0.0006083982298150659
v 0.0065662432461977 -0.026055209338664998 -0.0009292355971410871
v 0.0065245325677096835 -0.024434989318251603 -0.0006873292149975896
v 0.0065662432461977 -0.026055209338664998 -0.0009292355971410871
v 0.006942881736904382 -0.024569530040025704 -0.0010244549484923482
v 0.006942881736904382 -0.024569530040025704 -0.0010244549484923482
v 0.0065662432461977 -0.026055209338664998 -0.0009292355971410871
v 0.006965475622564553 -0.02605079859495162 -0.0013526695547625422
v 0.006942881736904382 -0.024569530040025704 -0.0010244549484923482
v 0.006965475622564553 -0.02605079859495162 -0.0013526695547625422
v 0.0072465240955352775 -0.024679712951183312 -0.0013931492576375604
v 0.0072465240955352775 -0.024679712951183312 -0.0013931492576375604
v 0.006965475622564553 -0.02605079859495162 -0.0013526695547625422
v 0.007161821238696574 -0.02603338845074176 -0.0016591864405199885
v 0.0072465240955352775 -0.024679712951183312 -0.0013931492576375604
v 0.007161821238696574 -0.02603338845074176 -0.0016591864405199885
v 0.007458135019987821 -0.02477698400616645 -0.001794898067601025
v 0.007458135019987821 -0.02477698400616645 -0.001794898067601025
v 0.007161821238696574 -0.02603338845074176 -0.0016591864405199885
v 0.007428339682519435 -0.02587143331766128 -0.002221863716840744
v 0.004861529916524886 -0.0188666246831417 0.00018087576609104872
v 0.0050458312034606925 -0.021486474201083176 4.668941619456746e-05
v 0.006126926280558108 -0.01934142224490642 -0.0001585130812600255
v 0.006126926280558108 -0.01934142224490642 -0.0001585130812600255
v 0.0050458312034606925 -0.021486474201083176 4.668941619456746e-05
v 0.005760386586189269 -0.021803034469485276 -0.00016368890646845102
v 0.006126926280558108 -0.01934142224490642 -0.0001585130812600255
v 0.005760386586189269 -0.021803034469485276 -0.00016368890646845102
v 0.0067079286091029635 -0.019553041085600846 -0.00040458107832819223
v 0.0067079286091029635 -0.019553041085600846 -0.00040458107832819223
v 0.005760386586189269 -0.021803034469485276 -0.00016368890646845102
v 0.006377542857080697 -0.022066507488489144 -0.0004156754584982991
v 0.0067079286091029635 -0.019553041085600846 -0.00040458107832819223
v 0.006377542857080697 -0.022066507488489144 -0.0004156754584982991
v 0.007223641034215688 -0.019747056066989892 -0.0007042294600978494
v 0.007223641034215688 -0.019747056066989892 -0.0007042294600978494
v 0.006377542857080697 -0.022066507488489144 -0.0004156754584982991
v 0.006892262026667594 -0.02229016833007335 -0.0007114257896319032
v 0.007223641034215688 -0.019747056066989892 -0.0007042294600978494
v 0.006892262026667594 -0.02229016833007335 -0.0007114257896319032
v 0.007296857424080371 -0.022486001253128045 -0.0010482758516445756
v 0.006461456883698701 -0.01687947660684585 -0.0001342162722721696
v 0.006126926280558108 -0.01934142224490642 -0.0001585130812600255
v 0.0070288246497511855 -0.016937050968408578 -0.00038192200008779764
v 0.0070288246497511855 -0.016937050968408578 -0.00038192200008779764
v 0.006126926280558108 -0.01934142224490642 -0.0001585130812600255
v 0.0067079286091029635 -0.019553041085600846 -0.00040458107832819223
v 0.0070288246497511855 -0.016937050968408578 -0.00038192200008779764
v 0.0067079286091029635 -0.019553041085600846 -0.00040458107832819223
v 0.007036651484668254 -0.016937877982854836 -0.00038587593007832766
v 0.007036651484668254 -0.016937877982854836 -0.00038587593007832766
v 0.0067079286091029635 -0.019553041085600846 -0.00040458107832819223
v 0.007223641034215688 -0.019747056066989892 -0.0007042294600978494
v 0.007036651484668254 -0.016937877982854836 -0.00038587593007832766
v 0.007223641034215688 -0.019747056066989892 -0.0007042294600978494
v 0.007557491306215524 -0.016995303332805627 -0.0006902279565110803
v 0.007916054688394068 -0.022948216646909707 -0.002219696529209614
v 0.008749426342546938 -0.017141068354248994 -0.0022192213218659163
v 0.0077819633297622195 -0.022827627137303345 -0.0018168232636526227
v 0.0077819633297622195 -0.022827627137303345 -0.0018168232636526227
v 0.008749426342546938 -0.017141068354248994 -0.0022192213218659163
v 0.008600197732448576 -0.017121369019150727 -0.0018331165192648768
v 0.0077819633297622195 -0.022827627137303345 -0.0018168232636526227
v 0.008600197732448576 -0.017121369019150727 -0.0018331165192648768
v 0.007588297128677367 -0.02266262844204902 -0.0014192754169926047
v 0.007588297128677367 -0.02266262844204902 -0.0014192754169926047
v 0.008600197732448576 -0.017121369019150727 -0.0018331165192648768
v 0.00836942810565233 -0.017092190682888024 -0.0014466220745816827
v 0.007588297128677367 -0.02266262844204902 -0.0014192754169926047
v 0.00836942810565233 -0.017092190682888024 -0.0014466220745816827
v 0.007296857424080371 -0.022486001253128045 -0.0010482758516445756
v 0.007296857424080371 -0.022486001253128045 -0.0010482758516445756
v 0.00836942810565233 -0.017092190682888024 -0.0014466220745816827
v 0.008008900098502634 -0.017048127949237817 -0.0010455684969201684
v 0.007296857424080371 -0.022486001253128045 -0.0010482758516445756
v 0.008008900098502634 -0.017048127949237817 -0.0010455684969201684
v 0.007223641034215688 -0.019747056066989892 -0.0007042294600978494
v 0.007223641034215688 -0.019747056066989892 -0.0007042294600978494
v 0.008008900098502634 -0.017048127949237817 -0.0010455684969201684
v 0.007557491306215524 -0.016995303332805627 -0.0006902279565110803
v 0.004283501766622066 -0.021099822595715516 0.00021299568470567465
v 0.0036039748229086395 -0.023350246250629418 0.00027513073291629553
v 0.0050458312034606925 -0.021486474201083176 4.668941619456746e-05
v 0.0050458312034606925 -0.021486474201083176 4.668941619456746e-05
v 0.0036039748229086395 -0.023350246250629418 0.00027513073291629553
v 0.004494735039770602 -0.0237253438681364 9.6679556008894e-05
v 0.0050458312034606925 -0.021486474201083176 4.668941619456746e-05
v 0.004494735039770602 -0.0237253438681364 9.6679556008894e-05
v 0.005760386586189269 -0.021803034469485276 -0.00016368890646845102
v 0.005760386586189269 -0.021803034469485276 -0.00016368890646845102
v 0.004494735039770602 -0.0237253438681364 9.6679556008894e-05
v 0.005303930956870317 -0.02403143607079982 -0.0001245239982381463
v 0.005760386586189269 -0.021803034469485276 -0.00016368890646845102
v 0.005303930956870317 -0.02403143607079982 -0.0001245239982381463
v 0.006377542857080697 -0.022066507488489144 -0.0004156754584982991
v 0.006377542857080697 -0.022066507488489144 -0.0004156754584982991
v 0.005303930956870317 -0.02403143607079982 -0.0001245239982381463
v 0.005979967303574084 -0.02426165156066417 -0.00038597185630351305
v 0.006377542857080697 -0.022066507488489144 -0.0004156754584982991
v 0.005979967303574084 -0.02426165156066417 -0.00038597185630351305
v 0.006892262026667594 -0.02229016833007335 -0.0007114257896319032
v 0.006892262026667594 -0.02229016833007335 -0.0007114257896319032
v 0.005979967303574084 -0.02426165156066417 -0.00038597185630351305
v 0.0065245325677096835 -0.024434989318251603 -0.0006873292149975896
v 0.006892262026667594 -0.02229016833007335 -0.0007114257896319032
v 0.0065245325677096835 -0.024434989318251603 -0.0006873292149975896
v 0.007296857424080371 -0.022486001253128045 -0.0010482758516445756
v 0.007296857424080371 -0.022486001253128045 -0.0010482758516445756
v 0.0065245325677096835 -0.024434989318251603 -0.0006873292149975896
v 0.006942881736904382 -0.024569530040025704 -0.0010244549484923482
v 0.007296857424080371 -0.022486001253128045 -0.0010482758516445756
v 0.006942881736904382 -0.024569530040025704 -0.0010244549484923482
v 0.007588297128677367 -0.02266262844204902 -0.0014192754169926047
v 0.007588297128677367 -0.02266262844204902 -0.0014192754169926047
v 0.006942881736904382 -0.024569530040025704 -0.0010244549484923482
v 0.0072465240955352775 -0.024679712951183312 -0.0013931492576375604
v 0.007588297128677367 -0.02266262844204902 -0.0014192754169926047
v 0.0072465240955352775 -0.024679712951183312 -0.0013931492576375604
v 0.0077819633297622195 -0.022827627137303345 -0.0018168232636526227
v 0.0077819633297622195 -0.022827627137303345 -0.0018168232636526227
v 0.0072465240955352775 -0.024679712951183312 -0.0013931492576375604
v 0.007458135019987821 -0.02477698400616645 -0.001794898067601025
v 0.0077819633297622195 -0.022827627137303345 -0.0018168232636526227
v 0.007458135019987821 -0.02477698400616645 -0.001794898067601025
v 0.007916054688394068 -0.022948216646909707 -0.002219696529209614
v 0.007916054688394068 -0.022948216646909707 -0.002219696529209614
v 0.007458135019987821 -0.02477698400616645 -0.001794898067601025
v 0.007428339682519435 -0.02587143331766128 -0.002221863716840744
v 0.006549304816871881 -0.029987355694174756 -0.004604764748364687
v 0.0065583684481680385 -0.029989082366228093 -0.005000004079192877
v 0.007160502485930919 -0.028630871325731267 -0.005000004079192877
v 0.0067470092326402656 -0.028437795117497434 -0.007767013739794493
v 0.00709258671849966 -0.027342988178133954 -0.007776320446282625
v 0.007413399871438741 -0.027430016547441472 -0.006403488572686911
v 0.007670756429433822 -0.025945676490664475 -0.003166201990097761
v 0.007404499221593141 -0.0259946621954441 -0.002221910748630762
v 0.007059250492602586 -0.02746322937309741 -0.002224221359938383
v 0.007413399871438741 -0.027430016547441472 -0.0035965198185294867
v 0.0077515803277492515 -0.025930806994438164 -0.003595552407205105
v 0.007670756429433822 -0.025945676490664475 -0.003166201990097761
v 0.007527372334152459 -0.027419565245509137 -0.005000004079192877
v 0.007860124111175535 -0.02591083385050296 -0.004773194435983896
v 0.0077903871424496165 -0.025923665612936013 -0.0038629414048045874
v 0.0077515789307653895 -0.025930799543857568 -0.006404455751180649
v 0.007777680177241563 -0.02592599764466285 -0.006231402512639761
v 0.007413399871438741 -0.027430016547441472 -0.006403488572686911
v 0.007413399871438741 -0.027430016547441472 -0.006403488572686911
v 0.007777680177241563 -0.02592599764466285 -0.006231402512639761
v 0.007847460918128489 -0.0259131584316492 -0.0055281613022089005
v 0.007413399871438741 -0.027430016547441472 -0.006403488572686911
v 0.007847460918128489 -0.0259131584316492 -0.0055281613022089005
v 0.007527372334152459 -0.027419565245509137 -0.005000004079192877
v 0.007527372334152459 -0.027419565245509137 -0.005000004079192877
v 0.007847460918128489 -0.0259131584316492 -0.0055281613022089005
v 0.007862981408834456 -0.02591030299663543 -0.005000004079192877
v 0.007527372334152459 -0.027419565245509137 -0.005000004079192877
v 0.007862981408834456 -0.02591030299663543 -0.005000004079192877
v 0.007860124111175535 -0.02591083385050296 -0.004773194435983896
v 0.0077515789307653895 -0.025930799543857568 -0.006404455751180649
v 0.007413399871438741 -0.027430016547441472 -0.006403488572686911
v 0.007601126562803983 -0.025958472862839692 -0.007129392120987177
v 0.007601126562803983 -0.025958472862839692 -0.007129392120987177
v 0.007413399871438741 -0.027430016547441472 -0.006403488572686911
v 0.00709258671849966 -0.027342988178133954 -0.007776320446282625
v 0.007601126562803983 -0.025958472862839692 -0.007129392120987177
v 0.00709258671849966 -0.027342988178133954 -0.007776320446282625
v 0.007404505275189876 -0.025994654744863503 -0.0077780974097549915
v 0.00616568699479103 -0.02976827695965766 -0.007734538987278938
v 0.006678056437522172 -0.02862345054745673 -0.007764196023344994
v 0.006294040940701961 -0.029938744381070127 -0.0070917196571826935
v 0.006294040940701961 -0.029938744381070127 -0.0070917196571826935
v 0.006678056437522172 -0.02862345054745673 -0.007764196023344994
v 0.007043001241981982 -0.028628861531615247 -0.00639834301546216
v 0.006294040940701961 -0.029938744381070127 -0.0070917196571826935
v 0.007043001241981982 -0.028628861531615247 -0.00639834301546216
v 0.006445825565606355 -0.029967650771141042 -0.006381059531122446
v 0.007160502485930919 -0.028630871325731267 -0.005000004079192877
v 0.0065583684481680385 -0.029989082366228093 -0.005000004079192877
v 0.007043001241981982 -0.028628861531615247 -0.00639834301546216
v 0.007043001241981982 -0.028628861531615247 -0.00639834301546216
v 0.0065583684481680385 -0.029989082366228093 -0.005000004079192877
v 0.006455241702497005 -0.029969440773129453 -0.006323049310594797
v 0.007043001241981982 -0.028628861531615247 -0.00639834301546216
v 0.006455241702497005 -0.029969440773129453 -0.006323049310594797
v 0.006445825565606355 -0.029967650771141042 -0.006381059531122446
v 0.007670756429433822 -0.025945676490664475 -0.003166201990097761
v 0.007059250492602586 -0.02746322937309741 -0.002224221359938383
v 0.007413399871438741 -0.027430016547441472 -0.0035965198185294867
v 0.007413399871438741 -0.027430016547441472 -0.0035965198185294867
v 0.007059250492602586 -0.02746322937309741 -0.002224221359938383
v 0.007043001241981982 -0.028628861531615247 -0.003601665375754237
v 0.007413399871438741 -0.027430016547441472 -0.0035965198185294867
v 0.007043001241981982 -0.028628861531615247 -0.003601665375754237
v 0.007160502485930919 -0.028630871325731267 -0.005000004079192877
v 0.007160502485930919 -0.028630871325731267 -0.005000004079192877
v 0.007043001241981982 -0.028628861531615247 -0.003601665375754237
v 0.006445825565606355 -0.029967650771141042 -0.0036189488600939512
v 0.007160502485930919 -0.028630871325731267 -0.005000004079192877
v 0.006445825565606355 -0.029967650771141042 -0.0036189488600939512
v 0.006549304816871881 -0.029987355694174756 -0.004604764748364687
v 0.00616568699479103 -0.02976827695965766 -0.0022654691711068153
v 0.006294040940701961 -0.029938744381070127 -0.0029082868713885546
v 0.006416503340005874 -0.02925451658666133 -0.0022491132840514183
v 0.006416503340005874 -0.02925451658666133 -0.0022491132840514183
v 0.006294040940701961 -0.029938744381070127 -0.0029082868713885546
v 0.006445825565606355 -0.029967650771141042 -0.0036189488600939512
v 0.006416503340005874 -0.02925451658666133 -0.0022491132840514183
v 0.006445825565606355 -0.029967650771141042 -0.0036189488600939512
v 0.006678056437522172 -0.02862345054745673 -0.00223581213504076
v 0.006678056437522172 -0.02862345054745673 -0.00223581213504076
v 0.006445825565606355 -0.029967650771141042 -0.0036189488600939512
v 0.007043001241981982 -0.028628861531615247 -0.003601665375754237
v 0.006678056437522172 -0.02862345054745673 -0.00223581213504076
v 0.007043001241981982 -0.028628861531615247 -0.003601665375754237
v 0.006775632500648498 -0.028358008712530126 -0.0022319161798805
v 0.006775632500648498 -0.028358008712530126 -0.0022319161798805
v 0.007043001241981982 -0.028628861531615247 -0.003601665375754237
v 0.007059250492602586 -0.02746322937309741 -0.002224221359938383
v 0.006678056437522172 -0.02862345054745673 -0.007764196023344994
v 0.0067470092326402656 -0.028437795117497434 -0.007767013739794493
v 0.007043001241981982 -0.028628861531615247 -0.00639834301546216
v 0.007043001241981982 -0.028628861531615247 -0.00639834301546216
v 0.0067470092326402656 -0.028437795117497434 -0.007767013739794493
v 0.007413399871438741 -0.027430016547441472 -0.006403488572686911
v 0.007043001241981982 -0.028628861531615247 -0.00639834301546216
v 0.007413399871438741 -0.027430016547441472 -0.006403488572686911
v 0.007160502485930919 -0.028630871325731267 -0.005000004079192877
v 0.007160502485930919 -0.028630871325731267 -0.005000004079192877
v 0.007413399871438741 -0.027430016547441472 -0.006403488572686911
v 0.007527372334152459 -0.027419565245509137 -0.005000004079192877
v 0.007160502485930919 -0.028630871325731267 -0.005000004079192877
v 0.007527372334152459 -0.027419565245509137 -0.005000004079192877
v 0.007413399871438741 -0.027430016547441472 -0.0035965198185294867
v 0.007413399871438741 -0.027430016547441472 -0.0035965198185294867
v 0.007527372334152459 -0.027419565245509137 -0.005000004079192877
v 0.0077903871424496165 -0.025923665612936013 -0.0038629414048045874
v 0.007413399871438741 -0.027430016547441472 -0.0035965198185294867
v 0.0077903871424496165 -0.025923665612936013 -0.0038629414048045874
v 0.0077515803277492515 -0.025930806994438164 -0.003595552407205105
v 0.007428344339132308 -0.025871418416500085 -0.007778139319270849
v 0.007404505275189876 -0.025994654744863503 -0.0077780974097549915
v 0.007221439387649297 -0.026025526225566857 -0.008225208148360252
v 0.004870695993304252 -0.01882823556661605 -0.010180636309087276
v 0.0061071175150573245 -0.01933242939412593 -0.00984625332057476
v 0.0049876514822244635 -0.02146006748080253 -0.010060835629701614
v 0.0030230805277824398 -0.02531688101589679 -0.010333221405744553
v 0.0030056782998144622 -0.02531094476580619 -0.010335979051887989
v 0.003607450751587748 -0.023339640349149697 -0.010274781845510006
v 0.0030230805277824398 -0.02531688101589679 -0.010333221405744553
v 0.003607450751587748 -0.023339640349149697 -0.010274781845510006
v 0.003041906282305717 -0.0253232792019844 -0.010330227203667164
v 0.004424387589097022 -0.023695955052971833 -0.010112538933753967
v 0.0038597565144300456 -0.02557904459536075 -0.010184872895479202
v 0.003538856748491525 -0.025483947247266762 -0.010246152058243752
v 0.004870695993304252 -0.01882823556661605 -0.010180636309087276
v 0.0049876514822244635 -0.02146006748080253 -0.010060835629701614
v 0.004263414535671472 -0.02117170207202434 -0.010214556939899921
v 0.004263414535671472 -0.02117170207202434 -0.010214556939899921
v 0.0049876514822244635 -0.02146006748080253 -0.010060835629701614
v 0.004424387589097022 -0.023695955052971833 -0.010112538933753967
v 0.004263414535671472 -0.02117170207202434 -0.010214556939899921
v 0.004424387589097022 -0.023695955052971833 -0.010112538933753967
v 0.003607450751587748 -0.023339640349149697 -0.010274781845510006
v 0.003607450751587748 -0.023339640349149697 -0.010274781845510006
v 0.004424387589097022 -0.023695955052971833 -0.010112538933753967
v 0.003538856748491525 -0.025483947247266762 -0.010246152058243752
v 0.003607450751587748 -0.023339640349149697 -0.010274781845510006
v 0.003538856748491525 -0.025483947247266762 -0.010246152058243752
v 0.003041906282305717 -0.0253232792019844 -0.010330227203667164
v 0.0030056782998144622 -0.02531094476580619 -0.010335979051887989
v 0.0029897009953856464 -0.0253054779022932 -0.010338502936065197
v 0.003607450751587748 -0.023339640349149697 -0.010274781845510006
v 0.003607450751587748 -0.023339640349149697 -0.010274781845510006
v 0.0029897009953856464 -0.0253054779022932 -0.010338502936065197
v 0.0029751658439636226 -0.025300493463873856 -0.010340793058276176
v 0.003607450751587748 -0.023339640349149697 -0.010274781845510006
v 0.0029751658439636226 -0.025300493463873856 -0.010340793058276176
v 0.0030094778630882497 -0.025037059560418122 -0.010339513421058655
v 0.0030094778630882497 -0.025037059560418122 -0.010339513421058655
v 0.0029751658439636226 -0.025300493463873856 -0.010340793058276176
v 0.0029114764183759685 -0.025292554870247834 -0.010350551456212997
v 0.007236049510538577 -0.02467843145132064 -0.008617001585662365
v 0.006606585811823606 -0.026056239381432523 -0.009035581722855568
v 0.006908199749886989 -0.02456014230847358 -0.009003175422549248
v 0.006908199749886989 -0.02456014230847358 -0.009003175422549248
v 0.006606585811823606 -0.026056239381432523 -0.009035581722855568
v 0.006283868569880723 -0.02604070119559764 -0.009286228567361832
v 0.006908199749886989 -0.02456014230847358 -0.009003175422549248
v 0.006283868569880723 -0.02604070119559764 -0.009286228567361832
v 0.006457889452576636 -0.02441278472542762 -0.009351965971291065
v 0.006457889452576636 -0.02441278472542762 -0.009351965971291065
v 0.006283868569880723 -0.02604070119559764 -0.009286228567361832
v 0.005499297287315129 -0.025948153808712952 -0.009705979377031326
v 0.006457889452576636 -0.02441278472542762 -0.009351965971291065
v 0.005499297287315129 -0.025948153808712952 -0.009705979377031326
v 0.005885721184313296 -0.024226114153861993 -0.009654398076236248
v 0.005885721184313296 -0.024226114153861993 -0.009654398076236248
v 0.005499297287315129 -0.025948153808712952 -0.009705979377031326
v 0.005119413137435912 -0.025881540030241006 -0.009851479902863503
v 0.005885721184313296 -0.024226114153861993 -0.009654398076236248
v 0.005119413137435912 -0.025881540030241006 -0.009851479902863503
v 0.005203046835958957 -0.023990374058485024 -0.009906760416924953
v 0.005203046835958957 -0.023990374058485024 -0.009906760416924953
v 0.005119413137435912 -0.025881540030241006 -0.009851479902863503
v 0.0038597565144300456 -0.02557904459536075 -0.010184872895479202
v 0.007780530955642461 -0.02282887697219848 -0.008180391974747181
v 0.007221439387649297 -0.026025526225566857 -0.008225208148360252
v 0.007236049510538577 -0.02467843145132064 -0.008617001585662365
v 0.007236049510538577 -0.02467843145132064 -0.008617001585662365
v 0.007221439387649297 -0.026025526225566857 -0.008225208148360252
v 0.006974523421376943 -0.026050254702568044 -0.00863516703248024
v 0.007236049510538577 -0.02467843145132064 -0.008617001585662365
v 0.006974523421376943 -0.026050254702568044 -0.00863516703248024
v 0.006606585811823606 -0.026056239381432523 -0.009035581722855568
v 0.007428344339132308 -0.025871418416500085 -0.007778139319270849
v 0.007221439387649297 -0.026025526225566857 -0.008225208148360252
v 0.007850620895624159 -0.023369997739791863 -0.007780077401548624
v 0.007850620895624159 -0.023369997739791863 -0.007780077401548624
v 0.007221439387649297 -0.026025526225566857 -0.008225208148360252
v 0.007780530955642461 -0.02282887697219848 -0.008180391974747181
v 0.007850620895624159 -0.023369997739791863 -0.007780077401548624
v 0.007780530955642461 -0.02282887697219848 -0.008180391974747181
v 0.008507162332534788 -0.018898593261837952 -0.007780977990478277
v 0.008507162332534788 -0.018898593261837952 -0.007780977990478277
v 0.007780530955642461 -0.02282887697219848 -0.008180391974747181
v 0.008575711399316786 -0.017118217423558228 -0.00821636151522398
v 0.008507162332534788 -0.018898593261837952 -0.007780977990478277
v 0.008575711399316786 -0.017118217423558228 -0.00821636151522398
v 0.008749269880354403 -0.017141036689281457 -0.007780732121318579
v 0.004870695993304252 -0.01882823556661605 -0.010180636309087276
v 0.005321859847754239 -0.016780182719230645 -0.010184885002672672
v 0.0061071175150573245 -0.01933242939412593 -0.00984625332057476
v 0.0061071175150573245 -0.01933242939412593 -0.00984625332057476
v 0.005321859847754239 -0.016780182719230645 -0.010184885002672672
v 0.00647670542821288 -0.01688094809651374 -0.00985998846590519
v 0.0061071175150573245 -0.01933242939412593 -0.00984625332057476
v 0.00647670542821288 -0.01688094809651374 -0.00985998846590519
v 0.0066866427659988395 -0.01954450458288192 -0.009598813951015472
v 0.0066866427659988395 -0.01954450458288192 -0.009598813951015472
v 0.00647670542821288 -0.01688094809651374 -0.00985998846590519
v 0.006869079079478978 -0.01692028529942035 -0.009695243090391159
v 0.0066866427659988395 -0.01954450458288192 -0.009598813951015472
v 0.006869079079478978 -0.01692028529942035 -0.009695243090391159
v 0.007203492801636457 -0.01974071376025676 -0.009296548552811146
v 0.007203492801636457 -0.01974071376025676 -0.009296548552811146
v 0.006869079079478978 -0.01692028529942035 -0.009695243090391159
v 0.007558333221822976 -0.01699539273977279 -0.009309048764407635
v 0.007203492801636457 -0.01974071376025676 -0.009296548552811146
v 0.007558333221822976 -0.01699539273977279 -0.009309048764407635
v 0.00800017826259136 -0.0170470755547285 -0.008962245658040047
v 0.008366545662283896 -0.017091825604438775 -0.008556908927857876
v 0.007572334725409745 -0.022659929469227784 -0.008586138486862183
v 0.00835960730910301 -0.01709096692502498 -0.00856629479676485
v 0.00835960730910301 -0.01709096692502498 -0.00856629479676485
v 0.007572334725409745 -0.022659929469227784 -0.008586138486862183
v 0.00725836819037795 -0.022475104779005044 -0.008968602865934372
v 0.005203046835958957 -0.023990374058485024 -0.009906760416924953
v 0.005676100030541419 -0.02176516875624656 -0.009861779399216175
v 0.005885721184313296 -0.024226114153861993 -0.009654398076236248
v 0.005885721184313296 -0.024226114153861993 -0.009654398076236248
v 0.005676100030541419 -0.02176516875624656 -0.009861779399216175
v 0.00629610102623701 -0.02203265577554702 -0.009614025242626667
v 0.005885721184313296 -0.024226114153861993 -0.009654398076236248
v 0.00629610102623701 -0.02203265577554702 -0.009614025242626667
v 0.006457889452576636 -0.02441278472542762 -0.009351965971291065
v 0.006457889452576636 -0.02441278472542762 -0.009351965971291065
v 0.00629610102623701 -0.02203265577554702 -0.009614025242626667
v 0.006829758640378713 -0.022267743945121758 -0.00931482296437025
v 0.006457889452576636 -0.02441278472542762 -0.009351965971291065
v 0.006829758640378713 -0.022267743945121758 -0.00931482296437025
v 0.006908199749886989 -0.02456014230847358 -0.009003175422549248
v 0.006908199749886989 -0.02456014230847358 -0.009003175422549248
v 0.006829758640378713 -0.022267743945121758 -0.00931482296437025
v 0.00725836819037795 -0.022475104779005044 -0.008968602865934372
v 0.006908199749886989 -0.02456014230847358 -0.009003175422549248
v 0.00725836819037795 -0.022475104779005044 -0.008968602865934372
v 0.007236049510538577 -0.02467843145132064 -0.008617001585662365
v 0.007236049510538577 -0.02467843145132064 -0.008617001585662365
v 0.00725836819037795 -0.022475104779005044 -0.008968602865934372
v 0.007572334725409745 -0.022659929469227784 -0.008586138486862183
v 0.007236049510538577 -0.02467843145132064 -0.008617001585662365
v 0.007572334725409745 -0.022659929469227784 -0.008586138486862183
v 0.007780530955642461 -0.02282887697219848 -0.008180391974747181
v 0.007780530955642461 -0.02282887697219848 -0.008180391974747181
v 0.007572334725409745 -0.022659929469227784 -0.008586138486862183
v 0.008366545662283896 -0.017091825604438775 -0.008556908927857876
v 0.007780530955642461 -0.02282887697219848 -0.008180391974747181
v 0.008366545662283896 -0.017091825604438775 -0.008556908927857876
v 0.008575711399316786 -0.017118217423558228 -0.00821636151522398
v 0.0038597565144300456 -0.02557904459536075 -0.010184872895479202
v 0.004424387589097022 -0.023695955052971833 -0.010112538933753967
v 0.005203046835958957 -0.023990374058485024 -0.009906760416924953
v 0.005203046835958957 -0.023990374058485024 -0.009906760416924953
v 0.004424387589097022 -0.023695955052971833 -0.010112538933753967
v 0.0049876514822244635 -0.02146006748080253 -0.010060835629701614
v 0.005203046835958957 -0.023990374058485024 -0.009906760416924953
v 0.0049876514822244635 -0.02146006748080253 -0.010060835629701614
v 0.005676100030541419 -0.02176516875624656 -0.009861779399216175
v 0.005676100030541419 -0.02176516875624656 -0.009861779399216175
v 0.0049876514822244635 -0.02146006748080253 -0.010060835629701614
v 0.0061071175150573245 -0.01933242939412593 -0.00984625332057476
v 0.005676100030541419 -0.02176516875624656 -0.009861779399216175
v 0.0061071175150573245 -0.01933242939412593 -0.00984625332057476
v 0.00629610102623701 -0.02203265577554702 -0.009614025242626667
v 0.00629610102623701 -0.02203265577554702 -0.009614025242626667
v 0.0061071175150573245 -0.01933242939412593 -0.00984625332057476
v 0.0066866427659988395 -0.01954450458288192 -0.009598813951015472
v 0.00629610102623701 -0.02203265577554702 -0.009614025242626667
v 0.0066866427659988395 -0.01954450458288192 -0.009598813951015472
v 0.006829758640378713 -0.022267743945121758 -0.00931482296437025
v 0.006829758640378713 -0.022267743945121758 -0.00931482296437025
v 0.0066866427659988395 -0.01954450458288192 -0.009598813951015472
v 0.007203492801636457 -0.01974071376025676 -0.009296548552811146
v 0.006829758640378713 -0.022267743945121758 -0.00931482296437025
v 0.007203492801636457 -0.01974071376025676 -0.009296548552811146
v 0.00725836819037795 -0.022475104779005044 -0.008968602865934372
v 0.00725836819037795 -0.022475104779005044 -0.008968602865934372
v 0.007203492801636457 -0.01974071376025676 -0.009296548552811146
v 0.00800017826259136 -0.0170470755547285 -0.008962245658040047
v 0.00725836819037795 -0.022475104779005044 -0.008968602865934372
v 0.00800017826259136 -0.0170470755547285 -0.008962245658040047
v 0.00835960730910301 -0.01709096692502498 -0.00856629479676485
v 0.007954855449497698 -0.014319802634418006 -0.0006790385814383626
v 0.007557491306215524 -0.016995303332805627 -0.0006902279565110803
v 0.008008900098502634 -0.017048127949237817 -0.0010455684969201684
v 0.007613749243319034 -0.005796019453555344 0.00030309834983199835
v 0.006829717196524142 -0.0055401604622602445 0.000585259753279388
v 0.006556236650794744 -0.008368703536689278 0.0004456777824088931
v 0.007613749243319034 -0.005796019453555344 0.00030309834983199835
v 0.006556236650794744 -0.008368703536689278 0.0004456777824088931
v 0.007893166504800318 -0.005886833183467386 0.00017398071940988302
v 0.006556236650794744 -0.008368703536689278 0.0004456777824088931
v 0.007656950503587722 -0.008370490744709965 7.0031157520134e-05
v 0.007893166504800318 -0.005886833183467386 0.00017398071940988302
v 0.007893166504800318 -0.005886833183467386 0.00017398071940988302
v 0.007656950503587722 -0.008370490744709965 7.0031157520134e-05
v 0.00821066554635763 -0.008364464156329628 -0.00021379406098276377
v 0.007893166504800318 -0.005886833183467386 0.00017398071940988302
v 0.00821066554635763 -0.008364464156329628 -0.00021379406098276377
v 0.008415995165705679 -0.006056312937289475 -0.00011568294576136395
v 0.008415995165705679 -0.006056312937289475 -0.00011568294576136395
v 0.00821066554635763 -0.008364464156329628 -0.00021379406098276377
v 0.008718362078070639 -0.008351428434252735 -0.0005523423897102475
v 0.008415995165705679 -0.006056312937289475 -0.00011568294576136395
v 0.008718362078070639 -0.008351428434252735 -0.0005523423897102475
v 0.008996675722301005 -0.006245679222047327 -0.0005354346940293908
v 0.008996675722301005 -0.006245679222047327 -0.0005354346940293908
v 0.008718362078070639 -0.008351428434252735 -0.0005523423897102475
v 0.009451013058423994 -0.006390015594661234 -0.0009880141587927938
v 0.006556236650794744 -0.008368703536689278 0.0004456777824088931
v 0.006444360129535197 -0.009369137696921822 0.0004019661573693156
v 0.007656950503587722 -0.008370490744709965 7.0031157520134e-05
v 0.007656950503587722 -0.008370490744709965 7.0031157520134e-05
v 0.006444360129535197 -0.009369137696921822 0.0004019661573693156
v 0.007299839984625577 -0.011389065533876416 -3.191653740941547e-05
v 0.007656950503587722 -0.008370490744709965 7.0031157520134e-05
v 0.007299839984625577 -0.011389065533876416 -3.191653740941547e-05
v 0.00821066554635763 -0.008364464156329628 -0.00021379406098276377
v 0.00821066554635763 -0.008364464156329628 -0.00021379406098276377
v 0.007299839984625577 -0.011389065533876416 -3.191653740941547e-05
v 0.007848535664379595 -0.011382876895368096 -0.0003010696964338422
v 0.00821066554635763 -0.008364464156329628 -0.00021379406098276377
v 0.007848535664379595 -0.011382876895368096 -0.0003010696964338422
v 0.008718362078070639 -0.008351428434252735 -0.0005523423897102475
v 0.0068956869654357425 -0.014303815551102156 -0.00010821420437423512
v 0.006430113222450017 -0.016876459121704095 -0.00012254773173481226
v 0.006461456883698701 -0.01687947660684585 -0.0001342162722721696
v 0.0068956869654357425 -0.014303815551102156 -0.00010821420437423512
v 0.006461456883698701 -0.01687947660684585 -0.0001342162722721696
v 0.007445934694260358 -0.014312807470560069 -0.00036588835064321756
v 0.006461456883698701 -0.01687947660684585 -0.0001342162722721696
v 0.0070288246497511855 -0.016937050968408578 -0.00038192200008779764
v 0.007445934694260358 -0.014312807470560069 -0.00036588835064321756
v 0.007445934694260358 -0.014312807470560069 -0.00036588835064321756
v 0.0070288246497511855 -0.016937050968408578 -0.00038192200008779764
v 0.007036651484668254 -0.016937877982854836 -0.00038587593007832766
v 0.007445934694260358 -0.014312807470560069 -0.00036588835064321756
v 0.007036651484668254 -0.016937877982854836 -0.00038587593007832766
v 0.007954855449497698 -0.014319802634418006 -0.0006790385814383626
v 0.007954855449497698 -0.014319802634418006 -0.0006790385814383626
v 0.007036651484668254 -0.016937877982854836 -0.00038587593007832766
v 0.007557491306215524 -0.016995303332805627 -0.0006902279565110803
v 0.007848535664379595 -0.011382876895368096 -0.0003010696964338422
v 0.008353414013981817 -0.011372174136340615 -0.0006251336308196187
v 0.008718362078070639 -0.008351428434252735 -0.0005523423897102475
v 0.008718362078070639 -0.008351428434252735 -0.0005523423897102475
v 0.008353414013981817 -0.011372174136340615 -0.0006251336308196187
v 0.008782789111137388 -0.011354061774909493 -0.0009918153518810868
v 0.008718362078070639 -0.008351428434252735 -0.0005523423897102475
v 0.008782789111137388 -0.011354061774909493 -0.0009918153518810868
v 0.009451013058423994 -0.006390015594661234 -0.0009880141587927938
v 0.009451013058423994 -0.006390015594661234 -0.0009880141587927938
v 0.008782789111137388 -0.011354061774909493 -0.0009918153518810868
v 0.009115662425756453 -0.011326672509312626 -0.0013873899588361382
v 0.009451013058423994 -0.006390015594661234 -0.0009880141587927938
v 0.009115662425756453 -0.011326672509312626 -0.0013873899588361382
v 0.009811089374125002 -0.006507448386400936 -0.0015279505169019103
v 0.009811089374125002 -0.006507448386400936 -0.0015279505169019103
v 0.009115662425756453 -0.011326672509312626 -0.0013873899588361382
v 0.00935235060751438 -0.011290746740996834 -0.0017995598027482629
v 0.009811089374125002 -0.006507448386400936 -0.0015279505169019103
v 0.00935235060751438 -0.011290746740996834 -0.0017995598027482629
v 0.010090711526572703 -0.0066026691347360585 -0.00222162832506001
v 0.010090711526572703 -0.0066026691347360585 -0.00222162832506001
v 0.00935235060751438 -0.011290746740996834 -0.0017995598027482629
v 0.008749426342546938 -0.017141068354248994 -0.0022192213218659163
v 0.005321859847754239 -0.016780182719230645 0.00018487719353288412
v 0.006430113222450017 -0.016876459121704095 -0.00012254773173481226
v 0.005917007103562354 -0.01335458923131227 0.0002571860095486045
v 0.005917007103562354 -0.01335458923131227 0.0002571860095486045
v 0.006430113222450017 -0.016876459121704095 -0.00012254773173481226
v 0.0068956869654357425 -0.014303815551102156 -0.00010821420437423512
v 0.005917007103562354 -0.01335458923131227 0.0002571860095486045
v 0.0068956869654357425 -0.014303815551102156 -0.00010821420437423512
v 0.00615919567644596 -0.011652762070298191 0.0003128614043816924
v 0.006444360129535197 -0.009369137696921822 0.0004019661573693156
v 0.00615919567644596 -0.011652762070298191 0.0003128614043816924
v 0.007299839984625577 -0.011389065533876416 -3.191653740941547e-05
v 0.007299839984625577 -0.011389065533876416 -3.191653740941547e-05
v 0.00615919567644596 -0.011652762070298191 0.0003128614043816924
v 0.0068956869654357425 -0.014303815551102156 -0.00010821420437423512
v 0.007299839984625577 -0.011389065533876416 -3.191653740941547e-05
v 0.0068956869654357425 -0.014303815551102156 -0.00010821420437423512
v 0.007848535664379595 -0.011382876895368096 -0.0003010696964338422
v 0.007848535664379595 -0.011382876895368096 -0.0003010696964338422
v 0.0068956869654357425 -0.014303815551102156 -0.00010821420437423512
v 0.007445934694260358 -0.014312807470560069 -0.00036588835064321756
v 0.007848535664379595 -0.011382876895368096 -0.0003010696964338422
v 0.007445934694260358 -0.014312807470560069 -0.00036588835064321756
v 0.008353414013981817 -0.011372174136340615 -0.0006251336308196187
v 0.008353414013981817 -0.011372174136340615 -0.0006251336308196187
v 0.007445934694260358 -0.014312807470560069 -0.00036588835064321756
v 0.007954855449497698 -0.014319802634418006 -0.0006790385814383626
v 0.008353414013981817 -0.011372174136340615 -0.0006251336308196187
v 0.007954855449497698 -0.014319802634418006 -0.0006790385814383626
v 0.008782789111137388 -0.011354061774909493 -0.0009918153518810868
v 0.008782789111137388 -0.011354061774909493 -0.0009918153518810868
v 0.007954855449497698 -0.014319802634418006 -0.0006790385814383626
v 0.008008900098502634 -0.017048127949237817 -0.0010455684969201684
v 0.008782789111137388 -0.011354061774909493 -0.0009918153518810868
v 0.008008900098502634 -0.017048127949237817 -0.0010455684969201684
v 0.009115662425756453 -0.011326672509312626 -0.0013873899588361382
v 0.009115662425756453 -0.011326672509312626 -0.0013873899588361382
v 0.008008900098502634 -0.017048127949237817 -0.0010455684969201684
v 0.00836942810565233 -0.017092190682888024 -0.0014466220745816827
v 0.009115662425756453 -0.011326672509312626 -0.0013873899588361382
v 0.00836942810565233 -0.017092190682888024 -0.0014466220745816827
v 0.00935235060751438 -0.011290746740996834 -0.0017995598027482629
v 0.00935235060751438 -0.011290746740996834 -0.0017995598027482629
v 0.00836942810565233 -0.017092190682888024 -0.0014466220745816827
v 0.008600197732448576 -0.017121369019150727 -0.0018331165192648768
v 0.00935235060751438 -0.011290746740996834 -0.0017995598027482629
v 0.008600197732448576 -0.017121369019150727 -0.0018331165192648768
v 0.008749426342546938 -0.017141068354248994 -0.0022192213218659163
v -0.003742867382243275 -0.0021941757295280686 -0.007054666057229042
v -0.003713407320901751 -0.002183111384510993 -0.007139657624065876
v -0.0038664322346448894 -0.0028045198414474717 -0.006716293282806873
v -0.0038664322346448894 -0.0028045198414474717 -0.006716293282806873
v -0.003713407320901751 -0.002183111384510993 -0.007139657624065876
v -0.0037586332764476533 -0.0033664298243820654 -0.00713919335976243
v -0.0037389998324215408 -0.00276981946080923 -0.002860511187463999
v -0.0039019542746245857 -0.002824741415679454 -0.0034323425497859716
v -0.0037586332764476533 -0.0033664298243820654 -0.0028608141001313925
v -0.0037586332764476533 -0.0033664298243820654 -0.0028608141001313925
v -0.0039019542746245857 -0.002824741415679454 -0.0034323425497859716
v -0.0038460611831396814 -0.0033059187699109303 -0.0031442311592400074
v -0.0038460611831396814 -0.0033059187699109303 -0.0031442311592400074
v -0.0039019542746245857 -0.002824741415679454 -0.0034323425497859716
v -0.0039925980381667605 -0.003205298911780118 -0.0038624887820333242
v -0.0039925980381667605 -0.003205298911780118 -0.0038624887820333242
v -0.0039019542746245857 -0.002824741415679454 -0.0034323425497859716
v -0.00400666007772088 -0.002891937503591179 -0.004048505332320929
v -0.0039925980381667605 -0.003205298911780118 -0.0038624887820333242
v -0.00400666007772088 -0.002891937503591179 -0.004048505332320929
v -0.004016467835754155 -0.0031884468626230946 -0.004047646652907133
v -0.004016467835754155 -0.0031884468626230946 -0.004047646652907133
v -0.00400666007772088 -0.002891937503591179 -0.004048505332320929
v -0.004067836795002221 -0.0031501965131610623 -0.0048215314745903015
v -0.004067836795002221 -0.0031501965131610623 -0.0048215314745903015
v -0.00400666007772088 -0.002891937503591179 -0.004048505332320929
v -0.004053827840834855 -0.0029261175077408543 -0.005378052592277527
v -0.004067836795002221 -0.0031501965131610623 -0.0048215314745903015
v -0.004053827840834855 -0.0029261175077408543 -0.005378052592277527
v -0.004069638904184102 -0.0031487273517996064 -0.00500024389475584
v -0.0039429706521332255 -0.003239646786823868 -0.0064363135024905205
v -0.003992940299212932 -0.0032050805166363707 -0.006135151255875826
v -0.003991741221398114 -0.002881643129512667 -0.006066720467060804
v -0.003991741221398114 -0.002881643129512667 -0.006066720467060804
v -0.003992940299212932 -0.0032050805166363707 -0.006135151255875826
v -0.0040423353202641 -0.003169714240357279 -0.0056883804500103
v -0.003991741221398114 -0.002881643129512667 -0.006066720467060804
v -0.0040423353202641 -0.003169714240357279 -0.0056883804500103
v -0.004053827840834855 -0.0029261175077408543 -0.005378052592277527
v -0.004053827840834855 -0.0029261175077408543 -0.005378052592277527
v -0.0040423353202641 -0.003169714240357279 -0.0056883804500103
v -0.0040615000762045375 -0.0031552305445075026 -0.005378467962145805
v -0.004053827840834855 -0.0029261175077408543 -0.005378052592277527
v -0.0040615000762045375 -0.0031552305445075026 -0.005378467962145805
v -0.004069638904184102 -0.0031487273517996064 -0.00500024389475584
v -0.0037586332764476533 -0.0033664298243820654 -0.00713919335976243
v -0.0039429706521332255 -0.003239646786823868 -0.0064363135024905205
v -0.0038664322346448894 -0.0028045198414474717 -0.006716293282806873
v -0.0038664322346448894 -0.0028045198414474717 -0.006716293282806873
v -0.0039429706521332255 -0.003239646786823868 -0.0064363135024905205
v -0.003991741221398114 -0.002881643129512667 -0.006066720467060804
v -0.0038664322346448894 -0.0028045198414474717 -0.006716293282806873
v -0.003991741221398114 -0.002881643129512667 -0.006066720467060804
v -0.003742867382243275 -0.0021941757295280686 -0.007054666057229042
v -0.003742867382243275 -0.0021941757295280686 -0.007054666057229042
v -0.003991741221398114 -0.002881643129512667 -0.006066720467060804
v -0.003926229197531938 -0.002262457273900508 -0.0063230618834495544
v -0.003926229197531938 -0.002262457273900508 -0.0063230618834495544
v -0.003991741221398114 -0.002881643129512667 -0.006066720467060804
v -0.004024670459330081 -0.0022996845655143252 -0.005445593036711216
v -0.004024670459330081 -0.0022996845655143252 -0.005445593036711216
v -0.003991741221398114 -0.002881643129512667 -0.006066720467060804
v -0.004053827840834855 -0.0029261175077408543 -0.005378052592277527
v -0.004024670459330081 -0.0022996845655143252 -0.005445593036711216
v -0.004053827840834855 -0.0029261175077408543 -0.005378052592277527
v -0.004028001800179481 -0.002300899010151624 -0.0053777494467794895
v -0.004028001800179481 -0.002300899010151624 -0.0053777494467794895
v -0.004053827840834855 -0.0029261175077408543 -0.005378052592277527
v -0.00400666007772088 -0.002891937503591179 -0.004048505332320929
v -0.004028001800179481 -0.002300899010151624 -0.0053777494467794895
v -0.00400666007772088 -0.002891937503591179 -0.004048505332320929
v -0.0040238206274807444 -0.0022991904988884917 -0.0045389411970973015
v -0.0040238206274807444 -0.0022991904988884917 -0.0045389411970973015
v -0.00400666007772088 -0.002891937503591179 -0.004048505332320929
v -0.0039019542746245857 -0.002824741415679454 -0.0034323425497859716
v -0.0040238206274807444 -0.0022991904988884917 -0.0045389411970973015
v -0.0039019542746245857 -0.002824741415679454 -0.0034323425497859716
v -0.003913822583854198 -0.0022582944948226205 -0.0036093818489462137
v -0.003913822583854198 -0.0022582944948226205 -0.0036093818489462137
v -0.0039019542746245857 -0.002824741415679454 -0.0034323425497859716
v -0.0037389998324215408 -0.00276981946080923 -0.002860511187463999
v -0.003913822583854198 -0.0022582944948226205 -0.0036093818489462137
v -0.0037389998324215408 -0.00276981946080923 -0.002860511187463999
v -0.0037134084850549694 -0.002183103933930396 -0.0028603498358279467
v 0.010188011452555655 -0.006062070839107035 -0.007678311318159103
v 0.010090711526572703 -0.0066026691347360585 -0.007778390776365995
v 0.010302761569619177 -0.004813364241272209 -0.00777819100767374
v 0.010302769020199774 -0.004813362844288347 -0.002221825998276472
v 0.010090711526572703 -0.0066026691347360585 -0.00222162832506001
v 0.010415505617856978 -0.006001048255711792 -0.0031662127003073692
v 0.010090711526572703 -0.0066026691347360585 -0.007778390776365995
v 0.010188011452555655 -0.006062070839107035 -0.007678311318159103
v 0.008749269880354403 -0.017141036689281457 -0.007780732121318579
v 0.007777680177241563 -0.02592599764466285 -0.006231402512639761
v 0.0077515789307653895 -0.025930799543857568 -0.006404455751180649
v 0.007801075000315904 -0.02580097131431102 -0.006231406237930059
v 0.007801075000315904 -0.02580097131431102 -0.006231406237930059
v 0.0077515789307653895 -0.025930799543857568 -0.006404455751180649
v 0.007601126562803983 -0.025958472862839692 -0.007129392120987177
v 0.007801075000315904 -0.02580097131431102 -0.006231406237930059
v 0.007601126562803983 -0.025958472862839692 -0.007129392120987177
v 0.007462790235877036 -0.025864904746413224 -0.007678161840885878
v 0.007462790235877036 -0.025864904746413224 -0.007678161840885878
v 0.007601126562803983 -0.025958472862839692 -0.007129392120987177
v 0.007404505275189876 -0.025994654744863503 -0.0077780974097549915
v 0.007462790235877036 -0.025864904746413224 -0.007678161840885878
v 0.007404505275189876 -0.025994654744863503 -0.0077780974097549915
v 0.007428344339132308 -0.025871418416500085 -0.007778139319270849
v 0.007777680177241563 -0.02592599764466285 -0.006231402512639761
v 0.007801075000315904 -0.02580097131431102 -0.006231406237930059
v 0.007847460918128489 -0.0259131584316492 -0.0055281613022089005
v 0.007847460918128489 -0.0259131584316492 -0.0055281613022089005
v 0.007801075000315904 -0.02580097131431102 -0.006231406237930059
v 0.007883409969508646 -0.025785412639379494 -0.004773194435983896
v 0.007847460918128489 -0.0259131584316492 -0.0055281613022089005
v 0.007883409969508646 -0.025785412639379494 -0.004773194435983896
v 0.007862981408834456 -0.02591030299663543 -0.005000004079192877
v 0.007862981408834456 -0.02591030299663543 -0.005000004079192877
v 0.007883409969508646 -0.025785412639379494 -0.004773194435983896
v 0.007860124111175535 -0.02591083385050296 -0.004773194435983896
v 0.007860124111175535 -0.02591083385050296 -0.004773194435983896
v 0.007883409969508646 -0.025785412639379494 -0.004773194435983896
v 0.007826934568583964 -0.025796091184020035 -0.003970383666455746
v 0.007860124111175535 -0.02591083385050296 -0.004773194435983896
v 0.007826934568583964 -0.025796091184020035 -0.003970383666455746
v 0.0077903871424496165 -0.025923665612936013 -0.0038629414048045874
v 0.0077903871424496165 -0.025923665612936013 -0.0038629414048045874
v 0.007826934568583964 -0.025796091184020035 -0.003970383666455746
v 0.0077515803277492515 -0.025930806994438164 -0.003595552407205105
v 0.0077515803277492515 -0.025930806994438164 -0.003595552407205105
v 0.007826934568583964 -0.025796091184020035 -0.003970383666455746
v 0.007694283034652471 -0.02582117170095443 -0.003166187321767211
v 0.0077515803277492515 -0.025930806994438164 -0.003595552407205105
v 0.007694283034652471 -0.02582117170095443 -0.003166187321767211
v 0.007670756429433822 -0.025945676490664475 -0.003166201990097761
v 0.007670756429433822 -0.025945676490664475 -0.003166201990097761
v 0.007694283034652471 -0.02582117170095443 -0.003166187321767211
v 0.007428339682519435 -0.02587143331766128 -0.002221863716840744
v 0.007670756429433822 -0.025945676490664475 -0.003166201990097761
v 0.007428339682519435 -0.02587143331766128 -0.002221863716840744
v 0.007404499221593141 -0.0259946621954441 -0.002221910748630762
v 0.010302769020199774 -0.004813362844288347 -0.002221825998276472
v 0.010415505617856978 -0.006001048255711792 -0.0031662127003073692
v 0.010497578419744967 -0.0031390087679028502 -0.0022219077218323946
v 0.010497578419744967 -0.0031390087679028502 -0.0022219077218323946
v 0.010415505617856978 -0.006001048255711792 -0.0031662127003073692
v 0.010652086697518824 -0.003252082271501421 -0.002792462008073926
v 0.010652086697518824 -0.003252082271501421 -0.002792462008073926
v 0.010415505617856978 -0.006001048255711792 -0.0031662127003073692
v 0.010545777156949042 -0.00596605474129319 -0.0039704330265522
v 0.010652086697518824 -0.003252082271501421 -0.002792462008073926
v 0.010545777156949042 -0.00596605474129319 -0.0039704330265522
v 0.010830975137650965 -0.0033851640764623867 -0.0038223026785999537
v 0.010830975137650965 -0.0033851640764623867 -0.0038223026785999537
v 0.010545777156949042 -0.00596605474129319 -0.0039704330265522
v 0.010601215995848177 -0.0059511489234864694 -0.004773215856403112
v 0.010830975137650965 -0.0033851640764623867 -0.0038223026785999537
v 0.010601215995848177 -0.0059511489234864694 -0.004773215856403112
v 0.010897791944444178 -0.0034376531839370715 -0.004849078133702278
v 0.010897791944444178 -0.0034376531839370715 -0.004849078133702278
v 0.010601215995848177 -0.0059511489234864694 -0.004773215856403112
v 0.010863505303859709 -0.003410567762330173 -0.005852764006704092
v 0.010863505303859709 -0.003410567762330173 -0.005852764006704092
v 0.010601215995848177 -0.0059511489234864694 -0.004773215856403112
v 0.010520381852984427 -0.00597287993878126 -0.006231375969946384
v 0.010863505303859709 -0.003410567762330173 -0.005852764006704092
v 0.010520381852984427 -0.00597287993878126 -0.006231375969946384
v 0.010824425145983694 -0.003380085341632365 -0.006232470273971558
v 0.010824425145983694 -0.003380085341632365 -0.006232470273971558
v 0.010520381852984427 -0.00597287993878126 -0.006231375969946384
v 0.010188011452555655 -0.006062070839107035 -0.007678311318159103
v 0.010824425145983694 -0.003380085341632365 -0.006232470273971558
v 0.010188011452555655 -0.006062070839107035 -0.007678311318159103
v 0.010729072615504263 -0.003308346029371022 -0.006844162009656429
v 0.010729072615504263 -0.003308346029371022 -0.006844162009656429
v 0.010188011452555655 -0.006062070839107035 -0.007678311318159103
v 0.010302761569619177 -0.004813364241272209 -0.00777819100767374
v 0.010729072615504263 -0.003308346029371022 -0.006844162009656429
v 0.010302761569619177 -0.004813364241272209 -0.00777819100767374
v 0.010497578419744967 -0.0031390087679028502 -0.0077781081199646
v 0.010090711526572703 -0.0066026691347360585 -0.00222162832506001
v 0.008749426342546938 -0.017141068354248994 -0.0022192213218659163
v 0.010415505617856978 -0.006001048255711792 -0.0031662127003073692
v 0.010415505617856978 -0.006001048255711792 -0.0031662127003073692
v 0.008749426342546938 -0.017141068354248994 -0.0022192213218659163
v 0.008765590377151964 -0.018833538517355912 -0.0031655034981667995
v 0.010415505617856978 -0.006001048255711792 -0.0031662127003073692
v 0.008765590377151964 -0.018833538517355912 -0.0031655034981667995
v 0.010545777156949042 -0.00596605474129319 -0.0039704330265522
v 0.010545777156949042 -0.00596605474129319 -0.0039704330265522
v 0.008765590377151964 -0.018833538517355912 -0.0031655034981667995
v 0.008894247002899645 -0.018801048398017876 -0.003970309626311064
v 0.010545777156949042 -0.00596605474129319 -0.0039704330265522
v 0.008894247002899645 -0.018801048398017876 -0.003970309626311064
v 0.010601215995848177 -0.0059511489234864694 -0.004773215856403112
v 0.010601215995848177 -0.0059511489234864694 -0.004773215856403112
v 0.008894247002899645 -0.018801048398017876 -0.003970309626311064
v 0.008948962204158304 -0.018787203356623643 -0.004773202817887068
v 0.010601215995848177 -0.0059511489234864694 -0.004773215856403112
v 0.008948962204158304 -0.018787203356623643 -0.004773202817887068
v 0.010520381852984427 -0.00597287993878126 -0.006231375969946384
v 0.010520381852984427 -0.00597287993878126 -0.006231375969946384
v 0.008948962204158304 -0.018787203356623643 -0.004773202817887068
v 0.008869173005223272 -0.018807390704751008 -0.00623155664652586
v 0.010520381852984427 -0.00597287993878126 -0.006231375969946384
v 0.008869173005223272 -0.018807390704751008 -0.00623155664652586
v 0.010188011452555655 -0.006062070839107035 -0.007678311318159103
v 0.010188011452555655 -0.006062070839107035 -0.007678311318159103
v 0.008869173005223272 -0.018807390704751008 -0.00623155664652586
v 0.008540674112737177 -0.01889017410576343 -0.007680663373321295
v 0.010188011452555655 -0.006062070839107035 -0.007678311318159103
v 0.008540674112737177 -0.01889017410576343 -0.007680663373321295
v 0.008749269880354403 -0.017141036689281457 -0.007780732121318579
v 0.008749269880354403 -0.017141036689281457 -0.007780732121318579
v 0.008540674112737177 -0.01889017410576343 -0.007680663373321295
v 0.008507162332534788 -0.018898593261837952 -0.007780977990478277
v 0.008749426342546938 -0.017141068354248994 -0.0022192213218659163
v 0.007916054688394068 -0.022948216646909707 -0.002219696529209614
v 0.008765590377151964 -0.018833538517355912 -0.0031655034981667995
v 0.008765590377151964 -0.018833538517355912 -0.0031655034981667995
v 0.007916054688394068 -0.022948216646909707 -0.002219696529209614
v 0.008111475966870783 -0.02330962382256984 -0.0031656790524721146
v 0.008765590377151964 -0.018833538517355912 -0.0031655034981667995
v 0.008111475966870783 -0.02330962382256984 -0.0031656790524721146
v 0.008894247002899645 -0.018801048398017876 -0.003970309626311064
v 0.008894247002899645 -0.018801048398017876 -0.003970309626311064
v 0.008111475966870783 -0.02330962382256984 -0.0031656790524721146
v 0.008241450414061545 -0.023279484361410134 -0.0039703031070530415
v 0.008894247002899645 -0.018801048398017876 -0.003970309626311064
v 0.008241450414061545 -0.023279484361410134 -0.0039703031070530415
v 0.008948962204158304 -0.018787203356623643 -0.004773202817887068
v 0.008948962204158304 -0.018787203356623643 -0.004773202817887068
v 0.008241450414061545 -0.023279484361410134 -0.0039703031070530415
v 0.00829675607383251 -0.023266645148396485 -0.004773191176354885
v 0.008948962204158304 -0.018787203356623643 -0.004773202817887068
v 0.00829675607383251 -0.023266645148396485 -0.004773191176354885
v 0.008869173005223272 -0.018807390704751008 -0.00623155664652586
v 0.008869173005223272 -0.018807390704751008 -0.00623155664652586
v 0.00829675607383251 -0.023266645148396485 -0.004773191176354885
v 0.008216118440032004 -0.02328535914421081 -0.006231538485735655
v 0.008869173005223272 -0.018807390704751008 -0.00623155664652586
v 0.008216118440032004 -0.02328535914421081 -0.006231538485735655
v 0.008540674112737177 -0.01889017410576343 -0.007680663373321295
v 0.008540674112737177 -0.01889017410576343 -0.007680663373321295
v 0.008216118440032004 -0.02328535914421081 -0.006231538485735655
v 0.007884430699050425 -0.02336218394339084 -0.007679878268390894
v 0.008540674112737177 -0.01889017410576343 -0.007680663373321295
v 0.007884430699050425 -0.02336218394339084 -0.007679878268390894
v 0.008507162332534788 -0.018898593261837952 -0.007780977990478277
v 0.008507162332534788 -0.018898593261837952 -0.007780977990478277
v 0.007884430699050425 -0.02336218394339084 -0.007679878268390894
v 0.007850620895624159 -0.023369997739791863 -0.007780077401548624
v 0.007916054688394068 -0.022948216646909707 -0.002219696529209614
v 0.007428339682519435 -0.02587143331766128 -0.002221863716840744
v 0.008111475966870783 -0.02330962382256984 -0.0031656790524721146
v 0.008111475966870783 -0.02330962382256984 -0.0031656790524721146
v 0.007428339682519435 -0.02587143331766128 -0.002221863716840744
v 0.007694283034652471 -0.02582117170095443 -0.003166187321767211
v 0.008111475966870783 -0.02330962382256984 -0.0031656790524721146
v 0.007694283034652471 -0.02582117170095443 -0.003166187321767211
v 0.008241450414061545 -0.023279484361410134 -0.0039703031070530415
v 0.008241450414061545 -0.023279484361410134 -0.0039703031070530415
v 0.007694283034652471 -0.02582117170095443 -0.003166187321767211
v 0.007826934568583964 -0.025796091184020035 -0.003970383666455746
v 0.008241450414061545 -0.023279484361410134 -0.0039703031070530415
v 0.007826934568583964 -0.025796091184020035 -0.003970383666455746
v 0.00829675607383251 -0.023266645148396485 -0.004773191176354885
v 0.00829675607383251 -0.023266645148396485 -0.004773191176354885
v 0.007826934568583964 -0.025796091184020035 -0.003970383666455746
v 0.007883409969508646 -0.025785412639379494 -0.004773194435983896
v 0.00829675607383251 -0.023266645148396485 -0.004773191176354885
v 0.007883409969508646 -0.025785412639379494 -0.004773194435983896
v 0.008216118440032004 -0.02328535914421081 -0.006231538485735655
v 0.008216118440032004 -0.02328535914421081 -0.006231538485735655
v 0.007883409969508646 -0.025785412639379494 -0.004773194435983896
v 0.007801075000315904 -0.02580097131431102 -0.006231406237930059
v 0.008216118440032004 -0.02328535914421081 -0.006231538485735655
v 0.007801075000315904 -0.02580097131431102 -0.006231406237930059
v 0.007884430699050425 -0.02336218394339084 -0.007679878268390894
v 0.007884430699050425 -0.02336218394339084 -0.007679878268390894
v 0.007801075000315904 -0.02580097131431102 -0.006231406237930059
v 0.007462790235877036 -0.025864904746413224 -0.007678161840885878
v 0.007884430699050425 -0.02336218394339084 -0.007679878268390894
v 0.007462790235877036 -0.025864904746413224 -0.007678161840885878
v 0.007850620895624159 -0.023369997739791863 -0.007780077401548624
v 0.007850620895624159 -0.023369997739791863 -0.007780077401548624
v 0.007462790235877036 -0.025864904746413224 -0.007678161840885878
v 0.007428344339132308 -0.025871418416500085 -0.007778139319270849
v 0.010497578419744967 -0.0031390087679028502 -0.0077781081199646
v 0.010272996500134466 -0.002964971587061881 -0.008382405154407024
v 0.010445411317050455 -0.0031001148745417586 -0.0020599912386387587
v 0.010445411317050455 -0.0031001148745417586 -0.0020599912386387587
v 0.010272996500134466 -0.002964971587061881 -0.008382405154407024
v 0.010234411805868147 -0.002933377167209982 -0.00846441276371479
v 0.010445411317050455 -0.0031001148745417586 -0.0020599912386387587
v 0.010234411805868147 -0.002933377167209982 -0.00846441276371479
v 0.010234411805868147 -0.002933377167209982 -0.0015355873620137572
v 0.010863505303859709 -0.003410567762330173 -0.005852764006704092
v 0.010824425145983694 -0.003380085341632365 -0.006232470273971558
v 0.010653416626155375 -0.003252273891121148 -0.004227189347147942
v 0.010863505303859709 -0.003410567762330173 -0.005852764006704092
v 0.010653416626155375 -0.003252273891121148 -0.004227189347147942
v 0.010897791944444178 -0.0034376531839370715 -0.004849078133702278
v 0.010497578419744967 -0.0031390087679028502 -0.0022219077218323946
v 0.010652086697518824 -0.003252082271501421 -0.002792462008073926
v 0.010653416626155375 -0.003252273891121148 -0.004227189347147942
v 0.010653416626155375 -0.003252273891121148 -0.004227189347147942
v 0.010652086697518824 -0.003252082271501421 -0.002792462008073926
v 0.010830975137650965 -0.0033851640764623867 -0.0038223026785999537
v 0.010653416626155375 -0.003252273891121148 -0.004227189347147942
v 0.010830975137650965 -0.0033851640764623867 -0.0038223026785999537
v 0.010897791944444178 -0.0034376531839370715 -0.004849078133702278
v 0.010445411317050455 -0.0031001148745417586 -0.0020599912386387587
v 0.010497578419744967 -0.0031390087679028502 -0.0022219077218323946
v 0.010497578419744967 -0.0031390087679028502 -0.0077781081199646
v 0.010497578419744967 -0.0031390087679028502 -0.0077781081199646
v 0.010497578419744967 -0.0031390087679028502 -0.0022219077218323946
v 0.010653416626155375 -0.003252273891121148 -0.004227189347147942
v 0.010497578419744967 -0.0031390087679028502 -0.0077781081199646
v 0.010653416626155375 -0.003252273891121148 -0.004227189347147942
v 0.010729072615504263 -0.003308346029371022 -0.006844162009656429
v 0.010729072615504263 -0.003308346029371022 -0.006844162009656429
v 0.010653416626155375 -0.003252273891121148 -0.004227189347147942
v 0.010824425145983694 -0.003380085341632365 -0.006232470273971558
v -0.0020595781970769163 -0.004556288011372088 -0.009403472766280174
v -0.0017438898794353006 -0.004569250624626873 -0.009652642533183098
v -0.0013081628130748866 -0.0050818687304854376 -0.009934823028743267
v -0.003566302359104156 -0.0035043607931584107 -0.007604008074849844
v -0.0037586332764476533 -0.0033664298243820654 -0.00713919335976243
v -0.003713407320901751 -0.002183111384510993 -0.007139657624065876
v -0.003713407320901751 -0.002183111384510993 -0.007139657624065876
v -0.003660639282315969 -0.00216338806785643 -0.007279053796082735
v -0.003566302359104156 -0.0035043607931584107 -0.007604008074849844
v -0.003566302359104156 -0.0035043607931584107 -0.007604008074849844
v -0.003660639282315969 -0.00216338806785643 -0.007279053796082735
v -0.003603167831897735 -0.002141914563253521 -0.007415997330099344
v -0.003566302359104156 -0.0035043607931584107 -0.007604008074849844
v -0.003603167831897735 -0.002141914563253521 -0.007415997330099344
v -0.0035729391966015096 -0.002172980457544326 -0.007487575989216566
v -0.0035729391966015096 -0.002172980457544326 -0.007487575989216566
v -0.0035415822640061374 -0.002205137163400649 -0.007558242883533239
v -0.003566302359104156 -0.0035043607931584107 -0.007604008074849844
v -0.003566302359104156 -0.0035043607931584107 -0.007604008074849844
v -0.0035415822640061374 -0.002205137163400649 -0.007558242883533239
v -0.0035123506095260377 -0.002235042862594127 -0.007621191442012787
v -0.003566302359104156 -0.0035043607931584107 -0.007604008074849844
v -0.0035123506095260377 -0.002235042862594127 -0.007621191442012787
v -0.003481267718598246 -0.002266772324219345 -0.00768536189571023
v -0.003481267718598246 -0.002266772324219345 -0.00768536189571023
v -0.003416944062337279 -0.002332203555852174 -0.007810273673385382
v -0.003566302359104156 -0.0035043607931584107 -0.007604008074849844
v -0.003566302359104156 -0.0035043607931584107 -0.007604008074849844
v -0.003416944062337279 -0.002332203555852174 -0.007810273673385382
v -0.0033824082929641004 -0.002367208478972315 -0.007873503491282463
v -0.003566302359104156 -0.0035043607931584107 -0.007604008074849844
v -0.0033824082929641004 -0.002367208478972315 -0.007873503491282463
v -0.0033478720579296346 -0.0024021302815526715 -0.007934392429888248
v -0.0033478720579296346 -0.0024021302815526715 -0.007934392429888248
v -0.0033127015922218557 -0.0024375885259360066 -0.00799421314150095
v -0.003566302359104156 -0.0035043607931584107 -0.007604008074849844
v -0.003566302359104156 -0.0035043607931584107 -0.007604008074849844
v -0.0033127015922218557 -0.0024375885259360066 -0.00799421314150095
v -0.0032787877134978767 -0.00247170659713447 -0.008050000295042992
v -0.003566302359104156 -0.0035043607931584107 -0.007604008074849844
v -0.0032787877134978767 -0.00247170659713447 -0.008050000295042992
v -0.0032263910397887226 -0.003746008966118096 -0.008175559341907501
v -0.0032787877134978767 -0.00247170659713447 -0.008050000295042992
v -0.0031592533923685546 -0.0025912600103765717 -0.008233643136918545
v -0.0032263910397887226 -0.003746008966118096 -0.008175559341907501
v -0.0032263910397887226 -0.003746008966118096 -0.008175559341907501
v -0.0031592533923685546 -0.0025912600103765717 -0.008233643136918545
v -0.002653435338288545 -0.003085835138335823 -0.008862595073878765
v -0.0032263910397887226 -0.003746008966118096 -0.008175559341907501
v -0.002653435338288545 -0.003085835138335823 -0.008862595073878765
v -0.0026942263357341285 -0.00411572167649865 -0.008817952126264572
v -0.0026942263357341285 -0.00411572167649865 -0.008817952126264572
v -0.002653435338288545 -0.003085835138335823 -0.008862595073878765
v -0.0023962298873811956 -0.0033114170655608164 -0.009123739786446095
v -0.0026942263357341285 -0.00411572167649865 -0.008817952126264572
v -0.0023962298873811956 -0.0033114170655608164 -0.009123739786446095
v -0.0020595781970769163 -0.004556288011372088 -0.009403472766280174
v -0.0020595781970769163 -0.004556288011372088 -0.009403472766280174
v -0.0023962298873811956 -0.0033114170655608164 -0.009123739786446095
v -0.0018145785434171555 -0.003698634915053843 -0.009622701443731785
v -0.0020595781970769163 -0.004556288011372088 -0.009403472766280174
v -0.0018145785434171555 -0.003698634915053843 -0.009622701443731785
v -0.0017438898794353006 -0.004569250624626873 -0.009652642533183098
v -0.0017438898794353006 -0.004569250624626873 -0.009652642533183098
v -0.0010251043131574986 -0.004495072178542612 -0.0101308673620224
v -0.0013081628130748866 -0.0050818687304854376 -0.009934823028743267
v -0.0013081628130748866 -0.0050818687304854376 -0.009934823028743267
v -0.0010251043131574986 -0.004495072178542612 -0.0101308673620224
v -0.0002699766191653907 -0.004456844646483658 -0.010506957769393921
v -0.0013081628130748866 -0.0050818687304854376 -0.009934823028743267
v -0.0002699766191653907 -0.004456844646483658 -0.010506957769393921
v -0.0005619119037874042 -0.005604172125458716 -0.010320449247956276
v 0.0005008885636925696 -0.004454085137695072 -0.010768041014671326
v 0.001183045678772032 -0.005383823066949843 -0.010855068452656269
v 0.00015528917720075694 -0.006109657697379587 -0.010570540092885494
v 0.00015528917720075694 -0.006109657697379587 -0.010570540092885494
v 0.001183045678772032 -0.005383823066949843 -0.010855068452656269
v 0.0011181142181158064 -0.006780173163861034 -0.010754497721791267
v 0.0012639591004699466 -0.004007854033261536 -0.010961826890707016
v 0.001183045678772032 -0.005383823066949843 -0.010855068452656269
v 0.0006014920654706656 -0.004150218330323694 -0.010811138898134232
v 0.0006014920654706656 -0.004150218330323694 -0.010811138898134232
v 0.001183045678772032 -0.005383823066949843 -0.010855068452656269
v 0.0005008885636925696 -0.004454085137695072 -0.010768041014671326
v 0.0006014920654706656 -0.004150218330323694 -0.010811138898134232
v 0.0005008885636925696 -0.004454085137695072 -0.010768041014671326
v 0.00015156666631810364 -0.004182617645710705 -0.010679115541279316
v 0.00015156666631810364 -0.004182617645710705 -0.010679115541279316
v 0.0005008885636925696 -0.004454085137695072 -0.010768041014671326
v 2.667588887561578e-05 -0.004182578064501284 -0.010635877028107643
v 0.00015528917720075694 -0.006109657697379587 -0.010570540092885494
v -0.0005619119037874042 -0.005604172125458716 -0.010320449247956276
v 0.0005008885636925696 -0.004454085137695072 -0.010768041014671326
v 0.0005008885636925696 -0.004454085137695072 -0.010768041014671326
v -0.0005619119037874042 -0.005604172125458716 -0.010320449247956276
v -0.0002699766191653907 -0.004456844646483658 -0.010506957769393921
v 0.0005008885636925696 -0.004454085137695072 -0.010768041014671326
v -0.0002699766191653907 -0.004456844646483658 -0.010506957769393921
v 2.667588887561578e-05 -0.004182578064501284 -0.010635877028107643
v 2.667588887561578e-05 -0.004182578064501284 -0.010635877028107643
v -0.0002699766191653907 -0.004456844646483658 -0.010506957769393921
v -0.0010251043131574986 -0.004495072178542612 -0.0101308673620224
v 2.667588887561578e-05 -0.004182578064501284 -0.010635877028107643
v -0.0010251043131574986 -0.004495072178542612 -0.0101308673620224
v -0.0005942609859630464 -0.004124059807509182 -0.010376343503594398
v -0.0018145785434171555 -0.003698634915053843 -0.009622701443731785
v -0.0017233871622011063 -0.00374677707441151 -0.00969166960567236
v -0.0017438898794353006 -0.004569250624626873 -0.009652642533183098
v -0.0017438898794353006 -0.004569250624626873 -0.009652642533183098
v -0.0017233871622011063 -0.00374677707441151 -0.00969166960567236
v -0.0011972297215834258 -0.003969674929976462 -0.010047547519207
v -0.0017438898794353006 -0.004569250624626873 -0.009652642533183098
v -0.0011972297215834258 -0.003969674929976462 -0.010047547519207
v -0.0010251043131574986 -0.004495072178542612 -0.0101308673620224
v -0.0010251043131574986 -0.004495072178542612 -0.0101308673620224
v -0.0011972297215834258 -0.003969674929976462 -0.010047547519207
v -0.0009688198915682732 -0.004040055908262728 -0.010181307792663574
v -0.0010251043131574986 -0.004495072178542612 -0.0101308673620224
v -0.0009688198915682732 -0.004040055908262728 -0.010181307792663574
v -0.0005942609859630464 -0.004124059807509182 -0.010376343503594398
v 0.010090711526572703 -0.0066026691347360585 -0.007778390776365995
v 0.009599956683814524 -0.009257104247808453 -0.008217992261052132
v 0.010054795071482657 -0.005347900558263062 -0.00825803354382515
v 0.010090711526572703 -0.0066026691347360585 -0.007778390776365995
v 0.010054795071482657 -0.005347900558263062 -0.00825803354382515
v 0.010302761569619177 -0.004813364241272209 -0.00777819100767374
v 0.010302761569619177 -0.004813364241272209 -0.00777819100767374
v 0.010054795071482657 -0.005347900558263062 -0.00825803354382515
v 0.010272996500134466 -0.002964971587061881 -0.008382405154407024
v 0.010302761569619177 -0.004813364241272209 -0.00777819100767374
v 0.010272996500134466 -0.002964971587061881 -0.008382405154407024
v 0.010497578419744967 -0.0031390087679028502 -0.0077781081199646
v 0.009026809595525263 -0.005451690405607222 -0.009527267888188362
v 0.009563907049596308 -0.0024317807983607045 -0.009397652000188828
v 0.009464361704885958 -0.005425400566309689 -0.009131333790719509
v 0.009464361704885958 -0.005425400566309689 -0.009131333790719509
v 0.009563907049596308 -0.0024317807983607045 -0.009397652000188828
v 0.009938478469848631 -0.002715119393542408 -0.008956275880336761
v 0.009464361704885958 -0.005425400566309689 -0.009131333790719509
v 0.009938478469848631 -0.002715119393542408 -0.008956275880336761
v 0.00980502739548683 -0.00538979936391115 -0.008706608787178993
v 0.00980502739548683 -0.00538979936391115 -0.008706608787178993
v 0.009938478469848631 -0.002715119393542408 -0.008956275880336761
v 0.010234411805868147 -0.002933377167209982 -0.00846441276371479
v 0.008096877485513685 -0.009360141120851036 -0.009755806997418404
v 0.007545531727373599 -0.00936679262667894 -0.010034358128905296
v 0.007944376207888125 -0.005474797450006006 -0.010185107588768005
v 0.007944376207888125 -0.005474797450006006 -0.010185107588768005
v 0.007545531727373599 -0.00936679262667894 -0.010034358128905296
v 0.006444360129535197 -0.009369137696921822 -0.010401969775557518
v 0.007944376207888125 -0.005474797450006006 -0.010185107588768005
v 0.006444360129535197 -0.009369137696921822 -0.010401969775557518
v 0.006836006883531808 -0.005465828813612459 -0.01058928668498993
v 0.008066791109740732 -0.002110400702804326 -0.010415882803499699
v 0.009096636436879633 -0.0020767233800142995 -0.009816456586122513
v 0.008509574458003042 -0.005467962007969616 -0.009883121587336063
v 0.008509574458003042 -0.005467962007969616 -0.009883121587336063
v 0.009096636436879633 -0.0020767233800142995 -0.009816456586122513
v 0.009111538529396055 -0.002088017063215374 -0.00980456918478012
v 0.008509574458003042 -0.005467962007969616 -0.009883121587336063
v 0.009111538529396055 -0.002088017063215374 -0.00980456918478012
v 0.009026809595525263 -0.005451690405607222 -0.009527267888188362
v 0.009026809595525263 -0.005451690405607222 -0.009527267888188362
v 0.009111538529396055 -0.002088017063215374 -0.00980456918478012
v 0.009126405231654642 -0.0020992867648601523 -0.009792625904083252
v 0.009026809595525263 -0.005451690405607222 -0.009527267888188362
v 0.009126405231654642 -0.0020992867648601523 -0.009792625904083252
v 0.009563907049596308 -0.0024317807983607045 -0.009397652000188828
v 0.00980502739548683 -0.00538979936391115 -0.008706608787178993
v 0.009362808428704737 -0.009295468218624588 -0.008641816675662994
v 0.009464361704885958 -0.005425400566309689 -0.009131333790719509
v 0.009464361704885958 -0.005425400566309689 -0.009131333790719509
v 0.009362808428704737 -0.009295468218624588 -0.008641816675662994
v 0.009031557478010653 -0.009326100349426266 -0.009046785533428192
v 0.009464361704885958 -0.005425400566309689 -0.009131333790719509
v 0.009031557478010653 -0.009326100349426266 -0.009046785533428192
v 0.009026809595525263 -0.005451690405607222 -0.009527267888188362
v 0.009026809595525263 -0.005451690405607222 -0.009527267888188362
v 0.009031557478010653 -0.009326100349426266 -0.009046785533428192
v 0.008602907881140707 -0.009347307495772835 -0.009422420524060726
v 0.009026809595525263 -0.005451690405607222 -0.009527267888188362
v 0.008602907881140707 -0.009347307495772835 -0.009422420524060726
v 0.008509574458003042 -0.005467962007969616 -0.009883121587336063
v 0.010090711526572703 -0.0066026691347360585 -0.007778390776365995
v 0.008749269880354403 -0.017141036689281457 -0.007780732121318579
v 0.009599956683814524 -0.009257104247808453 -0.008217992261052132
v 0.009599956683814524 -0.009257104247808453 -0.008217992261052132
v 0.008749269880354403 -0.017141036689281457 -0.007780732121318579
v 0.008575711399316786 -0.017118217423558228 -0.00821636151522398
v 0.009599956683814524 -0.009257104247808453 -0.008217992261052132
v 0.008575711399316786 -0.017118217423558228 -0.00821636151522398
v 0.008861005306243895 -0.013329728506505484 -0.008588120341300964
v 0.005321859847754239 -0.016780182719230645 -0.010184885002672672
v 0.005917007103562354 -0.01335458923131227 -0.010257190093398094
v 0.00647670542821288 -0.01688094809651374 -0.00985998846590519
v 0.00647670542821288 -0.01688094809651374 -0.00985998846590519
v 0.005917007103562354 -0.01335458923131227 -0.010257190093398094
v 0.007034191396087407 -0.013355977833271021 -0.009913383983075619
v 0.00647670542821288 -0.01688094809651374 -0.00985998846590519
v 0.007034191396087407 -0.013355977833271021 -0.009913383983075619
v 0.006869079079478978 -0.01692028529942035 -0.009695243090391159
v 0.006869079079478978 -0.01692028529942035 -0.009695243090391159
v 0.007034191396087407 -0.013355977833271021 -0.009913383983075619
v 0.007583141792565583 -0.013357026502490038 -0.009652099572122097
v 0.006869079079478978 -0.01692028529942035 -0.009695243090391159
v 0.007583141792565583 -0.013357026502490038 -0.009652099572122097
v 0.007558333221822976 -0.01699539273977279 -0.009309048764407635
v 0.007558333221822976 -0.01699539273977279 -0.009309048764407635
v 0.007583141792565583 -0.013357026502490038 -0.009652099572122097
v 0.008089886046946047 -0.013355239294469351 -0.009335695765912533
v 0.007558333221822976 -0.01699539273977279 -0.009309048764407635
v 0.008089886046946047 -0.013355239294469351 -0.009335695765912533
v 0.00800017826259136 -0.0170470755547285 -0.008962245658040047
v 0.00800017826259136 -0.0170470755547285 -0.008962245658040047
v 0.008089886046946047 -0.013355239294469351 -0.009335695765912533
v 0.008523215539753435 -0.013347034342586989 -0.008976180106401443
v 0.00800017826259136 -0.0170470755547285 -0.008962245658040047
v 0.008523215539753435 -0.013347034342586989 -0.008976180106401443
v 0.00835960730910301 -0.01709096692502498 -0.00856629479676485
v 0.00835960730910301 -0.01709096692502498 -0.00856629479676485
v 0.008523215539753435 -0.013347034342586989 -0.008976180106401443
v 0.008861005306243895 -0.013329728506505484 -0.008588120341300964
v 0.00835960730910301 -0.01709096692502498 -0.00856629479676485
v 0.008861005306243895 -0.013329728506505484 -0.008588120341300964
v 0.008366545662283896 -0.017091825604438775 -0.008556908927857876
v 0.008366545662283896 -0.017091825604438775 -0.008556908927857876
v 0.008861005306243895 -0.013329728506505484 -0.008588120341300964
v 0.008575711399316786 -0.017118217423558228 -0.00821636151522398
v 0.008602907881140707 -0.009347307495772835 -0.009422420524060726
v 0.008096877485513685 -0.009360141120851036 -0.009755806997418404
v 0.008509574458003042 -0.005467962007969616 -0.009883121587336063
v 0.008509574458003042 -0.005467962007969616 -0.009883121587336063
v 0.008096877485513685 -0.009360141120851036 -0.009755806997418404
v 0.007944376207888125 -0.005474797450006006 -0.010185107588768005
v 0.008509574458003042 -0.005467962007969616 -0.009883121587336063
v 0.007944376207888125 -0.005474797450006006 -0.010185107588768005
v 0.008066791109740732 -0.002110400702804326 -0.010415882803499699
v 0.008066791109740732 -0.002110400702804326 -0.010415882803499699
v 0.007944376207888125 -0.005474797450006006 -0.010185107588768005
v 0.006836006883531808 -0.005465828813612459 -0.01058928668498993
v 0.008066791109740732 -0.002110400702804326 -0.010415882803499699
v 0.006836006883531808 -0.005465828813612459 -0.01058928668498993
v 0.007064932491630315 -0.0021077352575957766 -0.010799369774758816
v 0.005917007103562354 -0.01335458923131227 -0.010257190093398094
v 0.006444360129535197 -0.009369137696921822 -0.010401969775557518
v 0.007034191396087407 -0.013355977833271021 -0.009913383983075619
v 0.007034191396087407 -0.013355977833271021 -0.009913383983075619
v 0.006444360129535197 -0.009369137696921822 -0.010401969775557518
v 0.007545531727373599 -0.00936679262667894 -0.010034358128905296
v 0.007034191396087407 -0.013355977833271021 -0.009913383983075619
v 0.007545531727373599 -0.00936679262667894 -0.010034358128905296
v 0.007583141792565583 -0.013357026502490038 -0.009652099572122097
v 0.007583141792565583 -0.013357026502490038 -0.009652099572122097
v 0.007545531727373599 -0.00936679262667894 -0.010034358128905296
v 0.008096877485513685 -0.009360141120851036 -0.009755806997418404
v 0.007583141792565583 -0.013357026502490038 -0.009652099572122097
v 0.008096877485513685 -0.009360141120851036 -0.009755806997418404
v 0.008089886046946047 -0.013355239294469351 -0.009335695765912533
v 0.008089886046946047 -0.013355239294469351 -0.009335695765912533
v 0.008096877485513685 -0.009360141120851036 -0.009755806997418404
v 0.008602907881140707 -0.009347307495772835 -0.009422420524060726
v 0.008089886046946047 -0.013355239294469351 -0.009335695765912533
v 0.008602907881140707 -0.009347307495772835 -0.009422420524060726
v 0.008523215539753435 -0.013347034342586989 -0.008976180106401443
v 0.008523215539753435 -0.013347034342586989 -0.008976180106401443
v 0.008602907881140707 -0.009347307495772835 -0.009422420524060726
v 0.009031557478010653 -0.009326100349426266 -0.009046785533428192
v 0.008523215539753435 -0.013347034342586989 -0.008976180106401443
v 0.009031557478010653 -0.009326100349426266 -0.009046785533428192
v 0.008861005306243895 -0.013329728506505484 -0.008588120341300964
v 0.008861005306243895 -0.013329728506505484 -0.008588120341300964
v 0.009031557478010653 -0.009326100349426266 -0.009046785533428192
v 0.009362808428704737 -0.009295468218624588 -0.008641816675662994
v 0.008861005306243895 -0.013329728506505484 -0.008588120341300964
v 0.009362808428704737 -0.009295468218624588 -0.008641816675662994
v 0.009599956683814524 -0.009257104247808453 -0.008217992261052132
v 0.009599956683814524 -0.009257104247808453 -0.008217992261052132
v 0.009362808428704737 -0.009295468218624588 -0.008641816675662994
v 0.00980502739548683 -0.00538979936391115 -0.008706608787178993
v 0.009599956683814524 -0.009257104247808453 -0.008217992261052132
v 0.00980502739548683 -0.00538979936391115 -0.008706608787178993
v 0.010054795071482657 -0.005347900558263062 -0.00825803354382515
v 0.010054795071482657 -0.005347900558263062 -0.00825803354382515
v 0.00980502739548683 -0.00538979936391115 -0.008706608787178993
v 0.010234411805868147 -0.002933377167209982 -0.00846441276371479
v 0.010054795071482657 -0.005347900558263062 -0.00825803354382515
v 0.010234411805868147 -0.002933377167209982 -0.00846441276371479
v 0.010272996500134466 -0.002964971587061881 -0.008382405154407024
v 0.010445411317050455 -0.0031001148745417586 -0.0020599912386387587
v 0.010234411805868147 -0.002933377167209982 -0.0015355873620137572
v 0.009811089374125002 -0.006507448386400936 -0.0015279505169019103
v 0.010497578419744967 -0.0031390087679028502 -0.0022219077218323946
v 0.010445411317050455 -0.0031001148745417586 -0.0020599912386387587
v 0.010302769020199774 -0.004813362844288347 -0.002221825998276472
v 0.010302769020199774 -0.004813362844288347 -0.002221825998276472
v 0.010445411317050455 -0.0031001148745417586 -0.0020599912386387587
v 0.009811089374125002 -0.006507448386400936 -0.0015279505169019103
v 0.010302769020199774 -0.004813362844288347 -0.002221825998276472
v 0.009811089374125002 -0.006507448386400936 -0.0015279505169019103
v 0.010090711526572703 -0.0066026691347360585 -0.00222162832506001
v 0.009126405231654642 -0.0020992867648601523 -0.00020737445447593927
v 0.009451013058423994 -0.006390015594661234 -0.0009880141587927938
v 0.009696077555418013 -0.0025321245193481437 -0.0007435019360855222
v 0.009696077555418013 -0.0025321245193481437 -0.0007435019360855222
v 0.009451013058423994 -0.006390015594661234 -0.0009880141587927938
v 0.009811089374125002 -0.006507448386400936 -0.0015279505169019103
v 0.009696077555418013 -0.0025321245193481437 -0.0007435019360855222
v 0.009811089374125002 -0.006507448386400936 -0.0015279505169019103
v 0.01008570473641157 -0.0028248438611626616 -0.0012657210463657975
v 0.01008570473641157 -0.0028248438611626616 -0.0012657210463657975
v 0.009811089374125002 -0.006507448386400936 -0.0015279505169019103
v 0.010234411805868147 -0.002933377167209982 -0.0015355873620137572
v 0.009111538529396055 -0.002088017063215374 -0.00019543070811778307
v 0.008415995165705679 -0.006056312937289475 -0.00011568294576136395
v 0.009126405231654642 -0.0020992867648601523 -0.00020737445447593927
v 0.009126405231654642 -0.0020992867648601523 -0.00020737445447593927
v 0.008415995165705679 -0.006056312937289475 -0.00011568294576136395
v 0.008996675722301005 -0.006245679222047327 -0.0005354346940293908
v 0.009126405231654642 -0.0020992867648601523 -0.00020737445447593927
v 0.008996675722301005 -0.006245679222047327 -0.0005354346940293908
v 0.009451013058423994 -0.006390015594661234 -0.0009880141587927938
v 0.009111538529396055 -0.002088017063215374 -0.00019543070811778307
v 0.009096636436879633 -0.0020767233800142995 -0.0001835433067753911
v 0.008415995165705679 -0.006056312937289475 -0.00011568294576136395
v 0.008415995165705679 -0.006056312937289475 -0.00011568294576136395
v 0.009096636436879633 -0.0020767233800142995 -0.0001835433067753911
v 0.008066791109740732 -0.002110400702804326 0.0004158824449405074
v 0.008415995165705679 -0.006056312937289475 -0.00011568294576136395
v 0.008066791109740732 -0.002110400702804326 0.0004158824449405074
v 0.007893166504800318 -0.005886833183467386 0.00017398071940988302
v 0.008066791109740732 -0.002110400702804326 0.0004158824449405074
v 0.007064932491630315 -0.0021077352575957766 0.0007993698818609118
v 0.006967737805098294 -0.003740241518244146 0.0006893634563311934
v 0.006967737805098294 -0.003740241518244146 0.0006893634563311934
v 0.006829717196524142 -0.0055401604622602445 0.000585259753279388
v 0.008066791109740732 -0.002110400702804326 0.0004158824449405074
v 0.008066791109740732 -0.002110400702804326 0.0004158824449405074
v 0.006829717196524142 -0.0055401604622602445 0.000585259753279388
v 0.007613749243319034 -0.005796019453555344 0.00030309834983199835
v 0.008066791109740732 -0.002110400702804326 0.0004158824449405074
v 0.007613749243319034 -0.005796019453555344 0.00030309834983199835
v 0.007893166504800318 -0.005886833183467386 0.00017398071940988302
v 0.007089776452630757 -0.0015581920742988582 0.0008406530832871795
v 0.007064932491630315 -0.0021077352575957766 0.0007993698818609118
v 0.008066791109740732 -0.002110400702804326 0.0004158824449405074
v 0.007180772721767425 -0.0007013251306489108 0.0008915908401831985
v 0.007119404152035712 -0.0006671964656561611 0.0009107844671234488
v 0.007089776452630757 -0.0015581920742988582 0.0008406530832871795
v 0.007180772721767425 -0.0007013251306489108 0.0008915908401831985
v 0.007089776452630757 -0.0015581920742988582 0.0008406530832871795
v 0.007241390645503997 -0.0007364977500401435 0.0008718775352463126
v 0.009096636436879633 -0.0020767233800142995 -0.0001835433067753911
v 0.008931602351367472 -0.0019519825000315898 -5.519028854905628e-05
v 0.008066791109740732 -0.002110400702804326 0.0004158824449405074
v 0.008066791109740732 -0.002110400702804326 0.0004158824449405074
v 0.008931602351367472 -0.0019519825000315898 -5.519028854905628e-05
v 0.008155706338584421 -0.0013715174281969662 0.00046234752517193556
v 0.008066791109740732 -0.002110400702804326 0.0004158824449405074
v 0.008155706338584421 -0.0013715174281969662 0.00046234752517193556
v 0.007089776452630757 -0.0015581920742988582 0.0008406530832871795
v 0.007089776452630757 -0.0015581920742988582 0.0008406530832871795
v 0.008155706338584421 -0.0013715174281969662 0.00046234752517193556
v 0.007851951755583285 -0.0011471834732219572 0.0006229284917935729
v 0.007089776452630757 -0.0015581920742988582 0.0008406530832871795
v 0.007851951755583285 -0.0011471834732219572 0.0006229284917935729
v 0.007241390645503997 -0.0007364977500401435 0.0008718775352463126
v 0.008277573622763155 -0.0014621827285736795 -0.010390988551080227
v 0.009096636436879633 -0.0020767233800142995 -0.009816456586122513
v 0.008066791109740732 -0.002110400702804326 -0.010415882803499699
v 0.008277573622763155 -0.0014621827285736795 -0.010390988551080227
v 0.008066791109740732 -0.002110400702804326 -0.010415882803499699
v 0.008155706338584421 -0.0013715174281969662 -0.01046234741806984
v 0.008155706338584421 -0.0013715174281969662 -0.01046234741806984
v 0.008066791109740732 -0.002110400702804326 -0.010415882803499699
v 0.007064932491630315 -0.0021077352575957766 -0.010799369774758816
v 0.008155706338584421 -0.0013715174281969662 -0.01046234741806984
v 0.007064932491630315 -0.0021077352575957766 -0.010799369774758816
v 0.007089776452630757 -0.0015581920742988582 -0.01084065344184637
v 0.007119404152035712 -0.0006671964656561611 -0.01091078482568264
v 0.007180772721767425 -0.0007013251306489108 -0.01089159119874239
v 0.007089776452630757 -0.0015581920742988582 -0.01084065344184637
v 0.007089776452630757 -0.0015581920742988582 -0.01084065344184637
v 0.007180772721767425 -0.0007013251306489108 -0.01089159119874239
v 0.007241390645503997 -0.0007364977500401435 -0.010871877893805504
v 0.007241390645503997 -0.0007364977500401435 -0.010871877893805504
v 0.007396335247904061 -0.0008320642518810925 -0.010817625559866428
v 0.007089776452630757 -0.0015581920742988582 -0.01084065344184637
v 0.007089776452630757 -0.0015581920742988582 -0.01084065344184637
v 0.007396335247904061 -0.0008320642518810925 -0.010817625559866428
v 0.007717004045844077 -0.0010500741191208358 -0.010686276480555534
v 0.007089776452630757 -0.0015581920742988582 -0.01084065344184637
v 0.007717004045844077 -0.0010500741191208358 -0.010686276480555534
v 0.008155706338584421 -0.0013715174281969662 -0.01046234741806984
v 0.00373483938165009 -0.001985146896913647 -0.011270089074969292
v 0.0038466376718133684 -0.0018268028507009142 -0.01128051895648241
v 0.004325193352997302 -0.0018906414043158286 -0.011250664480030537
v 0.0028119673952460285 -0.0031397289130836717 -0.011176023632287979
v 0.004093216266483068 -0.005327501799911259 -0.010980826802551746
v 0.002659497549757361 -0.003268755972385405 -0.011160925962030888
v 0.002659497549757361 -0.003268755972385405 -0.011160925962030888
v 0.004093216266483068 -0.005327501799911259 -0.010980826802551746
v 0.0024864112492650743 -0.005186465103179215 -0.011011144146323204
v 0.002659497549757361 -0.003268755972385405 -0.011160925962030888
v 0.0024864112492650743 -0.005186465103179215 -0.011011144146323204
v 0.0020774146541953083 -0.003661988768726586 -0.011094465851783752
v 0.0028119673952460285 -0.0031397289130836717 -0.011176023632287979
v 0.00319242849946022 -0.0027551436796784392 -0.011212280951440334
v 0.004093216266483068 -0.005327501799911259 -0.010980826802551746
v 0.004093216266483068 -0.005327501799911259 -0.010980826802551746
v 0.00319242849946022 -0.0027551436796784392 -0.011212280951440334
v 0.0036284665111452337 -0.0021538757719099513 -0.011258126236498356
v 0.004093216266483068 -0.005327501799911259 -0.010980826802551746
v 0.0036284665111452337 -0.0021538757719099513 -0.011258126236498356
v 0.0036313787568360563 -0.0021489968057721845 -0.011258482001721859
v 0.0013210395118221638 -0.003990085329860447 -0.010973154567182064
v 0.001377922249957919 -0.003971473779529331 -0.010984155349433422
v 0.0024864112492650743 -0.005186465103179215 -0.011011144146323204
v 0.0024864112492650743 -0.005186465103179215 -0.011011144146323204
v 0.001377922249957919 -0.003971473779529331 -0.010984155349433422
v 0.0015177326276898382 -0.003921797033399342 -0.01100973691791296
v 0.0024864112492650743 -0.005186465103179215 -0.011011144146323204
v 0.0015177326276898382 -0.003921797033399342 -0.01100973691791296
v 0.0020774146541953083 -0.003661988768726586 -0.011094465851783752
v 0.0012639591004699466 -0.004007854033261536 -0.010961826890707016
v 0.0013210395118221638 -0.003990085329860447 -0.010973154567182064
v 0.001183045678772032 -0.005383823066949843 -0.010855068452656269
v 0.001183045678772032 -0.005383823066949843 -0.010855068452656269
v 0.0013210395118221638 -0.003990085329860447 -0.010973154567182064
v 0.0024864112492650743 -0.005186465103179215 -0.011011144146323204
v 0.001183045678772032 -0.005383823066949843 -0.010855068452656269
v 0.0024864112492650743 -0.005186465103179215 -0.011011144146323204
v 0.0011181142181158064 -0.006780173163861034 -0.010754497721791267
v 0.0011181142181158064 -0.006780173163861034 -0.010754497721791267
v 0.0024864112492650743 -0.005186465103179215 -0.011011144146323204
v 0.0010316809639334676 -0.009798030368983742 -0.010575467720627785
v 0.0017524650320410726 -0.016870714724063866 -0.010458804666996002
v 0.0010574596235528586 -0.017024790868163102 -0.010382391512393951
v 0.0010090768337249754 -0.013454313389956946 -0.010437756776809692
v 0.006444360129535197 -0.009369137696921822 -0.010401969775557518
v 0.005917007103562354 -0.01335458923131227 -0.010257190093398094
v 0.00494834454730153 -0.013202680274844164 -0.010425151325762272
v 0.007064932491630315 -0.0021077352575957766 -0.010799369774758816
v 0.005684300325810908 -0.005433203186839817 -0.010818148031830788
v 0.005719124805182218 -0.0020378443878144017 -0.0110919289290905
v 0.005719124805182218 -0.0020378443878144017 -0.0110919289290905
v 0.005684300325810908 -0.005433203186839817 -0.010818148031830788
v 0.004093216266483068 -0.005327501799911259 -0.010980826802551746
v 0.005719124805182218 -0.0020378443878144017 -0.0110919289290905
v 0.004093216266483068 -0.005327501799911259 -0.010980826802551746
v 0.004325193352997302 -0.0018906414043158286 -0.011250664480030537
v 0.004325193352997302 -0.0018906414043158286 -0.011250664480030537
v 0.004093216266483068 -0.005327501799911259 -0.010980826802551746
v 0.0036313787568360563 -0.0021489968057721845 -0.011258482001721859
v 0.004325193352997302 -0.0018906414043158286 -0.011250664480030537
v 0.0036313787568360563 -0.0021489968057721845 -0.011258482001721859
v 0.00373483938165009 -0.001985146896913647 -0.011270089074969292
v 0.0010090768337249754 -0.013454313389956946 -0.010437756776809692
v 0.002113070338964462 -0.012949872761964795 -0.010582167655229568
v 0.0017524650320410726 -0.016870714724063866 -0.010458804666996002
v 0.0017524650320410726 -0.016870714724063866 -0.010458804666996002
v 0.002113070338964462 -0.012949872761964795 -0.010582167655229568
v 0.0035447324626147743 -0.013049790635704989 -0.010554881766438484
v 0.0017524650320410726 -0.016870714724063866 -0.010458804666996002
v 0.0035447324626147743 -0.013049790635704989 -0.010554881766438484
v 0.002689759479835629 -0.016761695966124528 -0.010459892451763153
v 0.002689759479835629 -0.016761695966124528 -0.010459892451763153
v 0.0035447324626147743 -0.013049790635704989 -0.010554881766438484
v 0.00494834454730153 -0.013202680274844164 -0.010425151325762272
v 0.002689759479835629 -0.016761695966124528 -0.010459892451763153
v 0.00494834454730153 -0.013202680274844164 -0.010425151325762272
v 0.004230413120239972 -0.016723535954952233 -0.010350324213504791
v 0.004230413120239972 -0.016723535954952233 -0.010350324213504791
v 0.00494834454730153 -0.013202680274844164 -0.010425151325762272
v 0.005917007103562354 -0.01335458923131227 -0.010257190093398094
v 0.004230413120239972 -0.016723535954952233 -0.010350324213504791
v 0.005917007103562354 -0.01335458923131227 -0.010257190093398094
v 0.005321859847754239 -0.016780182719230645 -0.010184885002672672
v 0.006836006883531808 -0.005465828813612459 -0.01058928668498993
v 0.006444360129535197 -0.009369137696921822 -0.010401969775557518
v 0.005359607283025979 -0.00925549957901239 -0.01059993077069521
v 0.005359607283025979 -0.00925549957901239 -0.01059993077069521
v 0.006444360129535197 -0.009369137696921822 -0.010401969775557518
v 0.00494834454730153 -0.013202680274844164 -0.010425151325762272
v 0.005359607283025979 -0.00925549957901239 -0.01059993077069521
v 0.00494834454730153 -0.013202680274844164 -0.010425151325762272
v 0.0038362436462193723 -0.00910285301506519 -0.01074304897338152
v 0.0038362436462193723 -0.00910285301506519 -0.01074304897338152
v 0.00494834454730153 -0.013202680274844164 -0.010425151325762272
v 0.0035447324626147743 -0.013049790635704989 -0.010554881766438484
v 0.0038362436462193723 -0.00910285301506519 -0.01074304897338152
v 0.0035447324626147743 -0.013049790635704989 -0.010554881766438484
v 0.002289194846525788 -0.008958116173744198 -0.010768763720989227
v 0.002289194846525788 -0.008958116173744198 -0.010768763720989227
v 0.0035447324626147743 -0.013049790635704989 -0.010554881766438484
v 0.002113070338964462 -0.012949872761964795 -0.010582167655229568
v 0.007064932491630315 -0.0021077352575957766 -0.010799369774758816
v 0.006836006883531808 -0.005465828813612459 -0.01058928668498993
v 0.005684300325810908 -0.005433203186839817 -0.010818148031830788
v 0.005684300325810908 -0.005433203186839817 -0.010818148031830788
v 0.006836006883531808 -0.005465828813612459 -0.01058928668498993
v 0.005359607283025979 -0.00925549957901239 -0.01059993077069521
v 0.005684300325810908 -0.005433203186839817 -0.010818148031830788
v 0.005359607283025979 -0.00925549957901239 -0.01059993077069521
v 0.004093216266483068 -0.005327501799911259 -0.010980826802551746
v 0.004093216266483068 -0.005327501799911259 -0.010980826802551746
v 0.005359607283025979 -0.00925549957901239 -0.01059993077069521
v 0.0038362436462193723 -0.00910285301506519 -0.01074304897338152
v 0.004093216266483068 -0.005327501799911259 -0.010980826802551746
v 0.0038362436462193723 -0.00910285301506519 -0.01074304897338152
v 0.0024864112492650743 -0.005186465103179215 -0.011011144146323204
v 0.0024864112492650743 -0.005186465103179215 -0.011011144146323204
v 0.0038362436462193723 -0.00910285301506519 -0.01074304897338152
v 0.002289194846525788 -0.008958116173744198 -0.010768763720989227
v 0.0024864112492650743 -0.005186465103179215 -0.011011144146323204
v 0.002289194846525788 -0.008958116173744198 -0.010768763720989227
v 0.0010316809639334676 -0.009798030368983742 -0.010575467720627785
v 0.0010316809639334676 -0.009798030368983742 -0.010575467720627785
v 0.002289194846525788 -0.008958116173744198 -0.010768763720989227
v 0.002113070338964462 -0.012949872761964795 -0.010582167655229568
v 0.0010316809639334676 -0.009798030368983742 -0.010575467720627785
v 0.002113070338964462 -0.012949872761964795 -0.010582167655229568
v 0.001009570085443556 -0.011790703050792214 -0.010489762760698795
v 0.001009570085443556 -0.011790703050792214 -0.010489762760698795
v 0.002113070338964462 -0.012949872761964795 -0.010582167655229568
v 0.0010090768337249754 -0.013454313389956946 -0.010437756776809692
v 0.0013210395118221638 -0.003990085329860447 0.0009731546742841601
v 0.0012639591004699466 -0.004007854033261536 0.0009618232725188136
v 0.001183045678772032 -0.005383823066949843 0.0008550648344680667
v 0.006967737805098294 -0.003740241518244146 0.0006893634563311934
v 0.007064932491630315 -0.0021077352575957766 0.0007993698818609118
v 0.005719124805182218 -0.0020378443878144017 0.0010919285705313087
v 0.006967737805098294 -0.003740241518244146 0.0006893634563311934
v 0.005719124805182218 -0.0020378443878144017 0.0010919285705313087
v 0.006829717196524142 -0.0055401604622602445 0.000585259753279388
v 0.00615919567644596 -0.011652762070298191 0.0003128614043816924
v 0.006444360129535197 -0.009369137696921822 0.0004019661573693156
v 0.005391743499785661 -0.009258799254894253 0.000595569028519094
v 0.005391743499785661 -0.009258799254894253 0.000595569028519094
v 0.006444360129535197 -0.009369137696921822 0.0004019661573693156
v 0.006556236650794744 -0.008368703536689278 0.0004456777824088931
v 0.004977598320692777 -0.013206537812948222 0.0004213092615827918
v 0.005917007103562354 -0.01335458923131227 0.0002571860095486045
v 0.00615919567644596 -0.011652762070298191 0.0003128614043816924
v 0.0025216690264642234 -0.00518977642059326 0.0010123014217242599
v 0.0020593863446265455 -0.003672003978863357 0.0010921003995463252
v 0.001377922249957919 -0.003971473779529331 0.0009841549908742309
v 0.0013210395118221638 -0.003990085329860447 0.0009731546742841601
v 0.001183045678772032 -0.005383823066949843 0.0008550648344680667
v 0.001377922249957919 -0.003971473779529331 0.0009841549908742309
v 0.00373483938165009 -0.001985146896913647 0.0012700887164101005
v 0.0036313787568360563 -0.0021489968057721845 0.001258482108823955
v 0.004133264068514108 -0.005330675281584261 0.0009782783454284072
v 0.004133264068514108 -0.005330675281584261 0.0009782783454284072
v 0.0036313787568360563 -0.0021489968057721845 0.001258482108823955
v 0.0036284665111452337 -0.0021538757719099513 0.0012581258779391646
v 0.004133264068514108 -0.005330675281584261 0.0009782783454284072
v 0.0036284665111452337 -0.0021538757719099513 0.0012581258779391646
v 0.0035620217677205797 -0.0022611962631344787 0.001250433619134128
v 0.0035620217677205797 -0.0022611962631344787 0.001250433619134128
v 0.0031317677348852153 -0.002823413582518696 0.0012062968453392386
v 0.004133264068514108 -0.005330675281584261 0.0009782783454284072
v 0.004133264068514108 -0.005330675281584261 0.0009782783454284072
v 0.0031317677348852153 -0.002823413582518696 0.0012062968453392386
v 0.0028119806665927167 -0.0031397189013659945 0.0011758533073589206
v 0.004133264068514108 -0.005330675281584261 0.0009782783454284072
v 0.0028119806665927167 -0.0031397189013659945 0.0011758533073589206
v 0.0025216690264642234 -0.00518977642059326 0.0010123014217242599
v 0.0025216690264642234 -0.00518977642059326 0.0010123014217242599
v 0.0028119806665927167 -0.0031397189013659945 0.0011758533073589206
v 0.002660785801708698 -0.003267713356763123 0.0011610555229708552
v 0.0025216690264642234 -0.00518977642059326 0.0010123014217242599
v 0.002660785801708698 -0.003267713356763123 0.0011610555229708552
v 0.0020593863446265455 -0.003672003978863357 0.0010921003995463252
v 0.0038466376718133684 -0.0018268028507009142 0.0012805185979232192
v 0.00373483938165009 -0.001985146896913647 0.0012700887164101005
v 0.004365563392639159 -0.0018957250285893672 0.0012475725961849093
v 0.004365563392639159 -0.0018957250285893672 0.0012475725961849093
v 0.00373483938165009 -0.001985146896913647 0.0012700887164101005
v 0.004133264068514108 -0.005330675281584261 0.0009782783454284072
v 0.004365563392639159 -0.0018957250285893672 0.0012475725961849093
v 0.004133264068514108 -0.005330675281584261 0.0009782783454284072
v 0.005719124805182218 -0.0020378443878144017 0.0010919285705313087
v 0.005719124805182218 -0.0020378443878144017 0.0010919285705313087
v 0.004133264068514108 -0.005330675281584261 0.0009782783454284072
v 0.005718116182833909 -0.005434859544038771 0.0008131418144330382
v 0.005719124805182218 -0.0020378443878144017 0.0010919285705313087
v 0.005718116182833909 -0.005434859544038771 0.0008131418144330382
v 0.006829717196524142 -0.0055401604622602445 0.000585259753279388
v 0.0025216690264642234 -0.00518977642059326 0.0010123014217242599
v 0.0023231327068060632 -0.008961120620369908 0.0007699517300352454
v 0.003874770831316709 -0.009106619283556935 0.0007407747907564044
v 0.0025216690264642234 -0.00518977642059326 0.0010123014217242599
v 0.003874770831316709 -0.009106619283556935 0.0007407747907564044
v 0.004133264068514108 -0.005330675281584261 0.0009782783454284072
v 0.004133264068514108 -0.005330675281584261 0.0009782783454284072
v 0.003874770831316709 -0.009106619283556935 0.0007407747907564044
v 0.005391743499785661 -0.009258799254894253 0.000595569028519094
v 0.004133264068514108 -0.005330675281584261 0.0009782783454284072
v 0.005391743499785661 -0.009258799254894253 0.000595569028519094
v 0.005718116182833909 -0.005434859544038771 0.0008131418144330382
v 0.005718116182833909 -0.005434859544038771 0.0008131418144330382
v 0.005391743499785661 -0.009258799254894253 0.000595569028519094
v 0.006556236650794744 -0.008368703536689278 0.0004456777824088931
v 0.005718116182833909 -0.005434859544038771 0.0008131418144330382
v 0.006556236650794744 -0.008368703536689278 0.0004456777824088931
v 0.006829717196524142 -0.0055401604622602445 0.000585259753279388
v 0.001377922249957919 -0.003971473779529331 0.0009841549908742309
v 0.001183045678772032 -0.005383823066949843 0.0008550648344680667
v 0.0025216690264642234 -0.00518977642059326 0.0010123014217242599
v 0.0025216690264642234 -0.00518977642059326 0.0010123014217242599
v 0.001183045678772032 -0.005383823066949843 0.0008550648344680667
v 0.0011181142181158064 -0.006780173163861034 0.0007544894469901919
v 0.0025216690264642234 -0.00518977642059326 0.0010123014217242599
v 0.0011181142181158064 -0.006780173163861034 0.0007544894469901919
v 0.0023231327068060632 -0.008961120620369908 0.0007699517300352454
v 0.0023231327068060632 -0.008961120620369908 0.0007699517300352454
v 0.0011181142181158064 -0.006780173163861034 0.0007544894469901919
v 0.0010415174765512345 -0.009288574568927285 0.0006015849066898227
v 0.0023231327068060632 -0.008961120620369908 0.0007699517300352454
v 0.0010415174765512345 -0.009288574568927285 0.0006015849066898227
v 0.001009570085443556 -0.011790703050792214 0.0004897628678008914
v 0.00615919567644596 -0.011652762070298191 0.0003128614043816924
v 0.005391743499785661 -0.009258799254894253 0.000595569028519094
v 0.004977598320692777 -0.013206537812948222 0.0004213092615827918
v 0.004977598320692777 -0.013206537812948222 0.0004213092615827918
v 0.005391743499785661 -0.009258799254894253 0.000595569028519094
v 0.003874770831316709 -0.009106619283556935 0.0007407747907564044
v 0.004977598320692777 -0.013206537812948222 0.0004213092615827918
v 0.003874770831316709 -0.009106619283556935 0.0007407747907564044
v 0.0035804642830044027 -0.013053000904619689 0.0005527440225705504
v 0.0035804642830044027 -0.013053000904619689 0.0005527440225705504
v 0.003874770831316709 -0.009106619283556935 0.0007407747907564044
v 0.0023231327068060632 -0.008961120620369908 0.0007699517300352454
v 0.0035804642830044027 -0.013053000904619689 0.0005527440225705504
v 0.0023231327068060632 -0.008961120620369908 0.0007699517300352454
v 0.00214420654810965 -0.012951406650245186 0.0005831614835187793
v 0.00214420654810965 -0.012951406650245186 0.0005831614835187793
v 0.0023231327068060632 -0.008961120620369908 0.0007699517300352454
v 0.001009570085443556 -0.011790703050792214 0.0004897628678008914
v 0.00214420654810965 -0.012951406650245186 0.0005831614835187793
v 0.001009570085443556 -0.011790703050792214 0.0004897628678008914
v 0.0010081417858600614 -0.01318926271051168 0.0004448884865269065
v 0.005321859847754239 -0.016780182719230645 0.00018487719353288412
v 0.005917007103562354 -0.01335458923131227 0.0002571860095486045
v 0.0044808019883930674 -0.016730336472392075 0.0003207906847819686
v 0.0044808019883930674 -0.016730336472392075 0.0003207906847819686
v 0.005917007103562354 -0.01335458923131227 0.0002571860095486045
v 0.004977598320692777 -0.013206537812948222 0.0004213092615827918
v 0.0044808019883930674 -0.016730336472392075 0.0003207906847819686
v 0.004977598320692777 -0.013206537812948222 0.0004213092615827918
v 0.0032399448100477453 -0.016731504350900643 0.00043413869570940733
v 0.0032399448100477453 -0.016731504350900643 0.00043413869570940733
v 0.004977598320692777 -0.013206537812948222 0.0004213092615827918
v 0.0035804642830044027 -0.013053000904619689 0.0005527440225705504
v 0.0032399448100477453 -0.016731504350900643 0.00043413869570940733
v 0.0035804642830044027 -0.013053000904619689 0.0005527440225705504
v 0.002689759479835629 -0.016761695966124528 0.0004598841769620776
v 0.002689759479835629 -0.016761695966124528 0.0004598841769620776
v 0.0035804642830044027 -0.013053000904619689 0.0005527440225705504
v 0.00214420654810965 -0.012951406650245186 0.0005831614835187793
v 0.002689759479835629 -0.016761695966124528 0.0004598841769620776
v 0.00214420654810965 -0.012951406650245186 0.0005831614835187793
v 0.0017524650320410726 -0.016870714724063866 0.00045879639219492674
v 0.0017524650320410726 -0.016870714724063866 0.00045879639219492674
v 0.00214420654810965 -0.012951406650245186 0.0005831614835187793
v 0.0010081417858600614 -0.01318926271051168 0.0004448884865269065
v 0.0017524650320410726 -0.016870714724063866 0.00045879639219492674
v 0.0010081417858600614 -0.01318926271051168 0.0004448884865269065
v 0.0010574609041213987 -0.0170247983187437 0.00038238370325416327
v 0.006626003887504338 -0.00046231749001890405 0.0010405912762507796
v 0.006502976641058921 -0.0004344356711953877 0.0010668298928067088
v 0.005719124805182218 -0.0020378443878144017 0.0010919285705313087
v 0.007119404152035712 -0.0006671964656561611 0.0009107844671234488
v 0.006626003887504338 -0.00046231749001890405 0.0010405912762507796
v 0.007089776452630757 -0.0015581920742988582 0.0008406530832871795
v 0.007089776452630757 -0.0015581920742988582 0.0008406530832871795
v 0.006626003887504338 -0.00046231749001890405 0.0010405912762507796
v 0.005719124805182218 -0.0020378443878144017 0.0010919285705313087
v 0.007089776452630757 -0.0015581920742988582 0.0008406530832871795
v 0.005719124805182218 -0.0020378443878144017 0.0010919285705313087
v 0.007064932491630315 -0.0021077352575957766 0.0007993698818609118
v 0.003997281659394502 -0.0016386732459068292 0.00128850934561342
v 0.0038466376718133684 -0.0018268028507009142 0.0012805185979232192
v 0.004365563392639159 -0.0018957250285893672 0.0012475725961849093
v 0.003997281659394502 -0.0016386732459068292 0.00128850934561342
v 0.004365563392639159 -0.0018957250285893672 0.0012475725961849093
v 0.004252729471772908 -0.0013682482531294222 0.0012896585976704955
v 0.006502976641058921 -0.0004344356711953877 0.0010668298928067088
v 0.006186608225107192 -0.0004107010026928036 0.0011247879592701793
v 0.005719124805182218 -0.0020378443878144017 0.0010919285705313087
v 0.005719124805182218 -0.0020378443878144017 0.0010919285705313087
v 0.006186608225107192 -0.0004107010026928036 0.0011247879592701793
v 0.005803436506539582 -0.0004692309885285793 0.0011795660248026252
v 0.005719124805182218 -0.0020378443878144017 0.0010919285705313087
v 0.005803436506539582 -0.0004692309885285793 0.0011795660248026252
v 0.00572105124592781 -0.000492438208311796 0.0011895367642864585
v 0.00572105124592781 -0.000492438208311796 0.0011895367642864585
v 0.005129531957209109 -0.0007414586725644765 0.0012466645566746593
v 0.005719124805182218 -0.0020378443878144017 0.0010919285705313087
v 0.005719124805182218 -0.0020378443878144017 0.0010919285705313087
v 0.005129531957209109 -0.0007414586725644765 0.0012466645566746593
v 0.0050521320663392535 -0.0007826783112250266 0.0012525309575721622
v 0.005719124805182218 -0.0020378443878144017 0.0010919285705313087
v 0.0050521320663392535 -0.0007826783112250266 0.0012525309575721622
v 0.004365563392639159 -0.0018957250285893672 0.0012475725961849093
v 0.004365563392639159 -0.0018957250285893672 0.0012475725961849093
v 0.0050521320663392535 -0.0007826783112250266 0.0012525309575721622
v 0.004489487502723931 -0.0011591151123866435 0.0012836706591770053
v 0.004365563392639159 -0.0018957250285893672 0.0012475725961849093
v 0.004489487502723931 -0.0011591151123866435 0.0012836706591770053
v 0.004252729471772908 -0.0013682482531294222 0.0012896585976704955
v 0.007089776452630757 -0.0015581920742988582 -0.01084065344184637
v 0.007064932491630315 -0.0021077352575957766 -0.010799369774758816
v 0.005719124805182218 -0.0020378443878144017 -0.0110919289290905
v 0.005719124805182218 -0.0020378443878144017 -0.0110919289290905
v 0.0050521320663392535 -0.0007826783112250266 -0.011252530850470066
v 0.005644509103149175 -0.0005168922943994401 -0.011198305524885654
v 0.0038466376718133684 -0.0018268028507009142 -0.01128051895648241
v 0.004252735525369643 -0.0013682395219802852 -0.011289658956229687
v 0.004325193352997302 -0.0018906414043158286 -0.011250664480030537
v 0.004325193352997302 -0.0018906414043158286 -0.011250664480030537
v 0.004252735525369643 -0.0013682395219802852 -0.011289658956229687
v 0.00431549921631813 -0.0013093111338093873 -0.011288587935268879
v 0.004325193352997302 -0.0018906414043158286 -0.011250664480030537
v 0.00431549921631813 -0.0013093111338093873 -0.011288587935268879
v 0.005719124805182218 -0.0020378443878144017 -0.0110919289290905
v 0.005719124805182218 -0.0020378443878144017 -0.0110919289290905
v 0.00431549921631813 -0.0013093111338093873 -0.011288587935268879
v 0.004875880200415849 -0.0008848133147694167 -0.01126453373581171
v 0.005719124805182218 -0.0020378443878144017 -0.0110919289290905
v 0.004875880200415849 -0.0008848133147694167 -0.01126453373581171
v 0.0050521320663392535 -0.0007826783112250266 -0.011252530850470066
v 0.005644509103149175 -0.0005168922943994401 -0.011198305524885654
v 0.005803496576845645 -0.00046922772889956816 -0.011179558001458645
v 0.005719124805182218 -0.0020378443878144017 -0.0110919289290905
v 0.005719124805182218 -0.0020378443878144017 -0.0110919289290905
v 0.005803496576845645 -0.00046922772889956816 -0.011179558001458645
v 0.006084081251174211 -0.00041753391269594415 -0.011140942573547363
v 0.005719124805182218 -0.0020378443878144017 -0.0110919289290905
v 0.006084081251174211 -0.00041753391269594415 -0.011140942573547363
v 0.006501863244920968 -0.00043443226604722424 -0.01106704119592905
v 0.007119404152035712 -0.0006671964656561611 -0.01091078482568264
v 0.007089776452630757 -0.0015581920742988582 -0.01084065344184637
v 0.0069443504326045504 -0.0005793027812615035 -0.010961671359837055
v 0.0069443504326045504 -0.0005793027812615035 -0.010961671359837055
v 0.007089776452630757 -0.0015581920742988582 -0.01084065344184637
v 0.005719124805182218 -0.0020378443878144017 -0.0110919289290905
v 0.0069443504326045504 -0.0005793027812615035 -0.010961671359837055
v 0.005719124805182218 -0.0020378443878144017 -0.0110919289290905
v 0.006501863244920968 -0.00043443226604722424 -0.01106704119592905
v -0.002919626189395785 -0.008703366853296753 -0.0016234972281381488
v -0.0027820477262139316 -0.011075790040194985 -0.0016680859262123704
v -0.0022736506070941682 -0.010723673738539215 -0.001111383200623095
v -0.003572901943698525 -0.0021730191074311725 -0.0025123371742665768
v -0.003603167831897735 -0.002141914563253521 -0.002584007801488042
v -0.003660639282315969 -0.00216338806785643 -0.0027209394611418247
v -0.0033478648401796813 -0.0024021288845688096 -0.0020656082779169083
v -0.003416944062337279 -0.002332203555852174 -0.002189728431403637
v -0.003464324632659554 -0.004177002701908348 -0.0021857712417840958
v -0.003464324632659554 -0.004177002701908348 -0.0021857712417840958
v -0.003416944062337279 -0.002332203555852174 -0.002189728431403637
v -0.0034490965772420164 -0.002299539279192685 -0.0022509279660880566
v -0.003464324632659554 -0.004177002701908348 -0.0021857712417840958
v -0.0034490965772420164 -0.002299539279192685 -0.0022509279660880566
v -0.003481267718598246 -0.002266772324219345 -0.002314641373232007
v -0.003481267718598246 -0.002266772324219345 -0.002314641373232007
v -0.0035123506095260377 -0.002235042862594127 -0.0023788129910826683
v -0.003464324632659554 -0.004177002701908348 -0.0021857712417840958
v -0.003464324632659554 -0.004177002701908348 -0.0021857712417840958
v -0.0035123506095260377 -0.002235042862594127 -0.0023788129910826683
v -0.0035415822640061374 -0.002205137163400649 -0.002441762015223503
v -0.003464324632659554 -0.004177002701908348 -0.0021857712417840958
v -0.0035415822640061374 -0.002205137163400649 -0.002441762015223503
v -0.003572901943698525 -0.0021730191074311725 -0.0025123371742665768
v -0.003572901943698525 -0.0021730191074311725 -0.0025123371742665768
v -0.003660639282315969 -0.00216338806785643 -0.0027209394611418247
v -0.003464324632659554 -0.004177002701908348 -0.0021857712417840958
v -0.003464324632659554 -0.004177002701908348 -0.0021857712417840958
v -0.003660639282315969 -0.00216338806785643 -0.0027209394611418247
v -0.0037134084850549694 -0.002183103933930396 -0.0028603498358279467
v -0.003464324632659554 -0.004177002701908348 -0.0021857712417840958
v -0.0037134084850549694 -0.002183103933930396 -0.0028603498358279467
v -0.0037389998324215408 -0.00276981946080923 -0.002860511187463999
v -0.001528012449853122 -0.0038400422781705843 -0.00016797671560198069
v -0.001978620188310742 -0.0036041350103914725 -0.0005071248160675168
v -0.0017418852075934408 -0.003855981398373841 -0.00032512855250388384
v -0.0017418852075934408 -0.003855981398373841 -0.00032512855250388384
v -0.001978620188310742 -0.0036041350103914725 -0.0005071248160675168
v -0.0021061254665255542 -0.003523133462294935 -0.0006133789429441094
v -0.0017418852075934408 -0.003855981398373841 -0.00032512855250388384
v -0.0021061254665255542 -0.003523133462294935 -0.0006133789429441094
v -0.002409263746812939 -0.003937331959605215 -0.0008946825983002782
v -0.002409263746812939 -0.003937331959605215 -0.0008946825983002782
v -0.0021061254665255542 -0.003523133462294935 -0.0006133789429441094
v -0.00265342672355473 -0.003085841191932558 -0.0011374048190191388
v -0.002409263746812939 -0.003937331959605215 -0.0008946825983002782
v -0.00265342672355473 -0.003085841191932558 -0.0011374048190191388
v -0.0028386695776134725 -0.002906814916059374 -0.001346335862763226
v 0.0009961401810869572 -0.0040793507359921915 0.0009060663869604468
v 0.00032727955840528006 -0.004176020156592129 0.0007352045504376292
v 0.00044614871148951346 -0.005670889280736445 0.0006794178625568748
v 0.00044614871148951346 -0.005670889280736445 0.0006794178625568748
v 0.00032727955840528006 -0.004176020156592129 0.0007352045504376292
v 0.00015075097326189277 -0.0041826288215816 0.0006788516184315085
v 0.00044614871148951346 -0.005670889280736445 0.0006794178625568748
v 0.00015075097326189277 -0.0041826288215816 0.0006788516184315085
v -0.0003173991863150149 -0.00573674915358424 0.000420760246925056
v -0.0003173991863150149 -0.00573674915358424 0.000420760246925056
v 0.00015075097326189277 -0.0041826288215816 0.0006788516184315085
v -0.00033268035622313613 -0.004160690121352671 0.0004952008603140712
v -0.0003173991863150149 -0.00573674915358424 0.000420760246925056
v -0.00033268035622313613 -0.004160690121352671 0.0004952008603140712
v -0.0010651893680915234 -0.005837854463607071 4.747545244754292e-05
v -0.0010651893680915234 -0.005837854463607071 4.747545244754292e-05
v -0.00033268035622313613 -0.004160690121352671 0.0004952008603140712
v -0.0009500971646048128 -0.004045170731842516 0.0001917596673592925
v -0.0010651893680915234 -0.005837854463607071 4.747545244754292e-05
v -0.0009500971646048128 -0.004045170731842516 0.0001917596673592925
v -0.0009667714475654065 -0.004040624480694531 0.00018245249520987272
v 0.0012639591004699466 -0.004007854033261536 0.0009618232725188136
v 0.0009961401810869572 -0.0040793507359921915 0.0009060663869604468
v 0.001183045678772032 -0.005383823066949843 0.0008550648344680667
v 0.001183045678772032 -0.005383823066949843 0.0008550648344680667
v 0.0009961401810869572 -0.0040793507359921915 0.0009060663869604468
v 0.00044614871148951346 -0.005670889280736445 0.0006794178625568748
v 0.001183045678772032 -0.005383823066949843 0.0008550648344680667
v 0.00044614871148951346 -0.005670889280736445 0.0006794178625568748
v 0.0011181142181158064 -0.006780173163861034 0.0007544894469901919
v 0.0011181142181158064 -0.006780173163861034 0.0007544894469901919
v 0.00044614871148951346 -0.005670889280736445 0.0006794178625568748
v 0.0010415174765512345 -0.009288574568927285 0.0006015849066898227
v 0.0010574609041213987 -0.0170247983187437 0.00038238370325416327
v 0.0010081417858600614 -0.01318926271051168 0.0004448884865269065
v 0.000540078617632389 -0.017183529213070863 0.00023036159109324217
v 0.000540078617632389 -0.017183529213070863 0.00023036159109324217
v 0.0010081417858600614 -0.01318926271051168 0.0004448884865269065
v 0.000423331803176552 -0.013461276888847346 0.0002768029225990176
v 0.000540078617632389 -0.017183529213070863 0.00023036159109324217
v 0.000423331803176552 -0.013461276888847346 0.0002768029225990176
v -0.00020947039593011138 -0.013784964568912978 1.7241929526790045e-05
v -0.001270123175345361 -0.01632771082222461 -0.0007899982156231999
v -0.0010720578720793126 -0.017884925007820122 -0.0008377135964110494
v -0.0005728987744078039 -0.017630651593208306 -0.0004029959673061967
v -0.001270123175345361 -0.01632771082222461 -0.0007899982156231999
v -0.0005728987744078039 -0.017630651593208306 -0.0004029959673061967
v -0.0007147836149670183 -0.015997838228940957 -0.0003766246372833848
v -0.0007147836149670183 -0.015997838228940957 -0.0003766246372833848
v -0.0005728987744078039 -0.017630651593208306 -0.0004029959673061967
v -3.152934732497669e-05 -0.01739442348480224 -4.2028837924590334e-05
v -0.0007147836149670183 -0.015997838228940957 -0.0003766246372833848
v -3.152934732497669e-05 -0.01739442348480224 -4.2028837924590334e-05
v -0.00012316426727920768 -0.015688890591263764 -3.00413175864378e-05
v -0.0022986875846982 -0.01875727251172065 -0.0028602892998605967
v -0.002114205155521631 -0.018587911501526826 -0.0023315015714615583
v -0.0026368410326540466 -0.01754950545728206 -0.0028607372660189867
v -0.0026368410326540466 -0.01754950545728206 -0.0028607372660189867
v -0.002114205155521631 -0.018587911501526826 -0.0023315015714615583
v -0.0024489792995154853 -0.017290696501731866 -0.002307598479092121
v -0.0026368410326540466 -0.01754950545728206 -0.0028607372660189867
v -0.0024489792995154853 -0.017290696501731866 -0.002307598479092121
v -0.0026376927271485324 -0.017545834183692925 -0.0028607493732124567
v -0.0026376927271485324 -0.017545834183692925 -0.0028607493732124567
v -0.0024489792995154853 -0.017290696501731866 -0.002307598479092121
v -0.002868232317268848 -0.016389530152082436 -0.002865113550797105
v -0.002868232317268848 -0.016389530152082436 -0.002865113550797105
v -0.0024489792995154853 -0.017290696501731866 -0.002307598479092121
v -0.002724317135289311 -0.015666989609599107 -0.0022950347047299147
v -0.002868232317268848 -0.016389530152082436 -0.002865113550797105
v -0.002724317135289311 -0.015666989609599107 -0.0022950347047299147
v -0.0029193889349699016 -0.016084576025605195 -0.0028662148397415876
v -0.003405193798243999 -0.012117411009967324 -0.002871978795155883
v -0.003201031126081943 -0.014044692739844317 -0.0028710837941616774
v -0.002964958548545837 -0.013695240952074523 -0.0022823219187557697
v -0.002964958548545837 -0.013695240952074523 -0.0022823219187557697
v -0.003201031126081943 -0.014044692739844317 -0.0028710837941616774
v -0.0031747275497764345 -0.014262924902141089 -0.0028707748278975487
v -0.002964958548545837 -0.013695240952074523 -0.0022823219187557697
v -0.0031747275497764345 -0.014262924902141089 -0.0028707748278975487
v -0.002724317135289311 -0.015666989609599107 -0.0022950347047299147
v -0.002724317135289311 -0.015666989609599107 -0.0022950347047299147
v -0.0031747275497764345 -0.014262924902141089 -0.0028707748278975487
v -0.002934163669124245 -0.015992952510714524 -0.002866528695449233
v -0.002724317135289311 -0.015666989609599107 -0.0022950347047299147
v -0.002934163669124245 -0.015992952510714524 -0.002866528695449233
v -0.0029193889349699016 -0.016084576025605195 -0.0028662148397415876
v -0.0034391700755804773 -0.011748757213354107 -0.002871836768463254
v -0.0031785827595740552 -0.011424679309129711 -0.002263841684907675
v -0.0034446092322468753 -0.011688133701682087 -0.0028718016110360622
v -0.0034446092322468753 -0.011688133701682087 -0.0028718016110360622
v -0.0031785827595740552 -0.011424679309129711 -0.002263841684907675
v -0.0033494038507342334 -0.008983524516224858 -0.002239441964775324
v -0.0037389998324215408 -0.00276981946080923 -0.002860511187463999
v -0.0037586332764476533 -0.0033664298243820654 -0.0028608141001313925
v -0.003464324632659554 -0.004177002701908348 -0.0021857712417840958
v -0.003464324632659554 -0.004177002701908348 -0.0021857712417840958
v -0.0037586332764476533 -0.0033664298243820654 -0.0028608141001313925
v -0.0037694920320063825 -0.005874783266335724 -0.00286362087354064
v -0.003464324632659554 -0.004177002701908348 -0.0021857712417840958
v -0.0037694920320063825 -0.005874783266335724 -0.00286362087354064
v -0.0034517433959990735 -0.006525601260364053 -0.0022121684160083532
v -0.0034517433959990735 -0.006525601260364053 -0.0022121684160083532
v -0.0037694920320063825 -0.005874783266335724 -0.00286362087354064
v -0.003727280534803867 -0.007355091162025926 -0.0028660311363637447
v -0.0034517433959990735 -0.006525601260364053 -0.0022121684160083532
v -0.003727280534803867 -0.007355091162025926 -0.0028660311363637447
v -0.0033494038507342334 -0.008983524516224858 -0.002239441964775324
v -0.0033494038507342334 -0.008983524516224858 -0.002239441964775324
v -0.003727280534803867 -0.007355091162025926 -0.0028660311363637447
v -0.003630312625318765 -0.009248960763216015 -0.0028691403567790985
v -0.0033494038507342334 -0.008983524516224858 -0.002239441964775324
v -0.003630312625318765 -0.009248960763216015 -0.0028691403567790985
v -0.0034446092322468753 -0.011688133701682087 -0.0028718016110360622
v -0.0009667714475654065 -0.004040624480694531 0.00018245249520987272
v -0.0010241459822282193 -0.004024384543299673 0.0001499605132266879
v -0.0010651893680915234 -0.005837854463607071 4.747545244754292e-05
v -0.0010651893680915234 -0.005837854463607071 4.747545244754292e-05
v -0.0010241459822282193 -0.004024384543299673 0.0001499605132266879
v -0.001528012449853122 -0.0038400422781705843 -0.00016797671560198069
v -0.0010651893680915234 -0.005837854463607071 4.747545244754292e-05
v -0.001528012449853122 -0.0038400422781705843 -0.00016797671560198069
v -0.0017755886074155567 -0.005973380990326403 -0.00042509252671152353
v -0.0017755886074155567 -0.005973380990326403 -0.00042509252671152353
v -0.001528012449853122 -0.0038400422781705843 -0.00016797671560198069
v -0.0017418852075934408 -0.003855981398373841 -0.00032512855250388384
v -0.0017755886074155567 -0.005973380990326403 -0.00042509252671152353
v -0.0017418852075934408 -0.003855981398373841 -0.00032512855250388384
v -0.00242648902349174 -0.00613846769556403 -0.0009732750477269292
v -0.00242648902349174 -0.00613846769556403 -0.0009732750477269292
v -0.0017418852075934408 -0.003855981398373841 -0.00032512855250388384
v -0.002409263746812939 -0.003937331959605215 -0.0008946825983002782
v -0.002919626189395785 -0.008703366853296753 -0.0016234972281381488
v -0.0022736506070941682 -0.010723673738539215 -0.001111383200623095
v -0.0029962526168674226 -0.006325355265289543 -0.0015728086000308394
v -0.0015002439031377433 -0.018138123676180833 -0.0013138906797394156
v -0.0010720578720793126 -0.017884925007820122 -0.0008377135964110494
v -0.0017582542495802043 -0.016664970666170113 -0.0012568606762215495
v -0.0017582542495802043 -0.016664970666170113 -0.0012568606762215495
v -0.0010720578720793126 -0.017884925007820122 -0.0008377135964110494
v -0.001270123175345361 -0.01632771082222461 -0.0007899982156231999
v -0.0017582542495802043 -0.016664970666170113 -0.0012568606762215495
v -0.001270123175345361 -0.01632771082222461 -0.0007899982156231999
v -0.0019631753675639625 -0.01491304207593202 -0.0012116989819332957
v -0.0019631753675639625 -0.01491304207593202 -0.0012116989819332957
v -0.0023987994063645597 -0.015300309285521502 -0.0017339036567136645
v -0.0017582542495802043 -0.016664970666170113 -0.0012568606762215495
v -0.0017582542495802043 -0.016664970666170113 -0.0012568606762215495
v -0.0023987994063645597 -0.015300309285521502 -0.0017339036567136645
v -0.0021552164107561107 -0.016991194337606423 -0.001765324384905398
v -0.0017582542495802043 -0.016664970666170113 -0.0012568606762215495
v -0.0021552164107561107 -0.016991194337606423 -0.001765324384905398
v -0.0015002439031377433 -0.018138123676180833 -0.0013138906797394156
v -0.0015002439031377433 -0.018138123676180833 -0.0013138906797394156
v -0.0021552164107561107 -0.016991194337606423 -0.001765324384905398
v -0.0019152108579874037 -0.01842688769102096 -0.0019282944267615676
v -0.0034391700755804773 -0.011748757213354107 -0.002871836768463254
v -0.003405193798243999 -0.012117411009967324 -0.002871978795155883
v -0.0031785827595740552 -0.011424679309129711 -0.002263841684907675
v -0.0031785827595740552 -0.011424679309129711 -0.002263841684907675
v -0.003405193798243999 -0.012117411009967324 -0.002871978795155883
v -0.002964958548545837 -0.013695240952074523 -0.0022823219187557697
v -0.0031785827595740552 -0.011424679309129711 -0.002263841684907675
v -0.002964958548545837 -0.013695240952074523 -0.0022823219187557697
v -0.0023987994063645597 -0.015300309285521502 -0.0017339036567136645
v -0.0023987994063645597 -0.015300309285521502 -0.0017339036567136645
v -0.002964958548545837 -0.013695240952074523 -0.0022823219187557697
v -0.002724317135289311 -0.015666989609599107 -0.0022950347047299147
v -0.0023987994063645597 -0.015300309285521502 -0.0017339036567136645
v -0.002724317135289311 -0.015666989609599107 -0.0022950347047299147
v -0.0021552164107561107 -0.016991194337606423 -0.001765324384905398
v -0.0021552164107561107 -0.016991194337606423 -0.001765324384905398
v -0.002724317135289311 -0.015666989609599107 -0.0022950347047299147
v -0.0024489792995154853 -0.017290696501731866 -0.002307598479092121
v -0.0021552164107561107 -0.016991194337606423 -0.001765324384905398
v -0.0024489792995154853 -0.017290696501731866 -0.002307598479092121
v -0.0019152108579874037 -0.01842688769102096 -0.0019282944267615676
v -0.0019152108579874037 -0.01842688769102096 -0.0019282944267615676
v -0.0024489792995154853 -0.017290696501731866 -0.002307598479092121
v -0.002114205155521631 -0.018587911501526826 -0.0023315015714615583
v -3.152934732497669e-05 -0.01739442348480224 -4.2028837924590334e-05
v 0.000540078617632389 -0.017183529213070863 0.00023036159109324217
v -0.00012316426727920768 -0.015688890591263764 -3.00413175864378e-05
v -0.00012316426727920768 -0.015688890591263764 -3.00413175864378e-05
v 0.000540078617632389 -0.017183529213070863 0.00023036159109324217
v -0.00020947039593011138 -0.013784964568912978 1.7241929526790045e-05
v -0.00012316426727920768 -0.015688890591263764 -3.00413175864378e-05
v -0.00020947039593011138 -0.013784964568912978 1.7241929526790045e-05
v -0.0007147836149670183 -0.015997838228940957 -0.0003766246372833848
v -0.0007147836149670183 -0.015997838228940957 -0.0003766246372833848
v -0.00020947039593011138 -0.013784964568912978 1.7241929526790045e-05
v -0.0008378998609259724 -0.014140426181256766 -0.0003251550951972604
v -0.0007147836149670183 -0.015997838228940957 -0.0003766246372833848
v -0.0008378998609259724 -0.014140426181256766 -0.0003251550951972604
v -0.001270123175345361 -0.01632771082222461 -0.0007899982156231999
v -0.001270123175345361 -0.01632771082222461 -0.0007899982156231999
v -0.0008378998609259724 -0.014140426181256766 -0.0003251550951972604
v -0.0014335247687995432 -0.014520377852022643 -0.0007384057389572263
v -0.001270123175345361 -0.01632771082222461 -0.0007899982156231999
v -0.0014335247687995432 -0.014520377852022643 -0.0007384057389572263
v -0.0019631753675639625 -0.01491304207593202 -0.0012116989819332957
v 0.0010081417858600614 -0.01318926271051168 0.0004448884865269065
v 0.001009570085443556 -0.011790703050792214 0.0004897628678008914
v 0.000423331803176552 -0.013461276888847346 0.0002768029225990176
v 0.000423331803176552 -0.013461276888847346 0.0002768029225990176
v 0.001009570085443556 -0.011790703050792214 0.0004897628678008914
v 0.00038149327156133944 -0.009502770379185673 0.00044112035539001226
v 0.000423331803176552 -0.013461276888847346 0.0002768029225990176
v 0.00038149327156133944 -0.009502770379185673 0.00044112035539001226
v -0.00020947039593011138 -0.013784964568912978 1.7241929526790045e-05
v -0.00020947039593011138 -0.013784964568912978 1.7241929526790045e-05
v 0.00038149327156133944 -0.009502770379185673 0.00044112035539001226
v -0.0003241403901483863 -0.009763092733919617 0.0001894546439871192
v -0.00020947039593011138 -0.013784964568912978 1.7241929526790045e-05
v -0.0003241403901483863 -0.009763092733919617 0.0001894546439871192
v -0.0008378998609259724 -0.014140426181256766 -0.0003251550951972604
v -0.0008378998609259724 -0.014140426181256766 -0.0003251550951972604
v -0.0003241403901483863 -0.009763092733919617 0.0001894546439871192
v -0.0010186387225985525 -0.01005679182708263 -0.00016452802810817957
v -0.0008378998609259724 -0.014140426181256766 -0.0003251550951972604
v -0.0010186387225985525 -0.01005679182708263 -0.00016452802810817957
v -0.0014335247687995432 -0.014520377852022643 -0.0007384057389572263
v -0.0014335247687995432 -0.014520377852022643 -0.0007384057389572263
v -0.0010186387225985525 -0.01005679182708263 -0.00016452802810817957
v -0.0016775828553363679 -0.01037977077066898 -0.0006042314926162362
v -0.0014335247687995432 -0.014520377852022643 -0.0007384057389572263
v -0.0016775828553363679 -0.01037977077066898 -0.0006042314926162362
v -0.0019631753675639625 -0.01491304207593202 -0.0012116989819332957
v -0.0019631753675639625 -0.01491304207593202 -0.0012116989819332957
v -0.0016775828553363679 -0.01037977077066898 -0.0006042314926162362
v -0.0022736506070941682 -0.010723673738539215 -0.001111383200623095
v -0.0019631753675639625 -0.01491304207593202 -0.0012116989819332957
v -0.0022736506070941682 -0.010723673738539215 -0.001111383200623095
v -0.0023987994063645597 -0.015300309285521502 -0.0017339036567136645
v -0.0023987994063645597 -0.015300309285521502 -0.0017339036567136645
v -0.0022736506070941682 -0.010723673738539215 -0.001111383200623095
v -0.0027820477262139316 -0.011075790040194985 -0.0016680859262123704
v -0.0023987994063645597 -0.015300309285521502 -0.0017339036567136645
v -0.0027820477262139316 -0.011075790040194985 -0.0016680859262123704
v -0.0031785827595740552 -0.011424679309129711 -0.002263841684907675
v -0.0031785827595740552 -0.011424679309129711 -0.002263841684907675
v -0.0027820477262139316 -0.011075790040194985 -0.0016680859262123704
v -0.002919626189395785 -0.008703366853296753 -0.0016234972281381488
v -0.0031785827595740552 -0.011424679309129711 -0.002263841684907675
v -0.002919626189395785 -0.008703366853296753 -0.0016234972281381488
v -0.0033494038507342334 -0.008983524516224858 -0.002239441964775324
v -0.0033494038507342334 -0.008983524516224858 -0.002239441964775324
v -0.002919626189395785 -0.008703366853296753 -0.0016234972281381488
v -0.0029962526168674226 -0.006325355265289543 -0.0015728086000308394
v -0.0033494038507342334 -0.008983524516224858 -0.002239441964775324
v -0.0029962526168674226 -0.006325355265289543 -0.0015728086000308394
v -0.0034517433959990735 -0.006525601260364053 -0.0022121684160083532
v -0.0034517433959990735 -0.006525601260364053 -0.0022121684160083532
v -0.0029962526168674226 -0.006325355265289543 -0.0015728086000308394
v -0.002994198584929108 -0.004046675283461807 -0.001519740209914744
v -0.0034517433959990735 -0.006525601260364053 -0.0022121684160083532
v -0.002994198584929108 -0.004046675283461807 -0.001519740209914744
v -0.003464324632659554 -0.004177002701908348 -0.0021857712417840958
v -0.003464324632659554 -0.004177002701908348 -0.0021857712417840958
v -0.002994198584929108 -0.004046675283461807 -0.001519740209914744
v -0.0032787802629172798 -0.002471705200150608 -0.0019500000635161996
v -0.003464324632659554 -0.004177002701908348 -0.0021857712417840958
v -0.0032787802629172798 -0.002471705200150608 -0.0019500000635161996
v -0.0033478648401796813 -0.0024021288845688096 -0.0020656082779169083
v 0.001009570085443556 -0.011790703050792214 0.0004897628678008914
v 0.0010415174765512345 -0.009288574568927285 0.0006015849066898227
v 0.00038149327156133944 -0.009502770379185673 0.00044112035539001226
v 0.00038149327156133944 -0.009502770379185673 0.00044112035539001226
v 0.0010415174765512345 -0.009288574568927285 0.0006015849066898227
v 0.00044614871148951346 -0.005670889280736445 0.0006794178625568748
v 0.00038149327156133944 -0.009502770379185673 0.00044112035539001226
v 0.00044614871148951346 -0.005670889280736445 0.0006794178625568748
v -0.0003241403901483863 -0.009763092733919617 0.0001894546439871192
v -0.0003241403901483863 -0.009763092733919617 0.0001894546439871192
v 0.00044614871148951346 -0.005670889280736445 0.0006794178625568748
v -0.0003173991863150149 -0.00573674915358424 0.000420760246925056
v -0.0003241403901483863 -0.009763092733919617 0.0001894546439871192
v -0.0003173991863150149 -0.00573674915358424 0.000420760246925056
v -0.0010186387225985525 -0.01005679182708263 -0.00016452802810817957
v -0.0010186387225985525 -0.01005679182708263 -0.00016452802810817957
v -0.0003173991863150149 -0.00573674915358424 0.000420760246925056
v -0.0010651893680915234 -0.005837854463607071 4.747545244754292e-05
v -0.0010186387225985525 -0.01005679182708263 -0.00016452802810817957
v -0.0010651893680915234 -0.005837854463607071 4.747545244754292e-05
v -0.0016775828553363679 -0.01037977077066898 -0.0006042314926162362
v -0.0016775828553363679 -0.01037977077066898 -0.0006042314926162362
v -0.0010651893680915234 -0.005837854463607071 4.747545244754292e-05
v -0.0017755886074155567 -0.005973380990326403 -0.00042509252671152353
v -0.0016775828553363679 -0.01037977077066898 -0.0006042314926162362
v -0.0017755886074155567 -0.005973380990326403 -0.00042509252671152353
v -0.0022736506070941682 -0.010723673738539215 -0.001111383200623095
v -0.0022736506070941682 -0.010723673738539215 -0.001111383200623095
v -0.0017755886074155567 -0.005973380990326403 -0.00042509252671152353
v -0.00242648902349174 -0.00613846769556403 -0.0009732750477269292
v -0.0022736506070941682 -0.010723673738539215 -0.001111383200623095
v -0.00242648902349174 -0.00613846769556403 -0.0009732750477269292
v -0.0029962526168674226 -0.006325355265289543 -0.0015728086000308394
v -0.0029962526168674226 -0.006325355265289543 -0.0015728086000308394
v -0.00242648902349174 -0.00613846769556403 -0.0009732750477269292
v -0.002409263746812939 -0.003937331959605215 -0.0008946825983002782
v -0.0029962526168674226 -0.006325355265289543 -0.0015728086000308394
v -0.002409263746812939 -0.003937331959605215 -0.0008946825983002782
v -0.002994198584929108 -0.004046675283461807 -0.001519740209914744
v -0.002994198584929108 -0.004046675283461807 -0.001519740209914744
v -0.002409263746812939 -0.003937331959605215 -0.0008946825983002782
v -0.0028386695776134725 -0.002906814916059374 -0.001346335862763226
v -0.002994198584929108 -0.004046675283461807 -0.001519740209914744
v -0.0028386695776134725 -0.002906814916059374 -0.001346335862763226
v -0.0032787802629172798 -0.002471705200150608 -0.0019500000635161996
v 0.00431549921631813 -0.0013093111338093873 -0.011288587935268879
v 0.004252735525369643 -0.0013682395219802852 -0.011289658956229687
v 0.004252013284713029 -0.001367552205920219 -0.008050000295042992
v 0.004252013284713029 -0.001367552205920219 -0.008050000295042992
v 0.004252735525369643 -0.0013682395219802852 -0.011289658956229687
v 0.0038466376718133684 -0.0018268028507009142 -0.01128051895648241
v 0.004252013284713029 -0.001367552205920219 -0.008050000295042992
v 0.0038466376718133684 -0.0018268028507009142 -0.01128051895648241
v 0.0036313787568360563 -0.0021489968057721845 -0.008050000295042992
v 0.0036313787568360563 -0.0021489968057721845 -0.008050000295042992
v 0.0038466376718133684 -0.0018268028507009142 -0.01128051895648241
v 0.00373483938165009 -0.001985146896913647 -0.011270089074969292
v 0.0036313787568360563 -0.0021489968057721845 -0.008050000295042992
v 0.00373483938165009 -0.001985146896913647 -0.011270089074969292
v 0.0036313787568360563 -0.0021489968057721845 -0.011258482001721859
v 0.00431549921631813 -0.0013093111338093873 -0.011288587935268879
v 0.004252013284713029 -0.001367552205920219 -0.008050000295042992
v 0.004875880200415849 -0.0008848133147694167 -0.01126453373581171
v 0.004875880200415849 -0.0008848133147694167 -0.01126453373581171
v 0.004252013284713029 -0.001367552205920219 -0.008050000295042992
v 0.0050521320663392535 -0.0007826783112250266 -0.008050000295042992
v 0.004875880200415849 -0.0008848133147694167 -0.01126453373581171
v 0.0050521320663392535 -0.0007826783112250266 -0.008050000295042992
v 0.0050521320663392535 -0.0007826783112250266 -0.011252530850470066
v 0.0050521320663392535 -0.0007826783112250266 -0.011252530850470066
v 0.0050521320663392535 -0.0007826783112250266 -0.008050000295042992
v 0.005644509103149175 -0.0005168922943994401 -0.011198305524885654
v 0.005644509103149175 -0.0005168922943994401 -0.011198305524885654
v 0.0050521320663392535 -0.0007826783112250266 -0.008050000295042992
v 0.005803162697702645 -0.00046909871161915346 -0.008050000295042992
v 0.005644509103149175 -0.0005168922943994401 -0.011198305524885654
v 0.005803162697702645 -0.00046909871161915346 -0.008050000295042992
v 0.005803496576845645 -0.00046922772889956816 -0.011179558001458645
v 0.005803496576845645 -0.00046922772889956816 -0.011179558001458645
v 0.005803162697702645 -0.00046909871161915346 -0.008050000295042992
v 0.006084081251174211 -0.00041753391269594415 -0.011140942573547363
v 0.007241390645503997 -0.0007364977500401435 -0.008050000295042992
v 0.007241390645503997 -0.0007364977500401435 -0.010871877893805504
v 0.006502592936158179 -0.00043432321399450286 -0.008050000295042992
v 0.006502592936158179 -0.00043432321399450286 -0.008050000295042992
v 0.007241390645503997 -0.0007364977500401435 -0.010871877893805504
v 0.007180772721767425 -0.0007013251306489108 -0.01089159119874239
v 0.006502592936158179 -0.00043432321399450286 -0.008050000295042992
v 0.007180772721767425 -0.0007013251306489108 -0.01089159119874239
v 0.007119404152035712 -0.0006671964656561611 -0.01091078482568264
v 0.007119404152035712 -0.0006671964656561611 -0.01091078482568264
v 0.0069443504326045504 -0.0005793027812615035 -0.010961671359837055
v 0.006502592936158179 -0.00043432321399450286 -0.008050000295042992
v 0.006502592936158179 -0.00043432321399450286 -0.008050000295042992
v 0.0069443504326045504 -0.0005793027812615035 -0.010961671359837055
v 0.006501863244920968 -0.00043443226604722424 -0.01106704119592905
v 0.006502592936158179 -0.00043432321399450286 -0.008050000295042992
v 0.006501863244920968 -0.00043443226604722424 -0.01106704119592905
v 0.005803162697702645 -0.00046909871161915346 -0.008050000295042992
v 0.005803162697702645 -0.00046909871161915346 -0.008050000295042992
v 0.006501863244920968 -0.00043443226604722424 -0.01106704119592905
v 0.006084081251174211 -0.00041753391269594415 -0.011140942573547363
v 0.007241390645503997 -0.0007364977500401435 -0.010871877893805504
v 0.007241390645503997 -0.0007364977500401435 -0.008050000295042992
v 0.007396335247904061 -0.0008320642518810925 -0.010817625559866428
v 0.007396335247904061 -0.0008320642518810925 -0.010817625559866428
v 0.007241390645503997 -0.0007364977500401435 -0.008050000295042992
v 0.007502032909542321 -0.0009013456292450425 -0.008050000295042992
v 0.007396335247904061 -0.0008320642518810925 -0.010817625559866428
v 0.007502032909542321 -0.0009013456292450425 -0.008050000295042992
v 0.007717004045844077 -0.0010500741191208358 -0.010686276480555534
v 0.007241390645503997 -0.0007364977500401435 -0.0019500000635161996
v 0.007241390645503997 -0.0007364977500401435 0.0008718775352463126
v 0.007502032909542321 -0.0009013456292450425 -0.0019500000635161996
v 0.007502032909542321 -0.0009013456292450425 -0.0019500000635161996
v 0.007241390645503997 -0.0007364977500401435 0.0008718775352463126
v 0.007851951755583285 -0.0011471834732219572 0.0006229284917935729
v 0.007502032909542321 -0.0009013456292450425 -0.0019500000635161996
v 0.007851951755583285 -0.0011471834732219572 0.0006229284917935729
v 0.007502032909542321 -0.0009013456292450425 -0.008050000295042992
v 0.007502032909542321 -0.0009013456292450425 -0.008050000295042992
v 0.007851951755583285 -0.0011471834732219572 0.0006229284917935729
v 0.007717004045844077 -0.0010500741191208358 -0.010686276480555534
v 0.007717004045844077 -0.0010500741191208358 -0.010686276480555534
v 0.007851951755583285 -0.0011471834732219572 0.0006229284917935729
v 0.008155706338584421 -0.0013715174281969662 0.00046234752517193556
v 0.007717004045844077 -0.0010500741191208358 -0.010686276480555534
v 0.008155706338584421 -0.0013715174281969662 0.00046234752517193556
v 0.008155706338584421 -0.0013715174281969662 -0.01046234741806984
v 0.001377922249957919 -0.003971473779529331 -0.010984155349433422
v 0.001377922249957919 -0.003971473779529331 -0.008050000295042992
v 0.0015177326276898382 -0.003921797033399342 -0.01100973691791296
v 0.0015177326276898382 -0.003921797033399342 -0.01100973691791296
v 0.001377922249957919 -0.003971473779529331 -0.008050000295042992
v 0.001739333034493029 -0.003831062465906142 -0.008050000295042992
v 0.0015177326276898382 -0.003921797033399342 -0.01100973691791296
v 0.001739333034493029 -0.003831062465906142 -0.008050000295042992
v 0.0020774146541953083 -0.003661988768726586 -0.011094465851783752
v 0.0020774146541953083 -0.003661988768726586 -0.011094465851783752
v 0.001739333034493029 -0.003831062465906142 -0.008050000295042992
v 0.002659497549757361 -0.003268755972385405 -0.011160925962030888
v 0.002659497549757361 -0.003268755972385405 -0.011160925962030888
v 0.001739333034493029 -0.003831062465906142 -0.008050000295042992
v 0.002812032820656895 -0.003139671636745333 -0.008050000295042992
v 0.002659497549757361 -0.003268755972385405 -0.011160925962030888
v 0.002812032820656895 -0.003139671636745333 -0.008050000295042992
v 0.0028119673952460285 -0.0031397289130836717 -0.011176023632287979
v 0.0028119673952460285 -0.0031397289130836717 -0.011176023632287979
v 0.002812032820656895 -0.003139671636745333 -0.008050000295042992
v 0.00319242849946022 -0.0027551436796784392 -0.011212280951440334
v 0.00319242849946022 -0.0027551436796784392 -0.011212280951440334
v 0.002812032820656895 -0.003139671636745333 -0.008050000295042992
v 0.0036284665111452337 -0.0021538757719099513 -0.008050000295042992
v 0.00319242849946022 -0.0027551436796784392 -0.011212280951440334
v 0.0036284665111452337 -0.0021538757719099513 -0.008050000295042992
v 0.0036284665111452337 -0.0021538757719099513 -0.011258126236498356
v 0.0036313787568360563 -0.0021489968057721845 -0.008050000295042992
v 0.0036313787568360563 -0.0021489968057721845 -0.011258482001721859
v 0.0036284665111452337 -0.0021538757719099513 -0.008050000295042992
v 0.0036284665111452337 -0.0021538757719099513 -0.008050000295042992
v 0.0036313787568360563 -0.0021489968057721845 -0.011258482001721859
v 0.0036284665111452337 -0.0021538757719099513 -0.011258126236498356
v -0.002653435338288545 -0.003085835138335823 -0.008862595073878765
v -0.002653435338288545 -0.003085835138335823 -0.008050000295042992
v -0.0023962298873811956 -0.0033114170655608164 -0.009123739786446095
v -0.0023962298873811956 -0.0033114170655608164 -0.009123739786446095
v -0.002653435338288545 -0.003085835138335823 -0.008050000295042992
v -0.001977710053324699 -0.0036046900786459433 -0.008050000295042992
v -0.0009688198915682732 -0.004040055908262728 -0.010181307792663574
v -0.0011972297215834258 -0.003969674929976462 -0.010047547519207
v -0.0009665489196777343 -0.0040406831540167314 -0.008050000295042992
v -0.0009665489196777343 -0.0040406831540167314 -0.008050000295042992
v -0.0011972297215834258 -0.003969674929976462 -0.010047547519207
v -0.0017233871622011063 -0.00374677707441151 -0.00969166960567236
v -0.0009665489196777343 -0.0040406831540167314 -0.008050000295042992
v -0.0017233871622011063 -0.00374677707441151 -0.00969166960567236
v -0.001977710053324699 -0.0036046900786459433 -0.008050000295042992
v -0.001977710053324699 -0.0036046900786459433 -0.008050000295042992
v -0.0017233871622011063 -0.00374677707441151 -0.00969166960567236
v -0.0018145785434171555 -0.003698634915053843 -0.009622701443731785
v -0.001977710053324699 -0.0036046900786459433 -0.008050000295042992
v -0.0018145785434171555 -0.003698634915053843 -0.009622701443731785
v -0.0023962298873811956 -0.0033114170655608164 -0.009123739786446095
v -0.0009688198915682732 -0.004040055908262728 -0.010181307792663574
v -0.0009665489196777343 -0.0040406831540167314 -0.008050000295042992
v -0.0005942609859630464 -0.004124059807509182 -0.010376343503594398
v -0.0005942609859630464 -0.004124059807509182 -0.010376343503594398
v -0.0009665489196777343 -0.0040406831540167314 -0.008050000295042992
v 0.00015293215983547268 -0.0041825911030173284 -0.008050000295042992
v -0.0005942609859630464 -0.004124059807509182 -0.010376343503594398
v 0.00015293215983547268 -0.0041825911030173284 -0.008050000295042992
v 2.667588887561578e-05 -0.004182578064501284 -0.010635877028107643
v 0.001377922249957919 -0.003971473779529331 -0.008050000295042992
v 0.001377922249957919 -0.003971473779529331 -0.010984155349433422
v 0.0013210395118221638 -0.003990085329860447 -0.010973154567182064
v 0.0013210395118221638 -0.003990085329860447 -0.010973154567182064
v 0.0012639591004699466 -0.004007854033261536 -0.010961826890707016
v 0.001377922249957919 -0.003971473779529331 -0.008050000295042992
v 0.001377922249957919 -0.003971473779529331 -0.008050000295042992
v 0.0012639591004699466 -0.004007854033261536 -0.010961826890707016
v 0.0006014920654706656 -0.004150218330323694 -0.010811138898134232
v 0.001377922249957919 -0.003971473779529331 -0.008050000295042992
v 0.0006014920654706656 -0.004150218330323694 -0.010811138898134232
v 0.00015293215983547268 -0.0041825911030173284 -0.008050000295042992
v 0.00015293215983547268 -0.0041825911030173284 -0.008050000295042992
v 0.0006014920654706656 -0.004150218330323694 -0.010811138898134232
v 0.00015156666631810364 -0.004182617645710705 -0.010679115541279316
v 0.00015293215983547268 -0.0041825911030173284 -0.008050000295042992
v 0.00015156666631810364 -0.004182617645710705 -0.010679115541279316
v 2.667588887561578e-05 -0.004182578064501284 -0.010635877028107643
v -0.0032787877134978767 -0.00247170659713447 -0.008050000295042992
v -0.002653435338288545 -0.003085835138335823 -0.008050000295042992
v -0.0031592533923685546 -0.0025912600103765717 -0.008233643136918545
v -0.0031592533923685546 -0.0025912600103765717 -0.008233643136918545
v -0.002653435338288545 -0.003085835138335823 -0.008050000295042992
v -0.002653435338288545 -0.003085835138335823 -0.008862595073878765
v -0.003603167831897735 -0.002141914563253521 -0.007415997330099344
v -0.003603167831897735 -0.002141914563253521 -0.002584007801488042
v -0.003572901943698525 -0.0021730191074311725 -0.0025123371742665768
v -0.003603167831897735 -0.002141914563253521 -0.007415997330099344
v -0.003572901943698525 -0.0021730191074311725 -0.0025123371742665768
v -0.0035729391966015096 -0.002172980457544326 -0.007487575989216566
v -0.0035729391966015096 -0.002172980457544326 -0.007487575989216566
v -0.003572901943698525 -0.0021730191074311725 -0.0025123371742665768
v -0.0035415822640061374 -0.002205137163400649 -0.002441762015223503
v -0.0035729391966015096 -0.002172980457544326 -0.007487575989216566
v -0.0035415822640061374 -0.002205137163400649 -0.002441762015223503
v -0.0035415822640061374 -0.002205137163400649 -0.007558242883533239
v 0.003135674865916371 0.005322205834090708 -0.0019500000635161996
v 0.003135674865916371 0.005322205834090708 -0.003449999960139394
v 0.003316394286230206 0.005964838434010742 -0.0019500000635161996
v 0.003316394286230206 0.005964838434010742 -0.0019500000635161996
v 0.003135674865916371 0.005322205834090708 -0.003449999960139394
v 0.003316394286230206 0.005964838434010742 -0.003449999960139394
v 0.003316394286230206 0.005964838434010742 -0.0019500000635161996
v 0.003316394286230206 0.005964838434010742 -0.003449999960139394
v 0.0037580458447337146 0.006465425714850424 -0.0019500000635161996
v 0.0037580458447337146 0.006465425714850424 -0.0019500000635161996
v 0.003316394286230206 0.005964838434010742 -0.003449999960139394
v 0.0037580458447337146 0.006465425714850424 -0.003449999960139394
v 0.0037580458447337146 0.006465425714850424 -0.0019500000635161996
v 0.0037580458447337146 0.006465425714850424 -0.003449999960139394
v 0.004373155068606137 0.006724814418703315 -0.0019500000635161996
v 0.004373155068606137 0.006724814418703315 -0.0019500000635161996
v 0.0037580458447337146 0.006465425714850424 -0.003449999960139394
v 0.004373155068606137 0.006724814418703315 -0.003449999960139394
v 0.004373155068606137 0.006724814418703315 -0.0019500000635161996
v 0.004373155068606137 0.006724814418703315 -0.003449999960139394
v 0.005039896350353955 0.006691629532724616 -0.0019500000635161996
v 0.005039896350353955 0.006691629532724616 -0.0019500000635161996
v 0.004373155068606137 0.006724814418703315 -0.003449999960139394
v 0.005039896350353955 0.006691629532724616 -0.003449999960139394
v 0.005039896350353955 0.006691629532724616 -0.0019500000635161996
v 0.005039896350353955 0.006691629532724616 -0.003449999960139394
v 0.005626204423606395 0.006372437346726654 -0.0019500000635161996
v 0.005626204423606395 0.006372437346726654 -0.0019500000635161996
v 0.005039896350353955 0.006691629532724616 -0.003449999960139394
v 0.005626204423606395 0.006372437346726654 -0.003449999960139394
v 0.005626204423606395 0.006372437346726654 -0.0019500000635161996
v 0.005626204423606395 0.006372437346726654 -0.003449999960139394
v 0.0060159582644700995 0.005830473266541956 -0.0019500000635161996
v 0.0060159582644700995 0.005830473266541956 -0.0019500000635161996
v 0.005626204423606395 0.006372437346726654 -0.003449999960139394
v 0.0060159582644700995 0.005830473266541956 -0.003449999960139394
v 0.0060159582644700995 0.005830473266541956 -0.0019500000635161996
v 0.0060159582644700995 0.005830473266541956 -0.003449999960139394
v 0.006131971720606088 0.005173061974346636 -0.0019500000635161996
v 0.006131971720606088 0.005173061974346636 -0.0019500000635161996
v 0.0060159582644700995 0.005830473266541956 -0.003449999960139394
v 0.006131971720606088 0.005173061974346636 -0.003449999960139394
v -0.0014981424901634453 7.45724173611961e-05 -0.006550000049173832
v -0.0014981424901634453 7.45724173611961e-05 -0.008050000295042992
v -0.0012601459166035054 0.000813656428363174 -0.006550000049173832
v -0.0012601459166035054 0.000813656428363174 -0.006550000049173832
v -0.0014981424901634453 7.45724173611961e-05 -0.008050000295042992
v -0.0012601459166035054 0.000813656428363174 -0.008050000295042992
v -0.0012601459166035054 0.000813656428363174 -0.006550000049173832
v -0.0012601459166035054 0.000813656428363174 -0.008050000295042992
v -0.0006844886229373514 0.0013347164494916792 -0.006550000049173832
v -0.0006844886229373514 0.0013347164494916792 -0.006550000049173832
v -0.0012601459166035054 0.000813656428363174 -0.008050000295042992
v -0.0006844886229373514 0.0013347164494916792 -0.008050000295042992
v -0.0006844886229373514 0.0013347164494916792 -0.006550000049173832
v -0.0006844886229373514 0.0013347164494916792 -0.008050000295042992
v 7.456780440406872e-05 0.0014981430722400542 -0.006550000049173832
v 7.456780440406872e-05 0.0014981430722400542 -0.006550000049173832
v -0.0006844886229373514 0.0013347164494916792 -0.008050000295042992
v 7.456780440406872e-05 0.0014981430722400542 -0.008050000295042992
v 7.456780440406872e-05 0.0014981430722400542 -0.006550000049173832
v 7.456780440406872e-05 0.0014981430722400542 -0.008050000295042992
v 0.0008136518299579619 0.0012601466150954361 -0.006550000049173832
v 0.0008136518299579619 0.0012601466150954361 -0.006550000049173832
v 7.456780440406872e-05 0.0014981430722400542 -0.008050000295042992
v 0.0008136518299579619 0.0012601466150954361 -0.008050000295042992
v 0.0008136518299579619 0.0012601466150954361 -0.006550000049173832
v 0.0008136518299579619 0.0012601466150954361 -0.008050000295042992
v 0.0013347191270440815 0.0006844906602054832 -0.006550000049173832
v 0.0013347191270440815 0.0006844906602054832 -0.006550000049173832
v 0.0008136518299579619 0.0012601466150954361 -0.008050000295042992
v 0.0013347191270440815 0.0006844906602054832 -0.008050000295042992
v 0.0013347191270440815 0.0006844906602054832 -0.006550000049173832
v 0.0013347191270440815 0.0006844906602054832 -0.008050000295042992
v 0.0014981471467763183 -7.45731304050423e-05 -0.006550000049173832
v 0.0014981471467763183 -7.45731304050423e-05 -0.006550000049173832
v 0.0013347191270440815 0.0006844906602054832 -0.008050000295042992
v 0.0014981471467763183 -7.45731304050423e-05 -0.008050000295042992
v -0.0014981424901634453 7.45724173611961e-05 -0.0019500000635161996
v -0.0014981424901634453 7.45724173611961e-05 -0.003449999960139394
v -0.0012601459166035054 0.000813656428363174 -0.0019500000635161996
v -0.0012601459166035054 0.000813656428363174 -0.0019500000635161996
v -0.0014981424901634453 7.45724173611961e-05 -0.003449999960139394
v -0.0012601459166035054 0.000813656428363174 -0.003449999960139394
v -0.0012601459166035054 0.000813656428363174 -0.0019500000635161996
v -0.0012601459166035054 0.000813656428363174 -0.003449999960139394
v -0.0006844886229373514 0.0013347164494916792 -0.0019500000635161996
v -0.0006844886229373514 0.0013347164494916792 -0.0019500000635161996
v -0.0012601459166035054 0.000813656428363174 -0.003449999960139394
v -0.0006844886229373514 0.0013347164494916792 -0.003449999960139394
v -0.0006844886229373514 0.0013347164494916792 -0.0019500000635161996
v -0.0006844886229373514 0.0013347164494916792 -0.003449999960139394
v 7.456780440406872e-05 0.0014981430722400542 -0.0019500000635161996
v 7.456780440406872e-05 0.0014981430722400542 -0.0019500000635161996
v -0.0006844886229373514 0.0013347164494916792 -0.003449999960139394
v 7.456780440406872e-05 0.0014981430722400542 -0.003449999960139394
v 7.456780440406872e-05 0.0014981430722400542 -0.0019500000635161996
v 7.456780440406872e-05 0.0014981430722400542 -0.003449999960139394
v 0.0008136518299579619 0.0012601466150954361 -0.0019500000635161996
v 0.0008136518299579619 0.0012601466150954361 -0.0019500000635161996
v 7.456780440406872e-05 0.0014981430722400542 -0.003449999960139394
v 0.0008136518299579619 0.0012601466150954361 -0.003449999960139394
v 0.0008136518299579619 0.0012601466150954361 -0.0019500000635161996
v 0.0008136518299579619 0.0012601466150954361 -0.003449999960139394
v 0.0013347191270440815 0.0006844906602054832 -0.0019500000635161996
v 0.0013347191270440815 0.0006844906602054832 -0.0019500000635161996
v 0.0008136518299579619 0.0012601466150954361 -0.003449999960139394
v 0.0013347191270440815 0.0006844906602054832 -0.003449999960139394
v 0.0013347191270440815 0.0006844906602054832 -0.0019500000635161996
v 0.0013347191270440815 0.0006844906602054832 -0.003449999960139394
v 0.0014981471467763183 -7.45731304050423e-05 -0.0019500000635161996
v 0.0014981471467763183 -7.45731304050423e-05 -0.0019500000635161996
v 0.0013347191270440815 0.0006844906602054832 -0.003449999960139394
v 0.0014981471467763183 -7.45731304050423e-05 -0.003449999960139394
v 0.006131971720606088 0.005173061974346636 -0.008050000295042992
v 0.006131971720606088 0.005173061974346636 -0.006550000049173832
v 0.0060159582644700995 0.005830473266541956 -0.008050000295042992
v 0.0060159582644700995 0.005830473266541956 -0.008050000295042992
v 0.006131971720606088 0.005173061974346636 -0.006550000049173832
v 0.0060159582644700995 0.005830473266541956 -0.006550000049173832
v 0.0060159582644700995 0.005830473266541956 -0.008050000295042992
v 0.0060159582644700995 0.005830473266541956 -0.006550000049173832
v 0.005626204423606395 0.006372437346726654 -0.008050000295042992
v 0.005626204423606395 0.006372437346726654 -0.008050000295042992
v 0.0060159582644700995 0.005830473266541956 -0.006550000049173832
v 0.005626204423606395 0.006372437346726654 -0.006550000049173832
v 0.005626204423606395 0.006372437346726654 -0.008050000295042992
v 0.005626204423606395 0.006372437346726654 -0.006550000049173832
v 0.005039896350353955 0.006691629532724616 -0.008050000295042992
v 0.005039896350353955 0.006691629532724616 -0.008050000295042992
v 0.005626204423606395 0.006372437346726654 -0.006550000049173832
v 0.005039896350353955 0.006691629532724616 -0.006550000049173832
v 0.005039896350353955 0.006691629532724616 -0.008050000295042992
v 0.005039896350353955 0.006691629532724616 -0.006550000049173832
v 0.004373155068606137 0.006724814418703315 -0.008050000295042992
v 0.004373155068606137 0.006724814418703315 -0.008050000295042992
v 0.005039896350353955 0.006691629532724616 -0.006550000049173832
v 0.004373155068606137 0.006724814418703315 -0.006550000049173832
v 0.004373155068606137 0.006724814418703315 -0.008050000295042992
v 0.004373155068606137 0.006724814418703315 -0.006550000049173832
v 0.0037580458447337146 0.006465425714850424 -0.008050000295042992
v 0.0037580458447337146 0.006465425714850424 -0.008050000295042992
v 0.004373155068606137 0.006724814418703315 -0.006550000049173832
v 0.0037580458447337146 0.006465425714850424 -0.006550000049173832
v 0.0037580458447337146 0.006465425714850424 -0.008050000295042992
v 0.0037580458447337146 0.006465425714850424 -0.006550000049173832
v 0.003316394286230206 0.005964838434010742 -0.008050000295042992
v 0.003316394286230206 0.005964838434010742 -0.008050000295042992
v 0.0037580458447337146 0.006465425714850424 -0.006550000049173832
v 0.003316394286230206 0.005964838434010742 -0.006550000049173832
v 0.003316394286230206 0.005964838434010742 -0.008050000295042992
v 0.003316394286230206 0.005964838434010742 -0.006550000049173832
v 0.003135674865916371 0.005322205834090708 -0.008050000295042992
v 0.003135674865916371 0.005322205834090708 -0.008050000295042992
v 0.003316394286230206 0.005964838434010742 -0.006550000049173832
v 0.003135674865916371 0.005322205834090708 -0.006550000049173832
usemtl material_191919
f 1 2 3
f 4 5 6
f 7 8 9
f 10 11 12
f 13 14 15
f 16 17 18
f 19 20 21
f 22 23 24
f 25 26 27
f 28 29 30
f 31 32 33
f 34 35 36
f 37 38 39
f 40 41 42
f 43 44 45
f 46 47 48
f 49 50 51
f 52 53 54
f 55 56 57
f 58 59 60
f 61 62 63
f 64 65 66
f 67 68 69
f 70 71 72
f 73 74 75
f 76 77 78
f 79 80 81
f 82 83 84
f 85 86 87
f 88 89 90
f 91 92 93
f 94 95 96
f 97 98 99
f 100 101 102
f 103 104 105
f 106 107 108
f 109 110 111
f 112 113 114
f 115 116 117
f 118 119 120
f 121 122 123
f 124 125 126
f 127 128 129
f 130 131 132
f 133 134 135
f 136 137 138
f 139 140 141
f 142 143 144
f 145 146 147
f 148 149 150
f 151 152 153
f 154 155 156
f 157 158 159
f 160 161 162
f 163 164 165
f 166 167 168
f 169 170 171
f 172 173 174
f 175 176 177
f 178 179 180
f 181 182 183
f 184 185 186
f 187 188 189
f 190 191 192
f 193 194 195
f 196 197 198
f 199 200 201
f 202 203 204
f 205 206 207
f 208 209 210
f 211 212 213
f 214 215 216
f 217 218 219
f 220 221 222
f 223 224 225
f 226 227 228
f 229 230 231
f 232 233 234
f 235 236 237
f 238 239 240
f 241 242 243
f 244 245 246
f 247 248 249
f 250 251 252
f 253 254 255
f 256 257 258
f 259 260 261
f 262 263 264
f 265 266 267
f 268 269 270
f 271 272 273
f 274 275 276
f 277 278 279
f 280 281 282
f 283 284 285
f 286 287 288
f 289 290 291
f 292 293 294
f 295 296 297
f 298 299 300
f 301 302 303
f 304 305 306
f 307 308 309
f 310 311 312
f 313 314 315
f 316 317 318
f 319 320 321
f 322 323 324
f 325 326 327
f 328 329 330
f 331 332 333
f 334 335 336
f 337 338 339
f 340 341 342
f 343 344 345
f 346 347 348
f 349 350 351
f 352 353 354
f 355 356 357
f 358 359 360
f 361 362 363
f 364 365 366
f 367 368 369
f 370 371 372
f 373 374 375
f 376 377 378
f 379 380 381
f 382 383 384
f 385 386 387
f 388 389 390
f 391 392 393
f 394 395 396
f 397 398 399
f 400 401 402
f 403 404 405
f 406 407 408
f 409 410 411
f 412 413 414
f 415 416 417
f 418 419 420
f 421 422 423
f 424 425 426
f 427 428 429
f 430 431 432
f 433 434 435
f 436 437 438
f 439 440 441
f 442 443 444
f 445 446 447
f 448 449 450
f 451 452 453
f 454 455 456
f 457 458 459
f 460 461 462
f 463 464 465
f 466 467 468
f 469 470 471
f 472 473 474
f 475 476 477
f 478 479 480
f 481 482 483
f 484 485 486
f 487 488 489
f 490 491 492
f 493 494 495
f 496 497 498
f 499 500 501
f 502 503 504
f 505 506 507
f 508 509 510
f 511 512 513
f 514 515 516
f 517 518 519
f 520 521 522
f 523 524 525
f 526 527 528
f 529 530 531
f 532 533 534
f 535 536 537
f 538 539 540
f 541 542 543
f 544 545 546
f 547 548 549
f 550 551 552
f 553 554 555
f 556 557 558
f 559 560 561
f 562 563 564
f 565 566 567
f 568 569 570
f 571 572 573
f 574 575 576
f 577 578 579
f 580 581 582
f 583 584 585
f 586 587 588
f 589 590 591
f 592 593 594
f 595 596 597
f 598 599 600
f 601 602 603
f 604 605 606
f 607 608 609
f 610 611 612
f 613 614 615
f 616 617 618
f 619 620 621
f 622 623 624
f 625 626 627
f 628 629 630
f 631 632 633
f 634 635 636
f 637 638 639
f 640 641 642
f 643 644 645
f 646 647 648
f 649 650 651
f 652 653 654
f 655 656 657
f 658 659 660
f 661 662 663
f 664 665 666
f 667 668 669
f 670 671 672
f 673 674 675
f 676 677 678
f 679 680 681
f 682 683 684
f 685 686 687
f 688 689 690
f 691 692 693
f 694 695 696
f 697 698 699
f 700 701 702
f 703 704 705
f 706 707 708
f 709 710 711
f 712 713 714
f 715 716 717
f 718 719 720
f 721 722 723
f 724 725 726
f 727 728 729
f 730 731 732
f 733 734 735
f 736 737 738
f 739 740 741
f 742 743 744
f 745 746 747
f 748 749 750
f 751 752 753
f 754 755 756
f 757 758 759
f 760 761 762
f 763 764 765
f 766 767 768
f 769 770 771
f 772 773 774
f 775 776 777
f 778 779 780
f 781 782 783
f 784 785 786
f 787 788 789
f 790 791 792
f 793 794 795
f 796 797 798
f 799 800 801
f 802 803 804
f 805 806 807
f 808 809 810
f 811 812 813
f 814 815 816
f 817 818 819
f 820 821 822
f 823 824 825
f 826 827 828
f 829 830 831
f 832 833 834
f 835 836 837
f 838 839 840
f 841 842 843
f 844 845 846
f 847 848 849
f 850 851 852
f 853 854 855
f 856 857 858
f 859 860 861
f 862 863 864
f 865 866 867
f 868 869 870
f 871 872 873
f 874 875 876
f 877 878 879
f 880 881 882
f 883 884 885
f 886 887 888
f 889 890 891
f 892 893 894
f 895 896 897
f 898 899 900
f 901 902 903
f 904 905 906
f 907 908 909
f 910 911 912
f 913 914 915
f 916 917 918
f 919 920 921
f 922 923 924
f 925 926 927
f 928 929 930
f 931 932 933
f 934 935 936
f 937 938 939
f 940 941 942
f 943 944 945
f 946 947 948
f 949 950 951
f 952 953 954
f 955 956 957
f 958 959 960
f 961 962 963
f 964 965 966
f 967 968 969
f 970 971 972
f 973 974 975
f 976 977 978
f 979 980 981
f 982 983 984
f 985 986 987
f 988 989 990
f 991 992 993
f 994 995 996
f 997 998 999
f 1000 1001 1002
f 1003 1004 1005
f 1006 1007 1008
f 1009 1010 1011
f 1012 1013 1014
f 1015 1016 1017
f 1018 1019 1020
f 1021 1022 1023
f 1024 1025 1026
f 1027 1028 1029
f 1030 1031 1032
f 1033 1034 1035
f 1036 1037 1038
f 1039 1040 1041
f 1042 1043 1044
f 1045 1046 1047
f 1048 1049 1050
f 1051 1052 1053
f 1054 1055 1056
f 1057 1058 1059
f 1060 1061 1062
f 1063 1064 1065
f 1066 1067 1068
f 1069 1070 1071
f 1072 1073 1074
f 1075 1076 1077
f 1078 1079 1080
f 1081 1082 1083
f 1084 1085 1086
f 1087 1088 1089
f 1090 1091 1092
f 1093 1094 1095
f 1096 1097 1098
f 1099 1100 1101
f 1102 1103 1104
f 1105 1106 1107
f 1108 1109 1110
f 1111 1112 1113
f 1114 1115 1116
f 1117 1118 1119
f 1120 1121 1122
f 1123 1124 1125
f 1126 1127 1128
f 1129 1130 1131
f 1132 1133 1134
f 1135 1136 1137
f 1138 1139 1140
f 1141 1142 1143
f 1144 1145 1146
f 1147 1148 1149
f 1150 1151 1152
f 1153 1154 1155
f 1156 1157 1158
f 1159 1160 1161
f 1162 1163 1164
f 1165 1166 1167
f 1168 1169 1170
f 1171 1172 1173
f 1174 1175 1176
f 1177 1178 1179
f 1180 1181 1182
f 1183 1184 1185
f 1186 1187 1188
f 1189 1190 1191
f 1192 1193 1194
f 1195 1196 1197
f 1198 1199 1200
f 1201 1202 1203
f 1204 1205 1206
f 1207 1208 1209
f 1210 1211 1212
f 1213 1214 1215
f 1216 1217 1218
f 1219 1220 1221
f 1222 1223 1224
f 1225 1226 1227
f 1228 1229 1230
f 1231 1232 1233
f 1234 1235 1236
f 1237 1238 1239
f 1240 1241 1242
f 1243 1244 1245
f 1246 1247 1248
f 1249 1250 1251
f 1252 1253 1254
f 1255 1256 1257
f 1258 1259 1260
f 1261 1262 1263
f 1264 1265 1266
f 1267 1268 1269
f 1270 1271 1272
f 1273 1274 1275
f 1276 1277 1278
f 1279 1280 1281
f 1282 1283 1284
f 1285 1286 1287
f 1288 1289 1290
f 1291 1292 1293
f 1294 1295 1296
f 1297 1298 1299
f 1300 1301 1302
f 1303 1304 1305
f 1306 1307 1308
f 1309 1310 1311
f 1312 1313 1314
f 1315 1316 1317
f 1318 1319 1320
f 1321 1322 1323
f 1324 1325 1326
f 1327 1328 1329
f 1330 1331 1332
f 1333 1334 1335
f 1336 1337 1338
f 1339 1340 1341
f 1342 1343 1344
f 1345 1346 1347
f 1348 1349 1350
f 1351 1352 1353
f 1354 1355 1356
f 1357 1358 1359
f 1360 1361 1362
f 1363 1364 1365
f 1366 1367 1368
f 1369 1370 1371
f 1372 1373 1374
f 1375 1376 1377
f 1378 1379 1380
f 1381 1382 1383
f 1384 1385 1386
f 1387 1388 1389
f 1390 1391 1392
f 1393 1394 1395
f 1396 1397 1398
f 1399 1400 1401
f 1402 1403 1404
f 1405 1406 1407
f 1408 1409 1410
f 1411 1412 1413
f 1414 1415 1416
f 1417 1418 1419
f 1420 1421 1422
f 1423 1424 1425
f 1426 1427 1428
f 1429 1430 1431
f 1432 1433 1434
f 1435 1436 1437
f 1438 1439 1440
f 1441 1442 1443
f 1444 1445 1446
f 1447 1448 1449
f 1450 1451 1452
f 1453 1454 1455
f 1456 1457 1458
f 1459 1460 1461
f 1462 1463 1464
f 1465 1466 1467
f 1468 1469 1470
f 1471 1472 1473
f 1474 1475 1476
f 1477 1478 1479
f 1480 1481 1482
f 1483 1484 1485
f 1486 1487 1488
f 1489 1490 1491
f 1492 1493 1494
f 1495 1496 1497
f 1498 1499 1500
f 1501 1502 1503
f 1504 1505 1506
f 1507 1508 1509
f 1510 1511 1512
f 1513 1514 1515
f 1516 1517 1518
f 1519 1520 1521
f 1522 1523 1524
f 1525 1526 1527
f 1528 1529 1530
f 1531 1532 1533
f 1534 1535 1536
f 1537 1538 1539
f 1540 1541 1542
f 1543 1544 1545
f 1546 1547 1548
f 1549 1550 1551
f 1552 1553 1554
f 1555 1556 1557
f 1558 1559 1560
f 1561 1562 1563
f 1564 1565 1566
f 1567 1568 1569
f 1570 1571 1572
f 1573 1574 1575
f 1576 1577 1578
f 1579 1580 1581
f 1582 1583 1584
f 1585 1586 1587
f 1588 1589 1590
f 1591 1592 1593
f 1594 1595 1596
f 1597 1598 1599
f 1600 1601 1602
f 1603 1604 1605
f 1606 1607 1608
f 1609 1610 1611
f 1612 1613 1614
f 1615 1616 1617
f 1618 1619 1620
f 1621 1622 1623
f 1624 1625 1626
f 1627 1628 1629
f 1630 1631 1632
f 1633 1634 1635
f 1636 1637 1638
f 1639 1640 1641
f 1642 1643 1644
f 1645 1646 1647
f 1648 1649 1650
f 1651 1652 1653
f 1654 1655 1656
f 1657 1658 1659
f 1660 1661 1662
f 1663 1664 1665
f 1666 1667 1668
f 1669 1670 1671
f 1672 1673 1674
f 1675 1676 1677
f 1678 1679 1680
f 1681 1682 1683
f 1684 1685 1686
f 1687 1688 1689
f 1690 1691 1692
f 1693 1694 1695
f 1696 1697 1698
f 1699 1700 1701
f 1702 1703 1704
f 1705 1706 1707
f 1708 1709 1710
f 1711 1712 1713
f 1714 1715 1716
f 1717 1718 1719
f 1720 1721 1722
f 1723 1724 1725
f 1726 1727 1728
f 1729 1730 1731
f 1732 1733 1734
f 1735 1736 1737
f 1738 1739 1740
f 1741 1742 1743
f 1744 1745 1746
f 1747 1748 1749
f 1750 1751 1752
f 1753 1754 1755
f 1756 1757 1758
f 1759 1760 1761
f 1762 1763 1764
f 1765 1766 1767
f 1768 1769 1770
f 1771 1772 1773
f 1774 1775 1776
f 1777 1778 1779
f 1780 1781 1782
f 1783 1784 1785
f 1786 1787 1788
f 1789 1790 1791
f 1792 1793 1794
f 1795 1796 1797
f 1798 1799 1800
f 1801 1802 1803
f 1804 1805 1806
f 1807 1808 1809
f 1810 1811 1812
f 1813 1814 1815
f 1816 1817 1818
f 1819 1820 1821
f 1822 1823 1824
f 1825 1826 1827
f 1828 1829 1830
f 1831 1832 1833
f 1834 1835 1836
f 1837 1838 1839
f 1840 1841 1842
f 1843 1844 1845
f 1846 1847 1848
f 1849 1850 1851
f 1852 1853 1854
f 1855 1856 1857
f 1858 1859 1860
f 1861 1862 1863
f 1864 1865 1866
f 1867 1868 1869
f 1870 1871 1872
f 1873 1874 1875
f 1876 1877 1878
f 1879 1880 1881
f 1882 1883 1884
f 1885 1886 1887
f 1888 1889 1890
f 1891 1892 1893
f 1894 1895 1896
f 1897 1898 1899
f 1900 1901 1902
f 1903 1904 1905
f 1906 1907 1908
f 1909 1910 1911
f 1912 1913 1914
f 1915 1916 1917
f 1918 1919 1920
f 1921 1922 1923
f 1924 1925 1926
f 1927 1928 1929
f 1930 1931 1932
f 1933 1934 1935
f 1936 1937 1938
f 1939 1940 1941
f 1942 1943 1944
f 1945 1946 1947
f 1948 1949 1950
f 1951 1952 1953
f 1954 1955 1956
f 1957 1958 1959
f 1960 1961 1962
f 1963 1964 1965
f 1966 1967 1968
f 1969 1970 1971
f 1972 1973 1974
f 1975 1976 1977
f 1978 1979 1980
f 1981 1982 1983
f 1984 1985 1986
f 1987 1988 1989
f 1990 1991 1992
f 1993 1994 1995
f 1996 1997 1998
f 1999 2000 2001
f 2002 2003 2004
f 2005 2006 2007
f 2008 2009 2010
f 2011 2012 2013
f 2014 2015 2016
f 2017 2018 2019
f 2020 2021 2022
f 2023 2024 2025
f 2026 2027 2028
f 2029 2030 2031
f 2032 2033 2034
f 2035 2036 2037
f 2038 2039 2040
f 2041 2042 2043
f 2044 2045 2046
f 2047 2048 2049
f 2050 2051 2052
f 2053 2054 2055
f 2056 2057 2058
f 2059 2060 2061
f 2062 2063 2064
f 2065 2066 2067
f 2068 2069 2070
f 2071 2072 2073
f 2074 2075 2076
f 2077 2078 2079
f 2080 2081 2082
f 2083 2084 2085
f 2086 2087 2088
f 2089 2090 2091
f 2092 2093 2094
f 2095 2096 2097
f 2098 2099 2100
f 2101 2102 2103
f 2104 2105 2106
f 2107 2108 2109
f 2110 2111 2112
f 2113 2114 2115
f 2116 2117 2118
f 2119 2120 2121
f 2122 2123 2124
f 2125 2126 2127
f 2128 2129 2130
f 2131 2132 2133
f 2134 2135 2136
f 2137 2138 2139
f 2140 2141 2142
f 2143 2144 2145
f 2146 2147 2148
f 2149 2150 2151
f 2152 2153 2154
f 2155 2156 2157
f 2158 2159 2160
f 2161 2162 2163
f 2164 2165 2166
f 2167 2168 2169
f 2170 2171 2172
f 2173 2174 2175
f 2176 2177 2178
f 2179 2180 2181
f 2182 2183 2184
f 2185 2186 2187
f 2188 2189 2190
f 2191 2192 2193
f 2194 2195 2196
f 2197 2198 2199
f 2200 2201 2202
f 2203 2204 2205
f 2206 2207 2208
f 2209 2210 2211
f 2212 2213 2214
f 2215 2216 2217
f 2218 2219 2220
f 2221 2222 2223
f 2224 2225 2226
f 2227 2228 2229
f 2230 2231 2232
f 2233 2234 2235
f 2236 2237 2238
f 2239 2240 2241
f 2242 2243 2244
f 2245 2246 2247
f 2248 2249 2250
f 2251 2252 2253
f 2254 2255 2256
f 2257 2258 2259
f 2260 2261 2262
f 2263 2264 2265
f 2266 2267 2268
f 2269 2270 2271
f 2272 2273 2274
f 2275 2276 2277
f 2278 2279 2280
f 2281 2282 2283
f 2284 2285 2286
f 2287 2288 2289
f 2290 2291 2292
f 2293 2294 2295
f 2296 2297 2298
f 2299 2300 2301
f 2302 2303 2304
f 2305 2306 2307
f 2308 2309 2310
f 2311 2312 2313
f 2314 2315 2316
f 2317 2318 2319
f 2320 2321 2322
f 2323 2324 2325
f 2326 2327 2328
f 2329 2330 2331
f 2332 2333 2334
f 2335 2336 2337
f 2338 2339 2340
f 2341 2342 2343
f 2344 2345 2346
f 2347 2348 2349
f 2350 2351 2352
f 2353 2354 2355
f 2356 2357 2358
f 2359 2360 2361
f 2362 2363 2364
f 2365 2366 2367
f 2368 2369 2370
f 2371 2372 2373
f 2374 2375 2376
f 2377 2378 2379
f 2380 2381 2382
f 2383 2384 2385
f 2386 2387 2388
f 2389 2390 2391
f 2392 2393 2394
f 2395 2396 2397
f 2398 2399 2400
f 2401 2402 2403
f 2404 2405 2406
f 2407 2408 2409
f 2410 2411 2412
f 2413 2414 2415
f 2416 2417 2418
f 2419 2420 2421
f 2422 2423 2424
f 2425 2426 2427
f 2428 2429 2430
f 2431 2432 2433
f 2434 2435 2436
f 2437 2438 2439
f 2440 2441 2442
f 2443 2444 2445
f 2446 2447 2448
f 2449 2450 2451
f 2452 2453 2454
f 2455 2456 2457
f 2458 2459 2460
f 2461 2462 2463
f 2464 2465 2466
f 2467 2468 2469
f 2470 2471 2472
f 2473 2474 2475
f 2476 2477 2478
f 2479 2480 2481
f 2482 2483 2484
f 2485 2486 2487
f 2488 2489 2490
f 2491 2492 2493
f 2494 2495 2496
f 2497 2498 2499
f 2500 2501 2502
f 2503 2504 2505
f 2506 2507 2508
f 2509 2510 2511
f 2512 2513 2514
f 2515 2516 2517
f 2518 2519 2520
f 2521 2522 2523
f 2524 2525 2526
f 2527 2528 2529
f 2530 2531 2532
f 2533 2534 2535
f 2536 2537 2538
f 2539 2540 2541
f 2542 2543 2544
f 2545 2546 2547
f 2548 2549 2550
f 2551 2552 2553
f 2554 2555 2556
f 2557 2558 2559
f 2560 2561 2562
f 2563 2564 2565
f 2566 2567 2568
f 2569 2570 2571
f 2572 2573 2574
f 2575 2576 2577
f 2578 2579 2580
f 2581 2582 2583
f 2584 2585 2586
f 2587 2588 2589
f 2590 2591 2592
f 2593 2594 2595
f 2596 2597 2598
f 2599 2600 2601
f 2602 2603 2604
f 2605 2606 2607
f 2608 2609 2610
f 2611 2612 2613
f 2614 2615 2616
f 2617 2618 2619
f 2620 2621 2622
f 2623 2624 2625
f 2626 2627 2628
f 2629 2630 2631
f 2632 2633 2634
f 2635 2636 2637
f 2638 2639 2640
f 2641 2642 2643
f 2644 2645 2646
f 2647 2648 2649
f 2650 2651 2652
f 2653 2654 2655
f 2656 2657 2658
f 2659 2660 2661
f 2662 2663 2664
f 2665 2666 2667
f 2668 2669 2670
f 2671 2672 2673
f 2674 2675 2676
f 2677 2678 2679
f 2680 2681 2682
f 2683 2684 2685
f 2686 2687 2688
f 2689 2690 2691
f 2692 2693 2694
f 2695 2696 2697
f 2698 2699 2700
f 2701 2702 2703
f 2704 2705 2706
f 2707 2708 2709
f 2710 2711 2712
f 2713 2714 2715
f 2716 2717 2718
f 2719 2720 2721
f 2722 2723 2724
f 2725 2726 2727
f 2728 2729 2730
f 2731 2732 2733
f 2734 2735 2736
f 2737 2738 2739
f 2740 2741 2742
f 2743 2744 2745
f 2746 2747 2748
f 2749 2750 2751
f 2752 2753 2754
f 2755 2756 2757
f 2758 2759 2760
f 2761 2762 2763
f 2764 2765 2766
f 2767 2768 2769
f 2770 2771 2772
f 2773 2774 2775
f 2776 2777 2778
f 2779 2780 2781
f 2782 2783 2784
f 2785 2786 2787
f 2788 2789 2790
f 2791 2792 2793
f 2794 2795 2796
f 2797 2798 2799
f 2800 2801 2802
f 2803 2804 2805
f 2806 2807 2808
f 2809 2810 2811
f 2812 2813 2814
f 2815 2816 2817
f 2818 2819 2820
f 2821 2822 2823
f 2824 2825 2826
f 2827 2828 2829
f 2830 2831 2832
f 2833 2834 2835
f 2836 2837 2838
f 2839 2840 2841
f 2842 2843 2844
f 2845 2846 2847
f 2848 2849 2850
f 2851 2852 2853
f 2854 2855 2856
f 2857 2858 2859
f 2860 2861 2862
f 2863 2864 2865
f 2866 2867 2868
f 2869 2870 2871
f 2872 2873 2874
f 2875 2876 2877
f 2878 2879 2880
f 2881 2882 2883
f 2884 2885 2886
f 2887 2888 2889
f 2890 2891 2892
f 2893 2894 2895
f 2896 2897 2898
f 2899 2900 2901
f 2902 2903 2904
f 2905 2906 2907
f 2908 2909 2910
f 2911 2912 2913
f 2914 2915 2916
f 2917 2918 2919
f 2920 2921 2922
f 2923 2924 2925
f 2926 2927 2928
f 2929 2930 2931
f 2932 2933 2934
f 2935 2936 2937
f 2938 2939 2940
f 2941 2942 2943
f 2944 2945 2946
f 2947 2948 2949
f 2950 2951 2952
f 2953 2954 2955
f 2956 2957 2958
f 2959 2960 2961
f 2962 2963 2964
f 2965 2966 2967
f 2968 2969 2970
f 2971 2972 2973
f 2974 2975 2976
f 2977 2978 2979
f 2980 2981 2982
f 2983 2984 2985
f 2986 2987 2988
f 2989 2990 2991
f 2992 2993 2994
f 2995 2996 2997
f 2998 2999 3000
f 3001 3002 3003
f 3004 3005 3006
f 3007 3008 3009
f 3010 3011 3012
f 3013 3014 3015
f 3016 3017 3018
f 3019 3020 3021
f 3022 3023 3024
f 3025 3026 3027
f 3028 3029 3030
f 3031 3032 3033
f 3034 3035 3036
f 3037 3038 3039
f 3040 3041 3042
f 3043 3044 3045
f 3046 3047 3048
f 3049 3050 3051
f 3052 3053 3054
f 3055 3056 3057
f 3058 3059 3060
f 3061 3062 3063
f 3064 3065 3066
f 3067 3068 3069
f 3070 3071 3072
f 3073 3074 3075
f 3076 3077 3078
f 3079 3080 3081
f 3082 3083 3084
f 3085 3086 3087
f 3088 3089 3090
f 3091 3092 3093
f 3094 3095 3096
f 3097 3098 3099
f 3100 3101 3102
f 3103 3104 3105
f 3106 3107 3108
f 3109 3110 3111
f 3112 3113 3114
f 3115 3116 3117
f 3118 3119 3120
f 3121 3122 3123
f 3124 3125 3126
f 3127 3128 3129
f 3130 3131 3132
f 3133 3134 3135
f 3136 3137 3138
f 3139 3140 3141
f 3142 3143 3144
f 3145 3146 3147
f 3148 3149 3150
f 3151 3152 3153
f 3154 3155 3156
f 3157 3158 3159
f 3160 3161 3162
f 3163 3164 3165
f 3166 3167 3168
f 3169 3170 3171
f 3172 3173 3174
f 3175 3176 3177
f 3178 3179 3180
f 3181 3182 3183
f 3184 3185 3186
f 3187 3188 3189
f 3190 3191 3192
f 3193 3194 3195
f 3196 3197 3198
f 3199 3200 3201
f 3202 3203 3204
f 3205 3206 3207
f 3208 3209 3210
f 3211 3212 3213
f 3214 3215 3216
f 3217 3218 3219
f 3220 3221 3222
f 3223 3224 3225
f 3226 3227 3228
f 3229 3230 3231
f 3232 3233 3234
f 3235 3236 3237
f 3238 3239 3240
f 3241 3242 3243
f 3244 3245 3246
f 3247 3248 3249
f 3250 3251 3252
f 3253 3254 3255
f 3256 3257 3258
f 3259 3260 3261
f 3262 3263 3264
f 3265 3266 3267
f 3268 3269 3270
f 3271 3272 3273
f 3274 3275 3276
f 3277 3278 3279
f 3280 3281 3282
f 3283 3284 3285
f 3286 3287 3288
f 3289 3290 3291
f 3292 3293 3294
f 3295 3296 3297
f 3298 3299 3300
f 3301 3302 3303
f 3304 3305 3306
f 3307 3308 3309
f 3310 3311 3312
f 3313 3314 3315
f 3316 3317 3318
f 3319 3320 3321
f 3322 3323 3324
f 3325 3326 3327
f 3328 3329 3330
f 3331 3332 3333
f 3334 3335 3336
f 3337 3338 3339
f 3340 3341 3342
f 3343 3344 3345
f 3346 3347 3348
f 3349 3350 3351
f 3352 3353 3354
f 3355 3356 3357
f 3358 3359 3360
f 3361 3362 3363
f 3364 3365 3366
f 3367 3368 3369
f 3370 3371 3372
f 3373 3374 3375
f 3376 3377 3378
f 3379 3380 3381
f 3382 3383 3384
f 3385 3386 3387
f 3388 3389 3390
f 3391 3392 3393
f 3394 3395 3396
f 3397 3398 3399
f 3400 3401 3402
f 3403 3404 3405
f 3406 3407 3408
f 3409 3410 3411
f 3412 3413 3414
f 3415 3416 3417
f 3418 3419 3420
f 3421 3422 3423
f 3424 3425 3426
f 3427 3428 3429
f 3430 3431 3432
f 3433 3434 3435
f 3436 3437 3438
f 3439 3440 3441
f 3442 3443 3444
f 3445 3446 3447
f 3448 3449 3450
f 3451 3452 3453
f 3454 3455 3456
f 3457 3458 3459
f 3460 3461 3462
f 3463 3464 3465
f 3466 3467 3468
f 3469 3470 3471
f 3472 3473 3474
f 3475 3476 3477
f 3478 3479 3480
f 3481 3482 3483
f 3484 3485 3486
f 3487 3488 3489
f 3490 3491 3492
f 3493 3494 3495
f 3496 3497 3498
f 3499 3500 3501
f 3502 3503 3504
f 3505 3506 3507
f 3508 3509 3510
f 3511 3512 3513
f 3514 3515 3516
f 3517 3518 3519
f 3520 3521 3522
f 3523 3524 3525
f 3526 3527 3528
f 3529 3530 3531
f 3532 3533 3534
f 3535 3536 3537
f 3538 3539 3540
f 3541 3542 3543
f 3544 3545 3546
f 3547 3548 3549
f 3550 3551 3552
f 3553 3554 3555
f 3556 3557 3558
f 3559 3560 3561
f 3562 3563 3564
f 3565 3566 3567
f 3568 3569 3570
f 3571 3572 3573
f 3574 3575 3576
f 3577 3578 3579
f 3580 3581 3582
f 3583 3584 3585
f 3586 3587 3588
f 3589 3590 3591
f 3592 3593 3594
f 3595 3596 3597
f 3598 3599 3600
f 3601 3602 3603
f 3604 3605 3606
f 3607 3608 3609
f 3610 3611 3612
f 3613 3614 3615
f 3616 3617 3618
f 3619 3620 3621
f 3622 3623 3624
f 3625 3626 3627
f 3628 3629 3630
f 3631 3632 3633
f 3634 3635 3636
f 3637 3638 3639
f 3640 3641 3642
f 3643 3644 3645
f 3646 3647 3648
f 3649 3650 3651
f 3652 3653 3654
f 3655 3656 3657
f 3658 3659 3660
f 3661 3662 3663
f 3664 3665 3666
f 3667 3668 3669
f 3670 3671 3672
f 3673 3674 3675
f 3676 3677 3678
f 3679 3680 3681
f 3682 3683 3684
f 3685 3686 3687
f 3688 3689 3690
f 3691 3692 3693
f 3694 3695 3696
f 3697 3698 3699
f 3700 3701 3702
f 3703 3704 3705
f 3706 3707 3708
f 3709 3710 3711
f 3712 3713 3714
f 3715 3716 3717
f 3718 3719 3720
f 3721 3722 3723
f 3724 3725 3726
f 3727 3728 3729
f 3730 3731 3732
f 3733 3734 3735
f 3736 3737 3738
f 3739 3740 3741
f 3742 3743 3744
f 3745 3746 3747
f 3748 3749 3750
f 3751 3752 3753
f 3754 3755 3756
f 3757 3758 3759
f 3760 3761 3762
f 3763 3764 3765
f 3766 3767 3768
f 3769 3770 3771
f 3772 3773 3774
f 3775 3776 3777
f 3778 3779 3780
f 3781 3782 3783
f 3784 3785 3786
f 3787 3788 3789
f 3790 3791 3792
f 3793 3794 3795
f 3796 3797 3798
f 3799 3800 3801
f 3802 3803 3804
f 3805 3806 3807
f 3808 3809 3810
f 3811 3812 3813
f 3814 3815 3816
f 3817 3818 3819
f 3820 3821 3822
f 3823 3824 3825
f 3826 3827 3828
f 3829 3830 3831
f 3832 3833 3834
f 3835 3836 3837
f 3838 3839 3840
f 3841 3842 3843
f 3844 3845 3846
f 3847 3848 3849
f 3850 3851 3852
f 3853 3854 3855
f 3856 3857 3858
f 3859 3860 3861
f 3862 3863 3864
f 3865 3866 3867
f 3868 3869 3870
f 3871 3872 3873
f 3874 3875 3876
f 3877 3878 3879
f 3880 3881 3882
f 3883 3884 3885
f 3886 3887 3888
f 3889 3890 3891
f 3892 3893 3894
f 3895 3896 3897
f 3898 3899 3900
f 3901 3902 3903
f 3904 3905 3906
f 3907 3908 3909
f 3910 3911 3912
f 3913 3914 3915
f 3916 3917 3918
f 3919 3920 3921
f 3922 3923 3924
f 3925 3926 3927
f 3928 3929 3930
f 3931 3932 3933
f 3934 3935 3936
f 3937 3938 3939
f 3940 3941 3942
f 3943 3944 3945
f 3946 3947 3948
f 3949 3950 3951
f 3952 3953 3954
f 3955 3956 3957
f 3958 3959 3960
f 3961 3962 3963
f 3964 3965 3966
f 3967 3968 3969
f 3970 3971 3972
f 3973 3974 3975
f 3976 3977 3978
f 3979 3980 3981
f 3982 3983 3984
f 3985 3986 3987
f 3988 3989 3990
f 3991 3992 3993
f 3994 3995 3996
f 3997 3998 3999
f 4000 4001 4002
f 4003 4004 4005
f 4006 4007 4008
f 4009 4010 4011
f 4012 4013 4014
f 4015 4016 4017
f 4018 4019 4020
f 4021 4022 4023
f 4024 4025 4026
f 4027 4028 4029
f 4030 4031 4032
f 4033 4034 4035
f 4036 4037 4038
f 4039 4040 4041
f 4042 4043 4044
f 4045 4046 4047
f 4048 4049 4050
f 4051 4052 4053
f 4054 4055 4056
f 4057 4058 4059
f 4060 4061 4062
f 4063 4064 4065
f 4066 4067 4068
f 4069 4070 4071
f 4072 4073 4074
f 4075 4076 4077
f 4078 4079 4080
f 4081 4082 4083
f 4084 4085 4086
f 4087 4088 4089
f 4090 4091 4092
f 4093 4094 4095
f 4096 4097 4098
f 4099 4100 4101
f 4102 4103 4104
f 4105 4106 4107
f 4108 4109 4110
f 4111 4112 4113
f 4114 4115 4116
f 4117 4118 4119
f 4120 4121 4122
f 4123 4124 4125
f 4126 4127 4128
f 4129 4130 4131
f 4132 4133 4134
f 4135 4136 4137
f 4138 4139 4140
f 4141 4142 4143
f 4144 4145 4146
f 4147 4148 4149
f 4150 4151 4152
f 4153 4154 4155
f 4156 4157 4158
f 4159 4160 4161
f 4162 4163 4164
f 4165 4166 4167
f 4168 4169 4170
f 4171 4172 4173
f 4174 4175 4176
f 4177 4178 4179
f 4180 4181 4182
f 4183 4184 4185
f 4186 4187 4188
f 4189 4190 4191
f 4192 4193 4194
f 4195 4196 4197
f 4198 4199 4200
f 4201 4202 4203
f 4204 4205 4206
f 4207 4208 4209
f 4210 4211 4212
f 4213 4214 4215
f 4216 4217 4218
f 4219 4220 4221
f 4222 4223 4224
f 4225 4226 4227
f 4228 4229 4230
f 4231 4232 4233
f 4234 4235 4236
f 4237 4238 4239
f 4240 4241 4242
f 4243 4244 4245
f 4246 4247 4248
f 4249 4250 4251
f 4252 4253 4254
f 4255 4256 4257
f 4258 4259 4260
f 4261 4262 4263
f 4264 4265 4266
f 4267 4268 4269
f 4270 4271 4272
f 4273 4274 4275
f 4276 4277 4278
f 4279 4280 4281
f 4282 4283 4284
f 4285 4286 4287
f 4288 4289 4290
f 4291 4292 4293
f 4294 4295 4296
f 4297 4298 4299
f 4300 4301 4302
f 4303 4304 4305
f 4306 4307 4308
f 4309 4310 4311
f 4312 4313 4314
f 4315 4316 4317
f 4318 4319 4320
f 4321 4322 4323
f 4324 4325 4326
f 4327 4328 4329
f 4330 4331 4332
f 4333 4334 4335
f 4336 4337 4338
f 4339 4340 4341
f 4342 4343 4344
f 4345 4346 4347
f 4348 4349 4350
f 4351 4352 4353
f 4354 4355 4356
f 4357 4358 4359
f 4360 4361 4362
f 4363 4364 4365
f 4366 4367 4368
f 4369 4370 4371
f 4372 4373 4374
f 4375 4376 4377
f 4378 4379 4380
f 4381 4382 4383
f 4384 4385 4386
f 4387 4388 4389
f 4390 4391 4392
f 4393 4394 4395
f 4396 4397 4398
f 4399 4400 4401
f 4402 4403 4404
f 4405 4406 4407
f 4408 4409 4410
f 4411 4412 4413
f 4414 4415 4416
f 4417 4418 4419
f 4420 4421 4422
f 4423 4424 4425
f 4426 4427 4428
f 4429 4430 4431
f 4432 4433 4434
f 4435 4436 4437
f 4438 4439 4440
f 4441 4442 4443
f 4444 4445 4446
f 4447 4448 4449
f 4450 4451 4452
f 4453 4454 4455
f 4456 4457 4458
f 4459 4460 4461
f 4462 4463 4464
f 4465 4466 4467
f 4468 4469 4470
f 4471 4472 4473
f 4474 4475 4476
f 4477 4478 4479
f 4480 4481 4482
f 4483 4484 4485
f 4486 4487 4488
f 4489 4490 4491
f 4492 4493 4494
f 4495 4496 4497
f 4498 4499 4500
f 4501 4502 4503
f 4504 4505 4506
f 4507 4508 4509
f 4510 4511 4512
f 4513 4514 4515
f 4516 4517 4518
f 4519 4520 4521
f 4522 4523 4524
f 4525 4526 4527
f 4528 4529 4530
f 4531 4532 4533
f 4534 4535 4536
f 4537 4538 4539
f 4540 4541 4542
f 4543 4544 4545
f 4546 4547 4548
f 4549 4550 4551
f 4552 4553 4554
f 4555 4556 4557
f 4558 4559 4560
f 4561 4562 4563
f 4564 4565 4566
f 4567 4568 4569
f 4570 4571 4572
f 4573 4574 4575
f 4576 4577 4578
f 4579 4580 4581
f 4582 4583 4584
f 4585 4586 4587
f 4588 4589 4590
f 4591 4592 4593
f 4594 4595 4596
f 4597 4598 4599
f 4600 4601 4602
f 4603 4604 4605
f 4606 4607 4608
f 4609 4610 4611
f 4612 4613 4614
f 4615 4616 4617
f 4618 4619 4620
f 4621 4622 4623
f 4624 4625 4626
f 4627 4628 4629
f 4630 4631 4632
f 4633 4634 4635
f 4636 4637 4638
f 4639 4640 4641
f 4642 4643 4644
f 4645 4646 4647
f 4648 4649 4650
f 4651 4652 4653
f 4654 4655 4656
f 4657 4658 4659
f 4660 4661 4662
f 4663 4664 4665
f 4666 4667 4668
f 4669 4670 4671
f 4672 4673 4674
f 4675 4676 4677
f 4678 4679 4680
f 4681 4682 4683
f 4684 4685 4686
f 4687 4688 4689
f 4690 4691 4692
f 4693 4694 4695
f 4696 4697 4698
f 4699 4700 4701
f 4702 4703 4704
f 4705 4706 4707
f 4708 4709 4710
f 4711 4712 4713
f 4714 4715 4716
f 4717 4718 4719
f 4720 4721 4722
f 4723 4724 4725
f 4726 4727 4728
f 4729 4730 4731
f 4732 4733 4734
f 4735 4736 4737
f 4738 4739 4740
f 4741 4742 4743
f 4744 4745 4746
f 4747 4748 4749
f 4750 4751 4752
f 4753 4754 4755
f 4756 4757 4758
f 4759 4760 4761
f 4762 4763 4764
f 4765 4766 4767
f 4768 4769 4770
f 4771 4772 4773
f 4774 4775 4776
f 4777 4778 4779
f 4780 4781 4782
f 4783 4784 4785
f 4786 4787 4788
f 4789 4790 4791
f 4792 4793 4794
f 4795 4796 4797
f 4798 4799 4800
f 4801 4802 4803
f 4804 4805 4806
f 4807 4808 4809
f 4810 4811 4812
f 4813 4814 4815
f 4816 4817 4818
f 4819 4820 4821
f 4822 4823 4824
f 4825 4826 4827
f 4828 4829 4830
f 4831 4832 4833
f 4834 4835 4836
f 4837 4838 4839
f 4840 4841 4842
f 4843 4844 4845
f 4846 4847 4848
f 4849 4850 4851
f 4852 4853 4854
f 4855 4856 4857
f 4858 4859 4860
f 4861 4862 4863
f 4864 4865 4866
f 4867 4868 4869
f 4870 4871 4872
f 4873 4874 4875
f 4876 4877 4878
f 4879 4880 4881
f 4882 4883 4884
f 4885 4886 4887
f 4888 4889 4890
f 4891 4892 4893
f 4894 4895 4896
f 4897 4898 4899
f 4900 4901 4902
f 4903 4904 4905
f 4906 4907 4908
f 4909 4910 4911
f 4912 4913 4914
f 4915 4916 4917
f 4918 4919 4920
f 4921 4922 4923
f 4924 4925 4926
f 4927 4928 4929
f 4930 4931 4932
f 4933 4934 4935
f 4936 4937 4938
f 4939 4940 4941
f 4942 4943 4944
f 4945 4946 4947
f 4948 4949 4950
f 4951 4952 4953
f 4954 4955 4956
f 4957 4958 4959
f 4960 4961 4962
f 4963 4964 4965
f 4966 4967 4968
f 4969 4970 4971
f 4972 4973 4974
f 4975 4976 4977
f 4978 4979 4980
f 4981 4982 4983
f 4984 4985 4986
f 4987 4988 4989
f 4990 4991 4992
f 4993 4994 4995
f 4996 4997 4998
f 4999 5000 5001
f 5002 5003 5004
f 5005 5006 5007
f 5008 5009 5010
f 5011 5012 5013
f 5014 5015 5016
f 5017 5018 5019
f 5020 5021 5022
f 5023 5024 5025
f 5026 5027 5028
f 5029 5030 5031
f 5032 5033 5034
f 5035 5036 5037
f 5038 5039 5040
f 5041 5042 5043
f 5044 5045 5046
f 5047 5048 5049
f 5050 5051 5052
f 5053 5054 5055
f 5056 5057 5058
f 5059 5060 5061
f 5062 5063 5064
f 5065 5066 5067
f 5068 5069 5070
f 5071 5072 5073
f 5074 5075 5076
f 5077 5078 5079
f 5080 5081 5082
f 5083 5084 5085
f 5086 5087 5088
f 5089 5090 5091
f 5092 5093 5094
f 5095 5096 5097
f 5098 5099 5100
f 5101 5102 5103
f 5104 5105 5106
f 5107 5108 5109
f 5110 5111 5112
f 5113 5114 5115
f 5116 5117 5118
f 5119 5120 5121
f 5122 5123 5124
f 5125 5126 5127
f 5128 5129 5130
f 5131 5132 5133
f 5134 5135 5136
f 5137 5138 5139
f 5140 5141 5142
f 5143 5144 5145
f 5146 5147 5148
f 5149 5150 5151
f 5152 5153 5154
f 5155 5156 5157
f 5158 5159 5160
f 5161 5162 5163
f 5164 5165 5166
f 5167 5168 5169
f 5170 5171 5172
f 5173 5174 5175
f 5176 5177 5178
f 5179 5180 5181
f 5182 5183 5184
f 5185 5186 5187
f 5188 5189 5190
f 5191 5192 5193
f 5194 5195 5196
f 5197 5198 5199
f 5200 5201 5202
f 5203 5204 5205
f 5206 5207 5208
f 5209 5210 5211
f 5212 5213 5214
f 5215 5216 5217
f 5218 5219 5220
f 5221 5222 5223
f 5224 5225 5226
f 5227 5228 5229
f 5230 5231 5232
f 5233 5234 5235
f 5236 5237 5238
f 5239 5240 5241
f 5242 5243 5244
f 5245 5246 5247
f 5248 5249 5250
f 5251 5252 5253
f 5254 5255 5256
f 5257 5258 5259
f 5260 5261 5262
f 5263 5264 5265
f 5266 5267 5268
f 5269 5270 5271
f 5272 5273 5274
f 5275 5276 5277
f 5278 5279 5280
f 5281 5282 5283
f 5284 5285 5286
f 5287 5288 5289
f 5290 5291 5292
f 5293 5294 5295
f 5296 5297 5298
f 5299 5300 5301
f 5302 5303 5304
f 5305 5306 5307
f 5308 5309 5310
f 5311 5312 5313
f 5314 5315 5316
f 5317 5318 5319
f 5320 5321 5322
f 5323 5324 5325
f 5326 5327 5328
f 5329 5330 5331
f 5332 5333 5334
f 5335 5336 5337
f 5338 5339 5340
f 5341 5342 5343
f 5344 5345 5346
f 5347 5348 5349
f 5350 5351 5352
f 5353 5354 5355
f 5356 5357 5358
f 5359 5360 5361
f 5362 5363 5364
f 5365 5366 5367
f 5368 5369 5370
f 5371 5372 5373
f 5374 5375 5376
f 5377 5378 5379
f 5380 5381 5382
f 5383 5384 5385
f 5386 5387 5388
f 5389 5390 5391
f 5392 5393 5394
f 5395 5396 5397
f 5398 5399 5400
f 5401 5402 5403
f 5404 5405 5406
f 5407 5408 5409
f 5410 5411 5412
f 5413 5414 5415
f 5416 5417 5418
f 5419 5420 5421
f 5422 5423 5424
f 5425 5426 5427
f 5428 5429 5430
f 5431 5432 5433
f 5434 5435 5436
f 5437 5438 5439
f 5440 5441 5442
f 5443 5444 5445
f 5446 5447 5448
f 5449 5450 5451
f 5452 5453 5454
f 5455 5456 5457
f 5458 5459 5460
f 5461 5462 5463
f 5464 5465 5466
f 5467 5468 5469
f 5470 5471 5472
f 5473 5474 5475
f 5476 5477 5478
f 5479 5480 5481
f 5482 5483 5484
f 5485 5486 5487
f 5488 5489 5490
f 5491 5492 5493
f 5494 5495 5496
f 5497 5498 5499
f 5500 5501 5502
f 5503 5504 5505
f 5506 5507 5508
f 5509 5510 5511
f 5512 5513 5514
f 5515 5516 5517
f 5518 5519 5520
f 5521 5522 5523
f 5524 5525 5526
f 5527 5528 5529
f 5530 5531 5532
f 5533 5534 5535
f 5536 5537 5538
f 5539 5540 5541
f 5542 5543 5544
f 5545 5546 5547
f 5548 5549 5550
f 5551 5552 5553
f 5554 5555 5556
f 5557 5558 5559
f 5560 5561 5562
f 5563 5564 5565
f 5566 5567 5568
f 5569 5570 5571
f 5572 5573 5574
f 5575 5576 5577
f 5578 5579 5580
f 5581 5582 5583
f 5584 5585 5586
f 5587 5588 5589
f 5590 5591 5592
f 5593 5594 5595
f 5596 5597 5598
f 5599 5600 5601
f 5602 5603 5604
f 5605 5606 5607
f 5608 5609 5610
f 5611 5612 5613
f 5614 5615 5616
f 5617 5618 5619
f 5620 5621 5622
f 5623 5624 5625
f 5626 5627 5628
f 5629 5630 5631
f 5632 5633 5634
f 5635 5636 5637
f 5638 5639 5640
f 5641 5642 5643
f 5644 5645 5646
f 5647 5648 5649
f 5650 5651 5652
f 5653 5654 5655
f 5656 5657 5658
f 5659 5660 5661
f 5662 5663 5664
f 5665 5666 5667
f 5668 5669 5670
f 5671 5672 5673
f 5674 5675 5676
f 5677 5678 5679
f 5680 5681 5682
f 5683 5684 5685
f 5686 5687 5688
f 5689 5690 5691
f 5692 5693 5694
f 5695 5696 5697
f 5698 5699 5700
f 5701 5702 5703
f 5704 5705 5706
f 5707 5708 5709
f 5710 5711 5712
f 5713 5714 5715
f 5716 5717 5718
f 5719 5720 5721
f 5722 5723 5724
f 5725 5726 5727
f 5728 5729 5730
f 5731 5732 5733
f 5734 5735 5736
f 5737 5738 5739
f 5740 5741 5742
f 5743 5744 5745
f 5746 5747 5748
f 5749 5750 5751
f 5752 5753 5754
f 5755 5756 5757
f 5758 5759 5760
f 5761 5762 5763
f 5764 5765 5766
f 5767 5768 5769
f 5770 5771 5772
f 5773 5774 5775
f 5776 5777 5778
f 5779 5780 5781
f 5782 5783 5784
f 5785 5786 5787
f 5788 5789 5790
f 5791 5792 5793
f 5794 5795 5796
f 5797 5798 5799
f 5800 5801 5802
f 5803 5804 5805
f 5806 5807 5808
f 5809 5810 5811
f 5812 5813 5814
f 5815 5816 5817
f 5818 5819 5820
f 5821 5822 5823
f 5824 5825 5826
f 5827 5828 5829
f 5830 5831 5832
f 5833 5834 5835
f 5836 5837 5838
f 5839 5840 5841
f 5842 5843 5844
f 5845 5846 5847
f 5848 5849 5850
f 5851 5852 5853
f 5854 5855 5856
f 5857 5858 5859
f 5860 5861 5862
f 5863 5864 5865
f 5866 5867 5868
f 5869 5870 5871
f 5872 5873 5874
f 5875 5876 5877
f 5878 5879 5880
f 5881 5882 5883
f 5884 5885 5886
f 5887 5888 5889
f 5890 5891 5892
f 5893 5894 5895
f 5896 5897 5898
f 5899 5900 5901
f 5902 5903 5904
f 5905 5906 5907
f 5908 5909 5910
f 5911 5912 5913
f 5914 5915 5916
f 5917 5918 5919
f 5920 5921 5922
f 5923 5924 5925
f 5926 5927 5928
f 5929 5930 5931
f 5932 5933 5934
f 5935 5936 5937
f 5938 5939 5940
f 5941 5942 5943
f 5944 5945 5946
f 5947 5948 5949
f 5950 5951 5952
f 5953 5954 5955
f 5956 5957 5958
f 5959 5960 5961
f 5962 5963 5964
f 5965 5966 5967
f 5968 5969 5970
f 5971 5972 5973
f 5974 5975 5976
f 5977 5978 5979
f 5980 5981 5982
f 5983 5984 5985
f 5986 5987 5988
f 5989 5990 5991
f 5992 5993 5994
f 5995 5996 5997
f 5998 5999 6000
f 6001 6002 6003
f 6004 6005 6006
f 6007 6008 6009
f 6010 6011 6012
f 6013 6014 6015
f 6016 6017 6018
f 6019 6020 6021
f 6022 6023 6024
f 6025 6026 6027
f 6028 6029 6030
f 6031 6032 6033
f 6034 6035 6036
f 6037 6038 6039
f 6040 6041 6042
f 6043 6044 6045
f 6046 6047 6048
f 6049 6050 6051
f 6052 6053 6054
f 6055 6056 6057
f 6058 6059 6060
f 6061 6062 6063
f 6064 6065 6066
f 6067 6068 6069
f 6070 6071 6072
f 6073 6074 6075
f 6076 6077 6078
f 6079 6080 6081
f 6082 6083 6084
f 6085 6086 6087
f 6088 6089 6090
f 6091 6092 6093
f 6094 6095 6096
f 6097 6098 6099
f 6100 6101 6102
f 6103 6104 6105
f 6106 6107 6108
f 6109 6110 6111
f 6112 6113 6114
f 6115 6116 6117
f 6118 6119 6120
f 6121 6122 6123
f 6124 6125 6126
f 6127 6128 6129
f 6130 6131 6132
f 6133 6134 6135
f 6136 6137 6138
f 6139 6140 6141
f 6142 6143 6144
f 6145 6146 6147
f 6148 6149 6150
f 6151 6152 6153
f 6154 6155 6156
f 6157 6158 6159
f 6160 6161 6162
f 6163 6164 6165
f 6166 6167 6168
f 6169 6170 6171
f 6172 6173 6174
f 6175 6176 6177
f 6178 6179 6180
f 6181 6182 6183
f 6184 6185 6186
f 6187 6188 6189
f 6190 6191 6192
f 6193 6194 6195
f 6196 6197 6198
f 6199 6200 6201
f 6202 6203 6204
f 6205 6206 6207
f 6208 6209 6210
f 6211 6212 6213
f 6214 6215 6216
f 6217 6218 6219
f 6220 6221 6222
f 6223 6224 6225
f 6226 6227 6228
f 6229 6230 6231
f 6232 6233 6234
f 6235 6236 6237
f 6238 6239 6240
f 6241 6242 6243
f 6244 6245 6246
f 6247 6248 6249
f 6250 6251 6252
f 6253 6254 6255
f 6256 6257 6258
f 6259 6260 6261
f 6262 6263 6264
f 6265 6266 6267
f 6268 6269 6270
f 6271 6272 6273
f 6274 6275 6276
f 6277 6278 6279
f 6280 6281 6282
f 6283 6284 6285
f 6286 6287 6288
f 6289 6290 6291
f 6292 6293 6294
f 6295 6296 6297
f 6298 6299 6300
f 6301 6302 6303
f 6304 6305 6306
f 6307 6308 6309
f 6310 6311 6312
f 6313 6314 6315
f 6316 6317 6318
f 6319 6320 6321
f 6322 6323 6324
f 6325 6326 6327
f 6328 6329 6330
f 6331 6332 6333
f 6334 6335 6336
f 6337 6338 6339
f 6340 6341 6342
f 6343 6344 6345
f 6346 6347 6348
f 6349 6350 6351
f 6352 6353 6354
f 6355 6356 6357
f 6358 6359 6360
f 6361 6362 6363
f 6364 6365 6366
f 6367 6368 6369
f 6370 6371 6372
f 6373 6374 6375
f 6376 6377 6378
f 6379 6380 6381
f 6382 6383 6384
f 6385 6386 6387
f 6388 6389 6390
f 6391 6392 6393
f 6394 6395 6396
f 6397 6398 6399
f 6400 6401 6402
f 6403 6404 6405
f 6406 6407 6408
f 6409 6410 6411
f 6412 6413 6414
f 6415 6416 6417
f 6418 6419 6420
f 6421 6422 6423
f 6424 6425 6426
f 6427 6428 6429
f 6430 6431 6432
f 6433 6434 6435
f 6436 6437 6438
f 6439 6440 6441
f 6442 6443 6444
f 6445 6446 6447
f 6448 6449 6450
f 6451 6452 6453
f 6454 6455 6456
f 6457 6458 6459
f 6460 6461 6462
f 6463 6464 6465
f 6466 6467 6468
f 6469 6470 6471
f 6472 6473 6474
f 6475 6476 6477
f 6478 6479 6480
f 6481 6482 6483
f 6484 6485 6486
f 6487 6488 6489
f 6490 6491 6492
f 6493 6494 6495
f 6496 6497 6498
f 6499 6500 6501
f 6502 6503 6504
f 6505 6506 6507
f 6508 6509 6510
f 6511 6512 6513
f 6514 6515 6516
f 6517 6518 6519
f 6520 6521 6522
f 6523 6524 6525
f 6526 6527 6528
f 6529 6530 6531
f 6532 6533 6534
f 6535 6536 6537
f 6538 6539 6540
f 6541 6542 6543
f 6544 6545 6546
f 6547 6548 6549
f 6550 6551 6552
f 6553 6554 6555
f 6556 6557 6558
f 6559 6560 6561
f 6562 6563 6564
f 6565 6566 6567
f 6568 6569 6570
f 6571 6572 6573
f 6574 6575 6576
f 6577 6578 6579
f 6580 6581 6582
f 6583 6584 6585
f 6586 6587 6588
f 6589 6590 6591
f 6592 6593 6594
f 6595 6596 6597
f 6598 6599 6600
f 6601 6602 6603
f 6604 6605 6606
f 6607 6608 6609
f 6610 6611 6612
f 6613 6614 6615
f 6616 6617 6618
f 6619 6620 6621
f 6622 6623 6624
f 6625 6626 6627
f 6628 6629 6630
f 6631 6632 6633
f 6634 6635 6636
f 6637 6638 6639
f 6640 6641 6642
f 6643 6644 6645
f 6646 6647 6648
f 6649 6650 6651
f 6652 6653 6654
f 6655 6656 6657
f 6658 6659 6660
f 6661 6662 6663
f 6664 6665 6666
f 6667 6668 6669
f 6670 6671 6672
f 6673 6674 6675
f 6676 6677 6678
f 6679 6680 6681
f 6682 6683 6684
f 6685 6686 6687
f 6688 6689 6690
f 6691 6692 6693
f 6694 6695 6696
f 6697 6698 6699
f 6700 6701 6702
f 6703 6704 6705
f 6706 6707 6708
f 6709 6710 6711
f 6712 6713 6714
f 6715 6716 6717
f 6718 6719 6720
f 6721 6722 6723
f 6724 6725 6726
f 6727 6728 6729
f 6730 6731 6732
f 6733 6734 6735
f 6736 6737 6738
f 6739 6740 6741
f 6742 6743 6744
f 6745 6746 6747
f 6748 6749 6750
f 6751 6752 6753
f 6754 6755 6756
f 6757 6758 6759
f 6760 6761 6762
f 6763 6764 6765
f 6766 6767 6768
f 6769 6770 6771
f 6772 6773 6774
f 6775 6776 6777
f 6778 6779 6780
f 6781 6782 6783
f 6784 6785 6786
f 6787 6788 6789
f 6790 6791 6792
f 6793 6794 6795
f 6796 6797 6798
f 6799 6800 6801
f 6802 6803 6804
f 6805 6806 6807
f 6808 6809 6810
f 6811 6812 6813
f 6814 6815 6816
f 6817 6818 6819
f 6820 6821 6822
f 6823 6824 6825
f 6826 6827 6828
f 6829 6830 6831
f 6832 6833 6834
f 6835 6836 6837
f 6838 6839 6840
f 6841 6842 6843
f 6844 6845 6846
f 6847 6848 6849
f 6850 6851 6852
f 6853 6854 6855
f 6856 6857 6858
f 6859 6860 6861
f 6862 6863 6864
f 6865 6866 6867
f 6868 6869 6870
f 6871 6872 6873
f 6874 6875 6876
f 6877 6878 6879
f 6880 6881 6882
f 6883 6884 6885
f 6886 6887 6888
f 6889 6890 6891
f 6892 6893 6894
f 6895 6896 6897
f 6898 6899 6900
f 6901 6902 6903
f 6904 6905 6906
f 6907 6908 6909
f 6910 6911 6912
f 6913 6914 6915
f 6916 6917 6918
f 6919 6920 6921
f 6922 6923 6924
f 6925 6926 6927
f 6928 6929 6930
f 6931 6932 6933
f 6934 6935 6936
f 6937 6938 6939
f 6940 6941 6942
f 6943 6944 6945
f 6946 6947 6948
f 6949 6950 6951
f 6952 6953 6954
f 6955 6956 6957
f 6958 6959 6960
f 6961 6962 6963
f 6964 6965 6966
f 6967 6968 6969
f 6970 6971 6972
f 6973 6974 6975
f 6976 6977 6978
f 6979 6980 6981
f 6982 6983 6984
f 6985 6986 6987
f 6988 6989 6990
f 6991 6992 6993
f 6994 6995 6996
f 6997 6998 6999
f 7000 7001 7002
f 7003 7004 7005
f 7006 7007 7008
f 7009 7010 7011
f 7012 7013 7014
f 7015 7016 7017
f 7018 7019 7020
f 7021 7022 7023
f 7024 7025 7026
f 7027 7028 7029
f 7030 7031 7032
f 7033 7034 7035
f 7036 7037 7038
f 7039 7040 7041
f 7042 7043 7044
f 7045 7046 7047
f 7048 7049 7050
f 7051 7052 7053
f 7054 7055 7056
f 7057 7058 7059
f 7060 7061 7062
f 7063 7064 7065
f 7066 7067 7068
f 7069 7070 7071
f 7072 7073 7074
f 7075 7076 7077
f 7078 7079 7080
f 7081 7082 7083
f 7084 7085 7086
f 7087 7088 7089
f 7090 7091 7092
f 7093 7094 7095
f 7096 7097 7098
f 7099 7100 7101
f 7102 7103 7104
f 7105 7106 7107
f 7108 7109 7110
f 7111 7112 7113
f 7114 7115 7116
f 7117 7118 7119
f 7120 7121 7122
f 7123 7124 7125
f 7126 7127 7128
f 7129 7130 7131
f 7132 7133 7134
f 7135 7136 7137
f 7138 7139 7140
f 7141 7142 7143
f 7144 7145 7146
f 7147 7148 7149
f 7150 7151 7152
f 7153 7154 7155
f 7156 7157 7158
f 7159 7160 7161
f 7162 7163 7164
f 7165 7166 7167
f 7168 7169 7170
f 7171 7172 7173
f 7174 7175 7176
f 7177 7178 7179
f 7180 7181 7182
f 7183 7184 7185
f 7186 7187 7188
f 7189 7190 7191
f 7192 7193 7194
f 7195 7196 7197
f 7198 7199 7200
f 7201 7202 7203
f 7204 7205 7206
f 7207 7208 7209
f 7210 7211 7212
f 7213 7214 7215
f 7216 7217 7218
f 7219 7220 7221
f 7222 7223 7224
f 7225 7226 7227
f 7228 7229 7230
f 7231 7232 7233
f 7234 7235 7236
f 7237 7238 7239
f 7240 7241 7242
f 7243 7244 7245
f 7246 7247 7248
f 7249 7250 7251
f 7252 7253 7254
f 7255 7256 7257
f 7258 7259 7260
f 7261 7262 7263
f 7264 7265 7266
f 7267 7268 7269
f 7270 7271 7272
f 7273 7274 7275
f 7276 7277 7278
f 7279 7280 7281
f 7282 7283 7284
f 7285 7286 7287
f 7288 7289 7290
f 7291 7292 7293
f 7294 7295 7296
f 7297 7298 7299
f 7300 7301 7302
f 7303 7304 7305
f 7306 7307 7308
f 7309 7310 7311
f 7312 7313 7314
f 7315 7316 7317
f 7318 7319 7320
f 7321 7322 7323
f 7324 7325 7326
f 7327 7328 7329
f 7330 7331 7332
f 7333 7334 7335
f 7336 7337 7338
f 7339 7340 7341
f 7342 7343 7344
f 7345 7346 7347
f 7348 7349 7350
f 7351 7352 7353
f 7354 7355 7356
f 7357 7358 7359
f 7360 7361 7362
f 7363 7364 7365
f 7366 7367 7368
f 7369 7370 7371
f 7372 7373 7374
f 7375 7376 7377
f 7378 7379 7380
f 7381 7382 7383
f 7384 7385 7386
f 7387 7388 7389
f 7390 7391 7392
f 7393 7394 7395
f 7396 7397 7398
f 7399 7400 7401
f 7402 7403 7404
f 7405 7406 7407
f 7408 7409 7410
f 7411 7412 7413
f 7414 7415 7416
f 7417 7418 7419
f 7420 7421 7422
f 7423 7424 7425
f 7426 7427 7428
f 7429 7430 7431
f 7432 7433 7434
f 7435 7436 7437
f 7438 7439 7440
f 7441 7442 7443
f 7444 7445 7446
f 7447 7448 7449
f 7450 7451 7452
f 7453 7454 7455
f 7456 7457 7458
f 7459 7460 7461
f 7462 7463 7464
f 7465 7466 7467
f 7468 7469 7470
f 7471 7472 7473
f 7474 7475 7476
f 7477 7478 7479
f 7480 7481 7482
f 7483 7484 7485
f 7486 7487 7488
f 7489 7490 7491
f 7492 7493 7494
f 7495 7496 7497
f 7498 7499 7500
f 7501 7502 7503
f 7504 7505 7506
f 7507 7508 7509
f 7510 7511 7512
f 7513 7514 7515
f 7516 7517 7518
f 7519 7520 7521
f 7522 7523 7524
f 7525 7526 7527
f 7528 7529 7530
f 7531 7532 7533
f 7534 7535 7536
f 7537 7538 7539
f 7540 7541 7542
f 7543 7544 7545
f 7546 7547 7548
f 7549 7550 7551
f 7552 7553 7554
f 7555 7556 7557
f 7558 7559 7560
f 7561 7562 7563
f 7564 7565 7566
f 7567 7568 7569
f 7570 7571 7572
f 7573 7574 7575
f 7576 7577 7578
f 7579 7580 7581
f 7582 7583 7584
f 7585 7586 7587
f 7588 7589 7590
f 7591 7592 7593
f 7594 7595 7596
f 7597 7598 7599
f 7600 7601 7602
f 7603 7604 7605
f 7606 7607 7608
f 7609 7610 7611
f 7612 7613 7614
f 7615 7616 7617
f 7618 7619 7620
f 7621 7622 7623
f 7624 7625 7626
f 7627 7628 7629
f 7630 7631 7632
f 7633 7634 7635
f 7636 7637 7638
f 7639 7640 7641
f 7642 7643 7644
f 7645 7646 7647
f 7648 7649 7650
f 7651 7652 7653
f 7654 7655 7656
f 7657 7658 7659
f 7660 7661 7662
f 7663 7664 7665
f 7666 7667 7668
f 7669 7670 7671
f 7672 7673 7674
f 7675 7676 7677
f 7678 7679 7680
f 7681 7682 7683
f 7684 7685 7686
f 7687 7688 7689
f 7690 7691 7692
f 7693 7694 7695
f 7696 7697 7698
f 7699 7700 7701
f 7702 7703 7704
f 7705 7706 7707
f 7708 7709 7710
f 7711 7712 7713
f 7714 7715 7716
f 7717 7718 7719
f 7720 7721 7722
f 7723 7724 7725
f 7726 7727 7728
f 7729 7730 7731
f 7732 7733 7734
f 7735 7736 7737
f 7738 7739 7740
f 7741 7742 7743
f 7744 7745 7746
f 7747 7748 7749
f 7750 7751 7752
f 7753 7754 7755
f 7756 7757 7758
f 7759 7760 7761
f 7762 7763 7764
f 7765 7766 7767
f 7768 7769 7770
f 7771 7772 7773
f 7774 7775 7776
f 7777 7778 7779
f 7780 7781 7782
f 7783 7784 7785
f 7786 7787 7788
f 7789 7790 7791
f 7792 7793 7794
f 7795 7796 7797
f 7798 7799 7800
f 7801 7802 7803
f 7804 7805 7806
f 7807 7808 7809
f 7810 7811 7812
f 7813 7814 7815
f 7816 7817 7818
f 7819 7820 7821
f 7822 7823 7824
f 7825 7826 7827
f 7828 7829 7830
f 7831 7832 7833
f 7834 7835 7836
f 7837 7838 7839
f 7840 7841 7842
f 7843 7844 7845
f 7846 7847 7848
f 7849 7850 7851
f 7852 7853 7854
f 7855 7856 7857
f 7858 7859 7860
f 7861 7862 7863
f 7864 7865 7866
f 7867 7868 7869
f 7870 7871 7872
f 7873 7874 7875
f 7876 7877 7878
f 7879 7880 7881
f 7882 7883 7884
f 7885 7886 7887
f 7888 7889 7890
f 7891 7892 7893
f 7894 7895 7896
f 7897 7898 7899
f 7900 7901 7902
f 7903 7904 7905
f 7906 7907 7908
f 7909 7910 7911
f 7912 7913 7914
f 7915 7916 7917
f 7918 7919 7920
f 7921 7922 7923
f 7924 7925 7926
f 7927 7928 7929
f 7930 7931 7932
f 7933 7934 7935
f 7936 7937 7938
f 7939 7940 7941
f 7942 7943 7944
f 7945 7946 7947
f 7948 7949 7950
f 7951 7952 7953
f 7954 7955 7956
f 7957 7958 7959
f 7960 7961 7962
f 7963 7964 7965
f 7966 7967 7968
f 7969 7970 7971
f 7972 7973 7974
f 7975 7976 7977
f 7978 7979 7980
f 7981 7982 7983
f 7984 7985 7986
f 7987 7988 7989
f 7990 7991 7992
f 7993 7994 7995
f 7996 7997 7998
f 7999 8000 8001
f 8002 8003 8004
f 8005 8006 8007
f 8008 8009 8010
f 8011 8012 8013
f 8014 8015 8016
f 8017 8018 8019
f 8020 8021 8022
f 8023 8024 8025
f 8026 8027 8028
f 8029 8030 8031
f 8032 8033 8034
f 8035 8036 8037
f 8038 8039 8040
f 8041 8042 8043
f 8044 8045 8046
f 8047 8048 8049
f 8050 8051 8052
f 8053 8054 8055
f 8056 8057 8058
f 8059 8060 8061
f 8062 8063 8064
f 8065 8066 8067
f 8068 8069 8070
f 8071 8072 8073
f 8074 8075 8076
f 8077 8078 8079
f 8080 8081 8082
f 8083 8084 8085
f 8086 8087 8088
f 8089 8090 8091
f 8092 8093 8094
f 8095 8096 8097
f 8098 8099 8100
f 8101 8102 8103
f 8104 8105 8106
f 8107 8108 8109
f 8110 8111 8112
f 8113 8114 8115
f 8116 8117 8118
f 8119 8120 8121
f 8122 8123 8124
f 8125 8126 8127
f 8128 8129 8130
f 8131 8132 8133
f 8134 8135 8136
f 8137 8138 8139
f 8140 8141 8142
f 8143 8144 8145
f 8146 8147 8148
f 8149 8150 8151
f 8152 8153 8154
f 8155 8156 8157
f 8158 8159 8160
f 8161 8162 8163
f 8164 8165 8166
f 8167 8168 8169
f 8170 8171 8172
f 8173 8174 8175
f 8176 8177 8178
f 8179 8180 8181
f 8182 8183 8184
f 8185 8186 8187
f 8188 8189 8190
f 8191 8192 8193
f 8194 8195 8196
f 8197 8198 8199
f 8200 8201 8202
f 8203 8204 8205
f 8206 8207 8208
f 8209 8210 8211
f 8212 8213 8214
f 8215 8216 8217
f 8218 8219 8220
f 8221 8222 8223
f 8224 8225 8226
f 8227 8228 8229
f 8230 8231 8232
f 8233 8234 8235
f 8236 8237 8238
f 8239 8240 8241
f 8242 8243 8244
f 8245 8246 8247
f 8248 8249 8250
f 8251 8252 8253
f 8254 8255 8256
f 8257 8258 8259
f 8260 8261 8262
f 8263 8264 8265
f 8266 8267 8268
f 8269 8270 8271
f 8272 8273 8274
f 8275 8276 8277
f 8278 8279 8280
f 8281 8282 8283
f 8284 8285 8286
f 8287 8288 8289
f 8290 8291 8292
f 8293 8294 8295
f 8296 8297 8298
f 8299 8300 8301
f 8302 8303 8304
f 8305 8306 8307
f 8308 8309 8310
f 8311 8312 8313
f 8314 8315 8316
f 8317 8318 8319
f 8320 8321 8322
f 8323 8324 8325
f 8326 8327 8328
f 8329 8330 8331
f 8332 8333 8334
f 8335 8336 8337
f 8338 8339 8340
f 8341 8342 8343
f 8344 8345 8346
f 8347 8348 8349
f 8350 8351 8352
f 8353 8354 8355
f 8356 8357 8358
f 8359 8360 8361
f 8362 8363 8364
f 8365 8366 8367
f 8368 8369 8370
f 8371 8372 8373
f 8374 8375 8376
f 8377 8378 8379
f 8380 8381 8382
f 8383 8384 8385
f 8386 8387 8388
f 8389 8390 8391
f 8392 8393 8394
f 8395 8396 8397
f 8398 8399 8400
f 8401 8402 8403
f 8404 8405 8406
f 8407 8408 8409
f 8410 8411 8412
f 8413 8414 8415
f 8416 8417 8418
f 8419 8420 8421
f 8422 8423 8424
f 8425 8426 8427
f 8428 8429 8430
f 8431 8432 8433
f 8434 8435 8436
f 8437 8438 8439
f 8440 8441 8442
f 8443 8444 8445
f 8446 8447 8448
f 8449 8450 8451
f 8452 8453 8454
f 8455 8456 8457
f 8458 8459 8460
f 8461 8462 8463
f 8464 8465 8466
f 8467 8468 8469
f 8470 8471 8472
f 8473 8474 8475
f 8476 8477 8478
f 8479 8480 8481
f 8482 8483 8484
f 8485 8486 8487
f 8488 8489 8490
f 8491 8492 8493
f 8494 8495 8496
f 8497 8498 8499
f 8500 8501 8502
f 8503 8504 8505
f 8506 8507 8508
f 8509 8510 8511
f 8512 8513 8514
f 8515 8516 8517
f 8518 8519 8520
f 8521 8522 8523
f 8524 8525 8526
f 8527 8528 8529
f 8530 8531 8532
f 8533 8534 8535
f 8536 8537 8538
f 8539 8540 8541
f 8542 8543 8544
f 8545 8546 8547
f 8548 8549 8550
f 8551 8552 8553
f 8554 8555 8556
f 8557 8558 8559
f 8560 8561 8562
f 8563 8564 8565
f 8566 8567 8568
f 8569 8570 8571
f 8572 8573 8574
f 8575 8576 8577
f 8578 8579 8580
f 8581 8582 8583
f 8584 8585 8586
f 8587 8588 8589
f 8590 8591 8592
f 8593 8594 8595
f 8596 8597 8598
f 8599 8600 8601
f 8602 8603 8604
f 8605 8606 8607
f 8608 8609 8610
f 8611 8612 8613
f 8614 8615 8616
f 8617 8618 8619
f 8620 8621 8622
f 8623 8624 8625
f 8626 8627 8628
f 8629 8630 8631
f 8632 8633 8634
f 8635 8636 8637
f 8638 8639 8640
f 8641 8642 8643
f 8644 8645 8646
f 8647 8648 8649
f 8650 8651 8652
f 8653 8654 8655
f 8656 8657 8658
f 8659 8660 8661
f 8662 8663 8664
f 8665 8666 8667
f 8668 8669 8670
f 8671 8672 8673
f 8674 8675 8676
f 8677 8678 8679
f 8680 8681 8682
f 8683 8684 8685
f 8686 8687 8688
f 8689 8690 8691
f 8692 8693 8694
f 8695 8696 8697
f 8698 8699 8700
f 8701 8702 8703
f 8704 8705 8706
f 8707 8708 8709
f 8710 8711 8712
f 8713 8714 8715
f 8716 8717 8718
f 8719 8720 8721
f 8722 8723 8724
f 8725 8726 8727
f 8728 8729 8730
f 8731 8732 8733
f 8734 8735 8736
f 8737 8738 8739
f 8740 8741 8742
f 8743 8744 8745
f 8746 8747 8748
f 8749 8750 8751
f 8752 8753 8754
f 8755 8756 8757
f 8758 8759 8760
f 8761 8762 8763
f 8764 8765 8766
f 8767 8768 8769
f 8770 8771 8772
f 8773 8774 8775
f 8776 8777 8778
f 8779 8780 8781
f 8782 8783 8784
f 8785 8786 8787
f 8788 8789 8790
f 8791 8792 8793
f 8794 8795 8796
f 8797 8798 8799
f 8800 8801 8802
f 8803 8804 8805
f 8806 8807 8808
f 8809 8810 8811
f 8812 8813 8814
f 8815 8816 8817
f 8818 8819 8820
f 8821 8822 8823
f 8824 8825 8826
f 8827 8828 8829
f 8830 8831 8832
f 8833 8834 8835
f 8836 8837 8838
f 8839 8840 8841
f 8842 8843 8844
f 8845 8846 8847
f 8848 8849 8850
f 8851 8852 8853
f 8854 8855 8856
f 8857 8858 8859
f 8860 8861 8862
f 8863 8864 8865
f 8866 8867 8868
f 8869 8870 8871
f 8872 8873 8874
f 8875 8876 8877
f 8878 8879 8880
f 8881 8882 8883
f 8884 8885 8886
f 8887 8888 8889
f 8890 8891 8892
f 8893 8894 8895
f 8896 8897 8898
f 8899 8900 8901
f 8902 8903 8904
f 8905 8906 8907
f 8908 8909 8910
f 8911 8912 8913
f 8914 8915 8916
f 8917 8918 8919
f 8920 8921 8922
f 8923 8924 8925
f 8926 8927 8928
f 8929 8930 8931
f 8932 8933 8934
f 8935 8936 8937
f 8938 8939 8940
f 8941 8942 8943
f 8944 8945 8946
f 8947 8948 8949
f 8950 8951 8952
f 8953 8954 8955
f 8956 8957 8958
f 8959 8960 8961
f 8962 8963 8964
f 8965 8966 8967
f 8968 8969 8970
f 8971 8972 8973
f 8974 8975 8976
f 8977 8978 8979
f 8980 8981 8982
f 8983 8984 8985
f 8986 8987 8988
f 8989 8990 8991
f 8992 8993 8994
f 8995 8996 8997
f 8998 8999 9000
f 9001 9002 9003
f 9004 9005 9006
f 9007 9008 9009
f 9010 9011 9012
f 9013 9014 9015
f 9016 9017 9018
f 9019 9020 9021
f 9022 9023 9024
f 9025 9026 9027
f 9028 9029 9030
f 9031 9032 9033
f 9034 9035 9036
f 9037 9038 9039
f 9040 9041 9042
f 9043 9044 9045
f 9046 9047 9048
f 9049 9050 9051
f 9052 9053 9054
f 9055 9056 9057
f 9058 9059 9060
f 9061 9062 9063
f 9064 9065 9066
f 9067 9068 9069
f 9070 9071 9072
f 9073 9074 9075
f 9076 9077 9078
f 9079 9080 9081
f 9082 9083 9084
f 9085 9086 9087
f 9088 9089 9090
f 9091 9092 9093
f 9094 9095 9096
f 9097 9098 9099
f 9100 9101 9102
f 9103 9104 9105
f 9106 9107 9108
f 9109 9110 9111
f 9112 9113 9114
f 9115 9116 9117
f 9118 9119 9120
f 9121 9122 9123
f 9124 9125 9126
f 9127 9128 9129
f 9130 9131 9132
f 9133 9134 9135
f 9136 9137 9138
f 9139 9140 9141
f 9142 9143 9144
f 9145 9146 9147
f 9148 9149 9150
f 9151 9152 9153
f 9154 9155 9156
f 9157 9158 9159
f 9160 9161 9162
f 9163 9164 9165
f 9166 9167 9168
f 9169 9170 9171
f 9172 9173 9174
f 9175 9176 9177
f 9178 9179 9180
f 9181 9182 9183
f 9184 9185 9186
f 9187 9188 9189
f 9190 9191 9192
f 9193 9194 9195
f 9196 9197 9198
f 9199 9200 9201
f 9202 9203 9204
f 9205 9206 9207
f 9208 9209 9210
f 9211 9212 9213
f 9214 9215 9216
f 9217 9218 9219
f 9220 9221 9222
f 9223 9224 9225
f 9226 9227 9228
f 9229 9230 9231
f 9232 9233 9234
f 9235 9236 9237
f 9238 9239 9240
f 9241 9242 9243
f 9244 9245 9246
f 9247 9248 9249
f 9250 9251 9252
f 9253 9254 9255
f 9256 9257 9258
f 9259 9260 9261
f 9262 9263 9264
f 9265 9266 9267
f 9268 9269 9270
f 9271 9272 9273
f 9274 9275 9276
f 9277 9278 9279
f 9280 9281 9282
f 9283 9284 9285
f 9286 9287 9288
f 9289 9290 9291
f 9292 9293 9294
f 9295 9296 9297
f 9298 9299 9300
f 9301 9302 9303
f 9304 9305 9306
f 9307 9308 9309
f 9310 9311 9312
f 9313 9314 9315
f 9316 9317 9318
f 9319 9320 9321
f 9322 9323 9324
f 9325 9326 9327
f 9328 9329 9330
f 9331 9332 9333
f 9334 9335 9336
f 9337 9338 9339
f 9340 9341 9342
f 9343 9344 9345
f 9346 9347 9348
f 9349 9350 9351
f 9352 9353 9354
f 9355 9356 9357
f 9358 9359 9360
f 9361 9362 9363
f 9364 9365 9366
f 9367 9368 9369
f 9370 9371 9372
f 9373 9374 9375
f 9376 9377 9378
f 9379 9380 9381
f 9382 9383 9384
f 9385 9386 9387
f 9388 9389 9390
f 9391 9392 9393
f 9394 9395 9396
f 9397 9398 9399
f 9400 9401 9402
f 9403 9404 9405
f 9406 9407 9408
f 9409 9410 9411
f 9412 9413 9414
f 9415 9416 9417
f 9418 9419 9420
f 9421 9422 9423
f 9424 9425 9426
f 9427 9428 9429
f 9430 9431 9432
f 9433 9434 9435
f 9436 9437 9438
f 9439 9440 9441
f 9442 9443 9444
f 9445 9446 9447
f 9448 9449 9450
f 9451 9452 9453
f 9454 9455 9456
f 9457 9458 9459
f 9460 9461 9462
f 9463 9464 9465
f 9466 9467 9468
f 9469 9470 9471
f 9472 9473 9474
f 9475 9476 9477
f 9478 9479 9480
f 9481 9482 9483
f 9484 9485 9486
f 9487 9488 9489
f 9490 9491 9492
f 9493 9494 9495
f 9496 9497 9498
f 9499 9500 9501
f 9502 9503 9504
f 9505 9506 9507
f 9508 9509 9510
f 9511 9512 9513
f 9514 9515 9516
f 9517 9518 9519
f 9520 9521 9522
f 9523 9524 9525
f 9526 9527 9528
f 9529 9530 9531
f 9532 9533 9534
f 9535 9536 9537
f 9538 9539 9540
f 9541 9542 9543
f 9544 9545 9546
f 9547 9548 9549
f 9550 9551 9552
f 9553 9554 9555
f 9556 9557 9558
f 9559 9560 9561
f 9562 9563 9564
f 9565 9566 9567
f 9568 9569 9570
f 9571 9572 9573
f 9574 9575 9576
f 9577 9578 9579
f 9580 9581 9582
f 9583 9584 9585
f 9586 9587 9588
f 9589 9590 9591
f 9592 9593 9594
f 9595 9596 9597
f 9598 9599 9600
f 9601 9602 9603
f 9604 9605 9606
f 9607 9608 9609
f 9610 9611 9612
f 9613 9614 9615
f 9616 9617 9618
f 9619 9620 9621
f 9622 9623 9624
f 9625 9626 9627
f 9628 9629 9630
f 9631 9632 9633
f 9634 9635 9636
f 9637 9638 9639
f 9640 9641 9642
f 9643 9644 9645
f 9646 9647 9648
f 9649 9650 9651
f 9652 9653 9654
f 9655 9656 9657
f 9658 9659 9660
f 9661 9662 9663
f 9664 9665 9666
f 9667 9668 9669
f 9670 9671 9672
f 9673 9674 9675
f 9676 9677 9678
f 9679 9680 9681
f 9682 9683 9684
f 9685 9686 9687
f 9688 9689 9690
f 9691 9692 9693
f 9694 9695 9696
f 9697 9698 9699
f 9700 9701 9702
f 9703 9704 9705
f 9706 9707 9708
f 9709 9710 9711
f 9712 9713 9714
f 9715 9716 9717
f 9718 9719 9720
f 9721 9722 9723
f 9724 9725 9726
f 9727 9728 9729
f 9730 9731 9732
f 9733 9734 9735
f 9736 9737 9738
f 9739 9740 9741
f 9742 9743 9744
f 9745 9746 9747
f 9748 9749 9750
f 9751 9752 9753
f 9754 9755 9756
f 9757 9758 9759
f 9760 9761 9762
f 9763 9764 9765
f 9766 9767 9768
f 9769 9770 9771
f 9772 9773 9774
f 9775 9776 9777
f 9778 9779 9780
f 9781 9782 9783
f 9784 9785 9786
f 9787 9788 9789
f 9790 9791 9792
f 9793 9794 9795
f 9796 9797 9798
f 9799 9800 9801
f 9802 9803 9804
f 9805 9806 9807
f 9808 9809 9810
f 9811 9812 9813
f 9814 9815 9816
f 9817 9818 9819
f 9820 9821 9822
f 9823 9824 9825
f 9826 9827 9828
f 9829 9830 9831
f 9832 9833 9834
f 9835 9836 9837
f 9838 9839 9840
f 9841 9842 9843
f 9844 9845 9846
f 9847 9848 9849
f 9850 9851 9852
f 9853 9854 9855
f 9856 9857 9858
f 9859 9860 9861
f 9862 9863 9864
f 9865 9866 9867
f 9868 9869 9870
f 9871 9872 9873
f 9874 9875 9876
f 9877 9878 9879
f 9880 9881 9882
f 9883 9884 9885
f 9886 9887 9888
f 9889 9890 9891
f 9892 9893 9894
f 9895 9896 9897
f 9898 9899 9900
f 9901 9902 9903
f 9904 9905 9906
f 9907 9908 9909
f 9910 9911 9912
f 9913 9914 9915
f 9916 9917 9918
f 9919 9920 9921
f 9922 9923 9924
f 9925 9926 9927
f 9928 9929 9930
f 9931 9932 9933
f 9934 9935 9936
f 9937 9938 9939
f 9940 9941 9942
f 9943 9944 9945
f 9946 9947 9948
f 9949 9950 9951
f 9952 9953 9954
f 9955 9956 9957
f 9958 9959 9960
f 9961 9962 9963
f 9964 9965 9966
f 9967 9968 9969
f 9970 9971 9972
f 9973 9974 9975
f 9976 9977 9978
f 9979 9980 9981
f 9982 9983 9984
f 9985 9986 9987
f 9988 9989 9990
f 9991 9992 9993
f 9994 9995 9996
f 9997 9998 9999
f 10000 10001 10002
f 10003 10004 10005
f 10006 10007 10008
f 10009 10010 10011
f 10012 10013 10014
f 10015 10016 10017
f 10018 10019 10020
f 10021 10022 10023
f 10024 10025 10026
f 10027 10028 10029
f 10030 10031 10032
f 10033 10034 10035
f 10036 10037 10038
f 10039 10040 10041
f 10042 10043 10044
f 10045 10046 10047
f 10048 10049 10050
f 10051 10052 10053
f 10054 10055 10056
f 10057 10058 10059
f 10060 10061 10062
f 10063 10064 10065
f 10066 10067 10068
f 10069 10070 10071
f 10072 10073 10074
f 10075 10076 10077
f 10078 10079 10080
f 10081 10082 10083
f 10084 10085 10086
f 10087 10088 10089
f 10090 10091 10092
f 10093 10094 10095
f 10096 10097 10098
f 10099 10100 10101
f 10102 10103 10104
f 10105 10106 10107
f 10108 10109 10110
f 10111 10112 10113
f 10114 10115 10116
f 10117 10118 10119
f 10120 10121 10122
f 10123 10124 10125
f 10126 10127 10128
f 10129 10130 10131
f 10132 10133 10134
f 10135 10136 10137
f 10138 10139 10140
f 10141 10142 10143
f 10144 10145 10146
f 10147 10148 10149
f 10150 10151 10152
f 10153 10154 10155
f 10156 10157 10158
f 10159 10160 10161
f 10162 10163 10164
f 10165 10166 10167
f 10168 10169 10170
f 10171 10172 10173
f 10174 10175 10176
f 10177 10178 10179
f 10180 10181 10182
f 10183 10184 10185
f 10186 10187 10188
f 10189 10190 10191
f 10192 10193 10194
f 10195 10196 10197
f 10198 10199 10200
f 10201 10202 10203
f 10204 10205 10206
f 10207 10208 10209
f 10210 10211 10212
f 10213 10214 10215
f 10216 10217 10218
f 10219 10220 10221
f 10222 10223 10224
f 10225 10226 10227
f 10228 10229 10230
f 10231 10232 10233
f 10234 10235 10236
f 10237 10238 10239
f 10240 10241 10242
f 10243 10244 10245
f 10246 10247 10248
f 10249 10250 10251
f 10252 10253 10254
f 10255 10256 10257
f 10258 10259 10260
f 10261 10262 10263
f 10264 10265 10266
f 10267 10268 10269
f 10270 10271 10272
f 10273 10274 10275
f 10276 10277 10278
f 10279 10280 10281
f 10282 10283 10284
f 10285 10286 10287
f 10288 10289 10290
f 10291 10292 10293
f 10294 10295 10296
f 10297 10298 10299
f 10300 10301 10302
f 10303 10304 10305
f 10306 10307 10308
f 10309 10310 10311
f 10312 10313 10314
f 10315 10316 10317
f 10318 10319 10320
f 10321 10322 10323
f 10324 10325 10326
f 10327 10328 10329
f 10330 10331 10332
f 10333 10334 10335
f 10336 10337 10338
f 10339 10340 10341
f 10342 10343 10344
f 10345 10346 10347
f 10348 10349 10350
f 10351 10352 10353
f 10354 10355 10356
f 10357 10358 10359
f 10360 10361 10362
f 10363 10364 10365
f 10366 10367 10368
f 10369 10370 10371
f 10372 10373 10374
f 10375 10376 10377
f 10378 10379 10380
f 10381 10382 10383
f 10384 10385 10386
f 10387 10388 10389
f 10390 10391 10392
f 10393 10394 10395
f 10396 10397 10398
f 10399 10400 10401
f 10402 10403 10404
f 10405 10406 10407
f 10408 10409 10410
f 10411 10412 10413
f 10414 10415 10416
f 10417 10418 10419
f 10420 10421 10422
f 10423 10424 10425
f 10426 10427 10428
f 10429 10430 10431
f 10432 10433 10434
f 10435 10436 10437
f 10438 10439 10440
f 10441 10442 10443
f 10444 10445 10446
f 10447 10448 10449
f 10450 10451 10452
f 10453 10454 10455
f 10456 10457 10458
f 10459 10460 10461
f 10462 10463 10464
f 10465 10466 10467
f 10468 10469 10470
f 10471 10472 10473
f 10474 10475 10476
f 10477 10478 10479
f 10480 10481 10482
f 10483 10484 10485
f 10486 10487 10488
f 10489 10490 10491
f 10492 10493 10494
f 10495 10496 10497
f 10498 10499 10500
f 10501 10502 10503
f 10504 10505 10506
f 10507 10508 10509
f 10510 10511 10512
f 10513 10514 10515
f 10516 10517 10518
f 10519 10520 10521
f 10522 10523 10524
f 10525 10526 10527
f 10528 10529 10530
f 10531 10532 10533
f 10534 10535 10536
f 10537 10538 10539
f 10540 10541 10542
f 10543 10544 10545
f 10546 10547 10548
f 10549 10550 10551
f 10552 10553 10554
f 10555 10556 10557
f 10558 10559 10560
f 10561 10562 10563
f 10564 10565 10566
f 10567 10568 10569
f 10570 10571 10572
f 10573 10574 10575
f 10576 10577 10578
f 10579 10580 10581
f 10582 10583 10584
f 10585 10586 10587
f 10588 10589 10590
f 10591 10592 10593
f 10594 10595 10596
f 10597 10598 10599
f 10600 10601 10602
f 10603 10604 10605
f 10606 10607 10608
f 10609 10610 10611
f 10612 10613 10614
f 10615 10616 10617
f 10618 10619 10620
f 10621 10622 10623
f 10624 10625 10626
f 10627 10628 10629
f 10630 10631 10632
f 10633 10634 10635
f 10636 10637 10638
f 10639 10640 10641
f 10642 10643 10644
f 10645 10646 10647
f 10648 10649 10650
f 10651 10652 10653
f 10654 10655 10656
f 10657 10658 10659
f 10660 10661 10662
f 10663 10664 10665
f 10666 10667 10668
f 10669 10670 10671
f 10672 10673 10674
f 10675 10676 10677
f 10678 10679 10680
f 10681 10682 10683
f 10684 10685 10686
f 10687 10688 10689
f 10690 10691 10692
f 10693 10694 10695
f 10696 10697 10698
f 10699 10700 10701
f 10702 10703 10704
f 10705 10706 10707
f 10708 10709 10710
f 10711 10712 10713
f 10714 10715 10716
f 10717 10718 10719
f 10720 10721 10722
f 10723 10724 10725
f 10726 10727 10728
f 10729 10730 10731
f 10732 10733 10734
f 10735 10736 10737
f 10738 10739 10740
f 10741 10742 10743
f 10744 10745 10746
f 10747 10748 10749
f 10750 10751 10752
f 10753 10754 10755
f 10756 10757 10758
f 10759 10760 10761
f 10762 10763 10764
f 10765 10766 10767
f 10768 10769 10770
f 10771 10772 10773
f 10774 10775 10776
f 10777 10778 10779
f 10780 10781 10782
f 10783 10784 10785
f 10786 10787 10788
f 10789 10790 10791
f 10792 10793 10794
f 10795 10796 10797
f 10798 10799 10800
f 10801 10802 10803
f 10804 10805 10806
f 10807 10808 10809
f 10810 10811 10812
f 10813 10814 10815
f 10816 10817 10818
f 10819 10820 10821
f 10822 10823 10824
f 10825 10826 10827
f 10828 10829 10830
f 10831 10832 10833
f 10834 10835 10836
f 10837 10838 10839
f 10840 10841 10842
f 10843 10844 10845
f 10846 10847 10848
f 10849 10850 10851
f 10852 10853 10854
f 10855 10856 10857
f 10858 10859 10860
f 10861 10862 10863
f 10864 10865 10866
f 10867 10868 10869
f 10870 10871 10872
f 10873 10874 10875
f 10876 10877 10878
f 10879 10880 10881
f 10882 10883 10884
f 10885 10886 10887
f 10888 10889 10890
f 10891 10892 10893
f 10894 10895 10896
f 10897 10898 10899
f 10900 10901 10902
f 10903 10904 10905
f 10906 10907 10908
f 10909 10910 10911
f 10912 10913 10914
f 10915 10916 10917
f 10918 10919 10920
f 10921 10922 10923
f 10924 10925 10926
f 10927 10928 10929
f 10930 10931 10932
f 10933 10934 10935
f 10936 10937 10938
f 10939 10940 10941
f 10942 10943 10944
f 10945 10946 10947
f 10948 10949 10950
f 10951 10952 10953
f 10954 10955 10956
