mtllib L_thumb_distal_visuals_Link14_L_mesh.mtl
v -0.0005215851124376059 0.007374858018010852 -0.0024500000290572643
v -0.0009128389065153897 0.007686174940317867 -0.0029499998781830072
v -0.003745834343135357 0.00412574829533696 -0.0029499998781830072
v -0.0005215851124376059 0.007374858018010852 -0.0024500000290572643
v -0.003745834343135357 0.00412574829533696 -0.0029499998781830072
v -0.004847606178373098 0.0019380331505089992 -0.0024500000290572643
v -0.004847606178373098 0.0019380331505089992 -0.0024500000290572643
v -0.003745834343135357 0.00412574829533696 -0.0029499998781830072
v -0.003964949864894152 0.003832429880276321 -0.0029388293623924255
v -0.004847606178373098 0.0019380331505089992 -0.0024500000290572643
v -0.003964949864894152 0.003832429880276321 -0.0029388293623924255
v -0.0044885664246976376 0.0029257435817271462 -0.002784027950838208
v 0.002248740056529641 0.008045896887779232 -0.0029499998781830072
v 0.002013984601944685 0.008209442719817158 -0.0029499998781830072
v 0.0019374232506379485 0.007654639426618812 -0.0024500000290572643
v 0.0019374232506379485 0.007654639426618812 -0.0024500000290572643
v 0.002013984601944685 0.008209442719817158 -0.0029499998781830072
v 0.0017548344330862164 0.007781843189150092 -0.0024500000290572643
v -0.0005215851124376059 0.007374858018010852 -0.009549999609589577
v -0.0009128389065153897 0.007686174940317867 -0.009050000458955765
v -0.0002427067083772272 0.008253308944404122 -0.009050000458955765
v -0.0005215851124376059 0.007374858018010852 -0.009549999609589577
v -0.0002427067083772272 0.008253308944404122 -0.009050000458955765
v -3.709827467446303e-07 0.007815962657332417 -0.009549999609589577
v -3.709827467446303e-07 0.007815962657332417 -0.009549999609589577
v -0.0002427067083772272 0.008253308944404122 -0.009050000458955765
v 0.0005934504442848265 0.008520821109414097 -0.009050000458955765
v -3.709827467446303e-07 0.007815962657332417 -0.009549999609589577
v 0.0005934504442848265 0.008520821109414097 -0.009050000458955765
v 0.0006499775336124003 0.008024024777114388 -0.009549999609589577
v 0.0006499775336124003 0.008024024777114388 -0.009549999609589577
v 0.0005934504442848265 0.008520821109414097 -0.009050000458955765
v 0.0014683310873806477 0.008447987027466294 -0.009050000458955765
v 0.0006499775336124003 0.008024024777114388 -0.009549999609589577
v 0.0014683310873806477 0.008447987027466294 -0.009050000458955765
v 0.0013304384192451835 0.007967376150190827 -0.009549999609589577
v 0.0013304384192451835 0.007967376150190827 -0.009549999609589577
v 0.0014683310873806477 0.008447987027466294 -0.009050000458955765
v 0.002248740056529641 0.008045896887779232 -0.009050000458955765
v 0.0013304384192451835 0.007967376150190827 -0.009549999609589577
v 0.002248740056529641 0.008045896887779232 -0.009050000458955765
v 0.0019374232506379485 0.007654639426618812 -0.009549999609589577
v -0.00443296879529953 0.0030417090747505418 -0.009187274612486362
v -0.0005215851124376059 0.007374858018010852 -0.009549999609589577
v -0.004725729580968618 0.002337966347113251 -0.00939636304974556
v -0.004725729580968618 0.002337966347113251 -0.00939636304974556
v -0.0005215851124376059 0.007374858018010852 -0.009549999609589577
v -0.004847606178373098 0.0019380331505089992 -0.009549999609589577
v -0.00443296879529953 0.0030417090747505418 -0.009187274612486362
v -0.004311676602810621 0.0032748614903539406 -0.009137015789747238
v -0.0005215851124376059 0.007374858018010852 -0.009549999609589577
v -0.0005215851124376059 0.007374858018010852 -0.009549999609589577
v -0.004311676602810621 0.0032748614903539406 -0.009137015789747238
v -0.003745834343135357 0.00412574829533696 -0.009050000458955765
v -0.0005215851124376059 0.007374858018010852 -0.009549999609589577
v -0.003745834343135357 0.00412574829533696 -0.009050000458955765
v -0.0009128389065153897 0.007686174940317867 -0.009050000458955765
v 0.002248740056529641 0.008045896887779232 -0.007550000213086605
v 0.002248740056529641 0.008045896887779232 -0.009050000458955765
v 0.0014683310873806477 0.008447987027466294 -0.009050000458955765
v 0.002248740056529641 0.008045896887779232 -0.007550000213086605
v 0.0014683310873806477 0.008447987027466294 -0.009050000458955765
v 0.0014683310873806477 0.008447987027466294 -0.007550000213086605
v 0.0014683310873806477 0.008447987027466294 -0.007550000213086605
v 0.0014683310873806477 0.008447987027466294 -0.009050000458955765
v 0.0005934504442848265 0.008520821109414097 -0.009050000458955765
v 0.0014683310873806477 0.008447987027466294 -0.007550000213086605
v 0.0005934504442848265 0.008520821109414097 -0.009050000458955765
v 0.0005934504442848265 0.008520821109414097 -0.007550000213086605
v 0.0005934504442848265 0.008520821109414097 -0.007550000213086605
v 0.0005934504442848265 0.008520821109414097 -0.009050000458955765
v -0.0002427067083772272 0.008253308944404122 -0.009050000458955765
v 0.0005934504442848265 0.008520821109414097 -0.007550000213086605
v -0.0002427067083772272 0.008253308944404122 -0.009050000458955765
v -0.0002427067083772272 0.008253308944404122 -0.007550000213086605
v -0.0002427067083772272 0.008253308944404122 -0.007550000213086605
v -0.0002427067083772272 0.008253308944404122 -0.009050000458955765
v -0.0009128389065153897 0.007686174940317867 -0.009050000458955765
v -0.0002427067083772272 0.008253308944404122 -0.007550000213086605
v -0.0009128389065153897 0.007686174940317867 -0.009050000458955765
v -0.0009128389065153897 0.007686174940317867 -0.007550000213086605
v 0.002248740056529641 0.008045896887779232 -0.0029499998781830072
v 0.002248740056529641 0.008045896887779232 -0.004449999891221523
v 0.002013984601944685 0.008209442719817158 -0.0029499998781830072
v 0.002013984601944685 0.008209442719817158 -0.0029499998781830072
v 0.002248740056529641 0.008045896887779232 -0.004449999891221523
v 0.0014683310873806477 0.008447987027466294 -0.004449999891221523
v 0.002013984601944685 0.008209442719817158 -0.0029499998781830072
v 0.0014683310873806477 0.008447987027466294 -0.004449999891221523
v 0.0014683310873806477 0.008447987027466294 -0.0029499998781830072
v 0.0014683310873806477 0.008447987027466294 -0.0029499998781830072
v 0.0014683310873806477 0.008447987027466294 -0.004449999891221523
v 0.0012594207655638456 0.008497274480760094 -0.0029499998781830072
v 0.0012594207655638456 0.008497274480760094 -0.0029499998781830072
v 0.0014683310873806477 0.008447987027466294 -0.004449999891221523
v 0.0005934504442848265 0.008520821109414097 -0.004449999891221523
v 0.0012594207655638456 0.008497274480760094 -0.0029499998781830072
v 0.0005934504442848265 0.008520821109414097 -0.004449999891221523
v 0.0005934504442848265 0.008520821109414097 -0.0029499998781830072
v 0.0005934504442848265 0.008520821109414097 -0.0029499998781830072
v 0.0005934504442848265 0.008520821109414097 -0.004449999891221523
v 0.00045182876056060195 0.008500124327838417 -0.0029499998781830072
v 0.00045182876056060195 0.008500124327838417 -0.0029499998781830072
v 0.0005934504442848265 0.008520821109414097 -0.004449999891221523
v -0.0002427067083772272 0.008253308944404122 -0.004449999891221523
v 0.00045182876056060195 0.008500124327838417 -0.0029499998781830072
v -0.0002427067083772272 0.008253308944404122 -0.004449999891221523
v -0.0002427067083772272 0.008253308944404122 -0.0029499998781830072
v -0.0002427067083772272 0.008253308944404122 -0.0029499998781830072
v -0.0002427067083772272 0.008253308944404122 -0.004449999891221523
v -0.00030474780942313373 0.008217626251280304 -0.0029499998781830072
v -0.00030474780942313373 0.008217626251280304 -0.0029499998781830072
v -0.0002427067083772272 0.008253308944404122 -0.004449999891221523
v -0.0009128389065153897 0.007686174940317867 -0.004449999891221523
v -0.00030474780942313373 0.008217626251280304 -0.0029499998781830072
v -0.0009128389065153897 0.007686174940317867 -0.004449999891221523
v -0.0009128389065153897 0.007686174940317867 -0.0029499998781830072
v -0.0008460237295366824 0.0012386451708152886 -0.004449999891221523
v -0.0012996698496863246 0.0007489050040021537 -0.004449999891221523
v -0.004431259352713823 0.0030451694037765256 -0.004449999891221523
v -0.004431259352713823 0.0030451694037765256 -0.004449999891221523
v -0.0012996698496863246 0.0007489050040021537 -0.004449999891221523
v -0.004871956538408995 0.0018438192782923573 -0.004449999891221523
v -0.004871956538408995 0.0018438192782923573 -0.004449999891221523
v -0.0012996698496863246 0.0007489050040021537 -0.004449999891221523
v -0.0014958971878513694 0.00011083282879553731 -0.004449999891221523
v -0.004871956538408995 0.0018438192782923573 -0.004449999891221523
v -0.0014958971878513694 0.00011083282879553731 -0.004449999891221523
v -0.005047868471592665 0.0005763338413089512 -0.004449999891221523
v 0.0014958980027586222 -0.0001108335418393835 -0.004449999891221523
v 0.007530690636485815 0.003843101207166909 -0.004449999891221523
v 0.001299670897424221 -0.0007489055860787628 -0.004449999891221523
v 0.001299670897424221 -0.0007489055860787628 -0.004449999891221523
v 0.007530690636485815 0.003843101207166909 -0.004449999891221523
v 6.145551014924422e-05 -0.005544027313590048 -0.004449999891221523
v 0.001299670897424221 -0.0007489055860787628 -0.004449999891221523
v 6.145551014924422e-05 -0.005544027313590048 -0.004449999891221523
v 0.000846024660859257 -0.0012386457528918977 -0.004449999891221523
v 0.0014958980027586222 -0.0001108335418393835 -0.004449999891221523
v 0.0013958511408418417 0.0005491865449585018 -0.004449999891221523
v 0.007530690636485815 0.003843101207166909 -0.004449999891221523
v 0.007530690636485815 0.003843101207166909 -0.004449999891221523
v 0.0013958511408418417 0.0005491865449585018 -0.004449999891221523
v 0.0010193302296102047 0.0011004384141415353 -0.004449999891221523
v 0.007530690636485815 0.003843101207166909 -0.004449999891221523
v 0.0010193302296102047 0.0011004384141415353 -0.004449999891221523
v 0.0004409220418892801 0.0014337329193949695 -0.004449999891221523
v -0.005047868471592665 0.0005763338413089512 -0.004449999891221523
v -0.0014958971878513694 0.00011083282879553731 -0.004449999891221523
v -0.004951009526848793 -0.0006996261654421685 -0.004449999891221523
v -0.004951009526848793 -0.0006996261654421685 -0.004449999891221523
v -0.0014958971878513694 0.00011083282879553731 -0.004449999891221523
v -0.0013958500931039453 -0.0005491870688274501 -0.004449999891221523
v -0.004951009526848793 -0.0006996261654421685 -0.004449999891221523
v -0.0013958500931039453 -0.0005491870688274501 -0.004449999891221523
v -0.004585777875036001 -0.0019260277040302747 -0.004449999891221523
v 0.007530690636485815 0.003843101207166909 -0.004449999891221523
v 0.002383678685873747 0.0058231228031218035 -0.004449999891221523
v 0.0043004220351576805 0.006413394119590519 -0.004449999891221523
v 0.0043004220351576805 0.006413394119590519 -0.004449999891221523
v 0.002383678685873747 0.0058231228031218035 -0.004449999891221523
v 0.0022836250718683004 0.00648314645513892 -0.004449999891221523
v 0.0043004220351576805 0.006413394119590519 -0.004449999891221523
v 0.0022836250718683004 0.00648314645513892 -0.004449999891221523
v 0.002248740056529641 0.008045896887779232 -0.004449999891221523
v 0.002248740056529641 0.008045896887779232 -0.004449999891221523
v 0.0022836250718683004 0.00648314645513892 -0.004449999891221523
v 0.0019071109127253294 0.007034394890069959 -0.004449999891221523
v 0.002248740056529641 0.008045896887779232 -0.004449999891221523
v 0.0019071109127253294 0.007034394890069959 -0.004449999891221523
v 0.0014683310873806477 0.008447987027466294 -0.004449999891221523
v 0.0014683310873806477 0.008447987027466294 -0.004449999891221523
v 0.0019071109127253294 0.007034394890069959 -0.004449999891221523
v 0.0013287026667967439 0.0073676891624927495 -0.004449999891221523
v 0.0014683310873806477 0.008447987027466294 -0.004449999891221523
v 0.0013287026667967439 0.0073676891624927495 -0.004449999891221523
v 0.0005934504442848265 0.008520821109414097 -0.004449999891221523
v 0.0005934504442848265 0.008520821109414097 -0.004449999891221523
v 0.0013287026667967439 0.0073676891624927495 -0.004449999891221523
v 0.0006629686686210334 0.0074170124717056725 -0.004449999891221523
v 0.0005934504442848265 0.008520821109414097 -0.004449999891221523
v 0.0006629686686210334 0.0074170124717056725 -0.004449999891221523
v -0.0002427067083772272 0.008253308944404122 -0.004449999891221523
v -0.0002427067083772272 0.008253308944404122 -0.004449999891221523
v 0.0006629686686210334 0.0074170124717056725 -0.004449999891221523
v 4.175711001153104e-05 0.007172601763159034 -0.004449999891221523
v -0.0002427067083772272 0.008253308944404122 -0.004449999891221523
v 4.175711001153104e-05 0.007172601763159034 -0.004449999891221523
v -0.0009128389065153897 0.007686174940317867 -0.004449999891221523
v -0.0009128389065153897 0.007686174940317867 -0.004449999891221523
v 4.175711001153104e-05 0.007172601763159034 -0.004449999891221523
v -0.0004118893120903522 0.006682861130684612 -0.004449999891221523
v -0.0009128389065153897 0.007686174940317867 -0.004449999891221523
v -0.0004118893120903522 0.006682861130684612 -0.004449999891221523
v -0.003745834343135357 0.00412574829533696 -0.004449999891221523
v -0.004585777875036001 -0.0019260277040302747 -0.004449999891221523
v -0.0013958500931039453 -0.0005491870688274501 -0.004449999891221523
v -0.003968784119933844 -0.0030470893252640954 -0.004449999891221523
v -0.003968784119933844 -0.0030470893252640954 -0.004449999891221523
v -0.0013958500931039453 -0.0005491870688274501 -0.004449999891221523
v -0.00101932929828763 -0.0011004389962181445 -0.004449999891221523
v -0.003968784119933844 -0.0030470893252640954 -0.004449999891221523
v -0.00101932929828763 -0.0011004389962181445 -0.004449999891221523
v -0.0031280957628041506 -0.004011817742139099 -0.004449999891221523
v -0.0031280957628041506 -0.004011817742139099 -0.004449999891221523
v -0.00101932929828763 -0.0011004389962181445 -0.004449999891221523
v -0.002173514338210225 -0.00473339296877384 -0.004449999891221523
v -0.002173514338210225 -0.00473339296877384 -0.004449999891221523
v -0.00101932929828763 -0.0011004389962181445 -0.004449999891221523
v -0.00044092736789025366 -0.0014337296597659584 -0.004449999891221523
v -0.002173514338210225 -0.00473339296877384 -0.004449999891221523
v -0.00044092736789025366 -0.0014337296597659584 -0.004449999891221523
v -0.001094725215807557 -0.0052511892281472666 -0.004449999891221523
v -0.001094725215807557 -0.0052511892281472666 -0.004449999891221523
v -0.00044092736789025366 -0.0014337296597659584 -0.004449999891221523
v 6.145551014924422e-05 -0.005544027313590048 -0.004449999891221523
v 6.145551014924422e-05 -0.005544027313590048 -0.004449999891221523
v -0.00044092736789025366 -0.0014337296597659584 -0.004449999891221523
v 0.00022481275664176792 -0.0014830568106845017 -0.004449999891221523
v 6.145551014924422e-05 -0.005544027313590048 -0.004449999891221523
v 0.00022481275664176792 -0.0014830568106845017 -0.004449999891221523
v 0.000846024660859257 -0.0012386457528918977 -0.004449999891221523
v 0.0004468531406018883 0.004500226583331822 -0.004449999891221523
v 0.0011125934543088078 0.0044508995488286 -0.004449999891221523
v 0.0004409220418892801 0.0014337329193949695 -0.004449999891221523
v 0.0004409220418892801 0.0014337329193949695 -0.004449999891221523
v 0.0011125934543088078 0.0044508995488286 -0.004449999891221523
v 0.0017338052857667208 0.004695310723036526 -0.004449999891221523
v 0.0004409220418892801 0.0014337329193949695 -0.004449999891221523
v 0.0017338052857667208 0.004695310723036526 -0.004449999891221523
v 0.007530690636485815 0.003843101207166909 -0.004449999891221523
v 0.007530690636485815 0.003843101207166909 -0.004449999891221523
v 0.0017338052857667208 0.004695310723036526 -0.004449999891221523
v 0.0021874515805393457 0.005185051355510948 -0.004449999891221523
v 0.007530690636485815 0.003843101207166909 -0.004449999891221523
v 0.0021874515805393457 0.005185051355510948 -0.004449999891221523
v 0.002383678685873747 0.0058231228031218035 -0.004449999891221523
v -0.0004118893120903522 0.006682861130684612 -0.004449999891221523
v -0.0006081229657866061 0.0060447929427027685 -0.004449999891221523
v -0.003745834343135357 0.00412574829533696 -0.004449999891221523
v -0.003745834343135357 0.00412574829533696 -0.004449999891221523
v -0.0006081229657866061 0.0060447929427027685 -0.004449999891221523
v -0.0005080695846118033 0.005384769290685652 -0.004449999891221523
v -0.003745834343135357 0.00412574829533696 -0.004449999891221523
v -0.0005080695846118033 0.005384769290685652 -0.004449999891221523
v -0.004431259352713823 0.0030451694037765256 -0.004449999891221523
v -0.004431259352713823 0.0030451694037765256 -0.004449999891221523
v -0.0005080695846118033 0.005384769290685652 -0.004449999891221523
v -0.00013155510532669723 0.0048335213214158994 -0.004449999891221523
v -0.004431259352713823 0.0030451694037765256 -0.004449999891221523
v -0.00013155510532669723 0.0048335213214158994 -0.004449999891221523
v -0.0008460237295366824 0.0012386451708152886 -0.004449999891221523
v -0.0008460237295366824 0.0012386451708152886 -0.004449999891221523
v -0.00013155510532669723 0.0048335213214158994 -0.004449999891221523
v 0.0004468531406018883 0.004500226583331822 -0.004449999891221523
v -0.0008460237295366824 0.0012386451708152886 -0.004449999891221523
v 0.0004468531406018883 0.004500226583331822 -0.004449999891221523
v -0.00022481179621536285 0.0014830562286078926 -0.004449999891221523
v -0.00022481179621536285 0.0014830562286078926 -0.004449999891221523
v 0.0004468531406018883 0.004500226583331822 -0.004449999891221523
v 0.0004409220418892801 0.0014337329193949695 -0.004449999891221523
v 0.007530690636485815 0.003843101207166909 -0.007550000213086605
v 6.145551014924422e-05 -0.005544027313590048 -0.007550000213086605
v 0.007530690636485815 0.003843101207166909 -0.004449999891221523
v 0.007530690636485815 0.003843101207166909 -0.004449999891221523
v 6.145551014924422e-05 -0.005544027313590048 -0.007550000213086605
v 6.145551014924422e-05 -0.005544027313590048 -0.004449999891221523
v 0.0019071109127253294 0.007034394890069959 -0.0024500000290572643
v 0.0019071109127253294 0.007034394890069959 -0.004449999891221523
v 0.0022836250718683004 0.00648314645513892 -0.0024500000290572643
v 0.0022836250718683004 0.00648314645513892 -0.0024500000290572643
v 0.0019071109127253294 0.007034394890069959 -0.004449999891221523
v 0.0022836250718683004 0.00648314645513892 -0.004449999891221523
v 0.0022836250718683004 0.00648314645513892 -0.0024500000290572643
v 0.0022836250718683004 0.00648314645513892 -0.004449999891221523
v 0.002383678685873747 0.0058231228031218035 -0.0024500000290572643
v 0.002383678685873747 0.0058231228031218035 -0.0024500000290572643
v 0.0022836250718683004 0.00648314645513892 -0.004449999891221523
v 0.002383678685873747 0.0058231228031218035 -0.004449999891221523
v 0.002383678685873747 0.0058231228031218035 -0.0024500000290572643
v 0.002383678685873747 0.0058231228031218035 -0.004449999891221523
v 0.0021874515805393457 0.005185051355510948 -0.0024500000290572643
v 0.0021874515805393457 0.005185051355510948 -0.0024500000290572643
v 0.002383678685873747 0.0058231228031218035 -0.004449999891221523
v 0.0021874515805393457 0.005185051355510948 -0.004449999891221523
v 0.0021874515805393457 0.005185051355510948 -0.0024500000290572643
v 0.0021874515805393457 0.005185051355510948 -0.004449999891221523
v 0.0017338052857667208 0.004695310723036526 -0.0024500000290572643
v 0.0017338052857667208 0.004695310723036526 -0.0024500000290572643
v 0.0021874515805393457 0.005185051355510948 -0.004449999891221523
v 0.0017338052857667208 0.004695310723036526 -0.004449999891221523
v 0.0017338052857667208 0.004695310723036526 -0.0024500000290572643
v 0.0017338052857667208 0.004695310723036526 -0.004449999891221523
v 0.0011125934543088078 0.0044508995488286 -0.0024500000290572643
v 0.0011125934543088078 0.0044508995488286 -0.0024500000290572643
v 0.0017338052857667208 0.004695310723036526 -0.004449999891221523
v 0.0011125934543088078 0.0044508995488286 -0.004449999891221523
v 0.0011125934543088078 0.0044508995488286 -0.0024500000290572643
v 0.0011125934543088078 0.0044508995488286 -0.004449999891221523
v 0.0004468531406018883 0.004500226583331822 -0.0024500000290572643
v 0.0004468531406018883 0.004500226583331822 -0.0024500000290572643
v 0.0011125934543088078 0.0044508995488286 -0.004449999891221523
v 0.0004468531406018883 0.004500226583331822 -0.004449999891221523
v 0.0004468531406018883 0.004500226583331822 -0.0024500000290572643
v 0.0004468531406018883 0.004500226583331822 -0.004449999891221523
v -0.00013155510532669723 0.0048335213214158994 -0.0024500000290572643
v -0.00013155510532669723 0.0048335213214158994 -0.0024500000290572643
v 0.0004468531406018883 0.004500226583331822 -0.004449999891221523
v -0.00013155510532669723 0.0048335213214158994 -0.004449999891221523
v 0.0010193302296102047 0.0011004384141415353 -0.0024500000290572643
v 0.0010193302296102047 0.0011004384141415353 -0.004449999891221523
v 0.0013958511408418417 0.0005491865449585018 -0.0024500000290572643
v 0.0013958511408418417 0.0005491865449585018 -0.0024500000290572643
v 0.0010193302296102047 0.0011004384141415353 -0.004449999891221523
v 0.0013958511408418417 0.0005491865449585018 -0.004449999891221523
v 0.0013958511408418417 0.0005491865449585018 -0.0024500000290572643
v 0.0013958511408418417 0.0005491865449585018 -0.004449999891221523
v 0.0014958980027586222 -0.0001108335418393835 -0.0024500000290572643
v 0.0014958980027586222 -0.0001108335418393835 -0.0024500000290572643
v 0.0013958511408418417 0.0005491865449585018 -0.004449999891221523
v 0.0014958980027586222 -0.0001108335418393835 -0.004449999891221523
v 0.0014958980027586222 -0.0001108335418393835 -0.0024500000290572643
v 0.0014958980027586222 -0.0001108335418393835 -0.004449999891221523
v 0.001299670897424221 -0.0007489055860787628 -0.0024500000290572643
v 0.001299670897424221 -0.0007489055860787628 -0.0024500000290572643
v 0.0014958980027586222 -0.0001108335418393835 -0.004449999891221523
v 0.001299670897424221 -0.0007489055860787628 -0.004449999891221523
v 0.001299670897424221 -0.0007489055860787628 -0.0024500000290572643
v 0.001299670897424221 -0.0007489055860787628 -0.004449999891221523
v 0.000846024660859257 -0.0012386457528918977 -0.0024500000290572643
v 0.000846024660859257 -0.0012386457528918977 -0.0024500000290572643
v 0.001299670897424221 -0.0007489055860787628 -0.004449999891221523
v 0.000846024660859257 -0.0012386457528918977 -0.004449999891221523
v 0.000846024660859257 -0.0012386457528918977 -0.0024500000290572643
v 0.000846024660859257 -0.0012386457528918977 -0.004449999891221523
v 0.00022481275664176792 -0.0014830568106845017 -0.0024500000290572643
v 0.00022481275664176792 -0.0014830568106845017 -0.0024500000290572643
v 0.000846024660859257 -0.0012386457528918977 -0.004449999891221523
v 0.00022481275664176792 -0.0014830568106845017 -0.004449999891221523
v 0.00022481275664176792 -0.0014830568106845017 -0.0024500000290572643
v 0.00022481275664176792 -0.0014830568106845017 -0.004449999891221523
v -0.00044092736789025366 -0.0014337296597659584 -0.0024500000290572643
v -0.00044092736789025366 -0.0014337296597659584 -0.0024500000290572643
v 0.00022481275664176792 -0.0014830568106845017 -0.004449999891221523
v -0.00044092736789025366 -0.0014337296597659584 -0.004449999891221523
v -0.00044092736789025366 -0.0014337296597659584 -0.0024500000290572643
v -0.00044092736789025366 -0.0014337296597659584 -0.004449999891221523
v -0.00101932929828763 -0.0011004389962181445 -0.0024500000290572643
v -0.00101932929828763 -0.0011004389962181445 -0.0024500000290572643
v -0.00044092736789025366 -0.0014337296597659584 -0.004449999891221523
v -0.00101932929828763 -0.0011004389962181445 -0.004449999891221523
v -0.0009128389065153897 0.007686174940317867 -0.0029499998781830072
v -0.0009128389065153897 0.007686174940317867 -0.004449999891221523
v -0.003745834343135357 0.00412574829533696 -0.0029499998781830072
v -0.003745834343135357 0.00412574829533696 -0.0029499998781830072
v -0.0009128389065153897 0.007686174940317867 -0.004449999891221523
v -0.003745834343135357 0.00412574829533696 -0.004449999891221523
v 3.833578739431687e-05 0.005016925744712351 -0.009549999609589577
v 3.833578739431687e-05 0.005016925744712351 -0.007550000213086605
v 0.0006106582586653531 0.004715061746537684 -0.009549999609589577
v 0.0006106582586653531 0.004715061746537684 -0.009549999609589577
v 3.833578739431687e-05 0.005016925744712351 -0.007550000213086605
v 0.0006106582586653531 0.004715061746537684 -0.007550000213086605
v 0.0006106582586653531 0.004715061746537684 -0.009549999609589577
v 0.0006106582586653531 0.004715061746537684 -0.007550000213086605
v 0.0012572281993925571 0.0047398032620549185 -0.009549999609589577
v 0.0012572281993925571 0.0047398032620549185 -0.009549999609589577
v 0.0006106582586653531 0.004715061746537684 -0.007550000213086605
v 0.0012572281993925571 0.0047398032620549185 -0.007550000213086605
v 0.0012572281993925571 0.0047398032620549185 -0.009549999609589577
v 0.0012572281993925571 0.0047398032620549185 -0.007550000213086605
v 0.0018048088531941175 0.00508451461791992 -0.009549999609589577
v 0.0018048088531941175 0.00508451461791992 -0.009549999609589577
v 0.0012572281993925571 0.0047398032620549185 -0.007550000213086605
v 0.0018048088531941175 0.00508451461791992 -0.007550000213086605
v 0.0018048088531941175 0.00508451461791992 -0.009549999609589577
v 0.0018048088531941175 0.00508451461791992 -0.007550000213086605
v 0.002106670057401061 0.00565683515742421 -0.009549999609589577
v 0.002106670057401061 0.00565683515742421 -0.009549999609589577
v 0.0018048088531941175 0.00508451461791992 -0.007550000213086605
v 0.002106670057401061 0.00565683515742421 -0.007550000213086605
v 0.002106670057401061 0.00565683515742421 -0.009549999609589577
v 0.002106670057401061 0.00565683515742421 -0.007550000213086605
v 0.0020819352939724922 0.006303407717496155 -0.009549999609589577
v 0.0020819352939724922 0.006303407717496155 -0.009549999609589577
v 0.002106670057401061 0.00565683515742421 -0.007550000213086605
v 0.0020819352939724922 0.006303407717496155 -0.007550000213086605
v 0.0020819352939724922 0.006303407717496155 -0.009549999609589577
v 0.0020819352939724922 0.006303407717496155 -0.007550000213086605
v 0.0017372197471559048 0.006850989535450933 -0.009549999609589577
v 0.0017372197471559048 0.006850989535450933 -0.009549999609589577
v 0.0020819352939724922 0.006303407717496155 -0.007550000213086605
v 0.0017372197471559048 0.006850989535450933 -0.007550000213086605
v -0.00101932929828763 -0.0011004389962181445 -0.009549999609589577
v -0.00101932929828763 -0.0011004389962181445 -0.007550000213086605
v -0.00044092736789025366 -0.0014337296597659584 -0.009549999609589577
v -0.00044092736789025366 -0.0014337296597659584 -0.009549999609589577
v -0.00101932929828763 -0.0011004389962181445 -0.007550000213086605
v -0.00044092736789025366 -0.0014337296597659584 -0.007550000213086605
v -0.00044092736789025366 -0.0014337296597659584 -0.009549999609589577
v -0.00044092736789025366 -0.0014337296597659584 -0.007550000213086605
v 0.00022481275664176792 -0.0014830568106845017 -0.009549999609589577
v 0.00022481275664176792 -0.0014830568106845017 -0.009549999609589577
v -0.00044092736789025366 -0.0014337296597659584 -0.007550000213086605
v 0.00022481275664176792 -0.0014830568106845017 -0.007550000213086605
v 0.00022481275664176792 -0.0014830568106845017 -0.009549999609589577
v 0.00022481275664176792 -0.0014830568106845017 -0.007550000213086605
v 0.000846024660859257 -0.0012386457528918977 -0.009549999609589577
v 0.000846024660859257 -0.0012386457528918977 -0.009549999609589577
v 0.00022481275664176792 -0.0014830568106845017 -0.007550000213086605
v 0.000846024660859257 -0.0012386457528918977 -0.007550000213086605
v 0.000846024660859257 -0.0012386457528918977 -0.009549999609589577
v 0.000846024660859257 -0.0012386457528918977 -0.007550000213086605
v 0.001299670897424221 -0.0007489055860787628 -0.009549999609589577
v 0.001299670897424221 -0.0007489055860787628 -0.009549999609589577
v 0.000846024660859257 -0.0012386457528918977 -0.007550000213086605
v 0.001299670897424221 -0.0007489055860787628 -0.007550000213086605
v 0.001299670897424221 -0.0007489055860787628 -0.009549999609589577
v 0.001299670897424221 -0.0007489055860787628 -0.007550000213086605
v 0.0014958980027586222 -0.0001108335418393835 -0.009549999609589577
v 0.0014958980027586222 -0.0001108335418393835 -0.009549999609589577
v 0.001299670897424221 -0.0007489055860787628 -0.007550000213086605
v 0.0014958980027586222 -0.0001108335418393835 -0.007550000213086605
v 0.0014958980027586222 -0.0001108335418393835 -0.009549999609589577
v 0.0014958980027586222 -0.0001108335418393835 -0.007550000213086605
v 0.0013958511408418417 0.0005491865449585018 -0.009549999609589577
v 0.0013958511408418417 0.0005491865449585018 -0.009549999609589577
v 0.0014958980027586222 -0.0001108335418393835 -0.007550000213086605
v 0.0013958511408418417 0.0005491865449585018 -0.007550000213086605
v 0.0013958511408418417 0.0005491865449585018 -0.009549999609589577
v 0.0013958511408418417 0.0005491865449585018 -0.007550000213086605
v 0.0010193302296102047 0.0011004384141415353 -0.009549999609589577
v 0.0010193302296102047 0.0011004384141415353 -0.009549999609589577
v 0.0013958511408418417 0.0005491865449585018 -0.007550000213086605
v 0.0010193302296102047 0.0011004384141415353 -0.007550000213086605
v -0.003745834343135357 0.00412574829533696 -0.009050000458955765
v -0.003745834343135357 0.00412574829533696 -0.007550000213086605
v -0.0009128389065153897 0.007686174940317867 -0.009050000458955765
v -0.0009128389065153897 0.007686174940317867 -0.009050000458955765
v -0.003745834343135357 0.00412574829533696 -0.007550000213086605
v -0.0009128389065153897 0.007686174940317867 -0.007550000213086605
v 6.145551014924422e-05 -0.005544027313590048 -0.007550000213086605
v -0.001094725215807557 -0.0052511892281472666 -0.007550000213086605
v -0.001094725215807557 -0.0052511892281472666 -0.009549999609589577
v -0.001094725215807557 -0.0052511892281472666 -0.009549999609589577
v -0.001094725215807557 -0.0052511892281472666 -0.007550000213086605
v -0.002173514338210225 -0.00473339296877384 -0.007550000213086605
v -0.001094725215807557 -0.0052511892281472666 -0.009549999609589577
v -0.002173514338210225 -0.00473339296877384 -0.007550000213086605
v -0.002173514338210225 -0.00473339296877384 -0.009549999609589577
v -0.002173514338210225 -0.00473339296877384 -0.009549999609589577
v -0.002173514338210225 -0.00473339296877384 -0.007550000213086605
v -0.0031280957628041506 -0.004011817742139099 -0.007550000213086605
v -0.002173514338210225 -0.00473339296877384 -0.009549999609589577
v -0.0031280957628041506 -0.004011817742139099 -0.007550000213086605
v -0.0031280957628041506 -0.004011817742139099 -0.009549999609589577
v -0.001094725215807557 -0.0052511892281472666 -0.009549999609589577
v 6.535558350151405e-05 -0.005544607061892746 -0.009549999609589577
v 6.145551014924422e-05 -0.005544027313590048 -0.007550000213086605
v 6.145551014924422e-05 -0.005544027313590048 -0.007550000213086605
v 6.535558350151405e-05 -0.005544607061892746 -0.009549999609589577
v 6.535558350151405e-05 -0.005544607061892746 -0.0024500000290572643
v 6.145551014924422e-05 -0.005544027313590048 -0.007550000213086605
v 6.535558350151405e-05 -0.005544607061892746 -0.0024500000290572643
v 6.145551014924422e-05 -0.005544027313590048 -0.004449999891221523
v 6.145551014924422e-05 -0.005544027313590048 -0.004449999891221523
v 6.535558350151405e-05 -0.005544607061892746 -0.0024500000290572643
v -0.001094725215807557 -0.0052511892281472666 -0.004449999891221523
v 6.535558350151405e-05 -0.005544607061892746 -0.0024500000290572643
v -0.001094725215807557 -0.0052511892281472666 -0.0024500000290572643
v -0.001094725215807557 -0.0052511892281472666 -0.004449999891221523
v -0.001094725215807557 -0.0052511892281472666 -0.004449999891221523
v -0.001094725215807557 -0.0052511892281472666 -0.0024500000290572643
v -0.002173514338210225 -0.00473339296877384 -0.0024500000290572643
v -0.001094725215807557 -0.0052511892281472666 -0.004449999891221523
v -0.002173514338210225 -0.00473339296877384 -0.0024500000290572643
v -0.002173514338210225 -0.00473339296877384 -0.004449999891221523
v -0.002173514338210225 -0.00473339296877384 -0.004449999891221523
v -0.002173514338210225 -0.00473339296877384 -0.0024500000290572643
v -0.0031280957628041506 -0.004011817742139099 -0.0024500000290572643
v -0.002173514338210225 -0.00473339296877384 -0.004449999891221523
v -0.0031280957628041506 -0.004011817742139099 -0.0024500000290572643
v -0.0031280957628041506 -0.004011817742139099 -0.004449999891221523
v 0.007530690636485815 0.003843101207166909 -0.007550000213086605
v 0.0018048088531941175 0.00508451461791992 -0.007550000213086605
v 0.0012572281993925571 0.0047398032620549185 -0.007550000213086605
v 0.0010193302296102047 0.0011004384141415353 -0.007550000213086605
v 0.0013958511408418417 0.0005491865449585018 -0.007550000213086605
v 0.0012572281993925571 0.0047398032620549185 -0.007550000213086605
v 0.0012572281993925571 0.0047398032620549185 -0.007550000213086605
v 0.0013958511408418417 0.0005491865449585018 -0.007550000213086605
v 0.0014958980027586222 -0.0001108335418393835 -0.007550000213086605
v 0.0012572281993925571 0.0047398032620549185 -0.007550000213086605
v 0.0014958980027586222 -0.0001108335418393835 -0.007550000213086605
v 0.007530690636485815 0.003843101207166909 -0.007550000213086605
v 0.007530690636485815 0.003843101207166909 -0.007550000213086605
v 0.0014958980027586222 -0.0001108335418393835 -0.007550000213086605
v 0.001299670897424221 -0.0007489055860787628 -0.007550000213086605
v 0.007530690636485815 0.003843101207166909 -0.007550000213086605
v 0.001299670897424221 -0.0007489055860787628 -0.007550000213086605
v 6.145551014924422e-05 -0.005544027313590048 -0.007550000213086605
v -0.003745834343135357 0.00412574829533696 -0.007550000213086605
v -0.004431259352713823 0.0030451694037765256 -0.007550000213086605
v 3.833578739431687e-05 0.005016925744712351 -0.007550000213086605
v -0.004951009526848793 -0.0006996261654421685 -0.007550000213086605
v -0.004585777875036001 -0.0019260277040302747 -0.007550000213086605
v -0.0013958500931039453 -0.0005491870688274501 -0.007550000213086605
v -0.0013958500931039453 -0.0005491870688274501 -0.007550000213086605
v -0.004585777875036001 -0.0019260277040302747 -0.007550000213086605
v -0.003968784119933844 -0.0030470893252640954 -0.007550000213086605
v -0.0013958500931039453 -0.0005491870688274501 -0.007550000213086605
v -0.003968784119933844 -0.0030470893252640954 -0.007550000213086605
v -0.00101932929828763 -0.0011004389962181445 -0.007550000213086605
v -0.004431259352713823 0.0030451694037765256 -0.007550000213086605
v -0.004871956538408995 0.0018438192782923573 -0.007550000213086605
v 3.833578739431687e-05 0.005016925744712351 -0.007550000213086605
v 3.833578739431687e-05 0.005016925744712351 -0.007550000213086605
v -0.004871956538408995 0.0018438192782923573 -0.007550000213086605
v -0.005047868471592665 0.0005763338413089512 -0.007550000213086605
v 3.833578739431687e-05 0.005016925744712351 -0.007550000213086605
v -0.005047868471592665 0.0005763338413089512 -0.007550000213086605
v -0.004951009526848793 -0.0006996261654421685 -0.007550000213086605
v 0.001299670897424221 -0.0007489055860787628 -0.007550000213086605
v 0.000846024660859257 -0.0012386457528918977 -0.007550000213086605
v 6.145551014924422e-05 -0.005544027313590048 -0.007550000213086605
v 6.145551014924422e-05 -0.005544027313590048 -0.007550000213086605
v 0.000846024660859257 -0.0012386457528918977 -0.007550000213086605
v 0.00022481275664176792 -0.0014830568106845017 -0.007550000213086605
v 6.145551014924422e-05 -0.005544027313590048 -0.007550000213086605
v 0.00022481275664176792 -0.0014830568106845017 -0.007550000213086605
v -0.001094725215807557 -0.0052511892281472666 -0.007550000213086605
v -0.001094725215807557 -0.0052511892281472666 -0.007550000213086605
v 0.00022481275664176792 -0.0014830568106845017 -0.007550000213086605
v -0.00044092736789025366 -0.0014337296597659584 -0.007550000213086605
v -0.001094725215807557 -0.0052511892281472666 -0.007550000213086605
v -0.00044092736789025366 -0.0014337296597659584 -0.007550000213086605
v -0.002173514338210225 -0.00473339296877384 -0.007550000213086605
v -0.002173514338210225 -0.00473339296877384 -0.007550000213086605
v -0.00044092736789025366 -0.0014337296597659584 -0.007550000213086605
v -0.00101932929828763 -0.0011004389962181445 -0.007550000213086605
v -0.002173514338210225 -0.00473339296877384 -0.007550000213086605
v -0.00101932929828763 -0.0011004389962181445 -0.007550000213086605
v -0.0031280957628041506 -0.004011817742139099 -0.007550000213086605
v -0.0031280957628041506 -0.004011817742139099 -0.007550000213086605
v -0.00101932929828763 -0.0011004389962181445 -0.007550000213086605
v -0.003968784119933844 -0.0030470893252640954 -0.007550000213086605
v -0.0013958500931039453 -0.0005491870688274501 -0.007550000213086605
v -0.0014958971878513694 0.00011083282879553731 -0.007550000213086605
v -0.004951009526848793 -0.0006996261654421685 -0.007550000213086605
v -0.004951009526848793 -0.0006996261654421685 -0.007550000213086605
v -0.0014958971878513694 0.00011083282879553731 -0.007550000213086605
v -0.0012996698496863246 0.0007489050040021537 -0.007550000213086605
v -0.004951009526848793 -0.0006996261654421685 -0.007550000213086605
v -0.0012996698496863246 0.0007489050040021537 -0.007550000213086605
v 3.833578739431687e-05 0.005016925744712351 -0.007550000213086605
v 3.833578739431687e-05 0.005016925744712351 -0.007550000213086605
v -0.0012996698496863246 0.0007489050040021537 -0.007550000213086605
v -0.0008460237295366824 0.0012386451708152886 -0.007550000213086605
v 3.833578739431687e-05 0.005016925744712351 -0.007550000213086605
v -0.0008460237295366824 0.0012386451708152886 -0.007550000213086605
v 0.0006106582586653531 0.004715061746537684 -0.007550000213086605
v 0.0006106582586653531 0.004715061746537684 -0.007550000213086605
v -0.0008460237295366824 0.0012386451708152886 -0.007550000213086605
v -0.00022481179621536285 0.0014830562286078926 -0.007550000213086605
v 0.0006106582586653531 0.004715061746537684 -0.007550000213086605
v -0.00022481179621536285 0.0014830562286078926 -0.007550000213086605
v 0.0012572281993925571 0.0047398032620549185 -0.007550000213086605
v 0.0012572281993925571 0.0047398032620549185 -0.007550000213086605
v -0.00022481179621536285 0.0014830562286078926 -0.007550000213086605
v 0.0004409220418892801 0.0014337329193949695 -0.007550000213086605
v 0.0012572281993925571 0.0047398032620549185 -0.007550000213086605
v 0.0004409220418892801 0.0014337329193949695 -0.007550000213086605
v 0.0010193302296102047 0.0011004384141415353 -0.007550000213086605
v 3.833578739431687e-05 0.005016925744712351 -0.007550000213086605
v -0.00027542730094864964 0.0054763001389801485 -0.007550000213086605
v -0.003745834343135357 0.00412574829533696 -0.007550000213086605
v -0.003745834343135357 0.00412574829533696 -0.007550000213086605
v -0.00027542730094864964 0.0054763001389801485 -0.007550000213086605
v -0.000358801829861477 0.006026317831128834 -0.007550000213086605
v -0.003745834343135357 0.00412574829533696 -0.007550000213086605
v -0.000358801829861477 0.006026317831128834 -0.007550000213086605
v -0.0009128389065153897 0.007686174940317867 -0.007550000213086605
v -0.0009128389065153897 0.007686174940317867 -0.007550000213086605
v -0.000358801829861477 0.006026317831128834 -0.007550000213086605
v -0.00019527894619386643 0.006558045279234645 -0.007550000213086605
v -0.0009128389065153897 0.007686174940317867 -0.007550000213086605
v -0.00019527894619386643 0.006558045279234645 -0.007550000213086605
v -0.0002427067083772272 0.008253308944404122 -0.007550000213086605
v -0.0002427067083772272 0.008253308944404122 -0.007550000213086605
v -0.00019527894619386643 0.006558045279234645 -0.007550000213086605
v 0.00018276137416251004 0.006966160144656894 -0.007550000213086605
v -0.0002427067083772272 0.008253308944404122 -0.007550000213086605
v 0.00018276137416251004 0.006966160144656894 -0.007550000213086605
v 0.0005934504442848265 0.008520821109414097 -0.007550000213086605
v 0.0005934504442848265 0.008520821109414097 -0.007550000213086605
v 0.00018276137416251004 0.006966160144656894 -0.007550000213086605
v 0.0007004339131526649 0.007169838994741437 -0.007550000213086605
v 0.0005934504442848265 0.008520821109414097 -0.007550000213086605
v 0.0007004339131526649 0.007169838994741437 -0.007550000213086605
v 0.0014683310873806477 0.008447987027466294 -0.007550000213086605
v 0.0014683310873806477 0.008447987027466294 -0.007550000213086605
v 0.0007004339131526649 0.007169838994741437 -0.007550000213086605
v 0.0012552161933854222 0.007128733210265634 -0.007550000213086605
v 0.0014683310873806477 0.008447987027466294 -0.007550000213086605
v 0.0012552161933854222 0.007128733210265634 -0.007550000213086605
v 0.002248740056529641 0.008045896887779232 -0.007550000213086605
v 0.002248740056529641 0.008045896887779232 -0.007550000213086605
v 0.0012552161933854222 0.007128733210265634 -0.007550000213086605
v 0.0017372197471559048 0.006850989535450933 -0.007550000213086605
v 0.002248740056529641 0.008045896887779232 -0.007550000213086605
v 0.0017372197471559048 0.006850989535450933 -0.007550000213086605
v 0.0043004220351576805 0.006413394119590519 -0.007550000213086605
v 0.0043004220351576805 0.006413394119590519 -0.007550000213086605
v 0.0017372197471559048 0.006850989535450933 -0.007550000213086605
v 0.0020819352939724922 0.006303407717496155 -0.007550000213086605
v 0.0043004220351576805 0.006413394119590519 -0.007550000213086605
v 0.0020819352939724922 0.006303407717496155 -0.007550000213086605
v 0.007530690636485815 0.003843101207166909 -0.007550000213086605
v 0.007530690636485815 0.003843101207166909 -0.007550000213086605
v 0.0020819352939724922 0.006303407717496155 -0.007550000213086605
v 0.002106670057401061 0.00565683515742421 -0.007550000213086605
v 0.007530690636485815 0.003843101207166909 -0.007550000213086605
v 0.002106670057401061 0.00565683515742421 -0.007550000213086605
v 0.0018048088531941175 0.00508451461791992 -0.007550000213086605
v 0.0043004220351576805 0.006413394119590519 -0.0029499998781830072
v 0.002248740056529641 0.008045896887779232 -0.0029499998781830072
v 0.004275874234735966 0.006311005912721155 -0.0028545879758894444
v 0.004275874234735966 0.006311005912721155 -0.0028545879758894444
v 0.002248740056529641 0.008045896887779232 -0.0029499998781830072
v 0.0019374232506379485 0.007654639426618812 -0.0024500000290572643
v 0.004275874234735966 0.006311005912721155 -0.0028545879758894444
v 0.0019374232506379485 0.007654639426618812 -0.0024500000290572643
v 0.0041811056435108185 0.005869363900274037 -0.0024500000290572643
v 0.002248740056529641 0.008045896887779232 -0.009050000458955765
v 0.0043004220351576805 0.006413394119590519 -0.009050000458955765
v 0.0019374232506379485 0.007654639426618812 -0.009549999609589577
v 0.0019374232506379485 0.007654639426618812 -0.009549999609589577
v 0.0043004220351576805 0.006413394119590519 -0.009050000458955765
v 0.004275874234735966 0.006311005912721155 -0.009145411662757397
v 0.0019374232506379485 0.007654639426618812 -0.009549999609589577
v 0.004275874234735966 0.006311005912721155 -0.009145411662757397
v 0.0041811056435108185 0.005869363900274037 -0.009549999609589577
v -0.00027542730094864964 0.0054763001389801485 -0.009549999609589577
v 3.833578739431687e-05 0.005016925744712351 -0.009549999609589577
v -0.004847606178373098 0.0019380331505089992 -0.009549999609589577
v -0.00027542730094864964 0.0054763001389801485 -0.009549999609589577
v -0.004847606178373098 0.0019380331505089992 -0.009549999609589577
v -0.000358801829861477 0.006026317831128834 -0.009549999609589577
v 0.0018048088531941175 0.00508451461791992 -0.009549999609589577
v 0.004182503093034029 0.002583179622888564 -0.009549999609589577
v 0.0012572281993925571 0.0047398032620549185 -0.009549999609589577
v 0.0012572281993925571 0.0047398032620549185 -0.009549999609589577
v 0.004182503093034029 0.002583179622888564 -0.009549999609589577
v 0.004194159992039204 0.0025418952573090783 -0.009549999609589577
v -0.004585777875036001 -0.0019260277040302747 -0.009549999609589577
v -0.004951009526848793 -0.0006996261654421685 -0.009549999609589577
v -0.0013958500931039453 -0.0005491870688274501 -0.009549999609589577
v -0.0013958500931039453 -0.0005491870688274501 -0.009549999609589577
v -0.004951009526848793 -0.0006996261654421685 -0.009549999609589577
v -0.0014958971878513694 0.00011083282879553731 -0.009549999609589577
v -0.004951009526848793 -0.0006996261654421685 -0.009549999609589577
v -0.005047868471592665 0.0005763338413089512 -0.009549999609589577
v -0.0014958971878513694 0.00011083282879553731 -0.009549999609589577
v -0.0014958971878513694 0.00011083282879553731 -0.009549999609589577
v -0.005047868471592665 0.0005763338413089512 -0.009549999609589577
v -0.004871956538408995 0.0018438192782923573 -0.009549999609589577
v -0.0014958971878513694 0.00011083282879553731 -0.009549999609589577
v -0.004871956538408995 0.0018438192782923573 -0.009549999609589577
v -0.0012996698496863246 0.0007489050040021537 -0.009549999609589577
v -0.0012996698496863246 0.0007489050040021537 -0.009549999609589577
v -0.004871956538408995 0.0018438192782923573 -0.009549999609589577
v -0.004847606178373098 0.0019380331505089992 -0.009549999609589577
v -0.0012996698496863246 0.0007489050040021537 -0.009549999609589577
v -0.004847606178373098 0.0019380331505089992 -0.009549999609589577
v -0.0008460237295366824 0.0012386451708152886 -0.009549999609589577
v -0.0008460237295366824 0.0012386451708152886 -0.009549999609589577
v -0.004847606178373098 0.0019380331505089992 -0.009549999609589577
v 3.833578739431687e-05 0.005016925744712351 -0.009549999609589577
v -0.0008460237295366824 0.0012386451708152886 -0.009549999609589577
v 3.833578739431687e-05 0.005016925744712351 -0.009549999609589577
v -0.00022481179621536285 0.0014830562286078926 -0.009549999609589577
v -0.00022481179621536285 0.0014830562286078926 -0.009549999609589577
v 3.833578739431687e-05 0.005016925744712351 -0.009549999609589577
v 0.0006106582586653531 0.004715061746537684 -0.009549999609589577
v -0.00022481179621536285 0.0014830562286078926 -0.009549999609589577
v 0.0006106582586653531 0.004715061746537684 -0.009549999609589577
v 0.0004409220418892801 0.0014337329193949695 -0.009549999609589577
v 0.0004409220418892801 0.0014337329193949695 -0.009549999609589577
v 0.0006106582586653531 0.004715061746537684 -0.009549999609589577
v 0.0012572281993925571 0.0047398032620549185 -0.009549999609589577
v 0.0004409220418892801 0.0014337329193949695 -0.009549999609589577
v 0.0012572281993925571 0.0047398032620549185 -0.009549999609589577
v 0.0010193302296102047 0.0011004384141415353 -0.009549999609589577
v 0.0010193302296102047 0.0011004384141415353 -0.009549999609589577
v 0.0012572281993925571 0.0047398032620549185 -0.009549999609589577
v 0.0013958511408418417 0.0005491865449585018 -0.009549999609589577
v 0.00416701240465045 -0.0009773158235475417 -0.009549999609589577
v 0.0037452904507517815 -0.002035713056102394 -0.009549999609589577
v 0.0012572281993925571 0.0047398032620549185 -0.009549999609589577
v 0.0012572281993925571 0.0047398032620549185 -0.009549999609589577
v 0.0037452904507517815 -0.002035713056102394 -0.009549999609589577
v 0.0031946792732924223 -0.0028947463724762193 -0.009549999609589577
v 0.0012572281993925571 0.0047398032620549185 -0.009549999609589577
v 0.0031946792732924223 -0.0028947463724762193 -0.009549999609589577
v 0.0013958511408418417 0.0005491865449585018 -0.009549999609589577
v -0.004585777875036001 -0.0019260277040302747 -0.009549999609589577
v -0.0013958500931039453 -0.0005491870688274501 -0.009549999609589577
v -0.003968784119933844 -0.0030470893252640954 -0.009549999609589577
v -0.003968784119933844 -0.0030470893252640954 -0.009549999609589577
v -0.0013958500931039453 -0.0005491870688274501 -0.009549999609589577
v -0.00101932929828763 -0.0011004389962181445 -0.009549999609589577
v -0.003968784119933844 -0.0030470893252640954 -0.009549999609589577
v -0.00101932929828763 -0.0011004389962181445 -0.009549999609589577
v -0.0031280957628041506 -0.004011817742139099 -0.009549999609589577
v 0.002662388840690255 -0.003405460156500338 -0.009549999609589577
v 0.002407986903563142 -0.0035709738731384264 -0.009549999609589577
v 0.000846024660859257 -0.0012386457528918977 -0.009549999609589577
v 0.004194159992039204 0.0025418952573090783 -0.009549999609589577
v 0.004414541181176901 0.001285646227188408 -0.009549999609589577
v 0.0012572281993925571 0.0047398032620549185 -0.009549999609589577
v 0.0012572281993925571 0.0047398032620549185 -0.009549999609589577
v 0.004414541181176901 0.001285646227188408 -0.009549999609589577
v 0.004401299171149731 0.00019783063908107573 -0.009549999609589577
v 0.0012572281993925571 0.0047398032620549185 -0.009549999609589577
v 0.004401299171149731 0.00019783063908107573 -0.009549999609589577
v 0.00416701240465045 -0.0009773158235475417 -0.009549999609589577
v -0.00044092736789025366 -0.0014337296597659584 -0.009549999609589577
v 0.00022481275664176792 -0.0014830568106845017 -0.009549999609589577
v 0.0006107552326284349 -0.0049525639042258245 -0.009549999609589577
v 0.000846024660859257 -0.0012386457528918977 -0.009549999609589577
v 0.002407986903563142 -0.0035709738731384264 -0.009549999609589577
v 0.00022481275664176792 -0.0014830568106845017 -0.009549999609589577
v 0.00022481275664176792 -0.0014830568106845017 -0.009549999609589577
v 0.002407986903563142 -0.0035709738731384264 -0.009549999609589577
v 0.0015318572986871004 -0.004154580645263193 -0.009549999609589577
v 0.00022481275664176792 -0.0014830568106845017 -0.009549999609589577
v 0.0015318572986871004 -0.004154580645263193 -0.009549999609589577
v 0.0006107552326284349 -0.0049525639042258245 -0.009549999609589577
v -0.0031280957628041506 -0.004011817742139099 -0.009549999609589577
v -0.00101932929828763 -0.0011004389962181445 -0.009549999609589577
v -0.002173514338210225 -0.00473339296877384 -0.009549999609589577
v -0.002173514338210225 -0.00473339296877384 -0.009549999609589577
v -0.00101932929828763 -0.0011004389962181445 -0.009549999609589577
v -0.00044092736789025366 -0.0014337296597659584 -0.009549999609589577
v -0.002173514338210225 -0.00473339296877384 -0.009549999609589577
v -0.00044092736789025366 -0.0014337296597659584 -0.009549999609589577
v -0.001094725215807557 -0.0052511892281472666 -0.009549999609589577
v -0.001094725215807557 -0.0052511892281472666 -0.009549999609589577
v -0.00044092736789025366 -0.0014337296597659584 -0.009549999609589577
v 0.0006107552326284349 -0.0049525639042258245 -0.009549999609589577
v -0.001094725215807557 -0.0052511892281472666 -0.009549999609589577
v 0.0006107552326284349 -0.0049525639042258245 -0.009549999609589577
v 6.535558350151405e-05 -0.005544607061892746 -0.009549999609589577
v 0.002662388840690255 -0.003405460156500338 -0.009549999609589577
v 0.000846024660859257 -0.0012386457528918977 -0.009549999609589577
v 0.0028838186990469694 -0.0032264285255223504 -0.009549999609589577
v 0.0028838186990469694 -0.0032264285255223504 -0.009549999609589577
v 0.000846024660859257 -0.0012386457528918977 -0.009549999609589577
v 0.001299670897424221 -0.0007489055860787628 -0.009549999609589577
v 0.0028838186990469694 -0.0032264285255223504 -0.009549999609589577
v 0.001299670897424221 -0.0007489055860787628 -0.009549999609589577
v 0.0031946792732924223 -0.0028947463724762193 -0.009549999609589577
v 0.0031946792732924223 -0.0028947463724762193 -0.009549999609589577
v 0.001299670897424221 -0.0007489055860787628 -0.009549999609589577
v 0.0014958980027586222 -0.0001108335418393835 -0.009549999609589577
v 0.0031946792732924223 -0.0028947463724762193 -0.009549999609589577
v 0.0014958980027586222 -0.0001108335418393835 -0.009549999609589577
v 0.0013958511408418417 0.0005491865449585018 -0.009549999609589577
v -0.000358801829861477 0.006026317831128834 -0.009549999609589577
v -0.004847606178373098 0.0019380331505089992 -0.009549999609589577
v -0.00019527894619386643 0.006558045279234645 -0.009549999609589577
v -0.00019527894619386643 0.006558045279234645 -0.009549999609589577
v -0.004847606178373098 0.0019380331505089992 -0.009549999609589577
v -0.0005215851124376059 0.007374858018010852 -0.009549999609589577
v -0.00019527894619386643 0.006558045279234645 -0.009549999609589577
v -0.0005215851124376059 0.007374858018010852 -0.009549999609589577
v 0.00018276137416251004 0.006966160144656894 -0.009549999609589577
v 0.00018276137416251004 0.006966160144656894 -0.009549999609589577
v -0.0005215851124376059 0.007374858018010852 -0.009549999609589577
v -3.709827467446303e-07 0.007815962657332417 -0.009549999609589577
v 0.00018276137416251004 0.006966160144656894 -0.009549999609589577
v -3.709827467446303e-07 0.007815962657332417 -0.009549999609589577
v 0.0007004339131526649 0.007169838994741437 -0.009549999609589577
v 0.0007004339131526649 0.007169838994741437 -0.009549999609589577
v -3.709827467446303e-07 0.007815962657332417 -0.009549999609589577
v 0.0006499775336124003 0.008024024777114388 -0.009549999609589577
v 0.0007004339131526649 0.007169838994741437 -0.009549999609589577
v 0.0006499775336124003 0.008024024777114388 -0.009549999609589577
v 0.0012552161933854222 0.007128733210265634 -0.009549999609589577
v 0.0012552161933854222 0.007128733210265634 -0.009549999609589577
v 0.0006499775336124003 0.008024024777114388 -0.009549999609589577
v 0.0013304384192451835 0.007967376150190827 -0.009549999609589577
v 0.0012552161933854222 0.007128733210265634 -0.009549999609589577
v 0.0013304384192451835 0.007967376150190827 -0.009549999609589577
v 0.0017372197471559048 0.006850989535450933 -0.009549999609589577
v 0.0017372197471559048 0.006850989535450933 -0.009549999609589577
v 0.0013304384192451835 0.007967376150190827 -0.009549999609589577
v 0.0019374232506379485 0.007654639426618812 -0.009549999609589577
v 0.0017372197471559048 0.006850989535450933 -0.009549999609589577
v 0.0019374232506379485 0.007654639426618812 -0.009549999609589577
v 0.0020819352939724922 0.006303407717496155 -0.009549999609589577
v 0.0020819352939724922 0.006303407717496155 -0.009549999609589577
v 0.0019374232506379485 0.007654639426618812 -0.009549999609589577
v 0.0041811056435108185 0.005869363900274037 -0.009549999609589577
v 0.0020819352939724922 0.006303407717496155 -0.009549999609589577
v 0.0041811056435108185 0.005869363900274037 -0.009549999609589577
v 0.002106670057401061 0.00565683515742421 -0.009549999609589577
v 0.002106670057401061 0.00565683515742421 -0.009549999609589577
v 0.0041811056435108185 0.005869363900274037 -0.009549999609589577
v 0.004029516130685806 0.004788104444742201 -0.009549999609589577
v 0.002106670057401061 0.00565683515742421 -0.009549999609589577
v 0.004029516130685806 0.004788104444742201 -0.009549999609589577
v 0.0018048088531941175 0.00508451461791992 -0.009549999609589577
v 0.0018048088531941175 0.00508451461791992 -0.009549999609589577
v 0.004029516130685806 0.004788104444742201 -0.009549999609589577
v 0.00402287021279335 0.003492442192509769 -0.009549999609589577
v 0.0018048088531941175 0.00508451461791992 -0.009549999609589577
v 0.00402287021279335 0.003492442192509769 -0.009549999609589577
v 0.004182503093034029 0.002583179622888564 -0.009549999609589577
v 0.001299670897424221 -0.0007489055860787628 -0.0024500000290572643
v 0.00416701240465045 -0.0009773158235475417 -0.0024500000290572643
v 0.0014958980027586222 -0.0001108335418393835 -0.0024500000290572643
v 0.0014958980027586222 -0.0001108335418393835 -0.0024500000290572643
v 0.00416701240465045 -0.0009773158235475417 -0.0024500000290572643
v 0.004401299171149731 0.00019783063908107573 -0.0024500000290572643
v 0.0014958980027586222 -0.0001108335418393835 -0.0024500000290572643
v 0.004401299171149731 0.00019783063908107573 -0.0024500000290572643
v 0.0013958511408418417 0.0005491865449585018 -0.0024500000290572643
v 0.002662388840690255 -0.003405460156500338 -0.0024500000290572643
v 0.0028838186990469694 -0.0032264285255223504 -0.0024500000290572643
v 0.000846024660859257 -0.0012386457528918977 -0.0024500000290572643
v 0.000846024660859257 -0.0012386457528918977 -0.0024500000290572643
v 0.0028838186990469694 -0.0032264285255223504 -0.0024500000290572643
v 0.0031946792732924223 -0.0028947463724762193 -0.0024500000290572643
v 0.000846024660859257 -0.0012386457528918977 -0.0024500000290572643
v 0.0031946792732924223 -0.0028947463724762193 -0.0024500000290572643
v 0.001299670897424221 -0.0007489055860787628 -0.0024500000290572643
v 0.001299670897424221 -0.0007489055860787628 -0.0024500000290572643
v 0.0031946792732924223 -0.0028947463724762193 -0.0024500000290572643
v 0.0037452904507517815 -0.002035713056102394 -0.0024500000290572643
v 0.001299670897424221 -0.0007489055860787628 -0.0024500000290572643
v 0.0037452904507517815 -0.002035713056102394 -0.0024500000290572643
v 0.00416701240465045 -0.0009773158235475417 -0.0024500000290572643
v 0.0017338052857667208 0.004695310723036526 -0.0024500000290572643
v 0.00402287021279335 0.003492442192509769 -0.0024500000290572643
v 0.0021874515805393457 0.005185051355510948 -0.0024500000290572643
v 0.0021874515805393457 0.005185051355510948 -0.0024500000290572643
v 0.00402287021279335 0.003492442192509769 -0.0024500000290572643
v 0.004029516130685806 0.004788104444742201 -0.0024500000290572643
v 0.0021874515805393457 0.005185051355510948 -0.0024500000290572643
v 0.004029516130685806 0.004788104444742201 -0.0024500000290572643
v 0.002383678685873747 0.0058231228031218035 -0.0024500000290572643
v 0.002383678685873747 0.0058231228031218035 -0.0024500000290572643
v 0.004029516130685806 0.004788104444742201 -0.0024500000290572643
v 0.0041811056435108185 0.005869363900274037 -0.0024500000290572643
v 0.002383678685873747 0.0058231228031218035 -0.0024500000290572643
v 0.0041811056435108185 0.005869363900274037 -0.0024500000290572643
v 0.0022836250718683004 0.00648314645513892 -0.0024500000290572643
v 0.004182503093034029 0.002583179622888564 -0.0024500000290572643
v 0.0010193302296102047 0.0011004384141415353 -0.0024500000290572643
v 0.004194159992039204 0.0025418952573090783 -0.0024500000290572643
v 0.004194159992039204 0.0025418952573090783 -0.0024500000290572643
v 0.0010193302296102047 0.0011004384141415353 -0.0024500000290572643
v 0.0013958511408418417 0.0005491865449585018 -0.0024500000290572643
v 0.004194159992039204 0.0025418952573090783 -0.0024500000290572643
v 0.0013958511408418417 0.0005491865449585018 -0.0024500000290572643
v 0.004414541181176901 0.001285646227188408 -0.0024500000290572643
v 0.004414541181176901 0.001285646227188408 -0.0024500000290572643
v 0.0013958511408418417 0.0005491865449585018 -0.0024500000290572643
v 0.004401299171149731 0.00019783063908107573 -0.0024500000290572643
v -0.002173514338210225 -0.00473339296877384 -0.0024500000290572643
v -0.00044092736789025366 -0.0014337296597659584 -0.0024500000290572643
v -0.00101932929828763 -0.0011004389962181445 -0.0024500000290572643
v -0.004951009526848793 -0.0006996261654421685 -0.0024500000290572643
v -0.004585777875036001 -0.0019260277040302747 -0.0024500000290572643
v -0.0013958500931039453 -0.0005491870688274501 -0.0024500000290572643
v -0.0013958500931039453 -0.0005491870688274501 -0.0024500000290572643
v -0.004585777875036001 -0.0019260277040302747 -0.0024500000290572643
v -0.003968784119933844 -0.0030470893252640954 -0.0024500000290572643
v -0.0013958500931039453 -0.0005491870688274501 -0.0024500000290572643
v -0.003968784119933844 -0.0030470893252640954 -0.0024500000290572643
v -0.00101932929828763 -0.0011004389962181445 -0.0024500000290572643
v -0.00101932929828763 -0.0011004389962181445 -0.0024500000290572643
v -0.003968784119933844 -0.0030470893252640954 -0.0024500000290572643
v -0.0031280957628041506 -0.004011817742139099 -0.0024500000290572643
v -0.00101932929828763 -0.0011004389962181445 -0.0024500000290572643
v -0.0031280957628041506 -0.004011817742139099 -0.0024500000290572643
v -0.002173514338210225 -0.00473339296877384 -0.0024500000290572643
v 0.0022836250718683004 0.00648314645513892 -0.0024500000290572643
v 0.0041811056435108185 0.005869363900274037 -0.0024500000290572643
v 0.0019071109127253294 0.007034394890069959 -0.0024500000290572643
v 0.0019071109127253294 0.007034394890069959 -0.0024500000290572643
v 0.0041811056435108185 0.005869363900274037 -0.0024500000290572643
v 0.0019374232506379485 0.007654639426618812 -0.0024500000290572643
v 0.0019071109127253294 0.007034394890069959 -0.0024500000290572643
v 0.0019374232506379485 0.007654639426618812 -0.0024500000290572643
v 0.0013287026667967439 0.0073676891624927495 -0.0024500000290572643
v -0.001094725215807557 -0.0052511892281472666 -0.0024500000290572643
v 6.535558350151405e-05 -0.005544607061892746 -0.0024500000290572643
v 0.0006107552326284349 -0.0049525639042258245 -0.0024500000290572643
v -0.004847606178373098 0.0019380331505089992 -0.0024500000290572643
v -0.004871956538408995 0.0018438192782923573 -0.0024500000290572643
v -0.00013155510532669723 0.0048335213214158994 -0.0024500000290572643
v -0.00013155510532669723 0.0048335213214158994 -0.0024500000290572643
v -0.004871956538408995 0.0018438192782923573 -0.0024500000290572643
v -0.005047868471592665 0.0005763338413089512 -0.0024500000290572643
v -0.00013155510532669723 0.0048335213214158994 -0.0024500000290572643
v -0.005047868471592665 0.0005763338413089512 -0.0024500000290572643
v -0.004951009526848793 -0.0006996261654421685 -0.0024500000290572643
v -0.00013155510532669723 0.0048335213214158994 -0.0024500000290572643
v -0.0005080695846118033 0.005384769290685652 -0.0024500000290572643
v -0.004847606178373098 0.0019380331505089992 -0.0024500000290572643
v -0.004847606178373098 0.0019380331505089992 -0.0024500000290572643
v -0.0005080695846118033 0.005384769290685652 -0.0024500000290572643
v -0.0006081229657866061 0.0060447929427027685 -0.0024500000290572643
v -0.004847606178373098 0.0019380331505089992 -0.0024500000290572643
v -0.0006081229657866061 0.0060447929427027685 -0.0024500000290572643
v -0.0005215851124376059 0.007374858018010852 -0.0024500000290572643
v -0.0005215851124376059 0.007374858018010852 -0.0024500000290572643
v -0.0006081229657866061 0.0060447929427027685 -0.0024500000290572643
v -0.0004118893120903522 0.006682861130684612 -0.0024500000290572643
v -0.0005215851124376059 0.007374858018010852 -0.0024500000290572643
v -0.0004118893120903522 0.006682861130684612 -0.0024500000290572643
v -4.8624449846101925e-05 0.0077882092446088765 -0.0024500000290572643
v -4.8624449846101925e-05 0.0077882092446088765 -0.0024500000290572643
v -0.0004118893120903522 0.006682861130684612 -0.0024500000290572643
v 4.175711001153104e-05 0.007172601763159034 -0.0024500000290572643
v -4.8624449846101925e-05 0.0077882092446088765 -0.0024500000290572643
v 4.175711001153104e-05 0.007172601763159034 -0.0024500000290572643
v 0.0005398246576078236 0.008007929660379883 -0.0024500000290572643
v 0.0005398246576078236 0.008007929660379883 -0.0024500000290572643
v 4.175711001153104e-05 0.007172601763159034 -0.0024500000290572643
v 0.0006629686686210334 0.0074170124717056725 -0.0024500000290572643
v 0.0005398246576078236 0.008007929660379883 -0.0024500000290572643
v 0.0006629686686210334 0.0074170124717056725 -0.0024500000290572643
v 0.0011679553426802158 0.008005710318684574 -0.0024500000290572643
v 0.0011679553426802158 0.008005710318684574 -0.0024500000290572643
v 0.0006629686686210334 0.0074170124717056725 -0.0024500000290572643
v 0.0013287026667967439 0.0073676891624927495 -0.0024500000290572643
v 0.0011679553426802158 0.008005710318684574 -0.0024500000290572643
v 0.0013287026667967439 0.0073676891624927495 -0.0024500000290572643
v 0.0017548344330862164 0.007781843189150092 -0.0024500000290572643
v 0.0017548344330862164 0.007781843189150092 -0.0024500000290572643
v 0.0013287026667967439 0.0073676891624927495 -0.0024500000290572643
v 0.0019374232506379485 0.007654639426618812 -0.0024500000290572643
v -0.002173514338210225 -0.00473339296877384 -0.0024500000290572643
v -0.001094725215807557 -0.0052511892281472666 -0.0024500000290572643
v -0.00044092736789025366 -0.0014337296597659584 -0.0024500000290572643
v -0.00044092736789025366 -0.0014337296597659584 -0.0024500000290572643
v -0.001094725215807557 -0.0052511892281472666 -0.0024500000290572643
v 0.0006107552326284349 -0.0049525639042258245 -0.0024500000290572643
v -0.00044092736789025366 -0.0014337296597659584 -0.0024500000290572643
v 0.0006107552326284349 -0.0049525639042258245 -0.0024500000290572643
v 0.00022481275664176792 -0.0014830568106845017 -0.0024500000290572643
v 0.00022481275664176792 -0.0014830568106845017 -0.0024500000290572643
v 0.0006107552326284349 -0.0049525639042258245 -0.0024500000290572643
v 0.0015318572986871004 -0.004154580645263193 -0.0024500000290572643
v 0.00022481275664176792 -0.0014830568106845017 -0.0024500000290572643
v 0.0015318572986871004 -0.004154580645263193 -0.0024500000290572643
v 0.000846024660859257 -0.0012386457528918977 -0.0024500000290572643
v 0.000846024660859257 -0.0012386457528918977 -0.0024500000290572643
v 0.0015318572986871004 -0.004154580645263193 -0.0024500000290572643
v 0.002407986903563142 -0.0035709738731384264 -0.0024500000290572643
v 0.000846024660859257 -0.0012386457528918977 -0.0024500000290572643
v 0.002407986903563142 -0.0035709738731384264 -0.0024500000290572643
v 0.002662388840690255 -0.003405460156500338 -0.0024500000290572643
v 0.004182503093034029 0.002583179622888564 -0.0024500000290572643
v 0.00402287021279335 0.003492442192509769 -0.0024500000290572643
v 0.0010193302296102047 0.0011004384141415353 -0.0024500000290572643
v 0.0010193302296102047 0.0011004384141415353 -0.0024500000290572643
v 0.00402287021279335 0.003492442192509769 -0.0024500000290572643
v 0.0017338052857667208 0.004695310723036526 -0.0024500000290572643
v 0.0010193302296102047 0.0011004384141415353 -0.0024500000290572643
v 0.0017338052857667208 0.004695310723036526 -0.0024500000290572643
v 0.0004409220418892801 0.0014337329193949695 -0.0024500000290572643
v 0.0004409220418892801 0.0014337329193949695 -0.0024500000290572643
v 0.0017338052857667208 0.004695310723036526 -0.0024500000290572643
v 0.0011125934543088078 0.0044508995488286 -0.0024500000290572643
v 0.0004409220418892801 0.0014337329193949695 -0.0024500000290572643
v 0.0011125934543088078 0.0044508995488286 -0.0024500000290572643
v -0.00022481179621536285 0.0014830562286078926 -0.0024500000290572643
v -0.00022481179621536285 0.0014830562286078926 -0.0024500000290572643
v 0.0011125934543088078 0.0044508995488286 -0.0024500000290572643
v 0.0004468531406018883 0.004500226583331822 -0.0024500000290572643
v -0.00022481179621536285 0.0014830562286078926 -0.0024500000290572643
v 0.0004468531406018883 0.004500226583331822 -0.0024500000290572643
v -0.0008460237295366824 0.0012386451708152886 -0.0024500000290572643
v -0.0008460237295366824 0.0012386451708152886 -0.0024500000290572643
v 0.0004468531406018883 0.004500226583331822 -0.0024500000290572643
v -0.00013155510532669723 0.0048335213214158994 -0.0024500000290572643
v -0.0008460237295366824 0.0012386451708152886 -0.0024500000290572643
v -0.00013155510532669723 0.0048335213214158994 -0.0024500000290572643
v -0.0012996698496863246 0.0007489050040021537 -0.0024500000290572643
v -0.0012996698496863246 0.0007489050040021537 -0.0024500000290572643
v -0.00013155510532669723 0.0048335213214158994 -0.0024500000290572643
v -0.004951009526848793 -0.0006996261654421685 -0.0024500000290572643
v -0.0012996698496863246 0.0007489050040021537 -0.0024500000290572643
v -0.004951009526848793 -0.0006996261654421685 -0.0024500000290572643
v -0.0014958971878513694 0.00011083282879553731 -0.0024500000290572643
v -0.0014958971878513694 0.00011083282879553731 -0.0024500000290572643
v -0.004951009526848793 -0.0006996261654421685 -0.0024500000290572643
v -0.0013958500931039453 -0.0005491870688274501 -0.0024500000290572643
v 0.0043004220351576805 0.006413394119590519 -0.009050000458955765
v 0.002248740056529641 0.008045896887779232 -0.009050000458955765
v 0.0043004220351576805 0.006413394119590519 -0.007550000213086605
v 0.0043004220351576805 0.006413394119590519 -0.007550000213086605
v 0.002248740056529641 0.008045896887779232 -0.009050000458955765
v 0.002248740056529641 0.008045896887779232 -0.007550000213086605
v 0.0043004220351576805 0.006413394119590519 -0.004449999891221523
v 0.002248740056529641 0.008045896887779232 -0.004449999891221523
v 0.0043004220351576805 0.006413394119590519 -0.0029499998781830072
v 0.0043004220351576805 0.006413394119590519 -0.0029499998781830072
v 0.002248740056529641 0.008045896887779232 -0.004449999891221523
v 0.002248740056529641 0.008045896887779232 -0.0029499998781830072
v 0.0023128297179937363 -0.003627531230449675 0.0011896515497937799
v 0.002407986903563142 -0.0035709738731384264 0.001212488510645926
v 0.002407986903563142 -0.0035709738731384264 -0.0024500000290572643
v 0.0023128297179937363 -0.003627531230449675 0.0011896515497937799
v 0.002407986903563142 -0.0035709738731384264 -0.0024500000290572643
v 0.0020296871662139893 -0.0038058809004724013 0.0011069170432165265
v 0.0010798316216096282 -0.0045202788896858675 0.0005970985512249172
v 0.0014479636447504163 -0.004218686837702988 0.0008498036186210811
v 0.0015318572986871004 -0.004154580645263193 -0.0024500000290572643
v 0.0015318572986871004 -0.004154580645263193 -0.0024500000290572643
v 0.0014479636447504163 -0.004218686837702988 0.0008498036186210811
v 0.0018779069650918245 -0.003907379694283007 0.0010524113895371556
v 0.0015318572986871004 -0.004154580645263193 -0.0024500000290572643
v 0.0018779069650918245 -0.003907379694283007 0.0010524113895371556
v 0.002407986903563142 -0.0035709738731384264 -0.0024500000290572643
v 0.002407986903563142 -0.0035709738731384264 -0.0024500000290572643
v 0.0018779069650918245 -0.003907379694283007 0.0010524113895371556
v 0.0018939839210361242 -0.00389643502421677 0.0010585534619167447
v 0.002407986903563142 -0.0035709738731384264 -0.0024500000290572643
v 0.0018939839210361242 -0.00389643502421677 0.0010585534619167447
v 0.0020296871662139893 -0.0038058809004724013 0.0011069170432165265
v 0.0006107552326284349 -0.0049525639042258245 -0.0024500000290572643
v 0.0004971128655597568 -0.005067509133368729 -7.509563147323206e-05
v 0.0015318572986871004 -0.004154580645263193 -0.0024500000290572643
v 0.0015318572986871004 -0.004154580645263193 -0.0024500000290572643
v 0.0004971128655597568 -0.005067509133368729 -7.509563147323206e-05
v 0.0007754755788482726 -0.004794034641236065 0.000303921930026263
v 0.0015318572986871004 -0.004154580645263193 -0.0024500000290572643
v 0.0007754755788482726 -0.004794034641236065 0.000303921930026263
v 0.0010798316216096282 -0.0045202788896858675 0.0005970985512249172
v 3.208885755157098e-05 -0.0055839866399765 -0.0013359560398384929
v 0.00016205108840949833 -0.0054318206384778005 -0.0008260703762061894
v 0.0006107552326284349 -0.0049525639042258245 -0.0024500000290572643
v 0.0006107552326284349 -0.0049525639042258245 -0.0024500000290572643
v 0.00016205108840949833 -0.0054318206384778005 -0.0008260703762061894
v 0.0003063776530325413 -0.0052697965875267965 -0.00044153473572805524
v 0.0006107552326284349 -0.0049525639042258245 -0.0024500000290572643
v 0.0003063776530325413 -0.0052697965875267965 -0.00044153473572805524
v 0.0004971128655597568 -0.005067509133368729 -7.509563147323206e-05
v 0.0006107552326284349 -0.0049525639042258245 -0.009549999609589577
v 0.0003853646048810333 -0.005184547509998081 -0.011724713258445263
v 0.0002111202775267884 -0.0053760558366775495 -0.011319163255393505
v 0.0002111202775267884 -0.0053760558366775495 -0.011319163255393505
v 6.925043271621689e-05 -0.005539891310036181 -0.010835069231688976
v 0.0006107552326284349 -0.0049525639042258245 -0.009549999609589577
v 0.0006107552326284349 -0.0049525639042258245 -0.009549999609589577
v 6.925043271621689e-05 -0.005539891310036181 -0.010835069231688976
v -2.114666494890116e-05 -0.00564835127443075 -0.010357133112847805
v 0.0006107552326284349 -0.0049525639042258245 -0.009549999609589577
v -2.114666494890116e-05 -0.00564835127443075 -0.010357133112847805
v 6.535558350151405e-05 -0.005544607061892746 -0.009549999609589577
v 6.535558350151405e-05 -0.005544607061892746 -0.009549999609589577
v -2.114666494890116e-05 -0.00564835127443075 -0.010357133112847805
v -9.175451850751415e-05 -0.005736579187214373 -0.00971075426787138
v 6.535558350151405e-05 -0.005544607061892746 -0.009549999609589577
v -9.175451850751415e-05 -0.005736579187214373 -0.00971075426787138
v 6.535558350151405e-05 -0.005544607061892746 -0.0024500000290572643
v 6.535558350151405e-05 -0.005544607061892746 -0.0024500000290572643
v -9.175451850751415e-05 -0.005736579187214373 -0.00971075426787138
v -9.175451850751415e-05 -0.005736579187214373 -0.0022892490960657597
v 6.535558350151405e-05 -0.005544607061892746 -0.0024500000290572643
v -9.175451850751415e-05 -0.005736579187214373 -0.0022892490960657597
v 0.0006107552326284349 -0.0049525639042258245 -0.0024500000290572643
v 0.0006107552326284349 -0.0049525639042258245 -0.0024500000290572643
v -9.175451850751415e-05 -0.005736579187214373 -0.0022892490960657597
v -5.77760256419424e-05 -0.005693710409104822 -0.0019265649607405066
v 0.0006107552326284349 -0.0049525639042258245 -0.0024500000290572643
v -5.77760256419424e-05 -0.005693710409104822 -0.0019265649607405066
v 3.208885755157098e-05 -0.0055839866399765 -0.0013359560398384929
v 0.0016479108016937971 -0.004069237038493155 -0.01295393891632557
v 0.0012458999408409 -0.004379507154226301 -0.012722602114081383
v 0.0015318572986871004 -0.004154580645263193 -0.009549999609589577
v 0.0015318572986871004 -0.004154580645263193 -0.009549999609589577
v 0.0012458999408409 -0.004379507154226301 -0.012722602114081383
v 0.0009068183717317879 -0.0046717622317373735 -0.012443073093891144
v 0.0015318572986871004 -0.004154580645263193 -0.009549999609589577
v 0.0009068183717317879 -0.0046717622317373735 -0.012443073093891144
v 0.0006107552326284349 -0.0049525639042258245 -0.009549999609589577
v 0.0006107552326284349 -0.0049525639042258245 -0.009549999609589577
v 0.0009068183717317879 -0.0046717622317373735 -0.012443073093891144
v 0.0006054089753888547 -0.004957877565175293 -0.01208945456892252
v 0.0006107552326284349 -0.0049525639042258245 -0.009549999609589577
v 0.0006054089753888547 -0.004957877565175293 -0.01208945456892252
v 0.0003853646048810333 -0.005184547509998081 -0.011724713258445263
v 0.0016479108016937971 -0.004069237038493155 -0.01295393891632557
v 0.0015318572986871004 -0.004154580645263193 -0.009549999609589577
v 0.0020974366925656796 -0.0037619005888700472 -0.013128853403031826
v 0.0020974366925656796 -0.0037619005888700472 -0.013128853403031826
v 0.0015318572986871004 -0.004154580645263193 -0.009549999609589577
v 0.002407986903563142 -0.0035709738731384264 -0.009549999609589577
v 0.0020974366925656796 -0.0037619005888700472 -0.013128853403031826
v 0.002407986903563142 -0.0035709738731384264 -0.009549999609589577
v 0.002407986903563142 -0.0035709738731384264 -0.013212491758167744
v 0.004777280613780022 0.007931242696940895 -0.0011811315780505538
v 0.005410867277532816 0.008727474138140675 -0.003893644316121936
v 0.00545415049418807 0.008781612850725647 -0.005462658125907183
v 0.004777280613780022 0.007931242696940895 -0.0011811315780505538
v 0.00545415049418807 0.008781612850725647 -0.005462658125907183
v 0.004777280613780022 0.007931242696940895 -0.010818871669471264
v 0.00525684654712677 0.00853394344449043 -0.009641087613999844
v 0.0051267314702272415 0.008370413444936272 -0.010089489631354809
v 0.004949113819748163 0.008147192187607285 -0.010509258136153221
v 0.005173228681087494 0.00842884927988052 -0.0020498104859143496
v 0.005291486158967018 0.008577471598982808 -0.0025243989657610655
v 0.005002457648515701 0.008214236237108704 -0.0016030579572543502
v 0.005002457648515701 0.008214236237108704 -0.0016030579572543502
v 0.005291486158967018 0.008577471598982808 -0.0025243989657610655
v 0.005356988869607449 0.00865979120135307 -0.0029927855357527733
v 0.005002457648515701 0.008214236237108704 -0.0016030579572543502
v 0.005356988869607449 0.00865979120135307 -0.0029927855357527733
v 0.004777280613780022 0.007931242696940895 -0.0011811315780505538
v 0.004777280613780022 0.007931242696940895 -0.0011811315780505538
v 0.005356988869607449 0.00865979120135307 -0.0029927855357527733
v 0.005387675017118454 0.008698362857103344 -0.003420348512008786
v 0.004777280613780022 0.007931242696940895 -0.0011811315780505538
v 0.005387675017118454 0.008698362857103344 -0.003420348512008786
v 0.005410867277532816 0.008727474138140675 -0.003893644316121936
v 0.00545415049418807 0.008781612850725647 -0.005462658125907183
v 0.005446250084787607 0.008771753869950768 -0.007023009937256575
v 0.004777280613780022 0.007931242696940895 -0.010818871669471264
v 0.004777280613780022 0.007931242696940895 -0.010818871669471264
v 0.005446250084787607 0.008771753869950768 -0.007023009937256575
v 0.005387675017118454 0.008698362857103344 -0.00857965461909771
v 0.004777280613780022 0.007931242696940895 -0.010818871669471264
v 0.005387675017118454 0.008698362857103344 -0.00857965461909771
v 0.004949113819748163 0.008147192187607285 -0.010509258136153221
v 0.004949113819748163 0.008147192187607285 -0.010509258136153221
v 0.005387675017118454 0.008698362857103344 -0.00857965461909771
v 0.0053380331955850124 0.008635975420475003 -0.00918039120733738
v 0.004949113819748163 0.008147192187607285 -0.010509258136153221
v 0.0053380331955850124 0.008635975420475003 -0.00918039120733738
v 0.00525684654712677 0.00853394344449043 -0.009641087613999844
v -9.175451850751415e-05 -0.005736579187214373 -0.00971075426787138
v -0.0001729715004330501 -0.0058386465534567816 -0.008273926563560963
v -9.175451850751415e-05 -0.005736579187214373 -0.0022892490960657597
v -9.175451850751415e-05 -0.005736579187214373 -0.0022892490960657597
v -0.0001729715004330501 -0.0058386465534567816 -0.008273926563560963
v -0.00018143303168471903 -0.005849272944033144 -0.008095295168459415
v -0.00021971955720800906 -0.0058973953127861006 -0.005045440513640642
v -0.00018143303168471903 -0.005849272944033144 -0.0039047079626470804
v -0.0002297456085216254 -0.005909999366849659 -0.0060000005178153515
v -0.0002297456085216254 -0.005909999366849659 -0.0060000005178153515
v -0.00018143303168471903 -0.005849272944033144 -0.0039047079626470804
v -9.175451850751415e-05 -0.005736579187214373 -0.0022892490960657597
v -0.0002297456085216254 -0.005909999366849659 -0.0060000005178153515
v -9.175451850751415e-05 -0.005736579187214373 -0.0022892490960657597
v -0.00022616666683461517 -0.005905502941459416 -0.006570207886397839
v -0.00022616666683461517 -0.005905502941459416 -0.006570207886397839
v -9.175451850751415e-05 -0.005736579187214373 -0.0022892490960657597
v -0.00018143303168471903 -0.005849272944033144 -0.008095295168459415
v 0.007530690636485815 0.003843101207166909 -0.004449999891221523
v 0.0043004220351576805 0.006413394119590519 -0.004449999891221523
v 0.007530690636485815 0.003843101207166909 -0.007550000213086605
v 0.007530690636485815 0.003843101207166909 -0.007550000213086605
v 0.0043004220351576805 0.006413394119590519 -0.004449999891221523
v 0.0043004220351576805 0.006413394119590519 -0.007550000213086605
v 0.020930489525198936 -0.008445855230092999 -0.008769713342189789
v 0.020970944315195084 -0.008254918269813057 -0.008456377312541008
v 0.02118229866027832 -0.008477431721985337 -0.008367408998310566
v 0.022188782691955566 -0.010043419897556301 -0.007629224564880133
v 0.022192705422639847 -0.010063854977488514 -0.007629224099218845
v 0.0221768356859684 -0.010055598802864548 -0.007756848819553852
v 0.020693428814411163 -0.01163020636886358 -0.00977565161883831
v 0.021399537101387978 -0.01128125004470348 -0.009092254564166069
v 0.021089596673846245 -0.011890920810401436 -0.009219104424118996
v 0.021089596673846245 -0.011890920810401436 -0.009219104424118996
v 0.021399537101387978 -0.01128125004470348 -0.009092254564166069
v 0.02167186699807644 -0.01150204055011272 -0.008604534901678562
v 0.021089596673846245 -0.011890920810401436 -0.009219104424118996
v 0.02167186699807644 -0.01150204055011272 -0.008604534901678562
v 0.021373460069298744 -0.012079397216439244 -0.008675712160766125
v 0.021373460069298744 -0.012079397216439244 -0.008675712160766125
v 0.02167186699807644 -0.01150204055011272 -0.008604534901678562
v 0.021844124421477318 -0.011643588542938229 -0.008178837597370148
v 0.021373460069298744 -0.012079397216439244 -0.008675712160766125
v 0.021844124421477318 -0.011643588542938229 -0.008178837597370148
v 0.021549813449382782 -0.012195973657071587 -0.008207326754927635
v 0.021549813449382782 -0.012195973657071587 -0.008207326754927635
v 0.021844124421477318 -0.011643588542938229 -0.008178837597370148
v 0.0219271183013916 -0.011708833277225491 -0.007853135466575623
v 0.021549813449382782 -0.012195973657071587 -0.008207326754927635
v 0.0219271183013916 -0.011708833277225491 -0.007853135466575623
v 0.021632680669426918 -0.012248604558408257 -0.007855650037527084
v 0.022192705422639847 -0.010063854977488514 -0.007629224099218845
v 0.022230520844459534 -0.010379955172538754 -0.007629210129380226
v 0.02221325784921646 -0.010584102012217041 -0.007791122421622276
v 0.02221325784921646 -0.010584102012217041 -0.007791122421622276
v 0.022230520844459534 -0.010379955172538754 -0.007629210129380226
v 0.022224819287657738 -0.010721182450652119 -0.007629191502928734
v 0.02221325784921646 -0.010584102012217041 -0.007791122421622276
v 0.022224819287657738 -0.010721182450652119 -0.007629191502928734
v 0.02217111364006996 -0.011071982793509957 -0.007629173342138529
v 0.022188782691955566 -0.010043419897556301 -0.007629224564880133
v 0.0221768356859684 -0.010055598802864548 -0.007756848819553852
v 0.022102583199739456 -0.009722024202346798 -0.007629229687154293
v 0.021474730223417282 -0.008670258335769173 -0.007798843085765839
v 0.02154015563428402 -0.008733756840229031 -0.007629164960235357
v 0.021821655333042145 -0.009134296327829357 -0.007629204075783491
v 0.021474730223417282 -0.008670258335769173 -0.007798843085765839
v 0.021154122427105904 -0.00829449854791164 -0.007804799359291792
v 0.021170033141970634 -0.008303621783852574 -0.007707319688051939
v 0.02154015563428402 -0.008733756840229031 -0.007629164960235357
v 0.021474730223417282 -0.008670258335769173 -0.007798843085765839
v 0.021223364397883415 -0.008357089944183823 -0.007629148196429014
v 0.021223364397883415 -0.008357089944183823 -0.007629148196429014
v 0.021474730223417282 -0.008670258335769173 -0.007798843085765839
v 0.021170033141970634 -0.008303621783852574 -0.007707319688051939
v 0.021223364397883415 -0.008357089944183823 -0.007629148196429014
v 0.021170033141970634 -0.008303621783852574 -0.007707319688051939
v 0.021174101158976555 -0.008301566354930397 -0.007629185449331999
v 0.02118229866027832 -0.008477431721985337 -0.008367408998310566
v 0.020970944315195084 -0.008254918269813057 -0.008456377312541008
v 0.02109156921505928 -0.008277967572212216 -0.00818411260843277
v 0.020510653033852577 -0.008245266973972317 -0.009120560251176357
v 0.020615974441170692 -0.008136417716741558 -0.00888390839099884
v 0.020930489525198936 -0.008445855230092999 -0.008769713342189789
v 0.020930489525198936 -0.008445855230092999 -0.008769713342189789
v 0.020615974441170692 -0.008136417716741558 -0.00888390839099884
v 0.020752117037773132 -0.00801500957459211 -0.008502908051013947
v 0.020930489525198936 -0.008445855230092999 -0.008769713342189789
v 0.020752117037773132 -0.00801500957459211 -0.008502908051013947
v 0.020970944315195084 -0.008254918269813057 -0.008456377312541008
v 0.020970944315195084 -0.008254918269813057 -0.008456377312541008
v 0.020752117037773132 -0.00801500957459211 -0.008502908051013947
v 0.020816899836063385 -0.007981516420841214 -0.00826058629900217
v 0.020970944315195084 -0.008254918269813057 -0.008456377312541008
v 0.020816899836063385 -0.007981516420841214 -0.00826058629900217
v 0.02109156921505928 -0.008277967572212216 -0.00818411260843277
v 0.02033226378262043 -0.009613957256078717 -0.010018454864621162
v 0.020054256543517113 -0.008767044171690937 -0.009884068742394447
v 0.020619720220565796 -0.009114668704569336 -0.009583217091858387
v 0.020619720220565796 -0.009114668704569336 -0.009583217091858387
v 0.020054256543517113 -0.008767044171690937 -0.009884068742394447
v 0.020407119765877724 -0.008358254097402092 -0.009324156679213047
v 0.020619720220565796 -0.009114668704569336 -0.009583217091858387
v 0.020407119765877724 -0.008358254097402092 -0.009324156679213047
v 0.020817343145608902 -0.008727394975721833 -0.009154703468084335
v 0.018849585205316544 -0.010277048684656617 -0.011001466773450375
v 0.019258489832282066 -0.009752300567924973 -0.010720421560108662
v 0.019956782460212708 -0.010220712050795552 -0.010416585020720959
v 0.019956782460212708 -0.010220712050795552 -0.010416585020720959
v 0.019258489832282066 -0.009752300567924973 -0.010720421560108662
v 0.019502107053995132 -0.009444616734981533 -0.010510272346436977
v 0.019956782460212708 -0.010220712050795552 -0.010416585020720959
v 0.019502107053995132 -0.009444616734981533 -0.010510272346436977
v 0.02033226378262043 -0.009613957256078717 -0.010018454864621162
v 0.02033226378262043 -0.009613957256078717 -0.010018454864621162
v 0.019502107053995132 -0.009444616734981533 -0.010510272346436977
v 0.01972510851919651 -0.00916709657758474 -0.01028538215905428
v 0.02033226378262043 -0.009613957256078717 -0.010018454864621162
v 0.01972510851919651 -0.00916709657758474 -0.01028538215905428
v 0.020054256543517113 -0.008767044171690937 -0.009884068742394447
v 0.021154122427105904 -0.00829449854791164 -0.007804799359291792
v 0.021474730223417282 -0.008670258335769173 -0.007798843085765839
v 0.021120382472872734 -0.008265901356935498 -0.00790129229426384
v 0.021120382472872734 -0.008265901356935498 -0.00790129229426384
v 0.021474730223417282 -0.008670258335769173 -0.007798843085765839
v 0.021328158676624298 -0.008525370620191094 -0.008012311533093452
v 0.021120382472872734 -0.008265901356935498 -0.00790129229426384
v 0.021328158676624298 -0.008525370620191094 -0.008012311533093452
v 0.021081233397126198 -0.008229125291109082 -0.007971019484102726
v 0.02163192443549633 -0.01068333443254232 -0.008886861614882946
v 0.02175513282418251 -0.010137223638594147 -0.008659710176289082
v 0.02198886126279831 -0.010367209091782566 -0.008320716209709644
v 0.022192705422639847 -0.010063854977488514 -0.007629224099218845
v 0.02221325784921646 -0.010584102012217041 -0.007791122421622276
v 0.0221768356859684 -0.010055598802864548 -0.007756848819553852
v 0.0221768356859684 -0.010055598802864548 -0.007756848819553852
v 0.02221325784921646 -0.010584102012217041 -0.007791122421622276
v 0.02214021049439907 -0.010516574606299397 -0.008022433146834373
v 0.0221768356859684 -0.010055598802864548 -0.007756848819553852
v 0.02214021049439907 -0.010516574606299397 -0.008022433146834373
v 0.02211233414709568 -0.009994917549192902 -0.007939500734210014
v 0.02211233414709568 -0.009994917549192902 -0.007939500734210014
v 0.02214021049439907 -0.010516574606299397 -0.008022433146834373
v 0.02198886126279831 -0.010367209091782566 -0.008320716209709644
v 0.02211233414709568 -0.009994917549192902 -0.007939500734210014
v 0.02198886126279831 -0.010367209091782566 -0.008320716209709644
v 0.02197812683880329 -0.009859370999038216 -0.008174587972462177
v 0.02197812683880329 -0.009859370999038216 -0.008174587972462177
v 0.02198886126279831 -0.010367209091782566 -0.008320716209709644
v 0.02175513282418251 -0.010137223638594147 -0.008659710176289082
v 0.02197812683880329 -0.009859370999038216 -0.008174587972462177
v 0.02175513282418251 -0.010137223638594147 -0.008659710176289082
v 0.02177278697490692 -0.009650333784520623 -0.008440627716481686
v 0.02163192443549633 -0.01068333443254232 -0.008886861614882946
v 0.02198886126279831 -0.010367209091782566 -0.008320716209709644
v 0.021887673065066338 -0.01091812830418348 -0.008471270091831684
v 0.021887673065066338 -0.01091812830418348 -0.008471270091831684
v 0.02198886126279831 -0.010367209091782566 -0.008320716209709644
v 0.02214021049439907 -0.010516574606299397 -0.008022433146834373
v 0.021887673065066338 -0.01091812830418348 -0.008471270091831684
v 0.02214021049439907 -0.010516574606299397 -0.008022433146834373
v 0.022051416337490082 -0.011070246808230873 -0.008106759749352932
v 0.022051416337490082 -0.011070246808230873 -0.008106759749352932
v 0.02214021049439907 -0.010516574606299397 -0.008022433146834373
v 0.02221325784921646 -0.010584102012217041 -0.007791122421622276
v 0.022051416337490082 -0.011070246808230873 -0.008106759749352932
v 0.02221325784921646 -0.010584102012217041 -0.007791122421622276
v 0.022130539640784264 -0.011139735579490658 -0.007825350388884544
v 0.022130539640784264 -0.011139735579490658 -0.007825350388884544
v 0.02221325784921646 -0.010584102012217041 -0.007791122421622276
v 0.02217111364006996 -0.011071982793509957 -0.007629173342138529
v 0.022130539640784264 -0.011139735579490658 -0.007825350388884544
v 0.02217111364006996 -0.011071982793509957 -0.007629173342138529
v 0.021927835419774055 -0.011770869605243203 -0.007629152853041887
v 0.021654829382896423 -0.012259871698915955 -0.007629151921719313
v 0.021632680669426918 -0.012248604558408257 -0.007855650037527084
v 0.021927835419774055 -0.011770869605243203 -0.007629152853041887
v 0.021927835419774055 -0.011770869605243203 -0.007629152853041887
v 0.021632680669426918 -0.012248604558408257 -0.007855650037527084
v 0.0219271183013916 -0.011708833277225491 -0.007853135466575623
v 0.021927835419774055 -0.011770869605243203 -0.007629152853041887
v 0.0219271183013916 -0.011708833277225491 -0.007853135466575623
v 0.022130539640784264 -0.011139735579490658 -0.007825350388884544
v 0.022130539640784264 -0.011139735579490658 -0.007825350388884544
v 0.0219271183013916 -0.011708833277225491 -0.007853135466575623
v 0.021844124421477318 -0.011643588542938229 -0.008178837597370148
v 0.022130539640784264 -0.011139735579490658 -0.007825350388884544
v 0.021844124421477318 -0.011643588542938229 -0.008178837597370148
v 0.022051416337490082 -0.011070246808230873 -0.008106759749352932
v 0.022051416337490082 -0.011070246808230873 -0.008106759749352932
v 0.021844124421477318 -0.011643588542938229 -0.008178837597370148
v 0.02167186699807644 -0.01150204055011272 -0.008604534901678562
v 0.022051416337490082 -0.011070246808230873 -0.008106759749352932
v 0.02167186699807644 -0.01150204055011272 -0.008604534901678562
v 0.021887673065066338 -0.01091812830418348 -0.008471270091831684
v 0.021887673065066338 -0.01091812830418348 -0.008471270091831684
v 0.02167186699807644 -0.01150204055011272 -0.008604534901678562
v 0.021399537101387978 -0.01128125004470348 -0.009092254564166069
v 0.021887673065066338 -0.01091812830418348 -0.008471270091831684
v 0.021399537101387978 -0.01128125004470348 -0.009092254564166069
v 0.02163192443549633 -0.01068333443254232 -0.008886861614882946
v 0.021821655333042145 -0.009134296327829357 -0.007629204075783491
v 0.022102583199739456 -0.009722024202346798 -0.007629229687154293
v 0.022032734006643295 -0.0095632579177618 -0.00772837782278657
v 0.022032734006643295 -0.0095632579177618 -0.00772837782278657
v 0.022102583199739456 -0.009722024202346798 -0.007629229687154293
v 0.0221768356859684 -0.010055598802864548 -0.007756848819553852
v 0.022032734006643295 -0.0095632579177618 -0.00772837782278657
v 0.0221768356859684 -0.010055598802864548 -0.007756848819553852
v 0.021978968754410744 -0.009512906894087788 -0.007869402877986431
v 0.021978968754410744 -0.009512906894087788 -0.007869402877986431
v 0.0221768356859684 -0.010055598802864548 -0.007756848819553852
v 0.02211233414709568 -0.009994917549192902 -0.007939500734210014
v 0.021978968754410744 -0.009512906894087788 -0.007869402877986431
v 0.02211233414709568 -0.009994917549192902 -0.007939500734210014
v 0.02186656929552555 -0.009399353526532647 -0.008049603551626205
v 0.02186656929552555 -0.009399353526532647 -0.008049603551626205
v 0.02211233414709568 -0.009994917549192902 -0.007939500734210014
v 0.02197812683880329 -0.009859370999038216 -0.008174587972462177
v 0.02186656929552555 -0.009399353526532647 -0.008049603551626205
v 0.02197812683880329 -0.009859370999038216 -0.008174587972462177
v 0.021695785224437714 -0.009223561733961102 -0.008251347579061985
v 0.021695785224437714 -0.009223561733961102 -0.008251347579061985
v 0.02197812683880329 -0.009859370999038216 -0.008174587972462177
v 0.02177278697490692 -0.009650333784520623 -0.008440627716481686
v 0.021695785224437714 -0.009223561733961102 -0.008251347579061985
v 0.02177278697490692 -0.009650333784520623 -0.008440627716481686
v 0.021505339071154594 -0.009382233954966065 -0.008708124049007893
v 0.021505339071154594 -0.009382233954966065 -0.008708124049007893
v 0.02177278697490692 -0.009650333784520623 -0.008440627716481686
v 0.02175513282418251 -0.010137223638594147 -0.008659710176289082
v 0.021505339071154594 -0.009382233954966065 -0.008708124049007893
v 0.02175513282418251 -0.010137223638594147 -0.008659710176289082
v 0.021445557475090027 -0.00984180066734552 -0.009002764709293842
v 0.021445557475090027 -0.00984180066734552 -0.009002764709293842
v 0.02175513282418251 -0.010137223638594147 -0.008659710176289082
v 0.02163192443549633 -0.01068333443254232 -0.008886861614882946
v 0.021445557475090027 -0.00984180066734552 -0.009002764709293842
v 0.02163192443549633 -0.01068333443254232 -0.008886861614882946
v 0.021286912262439728 -0.010379207320511338 -0.009308140724897385
v 0.021286912262439728 -0.010379207320511338 -0.009308140724897385
v 0.02163192443549633 -0.01068333443254232 -0.008886861614882946
v 0.021399537101387978 -0.01128125004470348 -0.009092254564166069
v 0.021286912262439728 -0.010379207320511338 -0.009308140724897385
v 0.021399537101387978 -0.01128125004470348 -0.009092254564166069
v 0.021025698632001877 -0.010989367961883541 -0.009587417356669903
v 0.021025698632001877 -0.010989367961883541 -0.009587417356669903
v 0.021399537101387978 -0.01128125004470348 -0.009092254564166069
v 0.020693428814411163 -0.01163020636886358 -0.00977565161883831
v 0.021025698632001877 -0.010989367961883541 -0.009587417356669903
v 0.020693428814411163 -0.01163020636886358 -0.00977565161883831
v 0.02017931267619133 -0.011297320947051045 -0.010285650379955769
v 0.020816899836063385 -0.007981516420841214 -0.00826058629900217
v 0.020852312445640564 -0.007991524413228032 -0.008113967254757881
v 0.02109156921505928 -0.008277967572212216 -0.00818411260843277
v 0.02109156921505928 -0.008277967572212216 -0.00818411260843277
v 0.020852312445640564 -0.007991524413228032 -0.008113967254757881
v 0.020968522876501083 -0.00811537820845842 -0.008079854771494865
v 0.02109156921505928 -0.008277967572212216 -0.00818411260843277
v 0.020968522876501083 -0.00811537820845842 -0.008079854771494865
v 0.02101140096783638 -0.008159630000591275 -0.008049902506172657
v 0.018753835931420326 -0.01040116790682077 -0.011055497452616692
v 0.018849585205316544 -0.010277048684656617 -0.011001466773450375
v 0.019530711695551872 -0.010885535739362236 -0.01071385107934475
v 0.019530711695551872 -0.010885535739362236 -0.01071385107934475
v 0.018849585205316544 -0.010277048684656617 -0.011001466773450375
v 0.019956782460212708 -0.010220712050795552 -0.010416585020720959
v 0.019530711695551872 -0.010885535739362236 -0.01071385107934475
v 0.019956782460212708 -0.010220712050795552 -0.010416585020720959
v 0.02054864726960659 -0.010635690763592717 -0.010038482025265694
v 0.02054864726960659 -0.010635690763592717 -0.010038482025265694
v 0.019956782460212708 -0.010220712050795552 -0.010416585020720959
v 0.02033226378262043 -0.009613957256078717 -0.010018454864621162
v 0.02054864726960659 -0.010635690763592717 -0.010038482025265694
v 0.02033226378262043 -0.009613957256078717 -0.010018454864621162
v 0.020855773240327835 -0.010020931251347062 -0.009692864492535591
v 0.020855773240327835 -0.010020931251347062 -0.009692864492535591
v 0.02033226378262043 -0.009613957256078717 -0.010018454864621162
v 0.020619720220565796 -0.009114668704569336 -0.009583217091858387
v 0.020855773240327835 -0.010020931251347062 -0.009692864492535591
v 0.020619720220565796 -0.009114668704569336 -0.009583217091858387
v 0.021067554131150246 -0.009498329833149907 -0.009316290728747845
v 0.021067554131150246 -0.009498329833149907 -0.009316290728747845
v 0.020619720220565796 -0.009114668704569336 -0.009583217091858387
v 0.020817343145608902 -0.008727394975721833 -0.009154703468084335
v 0.021067554131150246 -0.009498329833149907 -0.009316290728747845
v 0.020817343145608902 -0.008727394975721833 -0.009154703468084335
v 0.021186066791415215 -0.009071817621588704 -0.008950444869697094
v 0.021186066791415215 -0.009071817621588704 -0.008950444869697094
v 0.020817343145608902 -0.008727394975721833 -0.009154703468084335
v 0.021219754591584206 -0.008735863491892811 -0.008626905269920826
v 0.021186066791415215 -0.009071817621588704 -0.008950444869697094
v 0.021219754591584206 -0.008735863491892811 -0.008626905269920826
v 0.021476415917277336 -0.008997626602649685 -0.008450843393802643
v 0.021476415917277336 -0.008997626602649685 -0.008450843393802643
v 0.021219754591584206 -0.008735863491892811 -0.008626905269920826
v 0.02137407474219799 -0.008678602986037728 -0.00824824906885624
v 0.021476415917277336 -0.008997626602649685 -0.008450843393802643
v 0.02137407474219799 -0.008678602986037728 -0.00824824906885624
v 0.021540699526667595 -0.008851955644786354 -0.008106118999421597
v 0.021540699526667595 -0.008851955644786354 -0.008106118999421597
v 0.02137407474219799 -0.008678602986037728 -0.00824824906885624
v 0.021328158676624298 -0.008525370620191094 -0.008012311533093452
v 0.021540699526667595 -0.008851955644786354 -0.008106118999421597
v 0.021328158676624298 -0.008525370620191094 -0.008012311533093452
v 0.021671805530786514 -0.008986365050077435 -0.007957395166158676
v 0.021671805530786514 -0.008986365050077435 -0.007957395166158676
v 0.021328158676624298 -0.008525370620191094 -0.008012311533093452
v 0.021474730223417282 -0.008670258335769173 -0.007798843085765839
v 0.021671805530786514 -0.008986365050077435 -0.007957395166158676
v 0.021474730223417282 -0.008670258335769173 -0.007798843085765839
v 0.021758565679192543 -0.00907270889729261 -0.007820777595043182
v 0.021758565679192543 -0.00907270889729261 -0.007820777595043182
v 0.021474730223417282 -0.008670258335769173 -0.007798843085765839
v 0.021821655333042145 -0.009134296327829357 -0.007629204075783491
v 0.020407119765877724 -0.008358254097402092 -0.009324156679213047
v 0.020510653033852577 -0.008245266973972317 -0.009120560251176357
v 0.020817343145608902 -0.008727394975721833 -0.009154703468084335
v 0.020817343145608902 -0.008727394975721833 -0.009154703468084335
v 0.020510653033852577 -0.008245266973972317 -0.009120560251176357
v 0.020930489525198936 -0.008445855230092999 -0.008769713342189789
v 0.020817343145608902 -0.008727394975721833 -0.009154703468084335
v 0.020930489525198936 -0.008445855230092999 -0.008769713342189789
v 0.021219754591584206 -0.008735863491892811 -0.008626905269920826
v 0.021219754591584206 -0.008735863491892811 -0.008626905269920826
v 0.020930489525198936 -0.008445855230092999 -0.008769713342189789
v 0.02118229866027832 -0.008477431721985337 -0.008367408998310566
v 0.021219754591584206 -0.008735863491892811 -0.008626905269920826
v 0.02118229866027832 -0.008477431721985337 -0.008367408998310566
v 0.02137407474219799 -0.008678602986037728 -0.00824824906885624
v 0.02137407474219799 -0.008678602986037728 -0.00824824906885624
v 0.02118229866027832 -0.008477431721985337 -0.008367408998310566
v 0.02109156921505928 -0.008277967572212216 -0.00818411260843277
v 0.02137407474219799 -0.008678602986037728 -0.00824824906885624
v 0.02109156921505928 -0.008277967572212216 -0.00818411260843277
v 0.021328158676624298 -0.008525370620191094 -0.008012311533093452
v 0.021328158676624298 -0.008525370620191094 -0.008012311533093452
v 0.02109156921505928 -0.008277967572212216 -0.00818411260843277
v 0.02101140096783638 -0.008159630000591275 -0.008049902506172657
v 0.021328158676624298 -0.008525370620191094 -0.008012311533093452
v 0.02101140096783638 -0.008159630000591275 -0.008049902506172657
v 0.021081233397126198 -0.008229125291109082 -0.007971019484102726
v 0.021821655333042145 -0.009134296327829357 -0.007629204075783491
v 0.022032734006643295 -0.0095632579177618 -0.00772837782278657
v 0.021758565679192543 -0.00907270889729261 -0.007820777595043182
v 0.021758565679192543 -0.00907270889729261 -0.007820777595043182
v 0.022032734006643295 -0.0095632579177618 -0.00772837782278657
v 0.021978968754410744 -0.009512906894087788 -0.007869402877986431
v 0.021758565679192543 -0.00907270889729261 -0.007820777595043182
v 0.021978968754410744 -0.009512906894087788 -0.007869402877986431
v 0.021671805530786514 -0.008986365050077435 -0.007957395166158676
v 0.021671805530786514 -0.008986365050077435 -0.007957395166158676
v 0.021978968754410744 -0.009512906894087788 -0.007869402877986431
v 0.02186656929552555 -0.009399353526532647 -0.008049603551626205
v 0.021671805530786514 -0.008986365050077435 -0.007957395166158676
v 0.02186656929552555 -0.009399353526532647 -0.008049603551626205
v 0.021540699526667595 -0.008851955644786354 -0.008106118999421597
v 0.021540699526667595 -0.008851955644786354 -0.008106118999421597
v 0.02186656929552555 -0.009399353526532647 -0.008049603551626205
v 0.021695785224437714 -0.009223561733961102 -0.008251347579061985
v 0.021540699526667595 -0.008851955644786354 -0.008106118999421597
v 0.021695785224437714 -0.009223561733961102 -0.008251347579061985
v 0.021476415917277336 -0.008997626602649685 -0.008450843393802643
v 0.021476415917277336 -0.008997626602649685 -0.008450843393802643
v 0.021695785224437714 -0.009223561733961102 -0.008251347579061985
v 0.021505339071154594 -0.009382233954966065 -0.008708124049007893
v 0.021476415917277336 -0.008997626602649685 -0.008450843393802643
v 0.021505339071154594 -0.009382233954966065 -0.008708124049007893
v 0.021186066791415215 -0.009071817621588704 -0.008950444869697094
v 0.021186066791415215 -0.009071817621588704 -0.008950444869697094
v 0.021505339071154594 -0.009382233954966065 -0.008708124049007893
v 0.021445557475090027 -0.00984180066734552 -0.009002764709293842
v 0.021186066791415215 -0.009071817621588704 -0.008950444869697094
v 0.021445557475090027 -0.00984180066734552 -0.009002764709293842
v 0.021067554131150246 -0.009498329833149907 -0.009316290728747845
v 0.021067554131150246 -0.009498329833149907 -0.009316290728747845
v 0.021445557475090027 -0.00984180066734552 -0.009002764709293842
v 0.021286912262439728 -0.010379207320511338 -0.009308140724897385
v 0.021067554131150246 -0.009498329833149907 -0.009316290728747845
v 0.021286912262439728 -0.010379207320511338 -0.009308140724897385
v 0.020855773240327835 -0.010020931251347062 -0.009692864492535591
v 0.020855773240327835 -0.010020931251347062 -0.009692864492535591
v 0.021286912262439728 -0.010379207320511338 -0.009308140724897385
v 0.021025698632001877 -0.010989367961883541 -0.009587417356669903
v 0.020855773240327835 -0.010020931251347062 -0.009692864492535591
v 0.021025698632001877 -0.010989367961883541 -0.009587417356669903
v 0.02054864726960659 -0.010635690763592717 -0.010038482025265694
v 0.02054864726960659 -0.010635690763592717 -0.010038482025265694
v 0.021025698632001877 -0.010989367961883541 -0.009587417356669903
v 0.02017931267619133 -0.011297320947051045 -0.010285650379955769
v 0.02054864726960659 -0.010635690763592717 -0.010038482025265694
v 0.02017931267619133 -0.011297320947051045 -0.010285650379955769
v 0.019530711695551872 -0.010885535739362236 -0.01071385107934475
v 0.020166175439953804 -0.013980146497488017 -0.004370884969830513
v 0.020623402670025826 -0.013553842902183528 -0.004370926413685083
v 0.020601792261004448 -0.013534743338823313 -0.004114069975912571
v 0.020894277840852737 -0.013259688392281527 -0.0043709371238946915
v 0.021192437037825584 -0.012900604866445061 -0.00437092175707221
v 0.02117267996072769 -0.0128854950889945 -0.00413637375459075
v 0.019303036853671074 -0.014600364491343493 -0.004370851907879114
v 0.020012153312563896 -0.014105166308581824 -0.004370871931314468
v 0.019296791404485703 -0.014595171436667437 -0.004257044289261103
v 0.019296791404485703 -0.014595171436667437 -0.004257044289261103
v 0.020012153312563896 -0.014105166308581824 -0.004370871931314468
v 0.019987544044852257 -0.014085656031966204 -0.004091714974492788
v 0.0177341029047966 -0.011739626526832577 -0.0006690587033517659
v 0.017343390733003616 -0.012271446175873276 -0.0006451730732806027
v 0.017898058518767357 -0.012632830068469044 -0.000890442926902324
v 0.017898058518767357 -0.012632830068469044 -0.000890442926902324
v 0.017343390733003616 -0.012271446175873276 -0.0006451730732806027
v 0.01668737269937992 -0.013214099220931525 -0.0006765116122551262
v 0.018753835931420326 -0.01040116790682077 -0.0009445062023587525
v 0.01853635534644127 -0.010683752596378323 -0.0008441655081696808
v 0.019530711695551872 -0.010885535739362236 -0.0012861540308222175
v 0.019530711695551872 -0.010885535739362236 -0.0012861540308222175
v 0.01853635534644127 -0.010683752596378323 -0.0008441655081696808
v 0.019214171916246414 -0.011297414079308506 -0.0011541772400960326
v 0.019530711695551872 -0.010885535739362236 -0.0012861540308222175
v 0.019214171916246414 -0.011297414079308506 -0.0011541772400960326
v 0.01981482282280922 -0.011064905673265454 -0.001451311050914228
v 0.01981482282280922 -0.011064905673265454 -0.001451311050914228
v 0.019214171916246414 -0.011297414079308506 -0.0011541772400960326
v 0.01983887515962124 -0.01174809597432613 -0.0015851104399189353
v 0.01981482282280922 -0.011064905673265454 -0.001451311050914228
v 0.01983887515962124 -0.01174809597432613 -0.0015851104399189353
v 0.02017931267619133 -0.011297320947051045 -0.001714354264549911
v 0.02017931267619133 -0.011297320947051045 -0.001714354264549911
v 0.01983887515962124 -0.01174809597432613 -0.0015851104399189353
v 0.02049211412668228 -0.011499113403260704 -0.002001289976760745
v 0.02049211412668228 -0.011499113403260704 -0.002001289976760745
v 0.01983887515962124 -0.01174809597432613 -0.0015851104399189353
v 0.020327886566519737 -0.012125208973884579 -0.002108505694195628
v 0.02049211412668228 -0.011499113403260704 -0.002001289976760745
v 0.020327886566519737 -0.012125208973884579 -0.002108505694195628
v 0.020693428814411163 -0.01163020636886358 -0.0022243536077439785
v 0.020693428814411163 -0.01163020636886358 -0.0022243536077439785
v 0.020327886566519737 -0.012125208973884579 -0.002108505694195628
v 0.020695989951491356 -0.01243385765701532 -0.002689298242330551
v 0.020693428814411163 -0.01163020636886358 -0.0022243536077439785
v 0.020695989951491356 -0.01243385765701532 -0.002689298242330551
v 0.02102372981607914 -0.011847342364490029 -0.0026752164121717215
v 0.02102372981607914 -0.011847342364490029 -0.0026752164121717215
v 0.020695989951491356 -0.01243385765701532 -0.002689298242330551
v 0.020950641483068466 -0.012666678987443444 -0.003263976890593767
v 0.02102372981607914 -0.011847342364490029 -0.0026752164121717215
v 0.020950641483068466 -0.012666678987443444 -0.003263976890593767
v 0.021263424307107925 -0.012006261385977265 -0.003093431005254388
v 0.021263424307107925 -0.012006261385977265 -0.003093431005254388
v 0.020950641483068466 -0.012666678987443444 -0.003263976890593767
v 0.02110282890498638 -0.012816044501960274 -0.0037630118895322084
v 0.021263424307107925 -0.012006261385977265 -0.003093431005254388
v 0.02110282890498638 -0.012816044501960274 -0.0037630118895322084
v 0.021549813449382782 -0.012195973657071587 -0.0037926777731627226
v 0.021192437037825584 -0.012900604866445061 -0.00437092175707221
v 0.021627234295010567 -0.012302369810640808 -0.004370855167508125
v 0.02117267996072769 -0.0128854950889945 -0.00413637375459075
v 0.02117267996072769 -0.0128854950889945 -0.00413637375459075
v 0.021627234295010567 -0.012302369810640808 -0.004370855167508125
v 0.021654829382896423 -0.012259871698915955 -0.004370851907879114
v 0.02117267996072769 -0.0128854950889945 -0.00413637375459075
v 0.021654829382896423 -0.012259871698915955 -0.004370851907879114
v 0.02110282890498638 -0.012816044501960274 -0.0037630118895322084
v 0.02110282890498638 -0.012816044501960274 -0.0037630118895322084
v 0.021654829382896423 -0.012259871698915955 -0.004370851907879114
v 0.021565623581409454 -0.012206270359456536 -0.0038462765514850616
v 0.02110282890498638 -0.012816044501960274 -0.0037630118895322084
v 0.021565623581409454 -0.012206270359456536 -0.0038462765514850616
v 0.021549813449382782 -0.012195973657071587 -0.0037926777731627226
v 0.01668737269937992 -0.013214099220931525 -0.0006765116122551262
v 0.01715455763041973 -0.01346659660339355 -0.0008675719727762043
v 0.017898058518767357 -0.012632830068469044 -0.000890442926902324
v 0.017898058518767357 -0.012632830068469044 -0.000890442926902324
v 0.01715455763041973 -0.01346659660339355 -0.0008675719727762043
v 0.01734079420566559 -0.013566291891038413 -0.0009723671828396618
v 0.017898058518767357 -0.012632830068469044 -0.000890442926902324
v 0.01734079420566559 -0.013566291891038413 -0.0009723671828396618
v 0.018445933237671852 -0.012992744334042069 -0.0012683457462117076
v 0.020012153312563896 -0.014105166308581824 -0.004370871931314468
v 0.020166175439953804 -0.013980146497488017 -0.004370884969830513
v 0.019987544044852257 -0.014085656031966204 -0.004091714974492788
v 0.019987544044852257 -0.014085656031966204 -0.004091714974492788
v 0.020166175439953804 -0.013980146497488017 -0.004370884969830513
v 0.020601792261004448 -0.013534743338823313 -0.004114069975912571
v 0.019987544044852257 -0.014085656031966204 -0.004091714974492788
v 0.020601792261004448 -0.013534743338823313 -0.004114069975912571
v 0.019890373572707176 -0.01400966197252273 -0.003645617049187422
v 0.019890373572707176 -0.01400966197252273 -0.003645617049187422
v 0.020601792261004448 -0.013534743338823313 -0.004114069975912571
v 0.02052329108119011 -0.013451076112687583 -0.0037028882652521133
v 0.019890373572707176 -0.01400966197252273 -0.003645617049187422
v 0.02052329108119011 -0.013451076112687583 -0.0037028882652521133
v 0.019684994593262672 -0.013854425400495524 -0.003063945798203349
v 0.019684994593262672 -0.013854425400495524 -0.003063945798203349
v 0.02052329108119011 -0.013451076112687583 -0.0037028882652521133
v 0.020354818552732468 -0.013277781195938582 -0.003159486223012209
v 0.019684994593262672 -0.013854425400495524 -0.003063945798203349
v 0.020354818552732468 -0.013277781195938582 -0.003159486223012209
v 0.01936456188559532 -0.013621696271002287 -0.002416015136986971
v 0.01936456188559532 -0.013621696271002287 -0.002416015136986971
v 0.020354818552732468 -0.013277781195938582 -0.003159486223012209
v 0.02008103020489216 -0.01301873009651899 -0.0025444079656153917
v 0.01936456188559532 -0.013621696271002287 -0.002416015136986971
v 0.02008103020489216 -0.01301873009651899 -0.0025444079656153917
v 0.018943078815937042 -0.01332764141261577 -0.0017908591544255614
v 0.018943078815937042 -0.01332764141261577 -0.0017908591544255614
v 0.02008103020489216 -0.01301873009651899 -0.0025444079656153917
v 0.01970100775361061 -0.012691413052380082 -0.0019378707511350513
v 0.018943078815937042 -0.01332764141261577 -0.0017908591544255614
v 0.01970100775361061 -0.012691413052380082 -0.0019378707511350513
v 0.018445933237671852 -0.012992744334042069 -0.0012683457462117076
v 0.018445933237671852 -0.012992744334042069 -0.0012683457462117076
v 0.01970100775361061 -0.012691413052380082 -0.0019378707511350513
v 0.01922123320400715 -0.01231191027909517 -0.001411538920365274
v 0.018445933237671852 -0.012992744334042069 -0.0012683457462117076
v 0.01922123320400715 -0.01231191027909517 -0.001411538920365274
v 0.017898058518767357 -0.012632830068469044 -0.000890442926902324
v 0.017898058518767357 -0.012632830068469044 -0.000890442926902324
v 0.01922123320400715 -0.01231191027909517 -0.001411538920365274
v 0.018641270697116852 -0.011881834827363488 -0.0010018585016950965
v 0.017898058518767357 -0.012632830068469044 -0.000890442926902324
v 0.018641270697116852 -0.011881834827363488 -0.0010018585016950965
v 0.0177341029047966 -0.011739626526832577 -0.0006690587033517659
v 0.0177341029047966 -0.011739626526832577 -0.0006690587033517659
v 0.018641270697116852 -0.011881834827363488 -0.0010018585016950965
v 0.01798279955983162 -0.011408293619751927 -0.0007028848049230874
v 0.01936456188559532 -0.013621696271002287 -0.002416015136986971
v 0.018769433721899986 -0.014314622618257994 -0.0026433139573782682
v 0.019684994593262672 -0.013854425400495524 -0.003063945798203349
v 0.019684994593262672 -0.013854425400495524 -0.003063945798203349
v 0.018769433721899986 -0.014314622618257994 -0.0026433139573782682
v 0.018950149416923523 -0.014408290386199946 -0.0030207291711121798
v 0.019684994593262672 -0.013854425400495524 -0.003063945798203349
v 0.018950149416923523 -0.014408290386199946 -0.0030207291711121798
v 0.019890373572707176 -0.01400966197252273 -0.003645617049187422
v 0.019890373572707176 -0.01400966197252273 -0.003645617049187422
v 0.018950149416923523 -0.014408290386199946 -0.0030207291711121798
v 0.019158940762281418 -0.014517617411911482 -0.003579595359042287
v 0.019890373572707176 -0.01400966197252273 -0.003645617049187422
v 0.019158940762281418 -0.014517617411911482 -0.003579595359042287
v 0.019987544044852257 -0.014085656031966204 -0.004091714974492788
v 0.019987544044852257 -0.014085656031966204 -0.004091714974492788
v 0.019158940762281418 -0.014517617411911482 -0.003579595359042287
v 0.01927785947918892 -0.014582998119294638 -0.004087960347533226
v 0.019987544044852257 -0.014085656031966204 -0.004091714974492788
v 0.01927785947918892 -0.014582998119294638 -0.004087960347533226
v 0.019296791404485703 -0.014595171436667437 -0.004257044289261103
v 0.01734079420566559 -0.013566291891038413 -0.0009723671828396618
v 0.017668813467025757 -0.01374049019068479 -0.001209868467412889
v 0.018445933237671852 -0.012992744334042069 -0.0012683457462117076
v 0.018445933237671852 -0.012992744334042069 -0.0012683457462117076
v 0.017668813467025757 -0.01374049019068479 -0.001209868467412889
v 0.017963187769055367 -0.013895407319068903 -0.0014875232009217143
v 0.018445933237671852 -0.012992744334042069 -0.0012683457462117076
v 0.017963187769055367 -0.013895407319068903 -0.0014875232009217143
v 0.018943078815937042 -0.01332764141261577 -0.0017908591544255614
v 0.018943078815937042 -0.01332764141261577 -0.0017908591544255614
v 0.017963187769055367 -0.013895407319068903 -0.0014875232009217143
v 0.018167853355407715 -0.014002414420247073 -0.0017205759650096297
v 0.018943078815937042 -0.01332764141261577 -0.0017908591544255614
v 0.018167853355407715 -0.014002414420247073 -0.0017205759650096297
v 0.01936456188559532 -0.013621696271002287 -0.002416015136986971
v 0.01936456188559532 -0.013621696271002287 -0.002416015136986971
v 0.018167853355407715 -0.014002414420247073 -0.0017205759650096297
v 0.01854955591261387 -0.014200776815414424 -0.002257691929116845
v 0.01936456188559532 -0.013621696271002287 -0.002416015136986971
v 0.01854955591261387 -0.014200776815414424 -0.002257691929116845
v 0.018769433721899986 -0.014314622618257994 -0.0026433139573782682
v 0.020623402670025826 -0.013553842902183528 -0.004370926413685083
v 0.020894277840852737 -0.013259688392281527 -0.0043709371238946915
v 0.020601792261004448 -0.013534743338823313 -0.004114069975912571
v 0.020601792261004448 -0.013534743338823313 -0.004114069975912571
v 0.020894277840852737 -0.013259688392281527 -0.0043709371238946915
v 0.02117267996072769 -0.0128854950889945 -0.00413637375459075
v 0.020601792261004448 -0.013534743338823313 -0.004114069975912571
v 0.02117267996072769 -0.0128854950889945 -0.00413637375459075
v 0.02052329108119011 -0.013451076112687583 -0.0037028882652521133
v 0.02052329108119011 -0.013451076112687583 -0.0037028882652521133
v 0.02117267996072769 -0.0128854950889945 -0.00413637375459075
v 0.02110282890498638 -0.012816044501960274 -0.0037630118895322084
v 0.02052329108119011 -0.013451076112687583 -0.0037028882652521133
v 0.02110282890498638 -0.012816044501960274 -0.0037630118895322084
v 0.020354818552732468 -0.013277781195938582 -0.003159486223012209
v 0.020354818552732468 -0.013277781195938582 -0.003159486223012209
v 0.02110282890498638 -0.012816044501960274 -0.0037630118895322084
v 0.020950641483068466 -0.012666678987443444 -0.003263976890593767
v 0.020354818552732468 -0.013277781195938582 -0.003159486223012209
v 0.020950641483068466 -0.012666678987443444 -0.003263976890593767
v 0.02008103020489216 -0.01301873009651899 -0.0025444079656153917
v 0.02008103020489216 -0.01301873009651899 -0.0025444079656153917
v 0.020950641483068466 -0.012666678987443444 -0.003263976890593767
v 0.020695989951491356 -0.01243385765701532 -0.002689298242330551
v 0.02008103020489216 -0.01301873009651899 -0.0025444079656153917
v 0.020695989951491356 -0.01243385765701532 -0.002689298242330551
v 0.01970100775361061 -0.012691413052380082 -0.0019378707511350513
v 0.01970100775361061 -0.012691413052380082 -0.0019378707511350513
v 0.020695989951491356 -0.01243385765701532 -0.002689298242330551
v 0.020327886566519737 -0.012125208973884579 -0.002108505694195628
v 0.01970100775361061 -0.012691413052380082 -0.0019378707511350513
v 0.020327886566519737 -0.012125208973884579 -0.002108505694195628
v 0.01922123320400715 -0.01231191027909517 -0.001411538920365274
v 0.01922123320400715 -0.01231191027909517 -0.001411538920365274
v 0.020327886566519737 -0.012125208973884579 -0.002108505694195628
v 0.01983887515962124 -0.01174809597432613 -0.0015851104399189353
v 0.01922123320400715 -0.01231191027909517 -0.001411538920365274
v 0.01983887515962124 -0.01174809597432613 -0.0015851104399189353
v 0.018641270697116852 -0.011881834827363488 -0.0010018585016950965
v 0.018641270697116852 -0.011881834827363488 -0.0010018585016950965
v 0.01983887515962124 -0.01174809597432613 -0.0015851104399189353
v 0.019214171916246414 -0.011297414079308506 -0.0011541772400960326
v 0.018641270697116852 -0.011881834827363488 -0.0010018585016950965
v 0.019214171916246414 -0.011297414079308506 -0.0011541772400960326
v 0.01798279955983162 -0.011408293619751927 -0.0007028848049230874
v 0.01798279955983162 -0.011408293619751927 -0.0007028848049230874
v 0.019214171916246414 -0.011297414079308506 -0.0011541772400960326
v 0.01853635534644127 -0.010683752596378323 -0.0008441655081696808
v 0.018298035487532616 -0.014828564599156374 -0.003065013326704502
v 0.018529435619711876 -0.014912058599293227 -0.00363305676728487
v 0.01887856237590313 -0.014713373035192484 -0.0036204755306243896
v 0.015483145602047443 -0.015509296208620066 -0.003962400369346142
v 0.015581753104925156 -0.015523823909461493 -0.004048037808388472
v 0.015973016619682312 -0.015524393878877158 -0.003769360948354006
v 0.015330023132264614 -0.015489442273974413 -0.0039061822462826967
v 0.015422699972987175 -0.015501075424253935 -0.0039297002367675304
v 0.01562611199915409 -0.015476850792765612 -0.0034880635794252157
v 0.019296791404485703 -0.014595171436667437 -0.004257044289261103
v 0.01927785947918892 -0.014582998119294638 -0.004087960347533226
v 0.018664171919226646 -0.014943577349185938 -0.00408066576346755
v 0.01673671044409275 -0.015507820993661875 -0.003994096536189318
v 0.017507247626781464 -0.015400648117065424 -0.004370827227830887
v 0.017227934673428535 -0.015414022840559477 -0.0038710280787199736
v 0.017227934673428535 -0.015414022840559477 -0.0038710280787199736
v 0.017507247626781464 -0.015400648117065424 -0.004370827227830887
v 0.017754383385181427 -0.015333646908402438 -0.004370818845927715
v 0.017227934673428535 -0.015414022840559477 -0.0038710280787199736
v 0.017754383385181427 -0.015333646908402438 -0.004370818845927715
v 0.01769680716097355 -0.015275609679520125 -0.0037613261956721544
v 0.01769680716097355 -0.015275609679520125 -0.0037613261956721544
v 0.017754383385181427 -0.015333646908402438 -0.004370818845927715
v 0.017950717359781265 -0.015271519310772414 -0.0043708146549761295
v 0.01769680716097355 -0.015275609679520125 -0.0037613261956721544
v 0.017950717359781265 -0.015271519310772414 -0.0043708146549761295
v 0.0184397604316473 -0.015079919248819346 -0.004370812326669693
v 0.016453716903924942 -0.01555703673511743 -0.004370835144072771
v 0.016864916309714317 -0.01551988255232572 -0.004370835144072771
v 0.01673671044409275 -0.015507820993661875 -0.003994096536189318
v 0.01673671044409275 -0.015507820993661875 -0.003994096536189318
v 0.016864916309714317 -0.01551988255232572 -0.004370835144072771
v 0.016938893124461174 -0.015510032884776587 -0.0043708342127501965
v 0.01673671044409275 -0.015507820993661875 -0.003994096536189318
v 0.016938893124461174 -0.015510032884776587 -0.0043708342127501965
v 0.017507247626781464 -0.015400648117065424 -0.004370827227830887
v 0.01673671044409275 -0.015507820993661875 -0.003994096536189318
v 0.016226423904299736 -0.015550701878964896 -0.004114948213100433
v 0.016453716903924942 -0.01555703673511743 -0.004370835144072771
v 0.016453716903924942 -0.01555703673511743 -0.004370835144072771
v 0.016226423904299736 -0.015550701878964896 -0.004114948213100433
v 0.015659034252166748 -0.015536768361926074 -0.004156893584877253
v 0.016453716903924942 -0.01555703673511743 -0.004370835144072771
v 0.015659034252166748 -0.015536768361926074 -0.004156893584877253
v 0.015711858868598938 -0.015552948229014868 -0.0043708207085728645
v 0.01578664593398571 -0.014590305276215071 -0.001440260442905128
v 0.01570185273885727 -0.014721791259944434 -0.0016119879437610507
v 0.016053199768066406 -0.01482881978154182 -0.0017794443992897868
v 0.016053199768066406 -0.01482881978154182 -0.0017794443992897868
v 0.01570185273885727 -0.014721791259944434 -0.0016119879437610507
v 0.015484835021197796 -0.015066575258970255 -0.002198287518694997
v 0.016053199768066406 -0.01482881978154182 -0.0017794443992897868
v 0.015484835021197796 -0.015066575258970255 -0.002198287518694997
v 0.015796570107340813 -0.015125270932912821 -0.002300022169947624
v 0.015796570107340813 -0.015125270932912821 -0.002300022169947624
v 0.015484835021197796 -0.015066575258970255 -0.002198287518694997
v 0.015354148112237453 -0.015290418639779086 -0.0027725286781787872
v 0.015796570107340813 -0.015125270932912821 -0.002300022169947624
v 0.015354148112237453 -0.015290418639779086 -0.0027725286781787872
v 0.015592853538691998 -0.015335809439420695 -0.0028605370316654444
v 0.015592853538691998 -0.015335809439420695 -0.0028605370316654444
v 0.015354148112237453 -0.015290418639779086 -0.0027725286781787872
v 0.015320658683776855 -0.015354918316006655 -0.003006772603839636
v 0.01621999591588974 -0.013926579616963858 -0.0008635193225927651
v 0.016911743208765984 -0.013760079629719252 -0.0009026530315168202
v 0.016499022021889687 -0.013500210829079146 -0.0007080932264216244
v 0.016499022021889687 -0.013500210829079146 -0.0007080932264216244
v 0.016911743208765984 -0.013760079629719252 -0.0009026530315168202
v 0.01715455763041973 -0.01346659660339355 -0.0008675719727762043
v 0.016499022021889687 -0.013500210829079146 -0.0007080932264216244
v 0.01715455763041973 -0.01346659660339355 -0.0008675719727762043
v 0.01668737269937992 -0.013214099220931525 -0.0006765116122551262
v 0.018769433721899986 -0.014314622618257994 -0.0026433139573782682
v 0.01854955591261387 -0.014200776815414424 -0.002257691929116845
v 0.018315058201551437 -0.014450777322053904 -0.0023620740976184607
v 0.018315058201551437 -0.014450777322053904 -0.0023620740976184607
v 0.01854955591261387 -0.014200776815414424 -0.002257691929116845
v 0.018167853355407715 -0.014002414420247073 -0.0017205759650096297
v 0.018315058201551437 -0.014450777322053904 -0.0023620740976184607
v 0.018167853355407715 -0.014002414420247073 -0.0017205759650096297
v 0.017887765541672707 -0.014242191798985 -0.0017394846072420478
v 0.017887765541672707 -0.014242191798985 -0.0017394846072420478
v 0.018167853355407715 -0.014002414420247073 -0.0017205759650096297
v 0.017963187769055367 -0.013895407319068903 -0.0014875232009217143
v 0.017887765541672707 -0.014242191798985 -0.0017394846072420478
v 0.017963187769055367 -0.013895407319068903 -0.0014875232009217143
v 0.017405657097697258 -0.014004469849169249 -0.0012381001142784953
v 0.017405657097697258 -0.014004469849169249 -0.0012381001142784953
v 0.017963187769055367 -0.013895407319068903 -0.0014875232009217143
v 0.017668813467025757 -0.01374049019068479 -0.001209868467412889
v 0.017405657097697258 -0.014004469849169249 -0.0012381001142784953
v 0.017668813467025757 -0.01374049019068479 -0.001209868467412889
v 0.016911743208765984 -0.013760079629719252 -0.0009026530315168202
v 0.016911743208765984 -0.013760079629719252 -0.0009026530315168202
v 0.017668813467025757 -0.01374049019068479 -0.001209868467412889
v 0.01734079420566559 -0.013566291891038413 -0.0009723671828396618
v 0.016911743208765984 -0.013760079629719252 -0.0009026530315168202
v 0.01734079420566559 -0.013566291891038413 -0.0009723671828396618
v 0.01715455763041973 -0.01346659660339355 -0.0008675719727762043
v 0.015279600396752357 -0.015483471564948554 -0.003904495621100068
v 0.015330023132264614 -0.015489442273974413 -0.0039061822462826967
v 0.015289641916751862 -0.015426510013639922 -0.0033661071211099625
v 0.015289641916751862 -0.015426510013639922 -0.0033661071211099625
v 0.015330023132264614 -0.015489442273974413 -0.0039061822462826967
v 0.01562611199915409 -0.015476850792765612 -0.0034880635794252157
v 0.015289641916751862 -0.015426510013639922 -0.0033661071211099625
v 0.01562611199915409 -0.015476850792765612 -0.0034880635794252157
v 0.015320658683776855 -0.015354918316006655 -0.003006772603839636
v 0.015320658683776855 -0.015354918316006655 -0.003006772603839636
v 0.01562611199915409 -0.015476850792765612 -0.0034880635794252157
v 0.015856802463531494 -0.01538619771599769 -0.003003061516210437
v 0.015320658683776855 -0.015354918316006655 -0.003006772603839636
v 0.015856802463531494 -0.01538619771599769 -0.003003061516210437
v 0.015592853538691998 -0.015335809439420695 -0.0028605370316654444
v 0.015592853538691998 -0.015335809439420695 -0.0028605370316654444
v 0.015856802463531494 -0.01538619771599769 -0.003003061516210437
v 0.016131026670336723 -0.015207108110189433 -0.0025063990615308285
v 0.015592853538691998 -0.015335809439420695 -0.0028605370316654444
v 0.016131026670336723 -0.015207108110189433 -0.0025063990615308285
v 0.015796570107340813 -0.015125270932912821 -0.002300022169947624
v 0.015796570107340813 -0.015125270932912821 -0.002300022169947624
v 0.016131026670336723 -0.015207108110189433 -0.0025063990615308285
v 0.016443103551864624 -0.014948905445635314 -0.0020420539658516645
v 0.015796570107340813 -0.015125270932912821 -0.002300022169947624
v 0.016443103551864624 -0.014948905445635314 -0.0020420539658516645
v 0.016053199768066406 -0.01482881978154182 -0.0017794443992897868
v 0.015805266797542572 -0.015502612106502051 -0.003610858926549554
v 0.01636376418173313 -0.015470829792320723 -0.0034615236800163984
v 0.016119634732604027 -0.015433253720402712 -0.003207972040399909
v 0.016119634732604027 -0.015433253720402712 -0.003207972040399909
v 0.01636376418173313 -0.015470829792320723 -0.0034615236800163984
v 0.01676708459854126 -0.01534830685704946 -0.0031462684273719788
v 0.016119634732604027 -0.015433253720402712 -0.003207972040399909
v 0.01676708459854126 -0.01534830685704946 -0.0031462684273719788
v 0.01646200567483902 -0.015284552238881583 -0.0027951044030487537
v 0.01646200567483902 -0.015284552238881583 -0.0027951044030487537
v 0.01676708459854126 -0.01534830685704946 -0.0031462684273719788
v 0.017178809270262718 -0.01516381930559873 -0.002853195182979107
v 0.01646200567483902 -0.015284552238881583 -0.0027951044030487537
v 0.017178809270262718 -0.01516381930559873 -0.002853195182979107
v 0.01682749204337597 -0.015064750798046584 -0.0024088453501462936
v 0.015422699972987175 -0.015501075424253935 -0.0039297002367675304
v 0.015805266797542572 -0.015502612106502051 -0.003610858926549554
v 0.01562611199915409 -0.015476850792765612 -0.0034880635794252157
v 0.01562611199915409 -0.015476850792765612 -0.0034880635794252157
v 0.015805266797542572 -0.015502612106502051 -0.003610858926549554
v 0.016119634732604027 -0.015433253720402712 -0.003207972040399909
v 0.01562611199915409 -0.015476850792765612 -0.0034880635794252157
v 0.016119634732604027 -0.015433253720402712 -0.003207972040399909
v 0.015856802463531494 -0.01538619771599769 -0.003003061516210437
v 0.015856802463531494 -0.01538619771599769 -0.003003061516210437
v 0.016119634732604027 -0.015433253720402712 -0.003207972040399909
v 0.01646200567483902 -0.015284552238881583 -0.0027951044030487537
v 0.015856802463531494 -0.01538619771599769 -0.003003061516210437
v 0.01646200567483902 -0.015284552238881583 -0.0027951044030487537
v 0.016131026670336723 -0.015207108110189433 -0.0025063990615308285
v 0.016131026670336723 -0.015207108110189433 -0.0025063990615308285
v 0.01646200567483902 -0.015284552238881583 -0.0027951044030487537
v 0.01682749204337597 -0.015064750798046584 -0.0024088453501462936
v 0.016131026670336723 -0.015207108110189433 -0.0025063990615308285
v 0.01682749204337597 -0.015064750798046584 -0.0024088453501462936
v 0.016443103551864624 -0.014948905445635314 -0.0020420539658516645
v 0.018950149416923523 -0.014408290386199946 -0.0030207291711121798
v 0.018769433721899986 -0.014314622618257994 -0.0026433139573782682
v 0.018652159720659256 -0.014611352235078806 -0.003020984586328268
v 0.018652159720659256 -0.014611352235078806 -0.003020984586328268
v 0.018769433721899986 -0.014314622618257994 -0.0026433139573782682
v 0.018315058201551437 -0.014450777322053904 -0.0023620740976184607
v 0.018652159720659256 -0.014611352235078806 -0.003020984586328268
v 0.018315058201551437 -0.014450777322053904 -0.0023620740976184607
v 0.017968250438570976 -0.01469290349632501 -0.0024451301433146
v 0.017968250438570976 -0.01469290349632501 -0.0024451301433146
v 0.018315058201551437 -0.014450777322053904 -0.0023620740976184607
v 0.017887765541672707 -0.014242191798985 -0.0017394846072420478
v 0.017968250438570976 -0.01469290349632501 -0.0024451301433146
v 0.017887765541672707 -0.014242191798985 -0.0017394846072420478
v 0.017558841034770012 -0.014515761286020274 -0.0018588005332276225
v 0.017558841034770012 -0.014515761286020274 -0.0018588005332276225
v 0.017887765541672707 -0.014242191798985 -0.0017394846072420478
v 0.017405657097697258 -0.014004469849169249 -0.0012381001142784953
v 0.017558841034770012 -0.014515761286020274 -0.0018588005332276225
v 0.017405657097697258 -0.014004469849169249 -0.0012381001142784953
v 0.01710151880979538 -0.014314494095742697 -0.0013820052845403552
v 0.01710151880979538 -0.014314494095742697 -0.0013820052845403552
v 0.017405657097697258 -0.014004469849169249 -0.0012381001142784953
v 0.016911743208765984 -0.013760079629719252 -0.0009026530315168202
v 0.01710151880979538 -0.014314494095742697 -0.0013820052845403552
v 0.016911743208765984 -0.013760079629719252 -0.0009026530315168202
v 0.016634881496429443 -0.014108946546912188 -0.0010548540158197284
v 0.016634881496429443 -0.014108946546912188 -0.0010548540158197284
v 0.016911743208765984 -0.013760079629719252 -0.0009026530315168202
v 0.01621999591588974 -0.013926579616963858 -0.0008635193225927651
v 0.016634881496429443 -0.014108946546912188 -0.0010548540158197284
v 0.01621999591588974 -0.013926579616963858 -0.0008635193225927651
v 0.016154663637280464 -0.014026357792317862 -0.0009229162824340165
v 0.018529435619711876 -0.014912058599293227 -0.00363305676728487
v 0.018298035487532616 -0.014828564599156374 -0.003065013326704502
v 0.017901794984936714 -0.015041987411677832 -0.003166808281093836
v 0.017901794984936714 -0.015041987411677832 -0.003166808281093836
v 0.018298035487532616 -0.014828564599156374 -0.003065013326704502
v 0.017584864050149918 -0.014937295578420157 -0.0026119789108633995
v 0.017901794984936714 -0.015041987411677832 -0.003166808281093836
v 0.017584864050149918 -0.014937295578420157 -0.0026119789108633995
v 0.017178809270262718 -0.01516381930559873 -0.002853195182979107
v 0.017178809270262718 -0.01516381930559873 -0.002853195182979107
v 0.017584864050149918 -0.014937295578420157 -0.0026119789108633995
v 0.017199790105223656 -0.014798487536609168 -0.0020867756102234125
v 0.017178809270262718 -0.01516381930559873 -0.002853195182979107
v 0.017199790105223656 -0.014798487536609168 -0.0020867756102234125
v 0.01682749204337597 -0.015064750798046584 -0.0024088453501462936
v 0.01682749204337597 -0.015064750798046584 -0.0024088453501462936
v 0.017199790105223656 -0.014798487536609168 -0.0020867756102234125
v 0.016774293035268784 -0.014639712870120997 -0.0016553167952224612
v 0.01682749204337597 -0.015064750798046584 -0.0024088453501462936
v 0.016774293035268784 -0.014639712870120997 -0.0016553167952224612
v 0.016443103551864624 -0.014948905445635314 -0.0020420539658516645
v 0.016443103551864624 -0.014948905445635314 -0.0020420539658516645
v 0.016774293035268784 -0.014639712870120997 -0.0016553167952224612
v 0.016341431066393852 -0.014477089978754515 -0.0013512814184650779
v 0.016443103551864624 -0.014948905445635314 -0.0020420539658516645
v 0.016341431066393852 -0.014477089978754515 -0.0013512814184650779
v 0.016053199768066406 -0.01482881978154182 -0.0017794443992897868
v 0.016053199768066406 -0.01482881978154182 -0.0017794443992897868
v 0.016341431066393852 -0.014477089978754515 -0.0013512814184650779
v 0.015954172238707542 -0.014332802966237063 -0.0011637191055342555
v 0.016053199768066406 -0.01482881978154182 -0.0017794443992897868
v 0.015954172238707542 -0.014332802966237063 -0.0011637191055342555
v 0.01578664593398571 -0.014590305276215071 -0.001440260442905128
v 0.019158940762281418 -0.014517617411911482 -0.003579595359042287
v 0.018950149416923523 -0.014408290386199946 -0.0030207291711121798
v 0.01887856237590313 -0.014713373035192484 -0.0036204755306243896
v 0.01887856237590313 -0.014713373035192484 -0.0036204755306243896
v 0.018950149416923523 -0.014408290386199946 -0.0030207291711121798
v 0.018652159720659256 -0.014611352235078806 -0.003020984586328268
v 0.01887856237590313 -0.014713373035192484 -0.0036204755306243896
v 0.018652159720659256 -0.014611352235078806 -0.003020984586328268
v 0.018298035487532616 -0.014828564599156374 -0.003065013326704502
v 0.018298035487532616 -0.014828564599156374 -0.003065013326704502
v 0.018652159720659256 -0.014611352235078806 -0.003020984586328268
v 0.017968250438570976 -0.01469290349632501 -0.0024451301433146
v 0.018298035487532616 -0.014828564599156374 -0.003065013326704502
v 0.017968250438570976 -0.01469290349632501 -0.0024451301433146
v 0.017584864050149918 -0.014937295578420157 -0.0026119789108633995
v 0.017584864050149918 -0.014937295578420157 -0.0026119789108633995
v 0.017968250438570976 -0.01469290349632501 -0.0024451301433146
v 0.017558841034770012 -0.014515761286020274 -0.0018588005332276225
v 0.017584864050149918 -0.014937295578420157 -0.0026119789108633995
v 0.017558841034770012 -0.014515761286020274 -0.0018588005332276225
v 0.017199790105223656 -0.014798487536609168 -0.0020867756102234125
v 0.017199790105223656 -0.014798487536609168 -0.0020867756102234125
v 0.017558841034770012 -0.014515761286020274 -0.0018588005332276225
v 0.01710151880979538 -0.014314494095742697 -0.0013820052845403552
v 0.017199790105223656 -0.014798487536609168 -0.0020867756102234125
v 0.01710151880979538 -0.014314494095742697 -0.0013820052845403552
v 0.016774293035268784 -0.014639712870120997 -0.0016553167952224612
v 0.016774293035268784 -0.014639712870120997 -0.0016553167952224612
v 0.01710151880979538 -0.014314494095742697 -0.0013820052845403552
v 0.016634881496429443 -0.014108946546912188 -0.0010548540158197284
v 0.016774293035268784 -0.014639712870120997 -0.0016553167952224612
v 0.016634881496429443 -0.014108946546912188 -0.0010548540158197284
v 0.016341431066393852 -0.014477089978754515 -0.0013512814184650779
v 0.016341431066393852 -0.014477089978754515 -0.0013512814184650779
v 0.016634881496429443 -0.014108946546912188 -0.0010548540158197284
v 0.016154663637280464 -0.014026357792317862 -0.0009229162824340165
v 0.016341431066393852 -0.014477089978754515 -0.0013512814184650779
v 0.016154663637280464 -0.014026357792317862 -0.0009229162824340165
v 0.015954172238707542 -0.014332802966237063 -0.0011637191055342555
v 0.015581753104925156 -0.015523823909461493 -0.004048037808388472
v 0.015659034252166748 -0.015536768361926074 -0.004156893584877253
v 0.015973016619682312 -0.015524393878877158 -0.003769360948354006
v 0.015973016619682312 -0.015524393878877158 -0.003769360948354006
v 0.015659034252166748 -0.015536768361926074 -0.004156893584877253
v 0.016226423904299736 -0.015550701878964896 -0.004114948213100433
v 0.015973016619682312 -0.015524393878877158 -0.003769360948354006
v 0.016226423904299736 -0.015550701878964896 -0.004114948213100433
v 0.01657288335263729 -0.015495437197387213 -0.003734765574336052
v 0.01657288335263729 -0.015495437197387213 -0.003734765574336052
v 0.016226423904299736 -0.015550701878964896 -0.004114948213100433
v 0.01673671044409275 -0.015507820993661875 -0.003994096536189318
v 0.01657288335263729 -0.015495437197387213 -0.003734765574336052
v 0.01673671044409275 -0.015507820993661875 -0.003994096536189318
v 0.017026402056217194 -0.015391960740089411 -0.003520073601976037
v 0.017026402056217194 -0.015391960740089411 -0.003520073601976037
v 0.01673671044409275 -0.015507820993661875 -0.003994096536189318
v 0.017227934673428535 -0.015414022840559477 -0.0038710280787199736
v 0.017026402056217194 -0.015391960740089411 -0.003520073601976037
v 0.017227934673428535 -0.015414022840559477 -0.0038710280787199736
v 0.017473341897130013 -0.015235878527164454 -0.003323461627587676
v 0.017473341897130013 -0.015235878527164454 -0.003323461627587676
v 0.017227934673428535 -0.015414022840559477 -0.0038710280787199736
v 0.01769680716097355 -0.015275609679520125 -0.0037613261956721544
v 0.017473341897130013 -0.015235878527164454 -0.003323461627587676
v 0.01769680716097355 -0.015275609679520125 -0.0037613261956721544
v 0.018133893609046936 -0.015103700570762152 -0.003679280634969473
v 0.018133893609046936 -0.015103700570762152 -0.003679280634969473
v 0.01769680716097355 -0.015275609679520125 -0.0037613261956721544
v 0.0184397604316473 -0.015079919248819346 -0.004370812326669693
v 0.018133893609046936 -0.015103700570762152 -0.003679280634969473
v 0.0184397604316473 -0.015079919248819346 -0.004370812326669693
v 0.018664171919226646 -0.014943577349185938 -0.00408066576346755
v 0.018664171919226646 -0.014943577349185938 -0.00408066576346755
v 0.0184397604316473 -0.015079919248819346 -0.004370812326669693
v 0.01872997358441353 -0.014939065091311926 -0.0043708207085728645
v 0.018664171919226646 -0.014943577349185938 -0.00408066576346755
v 0.01872997358441353 -0.014939065091311926 -0.0043708207085728645
v 0.019296791404485703 -0.014595171436667437 -0.004257044289261103
v 0.019296791404485703 -0.014595171436667437 -0.004257044289261103
v 0.01872997358441353 -0.014939065091311926 -0.0043708207085728645
v 0.019303036853671074 -0.014600364491343493 -0.004370851907879114
v 0.015422699972987175 -0.015501075424253935 -0.0039297002367675304
v 0.015483145602047443 -0.015509296208620066 -0.003962400369346142
v 0.015805266797542572 -0.015502612106502051 -0.003610858926549554
v 0.015805266797542572 -0.015502612106502051 -0.003610858926549554
v 0.015483145602047443 -0.015509296208620066 -0.003962400369346142
v 0.015973016619682312 -0.015524393878877158 -0.003769360948354006
v 0.015805266797542572 -0.015502612106502051 -0.003610858926549554
v 0.015973016619682312 -0.015524393878877158 -0.003769360948354006
v 0.01636376418173313 -0.015470829792320723 -0.0034615236800163984
v 0.01636376418173313 -0.015470829792320723 -0.0034615236800163984
v 0.015973016619682312 -0.015524393878877158 -0.003769360948354006
v 0.01657288335263729 -0.015495437197387213 -0.003734765574336052
v 0.01636376418173313 -0.015470829792320723 -0.0034615236800163984
v 0.01657288335263729 -0.015495437197387213 -0.003734765574336052
v 0.01676708459854126 -0.01534830685704946 -0.0031462684273719788
v 0.01676708459854126 -0.01534830685704946 -0.0031462684273719788
v 0.01657288335263729 -0.015495437197387213 -0.003734765574336052
v 0.017026402056217194 -0.015391960740089411 -0.003520073601976037
v 0.01676708459854126 -0.01534830685704946 -0.0031462684273719788
v 0.017026402056217194 -0.015391960740089411 -0.003520073601976037
v 0.017178809270262718 -0.01516381930559873 -0.002853195182979107
v 0.017178809270262718 -0.01516381930559873 -0.002853195182979107
v 0.017026402056217194 -0.015391960740089411 -0.003520073601976037
v 0.017473341897130013 -0.015235878527164454 -0.003323461627587676
v 0.017178809270262718 -0.01516381930559873 -0.002853195182979107
v 0.017473341897130013 -0.015235878527164454 -0.003323461627587676
v 0.017901794984936714 -0.015041987411677832 -0.003166808281093836
v 0.017901794984936714 -0.015041987411677832 -0.003166808281093836
v 0.017473341897130013 -0.015235878527164454 -0.003323461627587676
v 0.018133893609046936 -0.015103700570762152 -0.003679280634969473
v 0.017901794984936714 -0.015041987411677832 -0.003166808281093836
v 0.018133893609046936 -0.015103700570762152 -0.003679280634969473
v 0.018529435619711876 -0.014912058599293227 -0.00363305676728487
v 0.018529435619711876 -0.014912058599293227 -0.00363305676728487
v 0.018133893609046936 -0.015103700570762152 -0.003679280634969473
v 0.018664171919226646 -0.014943577349185938 -0.00408066576346755
v 0.018529435619711876 -0.014912058599293227 -0.00363305676728487
v 0.018664171919226646 -0.014943577349185938 -0.00408066576346755
v 0.01887856237590313 -0.014713373035192484 -0.0036204755306243896
v 0.01887856237590313 -0.014713373035192484 -0.0036204755306243896
v 0.018664171919226646 -0.014943577349185938 -0.00408066576346755
v 0.01927785947918892 -0.014582998119294638 -0.004087960347533226
v 0.01887856237590313 -0.014713373035192484 -0.0036204755306243896
v 0.01927785947918892 -0.014582998119294638 -0.004087960347533226
v 0.019158940762281418 -0.014517617411911482 -0.003579595359042287
v 0.018119819462299347 -0.015105616301298136 -0.008335866965353489
v 0.018518658354878426 -0.014912433922290797 -0.008384576067328453
v 0.018655989319086075 -0.014945364557206626 -0.007934795692563057
v 0.015615703538060188 -0.015478673391044135 -0.008493324741721153
v 0.015845464542508125 -0.015390517190098757 -0.0089806467294693
v 0.01610400900244713 -0.015436437912285323 -0.008780743926763535
v 0.015709104016423225 -0.015549430623650546 -0.007688261102885008
v 0.01562921144068241 -0.015531493350863452 -0.00789181049913168
v 0.01620146632194519 -0.015551071614027018 -0.007885717786848545
v 0.01602945476770401 -0.014217630028724665 -0.010937399230897427
v 0.016216862946748734 -0.013931376859545702 -0.011133837513625622
v 0.01663031615316868 -0.014112798497080798 -0.010943093337118626
v 0.019303036853671074 -0.014600364491343493 -0.007629151921719313
v 0.01854950748383999 -0.015029158443212504 -0.007629189174622297
v 0.018655989319086075 -0.014945364557206626 -0.007934795692563057
v 0.018950149416923523 -0.014408290386199946 -0.008979273959994316
v 0.018304655328392982 -0.014448104426264758 -0.0096519710496068
v 0.01860768534243107 -0.014230888336896891 -0.009646713733673096
v 0.01860768534243107 -0.014230888336896891 -0.009646713733673096
v 0.018304655328392982 -0.014448104426264758 -0.0096519710496068
v 0.017878824844956398 -0.014240284450352187 -0.010268913581967354
v 0.01860768534243107 -0.014230888336896891 -0.009646713733673096
v 0.017878824844956398 -0.014240284450352187 -0.010268913581967354
v 0.018167853355407715 -0.014002414420247073 -0.010279427282512188
v 0.018167853355407715 -0.014002414420247073 -0.010279427282512188
v 0.017878824844956398 -0.014240284450352187 -0.010268913581967354
v 0.01739952340722084 -0.01400405447930097 -0.01076516043394804
v 0.018167853355407715 -0.014002414420247073 -0.010279427282512188
v 0.01739952340722084 -0.01400405447930097 -0.01076516043394804
v 0.017668813467025757 -0.01374049019068479 -0.010790134780108929
v 0.017668813467025757 -0.01374049019068479 -0.010790134780108929
v 0.01739952340722084 -0.01400405447930097 -0.01076516043394804
v 0.01690896973013878 -0.013761462643742556 -0.011097462847828865
v 0.017668813467025757 -0.01374049019068479 -0.010790134780108929
v 0.01690896973013878 -0.013761462643742556 -0.011097462847828865
v 0.01715455763041973 -0.01346659660339355 -0.011132431216537952
v 0.01668737269937992 -0.013214099220931525 -0.011323492042720318
v 0.01715455763041973 -0.01346659660339355 -0.011132431216537952
v 0.01647072844207287 -0.013543429784476752 -0.011282975785434246
v 0.01647072844207287 -0.013543429784476752 -0.011282975785434246
v 0.01715455763041973 -0.01346659660339355 -0.011132431216537952
v 0.01690896973013878 -0.013761462643742556 -0.011097462847828865
v 0.01647072844207287 -0.013543429784476752 -0.011282975785434246
v 0.01690896973013878 -0.013761462643742556 -0.011097462847828865
v 0.016462143510580063 -0.01355654746294021 -0.011279985308647156
v 0.016462143510580063 -0.01355654746294021 -0.011279985308647156
v 0.01690896973013878 -0.013761462643742556 -0.011097462847828865
v 0.01636330597102642 -0.013707626610994334 -0.011235576122999191
v 0.015788832679390907 -0.015132717788219447 -0.009683954529464245
v 0.015488582663238049 -0.015060435049235816 -0.009814499877393246
v 0.01569625549018383 -0.014730508439242835 -0.010375795885920525
v 0.015456878580152988 -0.015505660325288767 -0.008053531870245934
v 0.015279512852430344 -0.015483458526432509 -0.008095507510006428
v 0.015288393013179302 -0.015430165454745287 -0.008610067889094353
v 0.015709104016423225 -0.015549430623650546 -0.007688261102885008
v 0.01620146632194519 -0.015551071614027018 -0.007885717786848545
v 0.015711376443505287 -0.015551473945379252 -0.007655003108084202
v 0.015900831669569016 -0.015562221407890315 -0.007629151921719313
v 0.015711858868598938 -0.015552949160337443 -0.007629151921719313
v 0.015711762011051178 -0.015552447177469725 -0.0076380763202905655
v 0.01569625549018383 -0.014730508439242835 -0.010375795885920525
v 0.01604565605521202 -0.014836406335234637 -0.010209525004029274
v 0.015788832679390907 -0.015132717788219447 -0.009683954529464245
v 0.015788832679390907 -0.015132717788219447 -0.009683954529464245
v 0.01604565605521202 -0.014836406335234637 -0.010209525004029274
v 0.01643185503780842 -0.014954742044210429 -0.009950388222932816
v 0.015788832679390907 -0.015132717788219447 -0.009683954529464245
v 0.01643185503780842 -0.014954742044210429 -0.009950388222932816
v 0.016119245439767838 -0.015212995000183577 -0.009481198154389858
v 0.016119245439767838 -0.015212995000183577 -0.009481198154389858
v 0.01643185503780842 -0.014954742044210429 -0.009950388222932816
v 0.01681290566921234 -0.015068995766341681 -0.009588831104338169
v 0.016119245439767838 -0.015212995000183577 -0.009481198154389858
v 0.01681290566921234 -0.015068995766341681 -0.009588831104338169
v 0.016446471214294434 -0.015289023518562312 -0.009197705425322056
v 0.016446471214294434 -0.015289023518562312 -0.009197705425322056
v 0.01681290566921234 -0.015068995766341681 -0.009588831104338169
v 0.017161870375275612 -0.015166930854320521 -0.009150423109531403
v 0.016446471214294434 -0.015289023518562312 -0.009197705425322056
v 0.017161870375275612 -0.015166930854320521 -0.009150423109531403
v 0.01674867793917656 -0.015351768583059306 -0.008852478116750717
v 0.01674867793917656 -0.015351768583059306 -0.008852478116750717
v 0.01610400900244713 -0.015436437912285323 -0.008780743926763535
v 0.016446471214294434 -0.015289023518562312 -0.009197705425322056
v 0.016446471214294434 -0.015289023518562312 -0.009197705425322056
v 0.01610400900244713 -0.015436437912285323 -0.008780743926763535
v 0.015845464542508125 -0.015390517190098757 -0.0089806467294693
v 0.016446471214294434 -0.015289023518562312 -0.009197705425322056
v 0.015845464542508125 -0.015390517190098757 -0.0089806467294693
v 0.016119245439767838 -0.015212995000183577 -0.009481198154389858
v 0.016119245439767838 -0.015212995000183577 -0.009481198154389858
v 0.015845464542508125 -0.015390517190098757 -0.0089806467294693
v 0.015586044639348984 -0.015341424383223052 -0.009119592607021332
v 0.016119245439767838 -0.015212995000183577 -0.009481198154389858
v 0.015586044639348984 -0.015341424383223052 -0.009119592607021332
v 0.015788832679390907 -0.015132717788219447 -0.009683954529464245
v 0.015788832679390907 -0.015132717788219447 -0.009683954529464245
v 0.015586044639348984 -0.015341424383223052 -0.009119592607021332
v 0.015429127030074596 -0.015159084461629386 -0.009593651629984379
v 0.015788832679390907 -0.015132717788219447 -0.009683954529464245
v 0.015429127030074596 -0.015159084461629386 -0.009593651629984379
v 0.015488582663238049 -0.015060435049235816 -0.009814499877393246
v 0.016713930293917656 -0.01551000121980905 -0.008009766228497028
v 0.017207592725753784 -0.015417097136378283 -0.008136659860610962
v 0.017754383385181427 -0.015333646908402438 -0.007629183121025562
v 0.017754383385181427 -0.015333646908402438 -0.007629183121025562
v 0.017207592725753784 -0.015417097136378283 -0.008136659860610962
v 0.017679421231150627 -0.01527853868901729 -0.008250328712165356
v 0.017754383385181427 -0.015333646908402438 -0.007629183121025562
v 0.017679421231150627 -0.01527853868901729 -0.008250328712165356
v 0.01854950748383999 -0.015029158443212504 -0.007629189174622297
v 0.015711762011051178 -0.015552447177469725 -0.0076380763202905655
v 0.015711376443505287 -0.015551473945379252 -0.007655003108084202
v 0.015900831669569016 -0.015562221407890315 -0.007629151921719313
v 0.015900831669569016 -0.015562221407890315 -0.007629151921719313
v 0.015711376443505287 -0.015551473945379252 -0.007655003108084202
v 0.01620146632194519 -0.015551071614027018 -0.007885717786848545
v 0.015900831669569016 -0.015562221407890315 -0.007629151921719313
v 0.01620146632194519 -0.015551071614027018 -0.007885717786848545
v 0.016864916309714317 -0.01551988255232572 -0.007629160303622484
v 0.017754383385181427 -0.015333646908402438 -0.007629183121025562
v 0.016864916309714317 -0.01551988255232572 -0.007629160303622484
v 0.016713930293917656 -0.01551000121980905 -0.008009766228497028
v 0.016713930293917656 -0.01551000121980905 -0.008009766228497028
v 0.016864916309714317 -0.01551988255232572 -0.007629160303622484
v 0.01620146632194519 -0.015551071614027018 -0.007885717786848545
v 0.016713930293917656 -0.01551000121980905 -0.008009766228497028
v 0.01620146632194519 -0.015551071614027018 -0.007885717786848545
v 0.01595347188413143 -0.01552484650164842 -0.008221928030252457
v 0.01595347188413143 -0.01552484650164842 -0.008221928030252457
v 0.01620146632194519 -0.015551071614027018 -0.007885717786848545
v 0.01562921144068241 -0.015531493350863452 -0.00789181049913168
v 0.01595347188413143 -0.01552484650164842 -0.008221928030252457
v 0.01562921144068241 -0.015531493350863452 -0.00789181049913168
v 0.015456878580152988 -0.015505660325288767 -0.008053531870245934
v 0.015949441120028496 -0.01434005051851272 -0.01082947663962841
v 0.01602945476770401 -0.014217630028724665 -0.010937399230897427
v 0.016335099935531616 -0.014483266510069365 -0.01064271666109562
v 0.016335099935531616 -0.014483266510069365 -0.01064271666109562
v 0.01602945476770401 -0.014217630028724665 -0.010937399230897427
v 0.01663031615316868 -0.014112798497080798 -0.010943093337118626
v 0.016335099935531616 -0.014483266510069365 -0.01064271666109562
v 0.01663031615316868 -0.014112798497080798 -0.010943093337118626
v 0.016764460131525993 -0.014644050970673556 -0.010341950692236423
v 0.016764460131525993 -0.014644050970673556 -0.010341950692236423
v 0.01663031615316868 -0.014112798497080798 -0.010943093337118626
v 0.01709354668855667 -0.014316506683826441 -0.010619082488119602
v 0.016764460131525993 -0.014644050970673556 -0.010341950692236423
v 0.01709354668855667 -0.014316506683826441 -0.010619082488119602
v 0.017186880111694336 -0.014801176264882083 -0.009915661066770554
v 0.017186880111694336 -0.014801176264882083 -0.009915661066770554
v 0.01709354668855667 -0.014316506683826441 -0.010619082488119602
v 0.017547961324453354 -0.014516177587211127 -0.01014740951359272
v 0.017186880111694336 -0.014801176264882083 -0.009915661066770554
v 0.017547961324453354 -0.014516177587211127 -0.01014740951359272
v 0.017570000141859055 -0.014938892796635623 -0.009396295994520187
v 0.017570000141859055 -0.014938892796635623 -0.009396295994520187
v 0.017547961324453354 -0.014516177587211127 -0.01014740951359272
v 0.017955701798200607 -0.014692377299070353 -0.00956680066883564
v 0.017570000141859055 -0.014938892796635623 -0.009396295994520187
v 0.017955701798200607 -0.014692377299070353 -0.00956680066883564
v 0.01828552968800068 -0.014828026294708247 -0.00895127933472395
v 0.01828552968800068 -0.014828026294708247 -0.00895127933472395
v 0.017955701798200607 -0.014692377299070353 -0.00956680066883564
v 0.018642127513885498 -0.014608887955546374 -0.008997123688459396
v 0.01828552968800068 -0.014828026294708247 -0.00895127933472395
v 0.018642127513885498 -0.014608887955546374 -0.008997123688459396
v 0.01887066289782524 -0.014712030068039889 -0.008398366160690784
v 0.01887066289782524 -0.014712030068039889 -0.008398366160690784
v 0.018642127513885498 -0.014608887955546374 -0.008997123688459396
v 0.01917264796793461 -0.014524914324283595 -0.008374985307455063
v 0.01887066289782524 -0.014712030068039889 -0.008398366160690784
v 0.01917264796793461 -0.014524914324283595 -0.008374985307455063
v 0.01927785947918892 -0.014582998119294638 -0.0079120434820652
v 0.018518658354878426 -0.014912433922290797 -0.008384576067328453
v 0.018119819462299347 -0.015105616301298136 -0.008335866965353489
v 0.017886539921164513 -0.01504331082105636 -0.00884620938450098
v 0.017886539921164513 -0.01504331082105636 -0.00884620938450098
v 0.018119819462299347 -0.015105616301298136 -0.008335866965353489
v 0.017455466091632843 -0.015238536521792407 -0.008685266599059105
v 0.017886539921164513 -0.01504331082105636 -0.00884620938450098
v 0.017455466091632843 -0.015238536521792407 -0.008685266599059105
v 0.017161870375275612 -0.015166930854320521 -0.009150423109531403
v 0.017161870375275612 -0.015166930854320521 -0.009150423109531403
v 0.017455466091632843 -0.015238536521792407 -0.008685266599059105
v 0.017006386071443558 -0.015394957736134524 -0.008484025485813618
v 0.017161870375275612 -0.015166930854320521 -0.009150423109531403
v 0.017006386071443558 -0.015394957736134524 -0.008484025485813618
v 0.01674867793917656 -0.015351768583059306 -0.008852478116750717
v 0.01674867793917656 -0.015351768583059306 -0.008852478116750717
v 0.017006386071443558 -0.015394957736134524 -0.008484025485813618
v 0.01634461060166359 -0.015473252162337298 -0.00853293389081955
v 0.01674867793917656 -0.015351768583059306 -0.008852478116750717
v 0.01634461060166359 -0.015473252162337298 -0.00853293389081955
v 0.01610400900244713 -0.015436437912285323 -0.008780743926763535
v 0.01610400900244713 -0.015436437912285323 -0.008780743926763535
v 0.01634461060166359 -0.015473252162337298 -0.00853293389081955
v 0.01578996144235134 -0.015503587201237673 -0.008375102654099464
v 0.01610400900244713 -0.015436437912285323 -0.008780743926763535
v 0.01578996144235134 -0.015503587201237673 -0.008375102654099464
v 0.015615703538060188 -0.015478673391044135 -0.008493324741721153
v 0.016216862946748734 -0.013931376859545702 -0.011133837513625622
v 0.01636330597102642 -0.013707626610994334 -0.011235576122999191
v 0.01663031615316868 -0.014112798497080798 -0.010943093337118626
v 0.01663031615316868 -0.014112798497080798 -0.010943093337118626
v 0.01636330597102642 -0.013707626610994334 -0.011235576122999191
v 0.01690896973013878 -0.013761462643742556 -0.011097462847828865
v 0.01663031615316868 -0.014112798497080798 -0.010943093337118626
v 0.01690896973013878 -0.013761462643742556 -0.011097462847828865
v 0.01709354668855667 -0.014316506683826441 -0.010619082488119602
v 0.01709354668855667 -0.014316506683826441 -0.010619082488119602
v 0.01690896973013878 -0.013761462643742556 -0.011097462847828865
v 0.01739952340722084 -0.01400405447930097 -0.01076516043394804
v 0.01709354668855667 -0.014316506683826441 -0.010619082488119602
v 0.01739952340722084 -0.01400405447930097 -0.01076516043394804
v 0.017547961324453354 -0.014516177587211127 -0.01014740951359272
v 0.017547961324453354 -0.014516177587211127 -0.01014740951359272
v 0.01739952340722084 -0.01400405447930097 -0.01076516043394804
v 0.017878824844956398 -0.014240284450352187 -0.010268913581967354
v 0.017547961324453354 -0.014516177587211127 -0.01014740951359272
v 0.017878824844956398 -0.014240284450352187 -0.010268913581967354
v 0.017955701798200607 -0.014692377299070353 -0.00956680066883564
v 0.017955701798200607 -0.014692377299070353 -0.00956680066883564
v 0.017878824844956398 -0.014240284450352187 -0.010268913581967354
v 0.018304655328392982 -0.014448104426264758 -0.0096519710496068
v 0.017955701798200607 -0.014692377299070353 -0.00956680066883564
v 0.018304655328392982 -0.014448104426264758 -0.0096519710496068
v 0.018642127513885498 -0.014608887955546374 -0.008997123688459396
v 0.018642127513885498 -0.014608887955546374 -0.008997123688459396
v 0.018304655328392982 -0.014448104426264758 -0.0096519710496068
v 0.018950149416923523 -0.014408290386199946 -0.008979273959994316
v 0.018642127513885498 -0.014608887955546374 -0.008997123688459396
v 0.018950149416923523 -0.014408290386199946 -0.008979273959994316
v 0.01917264796793461 -0.014524914324283595 -0.008374985307455063
v 0.018655989319086075 -0.014945364557206626 -0.007934795692563057
v 0.01854950748383999 -0.015029158443212504 -0.007629189174622297
v 0.018119819462299347 -0.015105616301298136 -0.008335866965353489
v 0.018119819462299347 -0.015105616301298136 -0.008335866965353489
v 0.01854950748383999 -0.015029158443212504 -0.007629189174622297
v 0.017679421231150627 -0.01527853868901729 -0.008250328712165356
v 0.018119819462299347 -0.015105616301298136 -0.008335866965353489
v 0.017679421231150627 -0.01527853868901729 -0.008250328712165356
v 0.017455466091632843 -0.015238536521792407 -0.008685266599059105
v 0.017455466091632843 -0.015238536521792407 -0.008685266599059105
v 0.017679421231150627 -0.01527853868901729 -0.008250328712165356
v 0.017207592725753784 -0.015417097136378283 -0.008136659860610962
v 0.017455466091632843 -0.015238536521792407 -0.008685266599059105
v 0.017207592725753784 -0.015417097136378283 -0.008136659860610962
v 0.017006386071443558 -0.015394957736134524 -0.008484025485813618
v 0.017006386071443558 -0.015394957736134524 -0.008484025485813618
v 0.017207592725753784 -0.015417097136378283 -0.008136659860610962
v 0.016713930293917656 -0.01551000121980905 -0.008009766228497028
v 0.017006386071443558 -0.015394957736134524 -0.008484025485813618
v 0.016713930293917656 -0.01551000121980905 -0.008009766228497028
v 0.01634461060166359 -0.015473252162337298 -0.00853293389081955
v 0.01634461060166359 -0.015473252162337298 -0.00853293389081955
v 0.016713930293917656 -0.01551000121980905 -0.008009766228497028
v 0.01595347188413143 -0.01552484650164842 -0.008221928030252457
v 0.01634461060166359 -0.015473252162337298 -0.00853293389081955
v 0.01595347188413143 -0.01552484650164842 -0.008221928030252457
v 0.01578996144235134 -0.015503587201237673 -0.008375102654099464
v 0.01578996144235134 -0.015503587201237673 -0.008375102654099464
v 0.01595347188413143 -0.01552484650164842 -0.008221928030252457
v 0.015456878580152988 -0.015505660325288767 -0.008053531870245934
v 0.01578996144235134 -0.015503587201237673 -0.008375102654099464
v 0.015456878580152988 -0.015505660325288767 -0.008053531870245934
v 0.015615703538060188 -0.015478673391044135 -0.008493324741721153
v 0.015615703538060188 -0.015478673391044135 -0.008493324741721153
v 0.015456878580152988 -0.015505660325288767 -0.008053531870245934
v 0.015288393013179302 -0.015430165454745287 -0.008610067889094353
v 0.015615703538060188 -0.015478673391044135 -0.008493324741721153
v 0.015288393013179302 -0.015430165454745287 -0.008610067889094353
v 0.015845464542508125 -0.015390517190098757 -0.0089806467294693
v 0.015845464542508125 -0.015390517190098757 -0.0089806467294693
v 0.015288393013179302 -0.015430165454745287 -0.008610067889094353
v 0.015296882949769497 -0.015407360158860678 -0.008747072890400887
v 0.015845464542508125 -0.015390517190098757 -0.0089806467294693
v 0.015296882949769497 -0.015407360158860678 -0.008747072890400887
v 0.015586044639348984 -0.015341424383223052 -0.009119592607021332
v 0.015586044639348984 -0.015341424383223052 -0.009119592607021332
v 0.015296882949769497 -0.015407360158860678 -0.008747072890400887
v 0.015350569039583206 -0.015297043137252326 -0.009205681271851063
v 0.015586044639348984 -0.015341424383223052 -0.009119592607021332
v 0.015350569039583206 -0.015297043137252326 -0.009205681271851063
v 0.015429127030074596 -0.015159084461629386 -0.009593651629984379
v 0.01569625549018383 -0.014730508439242835 -0.010375795885920525
v 0.015949441120028496 -0.01434005051851272 -0.01082947663962841
v 0.01604565605521202 -0.014836406335234637 -0.010209525004029274
v 0.01604565605521202 -0.014836406335234637 -0.010209525004029274
v 0.015949441120028496 -0.01434005051851272 -0.01082947663962841
v 0.016335099935531616 -0.014483266510069365 -0.01064271666109562
v 0.01604565605521202 -0.014836406335234637 -0.010209525004029274
v 0.016335099935531616 -0.014483266510069365 -0.01064271666109562
v 0.01643185503780842 -0.014954742044210429 -0.009950388222932816
v 0.01643185503780842 -0.014954742044210429 -0.009950388222932816
v 0.016335099935531616 -0.014483266510069365 -0.01064271666109562
v 0.016764460131525993 -0.014644050970673556 -0.010341950692236423
v 0.01643185503780842 -0.014954742044210429 -0.009950388222932816
v 0.016764460131525993 -0.014644050970673556 -0.010341950692236423
v 0.01681290566921234 -0.015068995766341681 -0.009588831104338169
v 0.01681290566921234 -0.015068995766341681 -0.009588831104338169
v 0.016764460131525993 -0.014644050970673556 -0.010341950692236423
v 0.017186880111694336 -0.014801176264882083 -0.009915661066770554
v 0.01681290566921234 -0.015068995766341681 -0.009588831104338169
v 0.017186880111694336 -0.014801176264882083 -0.009915661066770554
v 0.017161870375275612 -0.015166930854320521 -0.009150423109531403
v 0.017161870375275612 -0.015166930854320521 -0.009150423109531403
v 0.017186880111694336 -0.014801176264882083 -0.009915661066770554
v 0.017570000141859055 -0.014938892796635623 -0.009396295994520187
v 0.017161870375275612 -0.015166930854320521 -0.009150423109531403
v 0.017570000141859055 -0.014938892796635623 -0.009396295994520187
v 0.017886539921164513 -0.01504331082105636 -0.00884620938450098
v 0.017886539921164513 -0.01504331082105636 -0.00884620938450098
v 0.017570000141859055 -0.014938892796635623 -0.009396295994520187
v 0.01828552968800068 -0.014828026294708247 -0.00895127933472395
v 0.017886539921164513 -0.01504331082105636 -0.00884620938450098
v 0.01828552968800068 -0.014828026294708247 -0.00895127933472395
v 0.018518658354878426 -0.014912433922290797 -0.008384576067328453
v 0.018518658354878426 -0.014912433922290797 -0.008384576067328453
v 0.01828552968800068 -0.014828026294708247 -0.00895127933472395
v 0.01887066289782524 -0.014712030068039889 -0.008398366160690784
v 0.018518658354878426 -0.014912433922290797 -0.008384576067328453
v 0.01887066289782524 -0.014712030068039889 -0.008398366160690784
v 0.018655989319086075 -0.014945364557206626 -0.007934795692563057
v 0.018655989319086075 -0.014945364557206626 -0.007934795692563057
v 0.01887066289782524 -0.014712030068039889 -0.008398366160690784
v 0.01927785947918892 -0.014582998119294638 -0.0079120434820652
v 0.018655989319086075 -0.014945364557206626 -0.007934795692563057
v 0.01927785947918892 -0.014582998119294638 -0.0079120434820652
v 0.019303036853671074 -0.014600364491343493 -0.007629151921719313
v 0.020012153312563896 -0.014105166308581824 -0.004370871931314468
v 0.019303036853671074 -0.014600364491343493 -0.004370851907879114
v 0.019336732104420662 -0.014632165431976313 -0.006000001914799213
v 0.02165794000029564 -0.012260920368134972 -0.00757040036842227
v 0.02169872634112835 -0.012274684384465214 -0.006000001914799213
v 0.02167104184627533 -0.012317617423832413 -0.006000001914799213
v 0.02169872634112835 -0.012274684384465214 -0.006000001914799213
v 0.021654829382896423 -0.012259871698915955 -0.004370851907879114
v 0.02167104184627533 -0.012317617423832413 -0.006000001914799213
v 0.02167104184627533 -0.012317617423832413 -0.006000001914799213
v 0.021654829382896423 -0.012259871698915955 -0.004370851907879114
v 0.021627234295010567 -0.012302369810640808 -0.004370855167508125
v 0.02167104184627533 -0.012317617423832413 -0.006000001914799213
v 0.021627234295010567 -0.012302369810640808 -0.004370855167508125
v 0.020936792716383934 -0.013281726278364653 -0.006000001914799213
v 0.020936792716383934 -0.013281726278364653 -0.006000001914799213
v 0.021627234295010567 -0.012302369810640808 -0.004370855167508125
v 0.021192437037825584 -0.012900604866445061 -0.00437092175707221
v 0.021654829382896423 -0.012259871698915955 -0.007629151921719313
v 0.02165794000029564 -0.012260920368134972 -0.00757040036842227
v 0.02162722870707512 -0.01230236608535051 -0.0076291486620903015
v 0.02162722870707512 -0.01230236608535051 -0.0076291486620903015
v 0.02165794000029564 -0.012260920368134972 -0.00757040036842227
v 0.02167104184627533 -0.012317617423832413 -0.006000001914799213
v 0.02162722870707512 -0.01230236608535051 -0.0076291486620903015
v 0.02167104184627533 -0.012317617423832413 -0.006000001914799213
v 0.021182753145694733 -0.012912847101688382 -0.007629080675542355
v 0.021182753145694733 -0.012912847101688382 -0.007629080675542355
v 0.02167104184627533 -0.012317617423832413 -0.006000001914799213
v 0.020936792716383934 -0.013281726278364653 -0.006000001914799213
v 0.021182753145694733 -0.012912847101688382 -0.007629080675542355
v 0.020936792716383934 -0.013281726278364653 -0.006000001914799213
v 0.020894277840852737 -0.013259688392281527 -0.007629066240042448
v 0.021192437037825584 -0.012900604866445061 -0.00437092175707221
v 0.020894277840852737 -0.013259688392281527 -0.0043709371238946915
v 0.020936792716383934 -0.013281726278364653 -0.006000001914799213
v 0.020936792716383934 -0.013281726278364653 -0.006000001914799213
v 0.020894277840852737 -0.013259688392281527 -0.0043709371238946915
v 0.020623402670025826 -0.013553842902183528 -0.004370926413685083
v 0.020936792716383934 -0.013281726278364653 -0.006000001914799213
v 0.020623402670025826 -0.013553842902183528 -0.004370926413685083
v 0.02020416595041752 -0.014007735997438426 -0.006000001914799213
v 0.02020416595041752 -0.014007735997438426 -0.006000001914799213
v 0.020623402670025826 -0.013553842902183528 -0.004370926413685083
v 0.020166175439953804 -0.013980146497488017 -0.004370884969830513
v 0.02020416595041752 -0.014007735997438426 -0.006000001914799213
v 0.020166175439953804 -0.013980146497488017 -0.004370884969830513
v 0.020012153312563896 -0.014105166308581824 -0.004370871931314468
v 0.020012153312563896 -0.014105166308581824 -0.004370871931314468
v 0.019336732104420662 -0.014632165431976313 -0.006000001914799213
v 0.02020416595041752 -0.014007735997438426 -0.006000001914799213
v 0.02020416595041752 -0.014007735997438426 -0.006000001914799213
v 0.019336732104420662 -0.014632165431976313 -0.006000001914799213
v 0.019303036853671074 -0.014600364491343493 -0.007629151921719313
v 0.02020416595041752 -0.014007735997438426 -0.006000001914799213
v 0.019303036853671074 -0.014600364491343493 -0.007629151921719313
v 0.019863737747073174 -0.014218189753592009 -0.007629141211509705
v 0.019863737747073174 -0.014218189753592009 -0.007629141211509705
v 0.02000831626355648 -0.01410817820578813 -0.0076291318982839584
v 0.02020416595041752 -0.014007735997438426 -0.006000001914799213
v 0.02020416595041752 -0.014007735997438426 -0.006000001914799213
v 0.02000831626355648 -0.01410817820578813 -0.0076291318982839584
v 0.020166175439953804 -0.013980146497488017 -0.0076291183941066265
v 0.02020416595041752 -0.014007735997438426 -0.006000001914799213
v 0.020166175439953804 -0.013980146497488017 -0.0076291183941066265
v 0.020936792716383934 -0.013281726278364653 -0.006000001914799213
v 0.020936792716383934 -0.013281726278364653 -0.006000001914799213
v 0.020166175439953804 -0.013980146497488017 -0.0076291183941066265
v 0.020735425874590874 -0.01343594584614038 -0.007629070430994034
v 0.020936792716383934 -0.013281726278364653 -0.006000001914799213
v 0.020735425874590874 -0.01343594584614038 -0.007629070430994034
v 0.020894277840852737 -0.013259688392281527 -0.007629066240042448
v 0.02162722870707512 -0.01230236608535051 -0.0076291486620903015
v 0.021182753145694733 -0.012912847101688382 -0.007629080675542355
v 0.021163001656532288 -0.01289765443652868 -0.00786389596760273
v 0.020894277840852737 -0.013259688392281527 -0.007629066240042448
v 0.020735425874590874 -0.01343594584614038 -0.007629070430994034
v 0.020594725385308266 -0.013541933149099345 -0.007886252366006374
v 0.020166175439953804 -0.013980146497488017 -0.0076291183941066265
v 0.02000831626355648 -0.01410817820578813 -0.0076291318982839584
v 0.019983693957328796 -0.014088674448430533 -0.007908372208476067
v 0.019863737747073174 -0.014218189753592009 -0.007629141211509705
v 0.019303036853671074 -0.014600364491343493 -0.007629151921719313
v 0.01927785947918892 -0.014582998119294638 -0.0079120434820652
v 0.020166175439953804 -0.013980146497488017 -0.0076291183941066265
v 0.019983693957328796 -0.014088674448430533 -0.007908372208476067
v 0.020735425874590874 -0.01343594584614038 -0.007629070430994034
v 0.020894277840852737 -0.013259688392281527 -0.007629066240042448
v 0.020594725385308266 -0.013541933149099345 -0.007886252366006374
v 0.021182753145694733 -0.012912847101688382 -0.007629080675542355
v 0.017893491312861443 -0.012637648731470105 -0.011109958402812481
v 0.017327388748526573 -0.012293580919504162 -0.011355072259902954
v 0.01796887069940567 -0.011426733806729313 -0.011299418285489082
v 0.021654829382896423 -0.012259871698915955 -0.007629151921719313
v 0.02162722870707512 -0.01230236608535051 -0.0076291486620903015
v 0.021632680669426918 -0.012248604558408257 -0.007855650037527084
v 0.021632680669426918 -0.012248604558408257 -0.007855650037527084
v 0.02162722870707512 -0.01230236608535051 -0.0076291486620903015
v 0.021163001656532288 -0.01289765443652868 -0.00786389596760273
v 0.021632680669426918 -0.012248604558408257 -0.007855650037527084
v 0.021163001656532288 -0.01289765443652868 -0.00786389596760273
v 0.021549813449382782 -0.012195973657071587 -0.008207326754927635
v 0.021549813449382782 -0.012195973657071587 -0.008207326754927635
v 0.021163001656532288 -0.01289765443652868 -0.00786389596760273
v 0.021093212068080902 -0.012827843427658078 -0.00823780708014965
v 0.021549813449382782 -0.012195973657071587 -0.008207326754927635
v 0.021093212068080902 -0.012827843427658078 -0.00823780708014965
v 0.021373460069298744 -0.012079397216439244 -0.008675712160766125
v 0.021373460069298744 -0.012079397216439244 -0.008675712160766125
v 0.021093212068080902 -0.012827843427658078 -0.00823780708014965
v 0.020941153168678284 -0.012677822262048718 -0.00873754732310772
v 0.021373460069298744 -0.012079397216439244 -0.008675712160766125
v 0.020941153168678284 -0.012677822262048718 -0.00873754732310772
v 0.021089596673846245 -0.011890920810401436 -0.009219104424118996
v 0.021089596673846245 -0.011890920810401436 -0.009219104424118996
v 0.020941153168678284 -0.012677822262048718 -0.00873754732310772
v 0.020686667412519455 -0.012444193474948403 -0.009312906302511692
v 0.021089596673846245 -0.011890920810401436 -0.009219104424118996
v 0.020686667412519455 -0.012444193474948403 -0.009312906302511692
v 0.020693428814411163 -0.01163020636886358 -0.00977565161883831
v 0.020693428814411163 -0.01163020636886358 -0.00977565161883831
v 0.020686667412519455 -0.012444193474948403 -0.009312906302511692
v 0.020318808034062386 -0.01213479787111282 -0.009894169867038727
v 0.020693428814411163 -0.01163020636886358 -0.00977565161883831
v 0.020318808034062386 -0.01213479787111282 -0.009894169867038727
v 0.02017931267619133 -0.011297320947051045 -0.010285650379955769
v 0.02017931267619133 -0.011297320947051045 -0.010285650379955769
v 0.020318808034062386 -0.01213479787111282 -0.009894169867038727
v 0.019830232486128807 -0.011757154949009415 -0.01041770726442337
v 0.02017931267619133 -0.011297320947051045 -0.010285650379955769
v 0.019830232486128807 -0.011757154949009415 -0.01041770726442337
v 0.019530711695551872 -0.010885535739362236 -0.01071385107934475
v 0.019530711695551872 -0.010885535739362236 -0.01071385107934475
v 0.019830232486128807 -0.011757154949009415 -0.01041770726442337
v 0.019206270575523376 -0.01130621042102575 -0.010848456993699074
v 0.019530711695551872 -0.010885535739362236 -0.01071385107934475
v 0.019206270575523376 -0.01130621042102575 -0.010848456993699074
v 0.018753835931420326 -0.01040116790682077 -0.011055497452616692
v 0.021182753145694733 -0.012912847101688382 -0.007629080675542355
v 0.020594725385308266 -0.013541933149099345 -0.007886252366006374
v 0.021163001656532288 -0.01289765443652868 -0.00786389596760273
v 0.021163001656532288 -0.01289765443652868 -0.00786389596760273
v 0.020594725385308266 -0.013541933149099345 -0.007886252366006374
v 0.020516008138656616 -0.013458218425512309 -0.008297920227050781
v 0.021163001656532288 -0.01289765443652868 -0.00786389596760273
v 0.020516008138656616 -0.013458218425512309 -0.008297920227050781
v 0.021093212068080902 -0.012827843427658078 -0.00823780708014965
v 0.021093212068080902 -0.012827843427658078 -0.00823780708014965
v 0.020516008138656616 -0.013458218425512309 -0.008297920227050781
v 0.020347120240330696 -0.013284876011312003 -0.008841859176754951
v 0.021093212068080902 -0.012827843427658078 -0.00823780708014965
v 0.020347120240330696 -0.013284876011312003 -0.008841859176754951
v 0.020941153168678284 -0.012677822262048718 -0.00873754732310772
v 0.020941153168678284 -0.012677822262048718 -0.00873754732310772
v 0.020347120240330696 -0.013284876011312003 -0.008841859176754951
v 0.02007283642888069 -0.013025826774537558 -0.009457405656576157
v 0.020941153168678284 -0.012677822262048718 -0.00873754732310772
v 0.02007283642888069 -0.013025826774537558 -0.009457405656576157
v 0.020686667412519455 -0.012444193474948403 -0.009312906302511692
v 0.020686667412519455 -0.012444193474948403 -0.009312906302511692
v 0.02007283642888069 -0.013025826774537558 -0.009457405656576157
v 0.01969239115715027 -0.012698601000010964 -0.010064223781228065
v 0.020686667412519455 -0.012444193474948403 -0.009312906302511692
v 0.01969239115715027 -0.012698601000010964 -0.010064223781228065
v 0.020318808034062386 -0.01213479787111282 -0.009894169867038727
v 0.020318808034062386 -0.01213479787111282 -0.009894169867038727
v 0.01969239115715027 -0.012698601000010964 -0.010064223781228065
v 0.019212521612644196 -0.012319386005401608 -0.010590544901788235
v 0.020318808034062386 -0.01213479787111282 -0.009894169867038727
v 0.019212521612644196 -0.012319386005401608 -0.010590544901788235
v 0.019830232486128807 -0.011757154949009415 -0.01041770726442337
v 0.019830232486128807 -0.011757154949009415 -0.01041770726442337
v 0.019212521612644196 -0.012319386005401608 -0.010590544901788235
v 0.018633045256137848 -0.011889931745827195 -0.010999878868460655
v 0.019830232486128807 -0.011757154949009415 -0.01041770726442337
v 0.018633045256137848 -0.011889931745827195 -0.010999878868460655
v 0.019206270575523376 -0.01130621042102575 -0.010848456993699074
v 0.019206270575523376 -0.01130621042102575 -0.010848456993699074
v 0.018633045256137848 -0.011889931745827195 -0.010999878868460655
v 0.018456708639860153 -0.010787284933030602 -0.011183934286236763
v 0.019206270575523376 -0.01130621042102575 -0.010848456993699074
v 0.018456708639860153 -0.010787284933030602 -0.011183934286236763
v 0.018753835931420326 -0.01040116790682077 -0.011055497452616692
v 0.020735425874590874 -0.01343594584614038 -0.007629070430994034
v 0.019983693957328796 -0.014088674448430533 -0.007908372208476067
v 0.020594725385308266 -0.013541933149099345 -0.007886252366006374
v 0.020594725385308266 -0.013541933149099345 -0.007886252366006374
v 0.019983693957328796 -0.014088674448430533 -0.007908372208476067
v 0.019886428490281105 -0.014012779109179968 -0.008354625664651394
v 0.020594725385308266 -0.013541933149099345 -0.007886252366006374
v 0.019886428490281105 -0.014012779109179968 -0.008354625664651394
v 0.020516008138656616 -0.013458218425512309 -0.008297920227050781
v 0.020516008138656616 -0.013458218425512309 -0.008297920227050781
v 0.019886428490281105 -0.014012779109179968 -0.008354625664651394
v 0.01968086138367653 -0.013857753016054625 -0.008936474099755287
v 0.020516008138656616 -0.013458218425512309 -0.008297920227050781
v 0.01968086138367653 -0.013857753016054625 -0.008936474099755287
v 0.020347120240330696 -0.013284876011312003 -0.008841859176754951
v 0.020347120240330696 -0.013284876011312003 -0.008841859176754951
v 0.01968086138367653 -0.013857753016054625 -0.008936474099755287
v 0.01936018280684948 -0.013625314459204669 -0.009584556333720684
v 0.020347120240330696 -0.013284876011312003 -0.008841859176754951
v 0.01936018280684948 -0.013625314459204669 -0.009584556333720684
v 0.02007283642888069 -0.013025826774537558 -0.009457405656576157
v 0.02007283642888069 -0.013025826774537558 -0.009457405656576157
v 0.01936018280684948 -0.013625314459204669 -0.009584556333720684
v 0.018938465043902397 -0.013331588357686991 -0.01020978856831789
v 0.02007283642888069 -0.013025826774537558 -0.009457405656576157
v 0.018938465043902397 -0.013331588357686991 -0.01020978856831789
v 0.01969239115715027 -0.012698601000010964 -0.010064223781228065
v 0.01969239115715027 -0.012698601000010964 -0.010064223781228065
v 0.018938465043902397 -0.013331588357686991 -0.01020978856831789
v 0.01844121143221855 -0.012997069396078583 -0.010732256807386875
v 0.01969239115715027 -0.012698601000010964 -0.010064223781228065
v 0.01844121143221855 -0.012997069396078583 -0.010732256807386875
v 0.019212521612644196 -0.012319386005401608 -0.010590544901788235
v 0.019212521612644196 -0.012319386005401608 -0.010590544901788235
v 0.01844121143221855 -0.012997069396078583 -0.010732256807386875
v 0.017893491312861443 -0.012637648731470105 -0.011109958402812481
v 0.019212521612644196 -0.012319386005401608 -0.010590544901788235
v 0.017893491312861443 -0.012637648731470105 -0.011109958402812481
v 0.018633045256137848 -0.011889931745827195 -0.010999878868460655
v 0.018633045256137848 -0.011889931745827195 -0.010999878868460655
v 0.017893491312861443 -0.012637648731470105 -0.011109958402812481
v 0.01796887069940567 -0.011426733806729313 -0.011299418285489082
v 0.018633045256137848 -0.011889931745827195 -0.010999878868460655
v 0.01796887069940567 -0.011426733806729313 -0.011299418285489082
v 0.018456708639860153 -0.010787284933030602 -0.011183934286236763
v 0.01668737269937992 -0.013214099220931525 -0.011323492042720318
v 0.017327388748526573 -0.012293580919504162 -0.011355072259902954
v 0.01715455763041973 -0.01346659660339355 -0.011132431216537952
v 0.01715455763041973 -0.01346659660339355 -0.011132431216537952
v 0.017327388748526573 -0.012293580919504162 -0.011355072259902954
v 0.017893491312861443 -0.012637648731470105 -0.011109958402812481
v 0.01715455763041973 -0.01346659660339355 -0.011132431216537952
v 0.017893491312861443 -0.012637648731470105 -0.011109958402812481
v 0.017668813467025757 -0.01374049019068479 -0.010790134780108929
v 0.017668813467025757 -0.01374049019068479 -0.010790134780108929
v 0.017893491312861443 -0.012637648731470105 -0.011109958402812481
v 0.01844121143221855 -0.012997069396078583 -0.010732256807386875
v 0.017668813467025757 -0.01374049019068479 -0.010790134780108929
v 0.01844121143221855 -0.012997069396078583 -0.010732256807386875
v 0.018167853355407715 -0.014002414420247073 -0.010279427282512188
v 0.018167853355407715 -0.014002414420247073 -0.010279427282512188
v 0.01844121143221855 -0.012997069396078583 -0.010732256807386875
v 0.018938465043902397 -0.013331588357686991 -0.01020978856831789
v 0.018167853355407715 -0.014002414420247073 -0.010279427282512188
v 0.018938465043902397 -0.013331588357686991 -0.01020978856831789
v 0.01860768534243107 -0.014230888336896891 -0.009646713733673096
v 0.01860768534243107 -0.014230888336896891 -0.009646713733673096
v 0.018938465043902397 -0.013331588357686991 -0.01020978856831789
v 0.01936018280684948 -0.013625314459204669 -0.009584556333720684
v 0.01860768534243107 -0.014230888336896891 -0.009646713733673096
v 0.01936018280684948 -0.013625314459204669 -0.009584556333720684
v 0.018950149416923523 -0.014408290386199946 -0.008979273959994316
v 0.018950149416923523 -0.014408290386199946 -0.008979273959994316
v 0.01936018280684948 -0.013625314459204669 -0.009584556333720684
v 0.01968086138367653 -0.013857753016054625 -0.008936474099755287
v 0.018950149416923523 -0.014408290386199946 -0.008979273959994316
v 0.01968086138367653 -0.013857753016054625 -0.008936474099755287
v 0.01917264796793461 -0.014524914324283595 -0.008374985307455063
v 0.01917264796793461 -0.014524914324283595 -0.008374985307455063
v 0.01968086138367653 -0.013857753016054625 -0.008936474099755287
v 0.019886428490281105 -0.014012779109179968 -0.008354625664651394
v 0.01917264796793461 -0.014524914324283595 -0.008374985307455063
v 0.019886428490281105 -0.014012779109179968 -0.008354625664651394
v 0.01927785947918892 -0.014582998119294638 -0.0079120434820652
v 0.01927785947918892 -0.014582998119294638 -0.0079120434820652
v 0.019886428490281105 -0.014012779109179968 -0.008354625664651394
v 0.019983693957328796 -0.014088674448430533 -0.007908372208476067
v 0.01927785947918892 -0.014582998119294638 -0.0079120434820652
v 0.019983693957328796 -0.014088674448430533 -0.007908372208476067
v 0.019863737747073174 -0.014218189753592009 -0.007629141211509705
v 0.019863737747073174 -0.014218189753592009 -0.007629141211509705
v 0.019983693957328796 -0.014088674448430533 -0.007908372208476067
v 0.02000831626355648 -0.01410817820578813 -0.0076291318982839584
v 0.02169872634112835 -0.012274684384465214 -0.006000001914799213
v 0.02165794000029564 -0.012260920368134972 -0.00757040036842227
v 0.02193104848265648 -0.011771520599722859 -0.0075704012997448444
v 0.022191675379872322 -0.010042082518339154 -0.007570465095341206
v 0.022102583199739456 -0.009722024202346798 -0.007629229687154293
v 0.02210526168346405 -0.009720305912196633 -0.007570469751954079
v 0.02210526168346405 -0.009720305912196633 -0.007570469751954079
v 0.022102583199739456 -0.009722024202346798 -0.007629229687154293
v 0.021821655333042145 -0.009134296327829357 -0.007629204075783491
v 0.02210526168346405 -0.009720305912196633 -0.007570469751954079
v 0.021821655333042145 -0.009134296327829357 -0.007629204075783491
v 0.021823901683092117 -0.009131985716521736 -0.007570447400212288
v 0.021823901683092117 -0.009131985716521736 -0.007570447400212288
v 0.021821655333042145 -0.009134296327829357 -0.007629204075783491
v 0.02154015563428402 -0.008733756840229031 -0.007629164960235357
v 0.021823901683092117 -0.009131985716521736 -0.007570447400212288
v 0.02154015563428402 -0.008733756840229031 -0.007629164960235357
v 0.02154216542840004 -0.008731186389923092 -0.00757041247561574
v 0.02154216542840004 -0.008731186389923092 -0.00757041247561574
v 0.02154015563428402 -0.008733756840229031 -0.007629164960235357
v 0.021223364397883415 -0.008357089944183823 -0.007629148196429014
v 0.02154216542840004 -0.008731186389923092 -0.00757041247561574
v 0.021223364397883415 -0.008357089944183823 -0.007629148196429014
v 0.021225228905677795 -0.00835438538342714 -0.007570397574454546
v 0.022230520844459534 -0.010379955172538754 -0.007629210129380226
v 0.022192705422639847 -0.010063854977488514 -0.007629224099218845
v 0.022191675379872322 -0.010042082518339154 -0.007570465095341206
v 0.022191675379872322 -0.010042082518339154 -0.007570465095341206
v 0.022192705422639847 -0.010063854977488514 -0.007629224099218845
v 0.022188782691955566 -0.010043419897556301 -0.007629224564880133
v 0.022191675379872322 -0.010042082518339154 -0.007570465095341206
v 0.022188782691955566 -0.010043419897556301 -0.007629224564880133
v 0.022102583199739456 -0.009722024202346798 -0.007629229687154293
v 0.022191675379872322 -0.010042082518339154 -0.007570465095341206
v 0.02223360352218151 -0.010379038751125332 -0.007570452056825161
v 0.022230520844459534 -0.010379955172538754 -0.007629210129380226
v 0.022230520844459534 -0.010379955172538754 -0.007629210129380226
v 0.02223360352218151 -0.010379038751125332 -0.007570452056825161
v 0.022228021174669266 -0.010720685124397274 -0.007570435293018818
v 0.022230520844459534 -0.010379955172538754 -0.007629210129380226
v 0.022228021174669266 -0.010720685124397274 -0.007570435293018818
v 0.022224819287657738 -0.010721182450652119 -0.007629191502928734
v 0.022224819287657738 -0.010721182450652119 -0.007629191502928734
v 0.022228021174669266 -0.010720685124397274 -0.007570435293018818
v 0.022174382582306862 -0.011071906425058838 -0.007570418994873762
v 0.022224819287657738 -0.010721182450652119 -0.007629191502928734
v 0.022174382582306862 -0.011071906425058838 -0.007570418994873762
v 0.02217111364006996 -0.011071982793509957 -0.007629173342138529
v 0.02217111364006996 -0.011071982793509957 -0.007629173342138529
v 0.022174382582306862 -0.011071906425058838 -0.007570418994873762
v 0.02193104848265648 -0.011771520599722859 -0.0075704012997448444
v 0.02217111364006996 -0.011071982793509957 -0.007629173342138529
v 0.02193104848265648 -0.011771520599722859 -0.0075704012997448444
v 0.021927835419774055 -0.011770869605243203 -0.007629152853041887
v 0.021927835419774055 -0.011770869605243203 -0.007629152853041887
v 0.02193104848265648 -0.011771520599722859 -0.0075704012997448444
v 0.02165794000029564 -0.012260920368134972 -0.00757040036842227
v 0.021927835419774055 -0.011770869605243203 -0.007629152853041887
v 0.02165794000029564 -0.012260920368134972 -0.00757040036842227
v 0.021654829382896423 -0.012259871698915955 -0.007629151921719313
v 0.021200289949774742 -0.008263344876468178 -0.006000002846121788
v 0.021174103021621704 -0.008301564492285248 -0.004370851907879114
v 0.021245822310447693 -0.008324663154780861 -0.005372367799282074
v 0.021245822310447693 -0.008324663154780861 -0.005372367799282074
v 0.021174103021621704 -0.008301564492285248 -0.004370851907879114
v 0.021223364397883415 -0.008357089944183823 -0.004370855167508125
v 0.021245822310447693 -0.008324663154780861 -0.005372367799282074
v 0.021223364397883415 -0.008357089944183823 -0.004370855167508125
v 0.021564260125160217 -0.008702880702912804 -0.005372366867959499
v 0.021564260125160217 -0.008702880702912804 -0.005372366867959499
v 0.021223364397883415 -0.008357089944183823 -0.004370855167508125
v 0.021508045494556427 -0.008693185634911057 -0.004370842128992081
v 0.021508045494556427 -0.008693185634911057 -0.004370842128992081
v 0.02154015563428402 -0.008733756840229031 -0.004370838403701782
v 0.021564260125160217 -0.008702880702912804 -0.005372366867959499
v 0.021564260125160217 -0.008702880702912804 -0.005372366867959499
v 0.02154015563428402 -0.008733756840229031 -0.004370838403701782
v 0.021821655333042145 -0.009134296327829357 -0.004370799288153648
v 0.021564260125160217 -0.008702880702912804 -0.005372366867959499
v 0.021821655333042145 -0.009134296327829357 -0.004370799288153648
v 0.02184864692389965 -0.009106609039008614 -0.0053723654709756374
v 0.02184864692389965 -0.009106609039008614 -0.0053723654709756374
v 0.021821655333042145 -0.009134296327829357 -0.004370799288153648
v 0.022102583199739456 -0.009722024202346798 -0.0043707736767828465
v 0.02184864692389965 -0.009106609039008614 -0.0053723654709756374
v 0.022102583199739456 -0.009722024202346798 -0.0043707736767828465
v 0.022134721279144287 -0.009701439179480072 -0.005372366402298212
v 0.022134721279144287 -0.009701439179480072 -0.005372366402298212
v 0.022102583199739456 -0.009722024202346798 -0.0043707736767828465
v 0.022188782691955566 -0.010043419897556301 -0.004370778799057007
v 0.022134721279144287 -0.009701439179480072 -0.005372366402298212
v 0.022188782691955566 -0.010043419897556301 -0.004370778799057007
v 0.02222350239753723 -0.010027430020272728 -0.005372367799282074
v 0.02222350239753723 -0.010027430020272728 -0.005372367799282074
v 0.022188782691955566 -0.010043419897556301 -0.004370778799057007
v 0.022230520844459534 -0.010379955172538754 -0.004370793234556913
v 0.022232934832572937 -0.0105780279263854 -0.0043708039447665215
v 0.02226322330534458 -0.01071527041494846 -0.0053723701275885105
v 0.022230520844459534 -0.010379955172538754 -0.004370793234556913
v 0.022230520844459534 -0.010379955172538754 -0.004370793234556913
v 0.02226322330534458 -0.01071527041494846 -0.0053723701275885105
v 0.022267421707510948 -0.010368976742029187 -0.005372369196265936
v 0.022230520844459534 -0.010379955172538754 -0.004370793234556913
v 0.022267421707510948 -0.010368976742029187 -0.005372369196265936
v 0.02222350239753723 -0.010027430020272728 -0.005372367799282074
v 0.022232934832572937 -0.0105780279263854 -0.0043708039447665215
v 0.022224819287657738 -0.010721182450652119 -0.004370811861008406
v 0.02226322330534458 -0.01071527041494846 -0.0053723701275885105
v 0.02226322330534458 -0.01071527041494846 -0.0053723701275885105
v 0.022224819287657738 -0.010721182450652119 -0.004370811861008406
v 0.02217111364006996 -0.011071982793509957 -0.004370830021798611
v 0.02226322330534458 -0.01071527041494846 -0.0053723701275885105
v 0.02217111364006996 -0.011071982793509957 -0.004370830021798611
v 0.022210262715816498 -0.01107106730341911 -0.005372370593249798
v 0.022210262715816498 -0.01107106730341911 -0.005372370593249798
v 0.02217111364006996 -0.011071982793509957 -0.004370830021798611
v 0.021927835419774055 -0.011770869605243203 -0.004370850510895252
v 0.022210262715816498 -0.01107106730341911 -0.005372370593249798
v 0.021927835419774055 -0.011770869605243203 -0.004370850510895252
v 0.0219663605093956 -0.011778688989579674 -0.005372369196265936
v 0.021175963804125786 -0.008298854343593117 -0.007570400834083557
v 0.021200289949774742 -0.008263344876468178 -0.006000002846121788
v 0.021248342469334602 -0.008321023546159264 -0.0063738832250237465
v 0.021248342469334602 -0.008321023546159264 -0.0063738832250237465
v 0.021200289949774742 -0.008263344876468178 -0.006000002846121788
v 0.021245822310447693 -0.008324663154780861 -0.005372367799282074
v 0.021248342469334602 -0.008321023546159264 -0.0063738832250237465
v 0.021245822310447693 -0.008324663154780861 -0.005372367799282074
v 0.0215669684112072 -0.008699418045580384 -0.0063738832250237465
v 0.0215669684112072 -0.008699418045580384 -0.0063738832250237465
v 0.021245822310447693 -0.008324663154780861 -0.005372367799282074
v 0.021564260125160217 -0.008702880702912804 -0.005372366867959499
v 0.0215669684112072 -0.008699418045580384 -0.0063738832250237465
v 0.021564260125160217 -0.008702880702912804 -0.005372366867959499
v 0.02185167744755745 -0.009103505872189995 -0.006373882759362459
v 0.02185167744755745 -0.009103505872189995 -0.006373882759362459
v 0.021564260125160217 -0.008702880702912804 -0.005372366867959499
v 0.02184864692389965 -0.009106609039008614 -0.0053723654709756374
v 0.02185167744755745 -0.009103505872189995 -0.006373882759362459
v 0.02184864692389965 -0.009106609039008614 -0.0053723654709756374
v 0.0221383236348629 -0.009699134156107899 -0.006373881828039885
v 0.0221383236348629 -0.009699134156107899 -0.006373881828039885
v 0.02184864692389965 -0.009106609039008614 -0.0053723654709756374
v 0.022134721279144287 -0.009701439179480072 -0.005372366402298212
v 0.0221383236348629 -0.009699134156107899 -0.006373881828039885
v 0.022134721279144287 -0.009701439179480072 -0.005372366402298212
v 0.022227391600608826 -0.010025640949606892 -0.00637388089671731
v 0.022227391600608826 -0.010025640949606892 -0.00637388089671731
v 0.022134721279144287 -0.009701439179480072 -0.005372366402298212
v 0.02222350239753723 -0.010027430020272728 -0.005372367799282074
v 0.022227391600608826 -0.010025640949606892 -0.00637388089671731
v 0.02222350239753723 -0.010027430020272728 -0.005372367799282074
v 0.02227156050503254 -0.010367754846811291 -0.006373880431056023
v 0.02227156050503254 -0.010367754846811291 -0.006373880431056023
v 0.02222350239753723 -0.010027430020272728 -0.005372367799282074
v 0.022267421707510948 -0.010368976742029187 -0.005372369196265936
v 0.02227156050503254 -0.010367754846811291 -0.006373880431056023
v 0.022267421707510948 -0.010368976742029187 -0.005372369196265936
v 0.022267526015639305 -0.010714612901210781 -0.006373880431056023
v 0.022267526015639305 -0.010714612901210781 -0.006373880431056023
v 0.022267421707510948 -0.010368976742029187 -0.005372369196265936
v 0.02226322330534458 -0.01071527041494846 -0.0053723701275885105
v 0.022267526015639305 -0.010714612901210781 -0.006373880431056023
v 0.02226322330534458 -0.01071527041494846 -0.0053723701275885105
v 0.022214651107788086 -0.01107097044587135 -0.006373880431056023
v 0.022214651107788086 -0.01107097044587135 -0.006373880431056023
v 0.02226322330534458 -0.01071527041494846 -0.0053723701275885105
v 0.022210262715816498 -0.01107106730341911 -0.005372370593249798
v 0.022214651107788086 -0.01107097044587135 -0.006373880431056023
v 0.022210262715816498 -0.01107106730341911 -0.005372370593249798
v 0.021970679983496666 -0.011779568158090111 -0.006373881828039885
v 0.021970679983496666 -0.011779568158090111 -0.006373881828039885
v 0.022210262715816498 -0.01107106730341911 -0.005372370593249798
v 0.0219663605093956 -0.011778688989579674 -0.005372369196265936
v 0.021927835419774055 -0.011770869605243203 -0.004370850510895252
v 0.021654829382896423 -0.012259871698915955 -0.004370851907879114
v 0.0219663605093956 -0.011778688989579674 -0.005372369196265936
v 0.0219663605093956 -0.011778688989579674 -0.005372369196265936
v 0.021654829382896423 -0.012259871698915955 -0.004370851907879114
v 0.02169872634112835 -0.012274684384465214 -0.006000001914799213
v 0.0219663605093956 -0.011778688989579674 -0.005372369196265936
v 0.02169872634112835 -0.012274684384465214 -0.006000001914799213
v 0.021970679983496666 -0.011779568158090111 -0.006373881828039885
v 0.021970679983496666 -0.011779568158090111 -0.006373881828039885
v 0.02169872634112835 -0.012274684384465214 -0.006000001914799213
v 0.02193104848265648 -0.011771520599722859 -0.0075704012997448444
v 0.021970679983496666 -0.011779568158090111 -0.006373881828039885
v 0.02193104848265648 -0.011771520599722859 -0.0075704012997448444
v 0.022214651107788086 -0.01107097044587135 -0.006373880431056023
v 0.022214651107788086 -0.01107097044587135 -0.006373880431056023
v 0.02193104848265648 -0.011771520599722859 -0.0075704012997448444
v 0.022174382582306862 -0.011071906425058838 -0.007570418994873762
v 0.022214651107788086 -0.01107097044587135 -0.006373880431056023
v 0.022174382582306862 -0.011071906425058838 -0.007570418994873762
v 0.022267526015639305 -0.010714612901210781 -0.006373880431056023
v 0.022267526015639305 -0.010714612901210781 -0.006373880431056023
v 0.022174382582306862 -0.011071906425058838 -0.007570418994873762
v 0.022228021174669266 -0.010720685124397274 -0.007570435293018818
v 0.022267526015639305 -0.010714612901210781 -0.006373880431056023
v 0.022228021174669266 -0.010720685124397274 -0.007570435293018818
v 0.02227156050503254 -0.010367754846811291 -0.006373880431056023
v 0.02227156050503254 -0.010367754846811291 -0.006373880431056023
v 0.022228021174669266 -0.010720685124397274 -0.007570435293018818
v 0.02223360352218151 -0.010379038751125332 -0.007570452056825161
v 0.02227156050503254 -0.010367754846811291 -0.006373880431056023
v 0.02223360352218151 -0.010379038751125332 -0.007570452056825161
v 0.022227391600608826 -0.010025640949606892 -0.00637388089671731
v 0.022227391600608826 -0.010025640949606892 -0.00637388089671731
v 0.02223360352218151 -0.010379038751125332 -0.007570452056825161
v 0.022191675379872322 -0.010042082518339154 -0.007570465095341206
v 0.022227391600608826 -0.010025640949606892 -0.00637388089671731
v 0.022191675379872322 -0.010042082518339154 -0.007570465095341206
v 0.0221383236348629 -0.009699134156107899 -0.006373881828039885
v 0.0221383236348629 -0.009699134156107899 -0.006373881828039885
v 0.022191675379872322 -0.010042082518339154 -0.007570465095341206
v 0.02210526168346405 -0.009720305912196633 -0.007570469751954079
v 0.0221383236348629 -0.009699134156107899 -0.006373881828039885
v 0.02210526168346405 -0.009720305912196633 -0.007570469751954079
v 0.02185167744755745 -0.009103505872189995 -0.006373882759362459
v 0.02185167744755745 -0.009103505872189995 -0.006373882759362459
v 0.02210526168346405 -0.009720305912196633 -0.007570469751954079
v 0.021823901683092117 -0.009131985716521736 -0.007570447400212288
v 0.02185167744755745 -0.009103505872189995 -0.006373882759362459
v 0.021823901683092117 -0.009131985716521736 -0.007570447400212288
v 0.0215669684112072 -0.008699418045580384 -0.0063738832250237465
v 0.0215669684112072 -0.008699418045580384 -0.0063738832250237465
v 0.021823901683092117 -0.009131985716521736 -0.007570447400212288
v 0.02154216542840004 -0.008731186389923092 -0.00757041247561574
v 0.0215669684112072 -0.008699418045580384 -0.0063738832250237465
v 0.02154216542840004 -0.008731186389923092 -0.00757041247561574
v 0.021248342469334602 -0.008321023546159264 -0.0063738832250237465
v 0.021248342469334602 -0.008321023546159264 -0.0063738832250237465
v 0.02154216542840004 -0.008731186389923092 -0.00757041247561574
v 0.021225228905677795 -0.00835438538342714 -0.007570397574454546
v 0.021248342469334602 -0.008321023546159264 -0.0063738832250237465
v 0.021225228905677795 -0.00835438538342714 -0.007570397574454546
v 0.021175963804125786 -0.008298854343593117 -0.007570400834083557
v 0.021175963804125786 -0.008298854343593117 -0.007570400834083557
v 0.021225228905677795 -0.00835438538342714 -0.007570397574454546
v 0.021223364397883415 -0.008357089944183823 -0.007629148196429014
v 0.021175963804125786 -0.008298854343593117 -0.007570400834083557
v 0.021223364397883415 -0.008357089944183823 -0.007629148196429014
v 0.021174101158976555 -0.008301566354930397 -0.007629185449331999
v 0.018815314397215843 -0.006400356534868477 -0.009318961761891842
v 0.018955841660499573 -0.006221719086170195 -0.008893406018614769
v 0.019899114966392517 -0.007153899874538181 -0.0087101049721241
v 0.019973166286945343 -0.0071009751409292195 -0.008411386050283909
v 0.019258277490735054 -0.006337544415146111 -0.008318043313920498
v 0.020852312445640564 -0.007991524413228032 -0.008113967254757881
v 0.018849585205316544 -0.010277048684656617 -0.011001466773450375
v 0.018753835931420326 -0.01040116790682077 -0.011055497452616692
v 0.017831629142165184 -0.009833462536334988 -0.011360598728060722
v 0.014834869652986526 -0.00801628082990646 -0.011983956210315228
v 0.015223108232021332 -0.007375699467957017 -0.011746118776500225
v 0.015828639268875122 -0.008616141974925991 -0.011821695603430271
v 0.015828639268875122 -0.008616141974925991 -0.011821695603430271
v 0.015223108232021332 -0.007375699467957017 -0.011746118776500225
v 0.016353100538253784 -0.007796056102961299 -0.011477681808173656
v 0.020752117037773132 -0.00801500957459211 -0.008502908051013947
v 0.020615974441170692 -0.008136417716741558 -0.00888390839099884
v 0.01976023241877556 -0.007298632059246299 -0.009108451195061207
v 0.020816899836063385 -0.007981516420841214 -0.00826058629900217
v 0.020752117037773132 -0.00801500957459211 -0.008502908051013947
v 0.019899114966392517 -0.007153899874538181 -0.0087101049721241
v 0.019899114966392517 -0.007153899874538181 -0.0087101049721241
v 0.020752117037773132 -0.00801500957459211 -0.008502908051013947
v 0.01976023241877556 -0.007298632059246299 -0.009108451195061207
v 0.019899114966392517 -0.007153899874538181 -0.0087101049721241
v 0.01976023241877556 -0.007298632059246299 -0.009108451195061207
v 0.018815314397215843 -0.006400356534868477 -0.009318961761891842
v 0.018815314397215843 -0.006400356534868477 -0.009318961761891842
v 0.01976023241877556 -0.007298632059246299 -0.009108451195061207
v 0.01858825422823429 -0.006709760986268518 -0.009810336865484715
v 0.017831629142165184 -0.009833462536334988 -0.011360598728060722
v 0.016846224665641785 -0.009232363663613793 -0.011615030467510223
v 0.018345752730965614 -0.009130170568823811 -0.011016752570867538
v 0.018345752730965614 -0.009130170568823811 -0.011016752570867538
v 0.016846224665641785 -0.009232363663613793 -0.011615030467510223
v 0.01736508309841156 -0.008469825610518452 -0.01126805879175663
v 0.018345752730965614 -0.009130170568823811 -0.011016752570867538
v 0.01736508309841156 -0.008469825610518452 -0.01126805879175663
v 0.018826786428689957 -0.008482613600790497 -0.010574324056506157
v 0.018826786428689957 -0.008482613600790497 -0.010574324056506157
v 0.01736508309841156 -0.008469825610518452 -0.01126805879175663
v 0.01785539649426937 -0.007755119819194076 -0.010825341567397118
v 0.018826786428689957 -0.008482613600790497 -0.010574324056506157
v 0.01785539649426937 -0.007755119819194076 -0.010825341567397118
v 0.019228016957640648 -0.00795534439384937 -0.010081195272505283
v 0.019228016957640648 -0.00795534439384937 -0.010081195272505283
v 0.01785539649426937 -0.007755119819194076 -0.010825341567397118
v 0.018267378211021423 -0.007162287365645168 -0.010326839983463287
v 0.019228016957640648 -0.00795534439384937 -0.010081195272505283
v 0.018267378211021423 -0.007162287365645168 -0.010326839983463287
v 0.01953935995697975 -0.007561084348708389 -0.009578313678503036
v 0.018849585205316544 -0.010277048684656617 -0.011001466773450375
v 0.017831629142165184 -0.009833462536334988 -0.011360598728060722
v 0.019258489832282066 -0.009752300567924973 -0.010720421560108662
v 0.019258489832282066 -0.009752300567924973 -0.010720421560108662
v 0.017831629142165184 -0.009833462536334988 -0.011360598728060722
v 0.018345752730965614 -0.009130170568823811 -0.011016752570867538
v 0.019258489832282066 -0.009752300567924973 -0.010720421560108662
v 0.018345752730965614 -0.009130170568823811 -0.011016752570867538
v 0.019502107053995132 -0.009444616734981533 -0.010510272346436977
v 0.019502107053995132 -0.009444616734981533 -0.010510272346436977
v 0.018345752730965614 -0.009130170568823811 -0.011016752570867538
v 0.018826786428689957 -0.008482613600790497 -0.010574324056506157
v 0.019502107053995132 -0.009444616734981533 -0.010510272346436977
v 0.018826786428689957 -0.008482613600790497 -0.010574324056506157
v 0.01972510851919651 -0.00916709657758474 -0.01028538215905428
v 0.01972510851919651 -0.00916709657758474 -0.01028538215905428
v 0.018826786428689957 -0.008482613600790497 -0.010574324056506157
v 0.020054256543517113 -0.008767044171690937 -0.009884068742394447
v 0.020054256543517113 -0.008767044171690937 -0.009884068742394447
v 0.018826786428689957 -0.008482613600790497 -0.010574324056506157
v 0.019228016957640648 -0.00795534439384937 -0.010081195272505283
v 0.020054256543517113 -0.008767044171690937 -0.009884068742394447
v 0.019228016957640648 -0.00795534439384937 -0.010081195272505283
v 0.020407119765877724 -0.008358254097402092 -0.009324156679213047
v 0.020407119765877724 -0.008358254097402092 -0.009324156679213047
v 0.019228016957640648 -0.00795534439384937 -0.010081195272505283
v 0.01953935995697975 -0.007561084348708389 -0.009578313678503036
v 0.020407119765877724 -0.008358254097402092 -0.009324156679213047
v 0.01953935995697975 -0.007561084348708389 -0.009578313678503036
v 0.020510653033852577 -0.008245266973972317 -0.009120560251176357
v 0.015223108232021332 -0.007375699467957017 -0.011746118776500225
v 0.015365060418844223 -0.007141490466892717 -0.011647900566458702
v 0.016353100538253784 -0.007796056102961299 -0.011477681808173656
v 0.016353100538253784 -0.007796056102961299 -0.011477681808173656
v 0.015365060418844223 -0.007141490466892717 -0.011647900566458702
v 0.015387555584311485 -0.007104373071342704 -0.011631655506789684
v 0.016353100538253784 -0.007796056102961299 -0.011477681808173656
v 0.015387555584311485 -0.007104373071342704 -0.011631655506789684
v 0.016853641718626022 -0.007015901152044532 -0.011040877550840378
v 0.017126426100730896 -0.004235196392983196 -0.00857966486364603
v 0.019258277490735054 -0.006337544415146111 -0.008318043313920498
v 0.017105912789702415 -0.00426941644400358 -0.00884916726499796
v 0.017105912789702415 -0.00426941644400358 -0.00884916726499796
v 0.019258277490735054 -0.006337544415146111 -0.008318043313920498
v 0.019026950001716614 -0.006146721076220272 -0.008564142510294914
v 0.018815314397215843 -0.006400356534868477 -0.009318961761891842
v 0.016896087676286697 -0.004615960642695425 -0.009676680900156498
v 0.018955841660499573 -0.006221719086170195 -0.008893406018614769
v 0.018955841660499573 -0.006221719086170195 -0.008893406018614769
v 0.016896087676286697 -0.004615960642695425 -0.009676680900156498
v 0.017039313912391663 -0.00437956443056464 -0.009217496030032635
v 0.018955841660499573 -0.006221719086170195 -0.008893406018614769
v 0.017039313912391663 -0.00437956443056464 -0.009217496030032635
v 0.017056303098797798 -0.004351502284407614 -0.00914345495402813
v 0.020852312445640564 -0.007991524413228032 -0.008113967254757881
v 0.020816899836063385 -0.007981516420841214 -0.00826058629900217
v 0.019973166286945343 -0.0071009751409292195 -0.008411386050283909
v 0.019973166286945343 -0.0071009751409292195 -0.008411386050283909
v 0.020816899836063385 -0.007981516420841214 -0.00826058629900217
v 0.019899114966392517 -0.007153899874538181 -0.0087101049721241
v 0.019973166286945343 -0.0071009751409292195 -0.008411386050283909
v 0.019899114966392517 -0.007153899874538181 -0.0087101049721241
v 0.019258277490735054 -0.006337544415146111 -0.008318043313920498
v 0.019258277490735054 -0.006337544415146111 -0.008318043313920498
v 0.019899114966392517 -0.007153899874538181 -0.0087101049721241
v 0.018955841660499573 -0.006221719086170195 -0.008893406018614769
v 0.019258277490735054 -0.006337544415146111 -0.008318043313920498
v 0.018955841660499573 -0.006221719086170195 -0.008893406018614769
v 0.019026950001716614 -0.006146721076220272 -0.008564142510294914
v 0.019026950001716614 -0.006146721076220272 -0.008564142510294914
v 0.018955841660499573 -0.006221719086170195 -0.008893406018614769
v 0.017056303098797798 -0.004351502284407614 -0.00914345495402813
v 0.019026950001716614 -0.006146721076220272 -0.008564142510294914
v 0.017056303098797798 -0.004351502284407614 -0.00914345495402813
v 0.017105912789702415 -0.00426941644400358 -0.00884916726499796
v 0.020615974441170692 -0.008136417716741558 -0.00888390839099884
v 0.020510653033852577 -0.008245266973972317 -0.009120560251176357
v 0.01976023241877556 -0.007298632059246299 -0.009108451195061207
v 0.01976023241877556 -0.007298632059246299 -0.009108451195061207
v 0.020510653033852577 -0.008245266973972317 -0.009120560251176357
v 0.01953935995697975 -0.007561084348708389 -0.009578313678503036
v 0.01976023241877556 -0.007298632059246299 -0.009108451195061207
v 0.01953935995697975 -0.007561084348708389 -0.009578313678503036
v 0.01858825422823429 -0.006709760986268518 -0.009810336865484715
v 0.01858825422823429 -0.006709760986268518 -0.009810336865484715
v 0.01953935995697975 -0.007561084348708389 -0.009578313678503036
v 0.018267378211021423 -0.007162287365645168 -0.010326839983463287
v 0.01858825422823429 -0.006709760986268518 -0.009810336865484715
v 0.018267378211021423 -0.007162287365645168 -0.010326839983463287
v 0.01727726310491562 -0.00635927217081189 -0.010543101467192173
v 0.01727726310491562 -0.00635927217081189 -0.010543101467192173
v 0.018267378211021423 -0.007162287365645168 -0.010326839983463287
v 0.01785539649426937 -0.007755119819194076 -0.010825341567397118
v 0.01727726310491562 -0.00635927217081189 -0.010543101467192173
v 0.01785539649426937 -0.007755119819194076 -0.010825341567397118
v 0.016853641718626022 -0.007015901152044532 -0.011040877550840378
v 0.016853641718626022 -0.007015901152044532 -0.011040877550840378
v 0.01785539649426937 -0.007755119819194076 -0.010825341567397118
v 0.01736508309841156 -0.008469825610518452 -0.01126805879175663
v 0.016853641718626022 -0.007015901152044532 -0.011040877550840378
v 0.01736508309841156 -0.008469825610518452 -0.01126805879175663
v 0.016353100538253784 -0.007796056102961299 -0.011477681808173656
v 0.016353100538253784 -0.007796056102961299 -0.011477681808173656
v 0.01736508309841156 -0.008469825610518452 -0.01126805879175663
v 0.016846224665641785 -0.009232363663613793 -0.011615030467510223
v 0.016353100538253784 -0.007796056102961299 -0.011477681808173656
v 0.016846224665641785 -0.009232363663613793 -0.011615030467510223
v 0.015828639268875122 -0.008616141974925991 -0.011821695603430271
v 0.015387555584311485 -0.007104373071342704 -0.011631655506789684
v 0.015920110046863556 -0.006225783843547104 -0.011178476735949516
v 0.016853641718626022 -0.007015901152044532 -0.011040877550840378
v 0.016853641718626022 -0.007015901152044532 -0.011040877550840378
v 0.015920110046863556 -0.006225783843547104 -0.011178476735949516
v 0.016322508454322815 -0.0055620255880057794 -0.010714457370340824
v 0.016853641718626022 -0.007015901152044532 -0.011040877550840378
v 0.016322508454322815 -0.0055620255880057794 -0.010714457370340824
v 0.01727726310491562 -0.00635927217081189 -0.010543101467192173
v 0.01727726310491562 -0.00635927217081189 -0.010543101467192173
v 0.016322508454322815 -0.0055620255880057794 -0.010714457370340824
v 0.016478970646858215 -0.005303961224853991 -0.01049118209630251
v 0.01727726310491562 -0.00635927217081189 -0.010543101467192173
v 0.016478970646858215 -0.005303961224853991 -0.01049118209630251
v 0.01858825422823429 -0.006709760986268518 -0.009810336865484715
v 0.01858825422823429 -0.006709760986268518 -0.009810336865484715
v 0.016478970646858215 -0.005303961224853991 -0.01049118209630251
v 0.016658974811434746 -0.005007083527743815 -0.01019042357802391
v 0.01858825422823429 -0.006709760986268518 -0.009810336865484715
v 0.016658974811434746 -0.005007083527743815 -0.01019042357802391
v 0.018815314397215843 -0.006400356534868477 -0.009318961761891842
v 0.018815314397215843 -0.006400356534868477 -0.009318961761891842
v 0.016658974811434746 -0.005007083527743815 -0.01019042357802391
v 0.016861742362380028 -0.004672616254538296 -0.009763668291270733
v 0.018815314397215843 -0.006400356534868477 -0.009318961761891842
v 0.016861742362380028 -0.004672616254538296 -0.009763668291270733
v 0.016896087676286697 -0.004615960642695425 -0.009676680900156498
v 0.022230520844459534 -0.010379955172538754 -0.004370793234556913
v 0.022188782691955566 -0.010043419897556301 -0.004370778799057007
v 0.022174589335918427 -0.010043406859040257 -0.004243924282491207
v 0.01981482282280922 -0.011064905673265454 -0.001451311050914228
v 0.02017931267619133 -0.011297320947051045 -0.001714354264549911
v 0.020563356578350067 -0.010608356446027752 -0.001974709564819932
v 0.02049211412668228 -0.011499113403260704 -0.002001289976760745
v 0.020693428814411163 -0.01163020636886358 -0.0022243536077439785
v 0.02103864960372448 -0.01096260733902454 -0.0024231579154729843
v 0.019530711695551872 -0.010885535739362236 -0.0012861540308222175
v 0.019974157214164734 -0.010193435475230214 -0.0015986914513632655
v 0.018753835931420326 -0.01040116790682077 -0.0009445062023587525
v 0.018753835931420326 -0.01040116790682077 -0.0009445062023587525
v 0.019974157214164734 -0.010193435475230214 -0.0015986914513632655
v 0.01927940919995308 -0.009725718759000298 -0.0012962933396920562
v 0.01927940919995308 -0.009725718759000298 -0.0012962933396920562
v 0.019974157214164734 -0.010193435475230214 -0.0015986914513632655
v 0.019450392574071884 -0.00950956158339977 -0.0014421961968764663
v 0.019450392574071884 -0.00950956158339977 -0.0014421961968764663
v 0.019974157214164734 -0.010193435475230214 -0.0015986914513632655
v 0.02034413442015648 -0.009594198316335675 -0.0019967800471931696
v 0.019450392574071884 -0.00950956158339977 -0.0014421961968764663
v 0.02034413442015648 -0.009594198316335675 -0.0019967800471931696
v 0.01974037103354931 -0.00914826616644859 -0.0017312801210209727
v 0.01974037103354931 -0.00914826616644859 -0.0017312801210209727
v 0.02034413442015648 -0.009594198316335675 -0.0019967800471931696
v 0.020019616931676865 -0.008808473125100132 -0.00206913729198277
v 0.020019616931676865 -0.008808473125100132 -0.00206913729198277
v 0.02034413442015648 -0.009594198316335675 -0.0019967800471931696
v 0.020626932382583618 -0.009101530537009236 -0.0024298790376633406
v 0.020019616931676865 -0.008808473125100132 -0.00206913729198277
v 0.020626932382583618 -0.009101530537009236 -0.0024298790376633406
v 0.020120680332183838 -0.008688121102750298 -0.002209173981100321
v 0.020120680332183838 -0.008688121102750298 -0.002209173981100321
v 0.020626932382583618 -0.009101530537009236 -0.0024298790376633406
v 0.020821014419198036 -0.008719512261450287 -0.0028551332652568817
v 0.020120680332183838 -0.008688121102750298 -0.002209173981100321
v 0.020821014419198036 -0.008719512261450287 -0.0028551332652568817
v 0.020413106307387352 -0.008351609110832211 -0.002686985768377781
v 0.020413106307387352 -0.008351609110832211 -0.002686985768377781
v 0.020931828767061234 -0.008441719226539132 -0.003236603457480669
v 0.02061896026134491 -0.008133460767567154 -0.0031233644112944603
v 0.02061896026134491 -0.008133460767567154 -0.0031233644112944603
v 0.020931828767061234 -0.008441719226539132 -0.003236603457480669
v 0.0211814995855093 -0.008474755100905892 -0.003635250497609377
v 0.02061896026134491 -0.008133460767567154 -0.0031233644112944603
v 0.0211814995855093 -0.008474755100905892 -0.003635250497609377
v 0.020695898681879044 -0.008060920052230355 -0.003325355937704444
v 0.020695898681879044 -0.008060920052230355 -0.003325355937704444
v 0.0211814995855093 -0.008474755100905892 -0.003635250497609377
v 0.0210909154266119 -0.008276918902993199 -0.003816748270764947
v 0.020695898681879044 -0.008060920052230355 -0.003325355937704444
v 0.0210909154266119 -0.008276918902993199 -0.003816748270764947
v 0.020817186683416367 -0.007981472648680207 -0.0037406301125884056
v 0.021772002801299095 -0.009639468044042584 -0.003564318874850869
v 0.021757157519459724 -0.010121837258338925 -0.0033470820635557175
v 0.021976586431264877 -0.009847837500274178 -0.0038287064526230097
v 0.021976586431264877 -0.009847837500274178 -0.0038287064526230097
v 0.021757157519459724 -0.010121837258338925 -0.0033470820635557175
v 0.021990133449435234 -0.010351411998271939 -0.003683812450617552
v 0.021976586431264877 -0.009847837500274178 -0.0038287064526230097
v 0.021990133449435234 -0.010351411998271939 -0.003683812450617552
v 0.02211032435297966 -0.009982938878238198 -0.004062368534505367
v 0.02211032435297966 -0.009982938878238198 -0.004062368534505367
v 0.021990133449435234 -0.010351411998271939 -0.003683812450617552
v 0.02214103564620018 -0.010500508360564705 -0.003980130888521671
v 0.02211032435297966 -0.009982938878238198 -0.004062368534505367
v 0.02214103564620018 -0.010500508360564705 -0.003980130888521671
v 0.022174589335918427 -0.010043406859040257 -0.004243924282491207
v 0.022174589335918427 -0.010043406859040257 -0.004243924282491207
v 0.02214103564620018 -0.010500508360564705 -0.003980130888521671
v 0.022213857620954514 -0.01056789048016071 -0.004209935199469328
v 0.022174589335918427 -0.010043406859040257 -0.004243924282491207
v 0.022213857620954514 -0.01056789048016071 -0.004209935199469328
v 0.022230520844459534 -0.010379955172538754 -0.004370793234556913
v 0.021638227626681328 -0.010662842541933056 -0.0031211127061396837
v 0.02141139842569828 -0.011255424469709393 -0.0029154340736567974
v 0.021893290802836418 -0.010897775180637833 -0.003533976851031184
v 0.021893290802836418 -0.010897775180637833 -0.003533976851031184
v 0.02141139842569828 -0.011255424469709393 -0.0029154340736567974
v 0.021683111786842346 -0.011477188207209107 -0.0034003679174929857
v 0.021893290802836418 -0.010897775180637833 -0.003533976851031184
v 0.021683111786842346 -0.011477188207209107 -0.0034003679174929857
v 0.022056659683585167 -0.011050009168684479 -0.003896142356097698
v 0.022056659683585167 -0.011050009168684479 -0.003896142356097698
v 0.021683111786842346 -0.011477188207209107 -0.0034003679174929857
v 0.02185506373643875 -0.011619457043707367 -0.0038237422704696655
v 0.022056659683585167 -0.011050009168684479 -0.003896142356097698
v 0.02185506373643875 -0.011619457043707367 -0.0038237422704696655
v 0.02213560789823532 -0.011119528673589226 -0.004175807349383831
v 0.02213560789823532 -0.011119528673589226 -0.004175807349383831
v 0.02185506373643875 -0.011619457043707367 -0.0038237422704696655
v 0.021937934681773186 -0.011685020290315148 -0.00414781691506505
v 0.021565623581409454 -0.012206270359456536 -0.0038462765514850616
v 0.021937934681773186 -0.011685020290315148 -0.00414781691506505
v 0.021549813449382782 -0.012195973657071587 -0.0037926777731627226
v 0.021549813449382782 -0.012195973657071587 -0.0037926777731627226
v 0.021937934681773186 -0.011685020290315148 -0.00414781691506505
v 0.02185506373643875 -0.011619457043707367 -0.0038237422704696655
v 0.021549813449382782 -0.012195973657071587 -0.0037926777731627226
v 0.02185506373643875 -0.011619457043707367 -0.0038237422704696655
v 0.021263424307107925 -0.012006261385977265 -0.003093431005254388
v 0.021263424307107925 -0.012006261385977265 -0.003093431005254388
v 0.02185506373643875 -0.011619457043707367 -0.0038237422704696655
v 0.021683111786842346 -0.011477188207209107 -0.0034003679174929857
v 0.021263424307107925 -0.012006261385977265 -0.003093431005254388
v 0.021683111786842346 -0.011477188207209107 -0.0034003679174929857
v 0.02102372981607914 -0.011847342364490029 -0.0026752164121717215
v 0.02102372981607914 -0.011847342364490029 -0.0026752164121717215
v 0.021683111786842346 -0.011477188207209107 -0.0034003679174929857
v 0.02141139842569828 -0.011255424469709393 -0.0029154340736567974
v 0.02217111364006996 -0.011071982793509957 -0.004370830021798611
v 0.022224819287657738 -0.010721182450652119 -0.004370811861008406
v 0.022213857620954514 -0.01056789048016071 -0.004209935199469328
v 0.022213857620954514 -0.01056789048016071 -0.004209935199469328
v 0.022224819287657738 -0.010721182450652119 -0.004370811861008406
v 0.022232934832572937 -0.0105780279263854 -0.0043708039447665215
v 0.022213857620954514 -0.01056789048016071 -0.004209935199469328
v 0.022232934832572937 -0.0105780279263854 -0.0043708039447665215
v 0.022230520844459534 -0.010379955172538754 -0.004370793234556913
v 0.021538464352488518 -0.00884782429784536 -0.0038953199982643127
v 0.021669071167707443 -0.008981705643236634 -0.004043482709676027
v 0.02147289551794529 -0.008667950518429276 -0.004201208241283894
v 0.02154015563428402 -0.008733756840229031 -0.004370838403701782
v 0.021508045494556427 -0.008693185634911057 -0.004370842128992081
v 0.02147289551794529 -0.008667950518429276 -0.004201208241283894
v 0.02147289551794529 -0.008667950518429276 -0.004201208241283894
v 0.021508045494556427 -0.008693185634911057 -0.004370842128992081
v 0.021223364397883415 -0.008357089944183823 -0.004370855167508125
v 0.021821655333042145 -0.009134296327829357 -0.004370799288153648
v 0.02154015563428402 -0.008733756840229031 -0.004370838403701782
v 0.02179681323468685 -0.009105337783694264 -0.004289699252694845
v 0.02179681323468685 -0.009105337783694264 -0.004289699252694845
v 0.02154015563428402 -0.008733756840229031 -0.004370838403701782
v 0.02147289551794529 -0.008667950518429276 -0.004201208241283894
v 0.02179681323468685 -0.009105337783694264 -0.004289699252694845
v 0.02147289551794529 -0.008667950518429276 -0.004201208241283894
v 0.021755501627922058 -0.009067700244486328 -0.004179653711616993
v 0.021755501627922058 -0.009067700244486328 -0.004179653711616993
v 0.02147289551794529 -0.008667950518429276 -0.004201208241283894
v 0.021669071167707443 -0.008981705643236634 -0.004043482709676027
v 0.020852312445640564 -0.007991524413228032 -0.003886036342009902
v 0.0208269190043211 -0.007980910129845139 -0.0037826935295015574
v 0.020913608372211456 -0.008057393133640286 -0.0038973544724285603
v 0.020913608372211456 -0.008057393133640286 -0.0038973544724285603
v 0.0208269190043211 -0.007980910129845139 -0.0037826935295015574
v 0.020817186683416367 -0.007981472648680207 -0.0037406301125884056
v 0.020913608372211456 -0.008057393133640286 -0.0038973544724285603
v 0.020817186683416367 -0.007981472648680207 -0.0037406301125884056
v 0.020968522876501083 -0.008115379139780995 -0.003920151386409998
v 0.020968522876501083 -0.008115379139780995 -0.003920151386409998
v 0.020817186683416367 -0.007981472648680207 -0.0037406301125884056
v 0.0210909154266119 -0.008276918902993199 -0.003816748270764947
v 0.020968522876501083 -0.008115379139780995 -0.003920151386409998
v 0.0210909154266119 -0.008276918902993199 -0.003816748270764947
v 0.021043291315436363 -0.008191824890673157 -0.0039807530120015144
v 0.021043291315436363 -0.008191824890673157 -0.0039807530120015144
v 0.0210909154266119 -0.008276918902993199 -0.003816748270764947
v 0.021081233397126198 -0.008229125291109082 -0.004028986673802137
v 0.019530711695551872 -0.010885535739362236 -0.0012861540308222175
v 0.01981482282280922 -0.011064905673265454 -0.001451311050914228
v 0.019974157214164734 -0.010193435475230214 -0.0015986914513632655
v 0.019974157214164734 -0.010193435475230214 -0.0015986914513632655
v 0.01981482282280922 -0.011064905673265454 -0.001451311050914228
v 0.020563356578350067 -0.010608356446027752 -0.001974709564819932
v 0.019974157214164734 -0.010193435475230214 -0.0015986914513632655
v 0.020563356578350067 -0.010608356446027752 -0.001974709564819932
v 0.02034413442015648 -0.009594198316335675 -0.0019967800471931696
v 0.02034413442015648 -0.009594198316335675 -0.0019967800471931696
v 0.020563356578350067 -0.010608356446027752 -0.001974709564819932
v 0.020865032449364662 -0.010000606998801228 -0.0023203776217997074
v 0.02034413442015648 -0.009594198316335675 -0.0019967800471931696
v 0.020865032449364662 -0.010000606998801228 -0.0023203776217997074
v 0.020626932382583618 -0.009101530537009236 -0.0024298790376633406
v 0.020626932382583618 -0.009101530537009236 -0.0024298790376633406
v 0.020865032449364662 -0.010000606998801228 -0.0023203776217997074
v 0.021072430536150932 -0.009484244510531422 -0.0026949739549309015
v 0.020626932382583618 -0.009101530537009236 -0.0024298790376633406
v 0.021072430536150932 -0.009484244510531422 -0.0026949739549309015
v 0.020821014419198036 -0.008719512261450287 -0.0028551332652568817
v 0.020821014419198036 -0.008719512261450287 -0.0028551332652568817
v 0.021072430536150932 -0.009484244510531422 -0.0026949739549309015
v 0.021187834441661835 -0.009062806144356724 -0.003057887079194188
v 0.020821014419198036 -0.008719512261450287 -0.0028551332652568817
v 0.021187834441661835 -0.009062806144356724 -0.003057887079194188
v 0.02121967263519764 -0.008730620145797726 -0.003378362860530615
v 0.02121967263519764 -0.008730620145797726 -0.003378362860530615
v 0.021187834441661835 -0.009062806144356724 -0.003057887079194188
v 0.02147519402205944 -0.00899139232933521 -0.0035533118061721325
v 0.02121967263519764 -0.008730620145797726 -0.003378362860530615
v 0.02147519402205944 -0.00899139232933521 -0.0035533118061721325
v 0.021372491493821144 -0.00867514684796333 -0.0037538022734224796
v 0.021372491493821144 -0.00867514684796333 -0.0037538022734224796
v 0.02147519402205944 -0.00899139232933521 -0.0035533118061721325
v 0.021538464352488518 -0.00884782429784536 -0.0038953199982643127
v 0.021372491493821144 -0.00867514684796333 -0.0037538022734224796
v 0.021538464352488518 -0.00884782429784536 -0.0038953199982643127
v 0.021326769143342972 -0.008523535914719101 -0.00398809602484107
v 0.021326769143342972 -0.008523535914719101 -0.00398809602484107
v 0.021538464352488518 -0.00884782429784536 -0.0038953199982643127
v 0.02147289551794529 -0.008667950518429276 -0.004201208241283894
v 0.020413106307387352 -0.008351609110832211 -0.002686985768377781
v 0.020821014419198036 -0.008719512261450287 -0.0028551332652568817
v 0.020931828767061234 -0.008441719226539132 -0.003236603457480669
v 0.020931828767061234 -0.008441719226539132 -0.003236603457480669
v 0.020821014419198036 -0.008719512261450287 -0.0028551332652568817
v 0.02121967263519764 -0.008730620145797726 -0.003378362860530615
v 0.020931828767061234 -0.008441719226539132 -0.003236603457480669
v 0.02121967263519764 -0.008730620145797726 -0.003378362860530615
v 0.0211814995855093 -0.008474755100905892 -0.003635250497609377
v 0.0211814995855093 -0.008474755100905892 -0.003635250497609377
v 0.02121967263519764 -0.008730620145797726 -0.003378362860530615
v 0.021372491493821144 -0.00867514684796333 -0.0037538022734224796
v 0.0211814995855093 -0.008474755100905892 -0.003635250497609377
v 0.021372491493821144 -0.00867514684796333 -0.0037538022734224796
v 0.0210909154266119 -0.008276918902993199 -0.003816748270764947
v 0.0210909154266119 -0.008276918902993199 -0.003816748270764947
v 0.021372491493821144 -0.00867514684796333 -0.0037538022734224796
v 0.021326769143342972 -0.008523535914719101 -0.00398809602484107
v 0.0210909154266119 -0.008276918902993199 -0.003816748270764947
v 0.021326769143342972 -0.008523535914719101 -0.00398809602484107
v 0.021081233397126198 -0.008229125291109082 -0.004028986673802137
v 0.021081233397126198 -0.008229125291109082 -0.004028986673802137
v 0.021326769143342972 -0.008523535914719101 -0.00398809602484107
v 0.02147289551794529 -0.008667950518429276 -0.004201208241283894
v 0.021081233397126198 -0.008229125291109082 -0.004028986673802137
v 0.02147289551794529 -0.008667950518429276 -0.004201208241283894
v 0.021138347685337067 -0.008281744085252282 -0.004142827354371548
v 0.021138347685337067 -0.008281744085252282 -0.004142827354371548
v 0.02147289551794529 -0.008667950518429276 -0.004201208241283894
v 0.021223364397883415 -0.008357089944183823 -0.004370855167508125
v 0.021138347685337067 -0.008281744085252282 -0.004142827354371548
v 0.021223364397883415 -0.008357089944183823 -0.004370855167508125
v 0.021174103021621704 -0.008301564492285248 -0.004370851907879114
v 0.021757157519459724 -0.010121837258338925 -0.0033470820635557175
v 0.021638227626681328 -0.010662842541933056 -0.0031211127061396837
v 0.021990133449435234 -0.010351411998271939 -0.003683812450617552
v 0.021990133449435234 -0.010351411998271939 -0.003683812450617552
v 0.021638227626681328 -0.010662842541933056 -0.0031211127061396837
v 0.021893290802836418 -0.010897775180637833 -0.003533976851031184
v 0.021990133449435234 -0.010351411998271939 -0.003683812450617552
v 0.021893290802836418 -0.010897775180637833 -0.003533976851031184
v 0.02214103564620018 -0.010500508360564705 -0.003980130888521671
v 0.02214103564620018 -0.010500508360564705 -0.003980130888521671
v 0.021893290802836418 -0.010897775180637833 -0.003533976851031184
v 0.022056659683585167 -0.011050009168684479 -0.003896142356097698
v 0.02214103564620018 -0.010500508360564705 -0.003980130888521671
v 0.022056659683585167 -0.011050009168684479 -0.003896142356097698
v 0.022213857620954514 -0.01056789048016071 -0.004209935199469328
v 0.022213857620954514 -0.01056789048016071 -0.004209935199469328
v 0.022056659683585167 -0.011050009168684479 -0.003896142356097698
v 0.02213560789823532 -0.011119528673589226 -0.004175807349383831
v 0.022213857620954514 -0.01056789048016071 -0.004209935199469328
v 0.02213560789823532 -0.011119528673589226 -0.004175807349383831
v 0.02217111364006996 -0.011071982793509957 -0.004370830021798611
v 0.02217111364006996 -0.011071982793509957 -0.004370830021798611
v 0.02213560789823532 -0.011119528673589226 -0.004175807349383831
v 0.021937934681773186 -0.011685020290315148 -0.00414781691506505
v 0.02217111364006996 -0.011071982793509957 -0.004370830021798611
v 0.021937934681773186 -0.011685020290315148 -0.00414781691506505
v 0.021927835419774055 -0.011770869605243203 -0.004370850510895252
v 0.021927835419774055 -0.011770869605243203 -0.004370850510895252
v 0.021937934681773186 -0.011685020290315148 -0.00414781691506505
v 0.021565623581409454 -0.012206270359456536 -0.0038462765514850616
v 0.021927835419774055 -0.011770869605243203 -0.004370850510895252
v 0.021565623581409454 -0.012206270359456536 -0.0038462765514850616
v 0.021654829382896423 -0.012259871698915955 -0.004370851907879114
v 0.020693428814411163 -0.01163020636886358 -0.0022243536077439785
v 0.02102372981607914 -0.011847342364490029 -0.0026752164121717215
v 0.02103864960372448 -0.01096260733902454 -0.0024231579154729843
v 0.02103864960372448 -0.01096260733902454 -0.0024231579154729843
v 0.02102372981607914 -0.011847342364490029 -0.0026752164121717215
v 0.02141139842569828 -0.011255424469709393 -0.0029154340736567974
v 0.02103864960372448 -0.01096260733902454 -0.0024231579154729843
v 0.02141139842569828 -0.011255424469709393 -0.0029154340736567974
v 0.021294372156262398 -0.010358677245676514 -0.0027026089373975992
v 0.021294372156262398 -0.010358677245676514 -0.0027026089373975992
v 0.02141139842569828 -0.011255424469709393 -0.0029154340736567974
v 0.021638227626681328 -0.010662842541933056 -0.0031211127061396837
v 0.021294372156262398 -0.010358677245676514 -0.0027026089373975992
v 0.021638227626681328 -0.010662842541933056 -0.0031211127061396837
v 0.02144874818623066 -0.009826978668570515 -0.0030063511803746223
v 0.02144874818623066 -0.009826978668570515 -0.0030063511803746223
v 0.021638227626681328 -0.010662842541933056 -0.0031211127061396837
v 0.021757157519459724 -0.010121837258338925 -0.0033470820635557175
v 0.02144874818623066 -0.009826978668570515 -0.0030063511803746223
v 0.021757157519459724 -0.010121837258338925 -0.0033470820635557175
v 0.02150563895702362 -0.009372222237288948 -0.0032985503785312176
v 0.02150563895702362 -0.009372222237288948 -0.0032985503785312176
v 0.021757157519459724 -0.010121837258338925 -0.0033470820635557175
v 0.021772002801299095 -0.009639468044042584 -0.003564318874850869
v 0.02150563895702362 -0.009372222237288948 -0.0032985503785312176
v 0.021772002801299095 -0.009639468044042584 -0.003564318874850869
v 0.021693645045161247 -0.00921645667403936 -0.0037516807205975056
v 0.021693645045161247 -0.00921645667403936 -0.0037516807205975056
v 0.021772002801299095 -0.009639468044042584 -0.003564318874850869
v 0.021976586431264877 -0.009847837500274178 -0.0038287064526230097
v 0.021693645045161247 -0.00921645667403936 -0.0037516807205975056
v 0.021976586431264877 -0.009847837500274178 -0.0038287064526230097
v 0.021863754838705063 -0.009391563013195988 -0.00395237049087882
v 0.021863754838705063 -0.009391563013195988 -0.00395237049087882
v 0.021976586431264877 -0.009847837500274178 -0.0038287064526230097
v 0.02211032435297966 -0.009982938878238198 -0.004062368534505367
v 0.021863754838705063 -0.009391563013195988 -0.00395237049087882
v 0.02211032435297966 -0.009982938878238198 -0.004062368534505367
v 0.02197572961449623 -0.00950466841459274 -0.004131682682782412
v 0.02197572961449623 -0.00950466841459274 -0.004131682682782412
v 0.02211032435297966 -0.009982938878238198 -0.004062368534505367
v 0.022174589335918427 -0.010043406859040257 -0.004243924282491207
v 0.02197572961449623 -0.00950466841459274 -0.004131682682782412
v 0.022174589335918427 -0.010043406859040257 -0.004243924282491207
v 0.02202928252518177 -0.009554808028042313 -0.004272052086889744
v 0.02202928252518177 -0.009554808028042313 -0.004272052086889744
v 0.022174589335918427 -0.010043406859040257 -0.004243924282491207
v 0.022188782691955566 -0.010043419897556301 -0.004370778799057007
v 0.02202928252518177 -0.009554808028042313 -0.004272052086889744
v 0.022188782691955566 -0.010043419897556301 -0.004370778799057007
v 0.022102583199739456 -0.009722024202346798 -0.0043707736767828465
v 0.02017931267619133 -0.011297320947051045 -0.001714354264549911
v 0.02049211412668228 -0.011499113403260704 -0.002001289976760745
v 0.020563356578350067 -0.010608356446027752 -0.001974709564819932
v 0.020563356578350067 -0.010608356446027752 -0.001974709564819932
v 0.02049211412668228 -0.011499113403260704 -0.002001289976760745
v 0.02103864960372448 -0.01096260733902454 -0.0024231579154729843
v 0.020563356578350067 -0.010608356446027752 -0.001974709564819932
v 0.02103864960372448 -0.01096260733902454 -0.0024231579154729843
v 0.020865032449364662 -0.010000606998801228 -0.0023203776217997074
v 0.020865032449364662 -0.010000606998801228 -0.0023203776217997074
v 0.02103864960372448 -0.01096260733902454 -0.0024231579154729843
v 0.021294372156262398 -0.010358677245676514 -0.0027026089373975992
v 0.020865032449364662 -0.010000606998801228 -0.0023203776217997074
v 0.021294372156262398 -0.010358677245676514 -0.0027026089373975992
v 0.021072430536150932 -0.009484244510531422 -0.0026949739549309015
v 0.021072430536150932 -0.009484244510531422 -0.0026949739549309015
v 0.021294372156262398 -0.010358677245676514 -0.0027026089373975992
v 0.02144874818623066 -0.009826978668570515 -0.0030063511803746223
v 0.021072430536150932 -0.009484244510531422 -0.0026949739549309015
v 0.02144874818623066 -0.009826978668570515 -0.0030063511803746223
v 0.021187834441661835 -0.009062806144356724 -0.003057887079194188
v 0.021187834441661835 -0.009062806144356724 -0.003057887079194188
v 0.02144874818623066 -0.009826978668570515 -0.0030063511803746223
v 0.02150563895702362 -0.009372222237288948 -0.0032985503785312176
v 0.021187834441661835 -0.009062806144356724 -0.003057887079194188
v 0.02150563895702362 -0.009372222237288948 -0.0032985503785312176
v 0.02147519402205944 -0.00899139232933521 -0.0035533118061721325
v 0.02147519402205944 -0.00899139232933521 -0.0035533118061721325
v 0.02150563895702362 -0.009372222237288948 -0.0032985503785312176
v 0.021693645045161247 -0.00921645667403936 -0.0037516807205975056
v 0.02147519402205944 -0.00899139232933521 -0.0035533118061721325
v 0.021693645045161247 -0.00921645667403936 -0.0037516807205975056
v 0.021538464352488518 -0.00884782429784536 -0.0038953199982643127
v 0.021538464352488518 -0.00884782429784536 -0.0038953199982643127
v 0.021693645045161247 -0.00921645667403936 -0.0037516807205975056
v 0.021863754838705063 -0.009391563013195988 -0.00395237049087882
v 0.021538464352488518 -0.00884782429784536 -0.0038953199982643127
v 0.021863754838705063 -0.009391563013195988 -0.00395237049087882
v 0.021669071167707443 -0.008981705643236634 -0.004043482709676027
v 0.021669071167707443 -0.008981705643236634 -0.004043482709676027
v 0.021863754838705063 -0.009391563013195988 -0.00395237049087882
v 0.02197572961449623 -0.00950466841459274 -0.004131682682782412
v 0.021669071167707443 -0.008981705643236634 -0.004043482709676027
v 0.02197572961449623 -0.00950466841459274 -0.004131682682782412
v 0.021755501627922058 -0.009067700244486328 -0.004179653711616993
v 0.021755501627922058 -0.009067700244486328 -0.004179653711616993
v 0.02197572961449623 -0.00950466841459274 -0.004131682682782412
v 0.02202928252518177 -0.009554808028042313 -0.004272052086889744
v 0.021755501627922058 -0.009067700244486328 -0.004179653711616993
v 0.02202928252518177 -0.009554808028042313 -0.004272052086889744
v 0.02179681323468685 -0.009105337783694264 -0.004289699252694845
v 0.02179681323468685 -0.009105337783694264 -0.004289699252694845
v 0.02202928252518177 -0.009554808028042313 -0.004272052086889744
v 0.022102583199739456 -0.009722024202346798 -0.0043707736767828465
v 0.02179681323468685 -0.009105337783694264 -0.004289699252694845
v 0.022102583199739456 -0.009722024202346798 -0.0043707736767828465
v 0.021821655333042145 -0.009134296327829357 -0.004370799288153648
v 0.014457367360591888 -0.010718179866671559 8.889397577149794e-05
v 0.013868206180632114 -0.01164506189525127 5.185620830161497e-05
v 0.01483959797769785 -0.012194014154374596 -0.0001573742483742535
v 0.017343390733003616 -0.012271446175873276 -0.0006451730732806027
v 0.0177341029047966 -0.011739626526832577 -0.0006690587033517659
v 0.017123613506555557 -0.010828878730535504 -0.00041687238262966275
v 0.017123613506555557 -0.010828878730535504 -0.00041687238262966275
v 0.0177341029047966 -0.011739626526832577 -0.0006690587033517659
v 0.01798279955983162 -0.011408293619751927 -0.0007028848049230874
v 0.017123613506555557 -0.010828878730535504 -0.00041687238262966275
v 0.01798279955983162 -0.011408293619751927 -0.0007028848049230874
v 0.01853635534644127 -0.010683752596378323 -0.0008441655081696808
v 0.012953863479197025 -0.011119970120489594 0.00021265418035909534
v 0.013868206180632114 -0.01164506189525127 5.185620830161497e-05
v 0.013497822917997837 -0.010222418233752247 0.00024609797401353717
v 0.013497822917997837 -0.010222418233752247 0.00024609797401353717
v 0.013868206180632114 -0.01164506189525127 5.185620830161497e-05
v 0.014457367360591888 -0.010718179866671559 8.889397577149794e-05
v 0.013497822917997837 -0.010222418233752247 0.00024609797401353717
v 0.014457367360591888 -0.010718179866671559 8.889397577149794e-05
v 0.013501444831490517 -0.01021644193679094 0.0002460458199493587
v 0.013501444831490517 -0.01021644193679094 0.0002460458199493587
v 0.014457367360591888 -0.010718179866671559 8.889397577149794e-05
v 0.013822613283991814 -0.009686497040092942 0.00023131415946409106
v 0.015072205103933811 -0.009764169342815873 4.6069435484241694e-05
v 0.015533801168203354 -0.009050100110471245 -4.868565156357363e-05
v 0.014088742434978485 -0.009247396141290661 0.00020445621339604259
v 0.014088742434978485 -0.009247396141290661 0.00020445621339604259
v 0.015533801168203354 -0.009050100110471245 -4.868565156357363e-05
v 0.014608844183385372 -0.008389224298298355 9.224394307238981e-05
v 0.018571635708212852 -0.010288519784808155 -0.000878003251273185
v 0.017843147739768028 -0.00984051916748285 -0.0006427688640542328
v 0.01758711226284504 -0.010191665962338444 -0.0005280764889903367
v 0.01758711226284504 -0.010191665962338444 -0.0005280764889903367
v 0.017843147739768028 -0.00984051916748285 -0.0006427688640542328
v 0.016846224665641785 -0.009232363663613793 -0.000384973653126508
v 0.01758711226284504 -0.010191665962338444 -0.0005280764889903367
v 0.016846224665641785 -0.009232363663613793 -0.000384973653126508
v 0.016585350036621094 -0.009616207331418988 -0.00026699324371293187
v 0.016585350036621094 -0.009616207331418988 -0.00026699324371293187
v 0.016846224665641785 -0.009232363663613793 -0.000384973653126508
v 0.01581641286611557 -0.00860875844955444 -0.00017609709175303578
v 0.018753835931420326 -0.01040116790682077 -0.0009445062023587525
v 0.018571635708212852 -0.010288519784808155 -0.000878003251273185
v 0.01853635534644127 -0.010683752596378323 -0.0008441655081696808
v 0.01853635534644127 -0.010683752596378323 -0.0008441655081696808
v 0.018571635708212852 -0.010288519784808155 -0.000878003251273185
v 0.01758711226284504 -0.010191665962338444 -0.0005280764889903367
v 0.01853635534644127 -0.010683752596378323 -0.0008441655081696808
v 0.01758711226284504 -0.010191665962338444 -0.0005280764889903367
v 0.017123613506555557 -0.010828878730535504 -0.00041687238262966275
v 0.017123613506555557 -0.010828878730535504 -0.00041687238262966275
v 0.01758711226284504 -0.010191665962338444 -0.0005280764889903367
v 0.016585350036621094 -0.009616207331418988 -0.00026699324371293187
v 0.017123613506555557 -0.010828878730535504 -0.00041687238262966275
v 0.016585350036621094 -0.009616207331418988 -0.00026699324371293187
v 0.016124684363603592 -0.010285688564181324 -0.00016460317419841886
v 0.014088742434978485 -0.009247396141290661 0.00020445621339604259
v 0.013822613283991814 -0.009686497040092942 0.00023131415946409106
v 0.015072205103933811 -0.009764169342815873 4.6069435484241694e-05
v 0.015072205103933811 -0.009764169342815873 4.6069435484241694e-05
v 0.013822613283991814 -0.009686497040092942 0.00023131415946409106
v 0.014457367360591888 -0.010718179866671559 8.889397577149794e-05
v 0.015072205103933811 -0.009764169342815873 4.6069435484241694e-05
v 0.014457367360591888 -0.010718179866671559 8.889397577149794e-05
v 0.015487294644117355 -0.011217052116990086 -0.00011546101450221613
v 0.015487294644117355 -0.011217052116990086 -0.00011546101450221613
v 0.014457367360591888 -0.010718179866671559 8.889397577149794e-05
v 0.01483959797769785 -0.012194014154374596 -0.0001573742483742535
v 0.015487294644117355 -0.011217052116990086 -0.00011546101450221613
v 0.01483959797769785 -0.012194014154374596 -0.0001573742483742535
v 0.016476508229970932 -0.011732169426977631 -0.0003607620601542294
v 0.016476508229970932 -0.011732169426977631 -0.0003607620601542294
v 0.01483959797769785 -0.012194014154374596 -0.0001573742483742535
v 0.015797844156622887 -0.012726937420666214 -0.0004020671476610005
v 0.016476508229970932 -0.011732169426977631 -0.0003607620601542294
v 0.015797844156622887 -0.012726937420666214 -0.0004020671476610005
v 0.015803499147295952 -0.012730056419968602 -0.0004036489990539849
v 0.014834869652986526 -0.00801628082990646 -1.6046986274886876e-05
v 0.014608844183385372 -0.008389224298298355 9.224394307238981e-05
v 0.01581641286611557 -0.00860875844955444 -0.00017609709175303578
v 0.01581641286611557 -0.00860875844955444 -0.00017609709175303578
v 0.014608844183385372 -0.008389224298298355 9.224394307238981e-05
v 0.015533801168203354 -0.009050100110471245 -4.868565156357363e-05
v 0.01581641286611557 -0.00860875844955444 -0.00017609709175303578
v 0.015533801168203354 -0.009050100110471245 -4.868565156357363e-05
v 0.016585350036621094 -0.009616207331418988 -0.00026699324371293187
v 0.016585350036621094 -0.009616207331418988 -0.00026699324371293187
v 0.015533801168203354 -0.009050100110471245 -4.868565156357363e-05
v 0.015072205103933811 -0.009764169342815873 4.6069435484241694e-05
v 0.016585350036621094 -0.009616207331418988 -0.00026699324371293187
v 0.015072205103933811 -0.009764169342815873 4.6069435484241694e-05
v 0.016124684363603592 -0.010285688564181324 -0.00016460317419841886
v 0.016124684363603592 -0.010285688564181324 -0.00016460317419841886
v 0.015072205103933811 -0.009764169342815873 4.6069435484241694e-05
v 0.015487294644117355 -0.011217052116990086 -0.00011546101450221613
v 0.016124684363603592 -0.010285688564181324 -0.00016460317419841886
v 0.015487294644117355 -0.011217052116990086 -0.00011546101450221613
v 0.017123613506555557 -0.010828878730535504 -0.00041687238262966275
v 0.017123613506555557 -0.010828878730535504 -0.00041687238262966275
v 0.015487294644117355 -0.011217052116990086 -0.00011546101450221613
v 0.016476508229970932 -0.011732169426977631 -0.0003607620601542294
v 0.017123613506555557 -0.010828878730535504 -0.00041687238262966275
v 0.016476508229970932 -0.011732169426977631 -0.0003607620601542294
v 0.017343390733003616 -0.012271446175873276 -0.0006451730732806027
v 0.017343390733003616 -0.012271446175873276 -0.0006451730732806027
v 0.016476508229970932 -0.011732169426977631 -0.0003607620601542294
v 0.015803499147295952 -0.012730056419968602 -0.0004036489990539849
v 0.017343390733003616 -0.012271446175873276 -0.0006451730732806027
v 0.015803499147295952 -0.012730056419968602 -0.0004036489990539849
v 0.01668737269937992 -0.013214099220931525 -0.0006765116122551262
v 0.012929324060678482 -0.014958458021283145 -0.008095554076135159
v 0.012352937832474709 -0.014768926426768298 -0.008095558732748032
v 0.012363968417048454 -0.014703303575515742 -0.008729400113224983
v 0.011256929486989975 -0.014354293234646315 -0.008095558732748032
v 0.011046567000448704 -0.014267023652791972 -0.008095557801425457
v 0.011056903749704361 -0.014224537648260588 -0.008578594774007797
v 0.015279512852430344 -0.015483458526432509 -0.008095507510006428
v 0.014394261874258518 -0.0153388250619173 -0.00809552799910307
v 0.015288393013179302 -0.015430165454745287 -0.008610067889094353
v 0.015288393013179302 -0.015430165454745287 -0.008610067889094353
v 0.014394261874258518 -0.0153388250619173 -0.00809552799910307
v 0.014490349218249321 -0.0152962589636445 -0.008668746799230576
v 0.015288393013179302 -0.015430165454745287 -0.008610067889094353
v 0.014490349218249321 -0.0152962589636445 -0.008668746799230576
v 0.015296882949769497 -0.015407360158860678 -0.008747072890400887
v 0.015296882949769497 -0.015407360158860678 -0.008747072890400887
v 0.014490349218249321 -0.0152962589636445 -0.008668746799230576
v 0.014536085538566113 -0.015154552645981307 -0.00929428543895483
v 0.01602945476770401 -0.014217630028724665 -0.010937399230897427
v 0.015949441120028496 -0.01434005051851272 -0.01082947663962841
v 0.015040010213851929 -0.014125489629805083 -0.011007816530764103
v 0.015040010213851929 -0.014125489629805083 -0.011007816530764103
v 0.015949441120028496 -0.01434005051851272 -0.01082947663962841
v 0.01569625549018383 -0.014730508439242835 -0.010375795885920525
v 0.015040010213851929 -0.014125489629805083 -0.011007816530764103
v 0.01569625549018383 -0.014730508439242835 -0.010375795885920525
v 0.014814978465437889 -0.014551906846463675 -0.010521582327783108
v 0.014814978465437889 -0.014551906846463675 -0.010521582327783108
v 0.01569625549018383 -0.014730508439242835 -0.010375795885920525
v 0.015488582663238049 -0.015060435049235816 -0.009814499877393246
v 0.014814978465437889 -0.014551906846463675 -0.010521582327783108
v 0.015488582663238049 -0.015060435049235816 -0.009814499877393246
v 0.014643017202615738 -0.014904112555086607 -0.009931005537509918
v 0.014643017202615738 -0.014904112555086607 -0.009931005537509918
v 0.015488582663238049 -0.015060435049235816 -0.009814499877393246
v 0.015429127030074596 -0.015159084461629386 -0.009593651629984379
v 0.014643017202615738 -0.014904112555086607 -0.009931005537509918
v 0.015429127030074596 -0.015159084461629386 -0.009593651629984379
v 0.014536085538566113 -0.015154552645981307 -0.00929428543895483
v 0.014536085538566113 -0.015154552645981307 -0.00929428543895483
v 0.015429127030074596 -0.015159084461629386 -0.009593651629984379
v 0.015350569039583206 -0.015297043137252326 -0.009205681271851063
v 0.014536085538566113 -0.015154552645981307 -0.00929428543895483
v 0.015350569039583206 -0.015297043137252326 -0.009205681271851063
v 0.015296882949769497 -0.015407360158860678 -0.008747072890400887
v 0.015294804237782955 -0.013659134507179255 -0.011346379294991493
v 0.016216862946748734 -0.013931376859545702 -0.011133837513625622
v 0.01602945476770401 -0.014217630028724665 -0.010937399230897427
v 0.01668737269937992 -0.013214099220931525 -0.011323492042720318
v 0.01647072844207287 -0.013543429784476752 -0.011282975785434246
v 0.015554173849523067 -0.013185804709792132 -0.011527816765010357
v 0.015554173849523067 -0.013185804709792132 -0.011527816765010357
v 0.01647072844207287 -0.013543429784476752 -0.011282975785434246
v 0.016462143510580063 -0.01355654746294021 -0.011279985308647156
v 0.015554173849523067 -0.013185804709792132 -0.011527816765010357
v 0.016462143510580063 -0.01355654746294021 -0.011279985308647156
v 0.01636330597102642 -0.013707626610994334 -0.011235576122999191
v 0.014839604496955872 -0.012194017879664894 -0.011842628940939903
v 0.015786699950695038 -0.012720787897706028 -0.011601046659052372
v 0.015554173849523067 -0.013185804709792132 -0.011527816765010357
v 0.015554173849523067 -0.013185804709792132 -0.011527816765010357
v 0.015786699950695038 -0.012720787897706028 -0.011601046659052372
v 0.015803419053554535 -0.01273001357913017 -0.011596377938985825
v 0.015554173849523067 -0.013185804709792132 -0.011527816765010357
v 0.015803419053554535 -0.01273001357913017 -0.011596377938985825
v 0.01668737269937992 -0.013214099220931525 -0.011323492042720318
v 0.014394261874258518 -0.0153388250619173 -0.00809552799910307
v 0.013597185723483562 -0.015151112340390677 -0.008095544762909412
v 0.014490349218249321 -0.0152962589636445 -0.008668746799230576
v 0.014490349218249321 -0.0152962589636445 -0.008668746799230576
v 0.013597185723483562 -0.015151112340390677 -0.008095544762909412
v 0.013508572243154049 -0.015060942620038981 -0.008701800368726254
v 0.014490349218249321 -0.0152962589636445 -0.008668746799230576
v 0.013508572243154049 -0.015060942620038981 -0.008701800368726254
v 0.014536085538566113 -0.015154552645981307 -0.00929428543895483
v 0.014536085538566113 -0.015154552645981307 -0.00929428543895483
v 0.013508572243154049 -0.015060942620038981 -0.008701800368726254
v 0.013547660782933235 -0.01491144578903913 -0.009355836547911167
v 0.014536085538566113 -0.015154552645981307 -0.00929428543895483
v 0.013547660782933235 -0.01491144578903913 -0.009355836547911167
v 0.014643017202615738 -0.014904112555086607 -0.009931005537509918
v 0.014643017202615738 -0.014904112555086607 -0.009931005537509918
v 0.013547660782933235 -0.01491144578903913 -0.009355836547911167
v 0.013640884310007095 -0.014648734591901297 -0.010018790140748024
v 0.014643017202615738 -0.014904112555086607 -0.009931005537509918
v 0.013640884310007095 -0.014648734591901297 -0.010018790140748024
v 0.014814978465437889 -0.014551906846463675 -0.010521582327783108
v 0.014814978465437889 -0.014551906846463675 -0.010521582327783108
v 0.013640884310007095 -0.014648734591901297 -0.010018790140748024
v 0.013798152096569538 -0.01427757646888494 -0.010635394603013992
v 0.014814978465437889 -0.014551906846463675 -0.010521582327783108
v 0.013798152096569538 -0.01427757646888494 -0.010635394603013992
v 0.015040010213851929 -0.014125489629805083 -0.011007816530764103
v 0.015040010213851929 -0.014125489629805083 -0.011007816530764103
v 0.013798152096569538 -0.01427757646888494 -0.010635394603013992
v 0.014015541411936283 -0.013820773921906943 -0.011149467900395393
v 0.011493897996842861 -0.01350842416286468 -0.01081277895718813
v 0.01268268283456564 -0.01392926555126905 -0.010733732022345066
v 0.011328800581395626 -0.013767597265541548 -0.010340255685150623
v 0.011328800581395626 -0.013767597265541548 -0.010340255685150623
v 0.01268268283456564 -0.01392926555126905 -0.010733732022345066
v 0.012512845918536186 -0.014299413189291949 -0.010093947872519493
v 0.011256929486989975 -0.014354293234646315 -0.008095558732748032
v 0.011056903749704361 -0.014224537648260588 -0.008578594774007797
v 0.011774183250963688 -0.014558507129549975 -0.008095559664070606
v 0.012352937832474709 -0.014768926426768298 -0.008095558732748032
v 0.011774183250963688 -0.014558507129549975 -0.008095559664070606
v 0.012363968417048454 -0.014703303575515742 -0.008729400113224983
v 0.012363968417048454 -0.014703303575515742 -0.008729400113224983
v 0.011774183250963688 -0.014558507129549975 -0.008095559664070606
v 0.011056903749704361 -0.014224537648260588 -0.008578594774007797
v 0.012363968417048454 -0.014703303575515742 -0.008729400113224983
v 0.011056903749704361 -0.014224537648260588 -0.008578594774007797
v 0.012409921735525131 -0.014556668698787684 -0.009407914243638515
v 0.012409921735525131 -0.014556668698787684 -0.009407914243638515
v 0.011056903749704361 -0.014224537648260588 -0.008578594774007797
v 0.011141764931380749 -0.014063197188079352 -0.009496570564806461
v 0.012409921735525131 -0.014556668698787684 -0.009407914243638515
v 0.011141764931380749 -0.014063197188079352 -0.009496570564806461
v 0.012512845918536186 -0.014299413189291949 -0.010093947872519493
v 0.012512845918536186 -0.014299413189291949 -0.010093947872519493
v 0.011141764931380749 -0.014063197188079352 -0.009496570564806461
v 0.011276759207248688 -0.013848850503563876 -0.010153399780392647
v 0.012512845918536186 -0.014299413189291949 -0.010093947872519493
v 0.011276759207248688 -0.013848850503563876 -0.010153399780392647
v 0.011328800581395626 -0.013767597265541548 -0.010340255685150623
v 0.012416400946676731 -0.01200730353593826 -0.012009765021502972
v 0.012517610564827919 -0.011840709485113617 -0.012064083479344845
v 0.013533418998122215 -0.012304039672017094 -0.01191930565983057
v 0.013533418998122215 -0.012304039672017094 -0.01191930565983057
v 0.012517610564827919 -0.011840709485113617 -0.012064083479344845
v 0.012953863479197025 -0.011119970120489594 -0.012212657369673252
v 0.013533418998122215 -0.012304039672017094 -0.01191930565983057
v 0.012953863479197025 -0.011119970120489594 -0.012212657369673252
v 0.013879630714654922 -0.011651569977402684 -0.012049607932567596
v 0.01320646796375513 -0.01291120424866676 -0.011670297011733055
v 0.012122727930545807 -0.012490386143326756 -0.011792004108428955
v 0.012416400946676731 -0.01200730353593826 -0.012009765021502972
v 0.015554173849523067 -0.013185804709792132 -0.011527816765010357
v 0.014559915289282799 -0.01275945361703634 -0.011737857013940811
v 0.014839604496955872 -0.012194017879664894 -0.011842628940939903
v 0.014839604496955872 -0.012194017879664894 -0.011842628940939903
v 0.014559915289282799 -0.01275945361703634 -0.011737857013940811
v 0.013533418998122215 -0.012304039672017094 -0.01191930565983057
v 0.014839604496955872 -0.012194017879664894 -0.011842628940939903
v 0.013533418998122215 -0.012304039672017094 -0.01191930565983057
v 0.013885349035263062 -0.011654827743768689 -0.012048479169607162
v 0.013885349035263062 -0.011654827743768689 -0.012048479169607162
v 0.013533418998122215 -0.012304039672017094 -0.01191930565983057
v 0.013879630714654922 -0.011651569977402684 -0.012049607932567596
v 0.01602945476770401 -0.014217630028724665 -0.010937399230897427
v 0.015040010213851929 -0.014125489629805083 -0.011007816530764103
v 0.015294804237782955 -0.013659134507179255 -0.011346379294991493
v 0.015294804237782955 -0.013659134507179255 -0.011346379294991493
v 0.015040010213851929 -0.014125489629805083 -0.011007816530764103
v 0.014015541411936283 -0.013820773921906943 -0.011149467900395393
v 0.015294804237782955 -0.013659134507179255 -0.011346379294991493
v 0.014015541411936283 -0.013820773921906943 -0.011149467900395393
v 0.014276468195021152 -0.01330600399523973 -0.011519793421030045
v 0.014276468195021152 -0.01330600399523973 -0.011519793421030045
v 0.014015541411936283 -0.013820773921906943 -0.011149467900395393
v 0.013056334108114243 -0.013194145634770388 -0.011490442790091038
v 0.014276468195021152 -0.01330600399523973 -0.011519793421030045
v 0.013056334108114243 -0.013194145634770388 -0.011490442790091038
v 0.01320646796375513 -0.01291120424866676 -0.011670297011733055
v 0.01320646796375513 -0.01291120424866676 -0.011670297011733055
v 0.013056334108114243 -0.013194145634770388 -0.011490442790091038
v 0.011995000764727592 -0.012699829414486882 -0.01166104432195425
v 0.01320646796375513 -0.01291120424866676 -0.011670297011733055
v 0.011995000764727592 -0.012699829414486882 -0.01166104432195425
v 0.012122727930545807 -0.012490386143326756 -0.011792004108428955
v 0.012416400946676731 -0.01200730353593826 -0.012009765021502972
v 0.013533418998122215 -0.012304039672017094 -0.01191930565983057
v 0.01320646796375513 -0.01291120424866676 -0.011670297011733055
v 0.01320646796375513 -0.01291120424866676 -0.011670297011733055
v 0.013533418998122215 -0.012304039672017094 -0.01191930565983057
v 0.014559915289282799 -0.01275945361703634 -0.011737857013940811
v 0.01320646796375513 -0.01291120424866676 -0.011670297011733055
v 0.014559915289282799 -0.01275945361703634 -0.011737857013940811
v 0.014276468195021152 -0.01330600399523973 -0.011519793421030045
v 0.014276468195021152 -0.01330600399523973 -0.011519793421030045
v 0.014559915289282799 -0.01275945361703634 -0.011737857013940811
v 0.015554173849523067 -0.013185804709792132 -0.011527816765010357
v 0.014276468195021152 -0.01330600399523973 -0.011519793421030045
v 0.015554173849523067 -0.013185804709792132 -0.011527816765010357
v 0.015294804237782955 -0.013659134507179255 -0.011346379294991493
v 0.015294804237782955 -0.013659134507179255 -0.011346379294991493
v 0.015554173849523067 -0.013185804709792132 -0.011527816765010357
v 0.01636330597102642 -0.013707626610994334 -0.011235576122999191
v 0.015294804237782955 -0.013659134507179255 -0.011346379294991493
v 0.01636330597102642 -0.013707626610994334 -0.011235576122999191
v 0.016216862946748734 -0.013931376859545702 -0.011133837513625622
v 0.011493897996842861 -0.01350842416286468 -0.01081277895718813
v 0.01161983609199524 -0.013308085501193995 -0.011091009713709354
v 0.01268268283456564 -0.01392926555126905 -0.010733732022345066
v 0.01268268283456564 -0.01392926555126905 -0.010733732022345066
v 0.01161983609199524 -0.013308085501193995 -0.011091009713709354
v 0.011628405191004276 -0.013294364325702185 -0.011107985861599445
v 0.01268268283456564 -0.01392926555126905 -0.010733732022345066
v 0.011628405191004276 -0.013294364325702185 -0.011107985861599445
v 0.012917719781398773 -0.013459903188049788 -0.011272468604147434
v 0.012917719781398773 -0.013459903188049788 -0.011272468604147434
v 0.011628405191004276 -0.013294364325702185 -0.011107985861599445
v 0.011778746731579304 -0.01305216364562511 -0.011372176930308342
v 0.012917719781398773 -0.013459903188049788 -0.011272468604147434
v 0.011778746731579304 -0.01305216364562511 -0.011372176930308342
v 0.011943859048187733 -0.01278346590697765 -0.011600985191762447
v 0.013597185723483562 -0.015151112340390677 -0.008095544762909412
v 0.012929324060678482 -0.014958458021283145 -0.008095554076135159
v 0.013508572243154049 -0.015060942620038981 -0.008701800368726254
v 0.013508572243154049 -0.015060942620038981 -0.008701800368726254
v 0.012929324060678482 -0.014958458021283145 -0.008095554076135159
v 0.012363968417048454 -0.014703303575515742 -0.008729400113224983
v 0.013508572243154049 -0.015060942620038981 -0.008701800368726254
v 0.012363968417048454 -0.014703303575515742 -0.008729400113224983
v 0.013547660782933235 -0.01491144578903913 -0.009355836547911167
v 0.013547660782933235 -0.01491144578903913 -0.009355836547911167
v 0.012363968417048454 -0.014703303575515742 -0.008729400113224983
v 0.012409921735525131 -0.014556668698787684 -0.009407914243638515
v 0.013547660782933235 -0.01491144578903913 -0.009355836547911167
v 0.012409921735525131 -0.014556668698787684 -0.009407914243638515
v 0.013640884310007095 -0.014648734591901297 -0.010018790140748024
v 0.013640884310007095 -0.014648734591901297 -0.010018790140748024
v 0.012409921735525131 -0.014556668698787684 -0.009407914243638515
v 0.012512845918536186 -0.014299413189291949 -0.010093947872519493
v 0.013640884310007095 -0.014648734591901297 -0.010018790140748024
v 0.012512845918536186 -0.014299413189291949 -0.010093947872519493
v 0.013798152096569538 -0.01427757646888494 -0.010635394603013992
v 0.013798152096569538 -0.01427757646888494 -0.010635394603013992
v 0.012512845918536186 -0.014299413189291949 -0.010093947872519493
v 0.01268268283456564 -0.01392926555126905 -0.010733732022345066
v 0.013798152096569538 -0.01427757646888494 -0.010635394603013992
v 0.01268268283456564 -0.01392926555126905 -0.010733732022345066
v 0.014015541411936283 -0.013820773921906943 -0.011149467900395393
v 0.014015541411936283 -0.013820773921906943 -0.011149467900395393
v 0.01268268283456564 -0.01392926555126905 -0.010733732022345066
v 0.012917719781398773 -0.013459903188049788 -0.011272468604147434
v 0.014015541411936283 -0.013820773921906943 -0.011149467900395393
v 0.012917719781398773 -0.013459903188049788 -0.011272468604147434
v 0.013056334108114243 -0.013194145634770388 -0.011490442790091038
v 0.013056334108114243 -0.013194145634770388 -0.011490442790091038
v 0.012917719781398773 -0.013459903188049788 -0.011272468604147434
v 0.011943859048187733 -0.01278346590697765 -0.011600985191762447
v 0.013056334108114243 -0.013194145634770388 -0.011490442790091038
v 0.011943859048187733 -0.01278346590697765 -0.011600985191762447
v 0.011995000764727592 -0.012699829414486882 -0.01166104432195425
v 0.014702122658491135 -0.015397503040730948 -0.003904482815414667
v 0.015279600396752357 -0.015483471564948554 -0.003904495621100068
v 0.015289641916751862 -0.015426510013639922 -0.0033661071211099625
v 0.016154663637280464 -0.014026357792317862 -0.0009229162824340165
v 0.01621999591588974 -0.013926579616963858 -0.0008635193225927651
v 0.015304281376302242 -0.01364206057041883 -0.0006444666651077569
v 0.016154663637280464 -0.014026357792317862 -0.0009229162824340165
v 0.015304281376302242 -0.01364206057041883 -0.0006444666651077569
v 0.015954172238707542 -0.014332802966237063 -0.0011637191055342555
v 0.01570185273885727 -0.014721791259944434 -0.0016119879437610507
v 0.01578664593398571 -0.014590305276215071 -0.001440260442905128
v 0.01504744216799736 -0.014111932367086405 -0.0009797447128221393
v 0.014484020881354809 -0.01535678375512361 -0.003904477460309863
v 0.014702122658491135 -0.015397503040730948 -0.003904482815414667
v 0.014490549452602863 -0.0152957122772932 -0.003327634884044528
v 0.014490549452602863 -0.0152957122772932 -0.003327634884044528
v 0.014702122658491135 -0.015397503040730948 -0.003904482815414667
v 0.015289641916751862 -0.015426510013639922 -0.0033661071211099625
v 0.014490549452602863 -0.0152957122772932 -0.003327634884044528
v 0.015289641916751862 -0.015426510013639922 -0.0033661071211099625
v 0.014537060633301735 -0.015152225270867343 -0.002698044991120696
v 0.014537060633301735 -0.015152225270867343 -0.002698044991120696
v 0.015289641916751862 -0.015426510013639922 -0.0033661071211099625
v 0.015320658683776855 -0.015354918316006655 -0.003006772603839636
v 0.014572110958397388 -0.012736168690025803 -0.00025592214660719037
v 0.01483959797769785 -0.012194014154374596 -0.0001573742483742535
v 0.01253518182784319 -0.011811789125204083 7.265403837664053e-05
v 0.01253518182784319 -0.011811789125204083 7.265403837664053e-05
v 0.01483959797769785 -0.012194014154374596 -0.0001573742483742535
v 0.013868206180632114 -0.01164506189525127 5.185620830161497e-05
v 0.01253518182784319 -0.011811789125204083 7.265403837664053e-05
v 0.013868206180632114 -0.01164506189525127 5.185620830161497e-05
v 0.01269096415489912 -0.011555380187928673 0.00013894186122342944
v 0.01269096415489912 -0.011555380187928673 0.00013894186122342944
v 0.013868206180632114 -0.01164506189525127 5.185620830161497e-05
v 0.012953863479197025 -0.011119970120489594 0.00021265418035909534
v 0.016499022021889687 -0.013500210829079146 -0.0007080932264216244
v 0.01668737269937992 -0.013214099220931525 -0.0006765116122551262
v 0.015564964152872562 -0.013166232965886588 -0.0004675964009948075
v 0.015564964152872562 -0.013166232965886588 -0.0004675964009948075
v 0.01668737269937992 -0.013214099220931525 -0.0006765116122551262
v 0.015803499147295952 -0.012730056419968602 -0.0004036489990539849
v 0.015564964152872562 -0.013166232965886588 -0.0004675964009948075
v 0.015803499147295952 -0.012730056419968602 -0.0004036489990539849
v 0.015797844156622887 -0.012726937420666214 -0.0004020671476610005
v 0.01251533068716526 -0.014293733052909369 -0.0018939602887257934
v 0.011280020698904991 -0.013843757100403304 -0.0018341600662097335
v 0.011250072158873081 -0.013890584930777545 -0.0019527807598933578
v 0.01251533068716526 -0.014293733052909369 -0.0018939602887257934
v 0.011250072158873081 -0.013890584930777545 -0.0019527807598933578
v 0.012410822324454784 -0.014554277062416071 -0.002583805238828063
v 0.011046567000448704 -0.014267023652791972 -0.003904445329681039
v 0.011256929486989975 -0.014354293234646315 -0.0039044443983584642
v 0.011065223254263401 -0.01420336309820413 -0.0032456717453897
v 0.011065223254263401 -0.01420336309820413 -0.0032456717453897
v 0.011256929486989975 -0.014354293234646315 -0.0039044443983584642
v 0.012364145368337631 -0.014702723361551756 -0.0032666418701410294
v 0.011065223254263401 -0.01420336309820413 -0.0032456717453897
v 0.012364145368337631 -0.014702723361551756 -0.0032666418701410294
v 0.011096937581896782 -0.01414005178958177 -0.0028502519708126783
v 0.011096937581896782 -0.01414005178958177 -0.0028502519708126783
v 0.012364145368337631 -0.014702723361551756 -0.0032666418701410294
v 0.012410822324454784 -0.014554277062416071 -0.002583805238828063
v 0.011096937581896782 -0.01414005178958177 -0.0028502519708126783
v 0.012410822324454784 -0.014554277062416071 -0.002583805238828063
v 0.011135749518871307 -0.014073152095079417 -0.0025432431139051914
v 0.011135749518871307 -0.014073152095079417 -0.0025432431139051914
v 0.012410822324454784 -0.014554277062416071 -0.002583805238828063
v 0.011250072158873081 -0.013890584930777545 -0.0019527807598933578
v 0.013508747331798077 -0.015060366131365294 -0.0032943973783403635
v 0.014490549452602863 -0.0152957122772932 -0.003327634884044528
v 0.013548488728702068 -0.014909001067280764 -0.0026361672207713127
v 0.013548488728702068 -0.014909001067280764 -0.0026361672207713127
v 0.014490549452602863 -0.0152957122772932 -0.003327634884044528
v 0.014537060633301735 -0.015152225270867343 -0.002698044991120696
v 0.013548488728702068 -0.014909001067280764 -0.0026361672207713127
v 0.014537060633301735 -0.015152225270867343 -0.002698044991120696
v 0.013643198646605015 -0.01464297622442245 -0.001969533273950219
v 0.013643198646605015 -0.01464297622442245 -0.001969533273950219
v 0.014537060633301735 -0.015152225270867343 -0.002698044991120696
v 0.014645634219050407 -0.014898629859089846 -0.0020577863324433565
v 0.013643198646605015 -0.01464297622442245 -0.001969533273950219
v 0.014645634219050407 -0.014898629859089846 -0.0020577863324433565
v 0.013802771456539631 -0.014267524704337115 -0.001350868376903236
v 0.013802771456539631 -0.014267524704337115 -0.001350868376903236
v 0.014645634219050407 -0.014898629859089846 -0.0020577863324433565
v 0.014819913543760777 -0.014542426913976664 -0.0014653237303718925
v 0.013802771456539631 -0.014267524704337115 -0.001350868376903236
v 0.014819913543760777 -0.014542426913976664 -0.0014653237303718925
v 0.01402290165424347 -0.01380605529993772 -0.000837200612295419
v 0.01621999591588974 -0.013926579616963858 -0.0008635193225927651
v 0.016499022021889687 -0.013500210829079146 -0.0007080932264216244
v 0.015304281376302242 -0.01364206057041883 -0.0006444666651077569
v 0.015304281376302242 -0.01364206057041883 -0.0006444666651077569
v 0.016499022021889687 -0.013500210829079146 -0.0007080932264216244
v 0.015564964152872562 -0.013166232965886588 -0.0004675964009948075
v 0.015304281376302242 -0.01364206057041883 -0.0006444666651077569
v 0.015564964152872562 -0.013166232965886588 -0.0004675964009948075
v 0.014572110958397388 -0.012736168690025803 -0.00025592214660719037
v 0.014572110958397388 -0.012736168690025803 -0.00025592214660719037
v 0.015564964152872562 -0.013166232965886588 -0.0004675964009948075
v 0.015797844156622887 -0.012726937420666214 -0.0004020671476610005
v 0.014572110958397388 -0.012736168690025803 -0.00025592214660719037
v 0.015797844156622887 -0.012726937420666214 -0.0004020671476610005
v 0.01483959797769785 -0.012194014154374596 -0.0001573742483742535
v 0.011280020698904991 -0.013843757100403304 -0.0018341600662097335
v 0.01251533068716526 -0.014293733052909369 -0.0018939602887257934
v 0.011493897996842861 -0.01350842416286468 -0.0011872242903336883
v 0.011493897996842861 -0.01350842416286468 -0.0011872242903336883
v 0.01251533068716526 -0.014293733052909369 -0.0018939602887257934
v 0.012687623500823975 -0.013919101096689696 -0.001251958659850061
v 0.011493897996842861 -0.01350842416286468 -0.0011872242903336883
v 0.012687623500823975 -0.013919101096689696 -0.001251958659850061
v 0.011636129580438137 -0.013281992636620993 -0.0008769126725383103
v 0.011636129580438137 -0.013281992636620993 -0.0008769126725383103
v 0.012687623500823975 -0.013919101096689696 -0.001251958659850061
v 0.012799009680747986 -0.013693094253540034 -0.0009666912374086678
v 0.011636129580438137 -0.013281992636620993 -0.0008769126725383103
v 0.012799009680747986 -0.013693094253540034 -0.0009666912374086678
v 0.011788243427872658 -0.01303676795214414 -0.0006130652618594468
v 0.011788243427872658 -0.01303676795214414 -0.0006130652618594468
v 0.012799009680747986 -0.013693094253540034 -0.0009666912374086678
v 0.012925704941153526 -0.013444500975310797 -0.0007134175975807011
v 0.011788243427872658 -0.01303676795214414 -0.0006130652618594468
v 0.012925704941153526 -0.013444500975310797 -0.0007134175975807011
v 0.011809506453573704 -0.013002287596464154 -0.0005807865527458489
v 0.015320658683776855 -0.015354918316006655 -0.003006772603839636
v 0.015354148112237453 -0.015290418639779086 -0.0027725286781787872
v 0.014537060633301735 -0.015152225270867343 -0.002698044991120696
v 0.014537060633301735 -0.015152225270867343 -0.002698044991120696
v 0.015354148112237453 -0.015290418639779086 -0.0027725286781787872
v 0.015484835021197796 -0.015066575258970255 -0.002198287518694997
v 0.014537060633301735 -0.015152225270867343 -0.002698044991120696
v 0.015484835021197796 -0.015066575258970255 -0.002198287518694997
v 0.014645634219050407 -0.014898629859089846 -0.0020577863324433565
v 0.014645634219050407 -0.014898629859089846 -0.0020577863324433565
v 0.015484835021197796 -0.015066575258970255 -0.002198287518694997
v 0.01570185273885727 -0.014721791259944434 -0.0016119879437610507
v 0.014645634219050407 -0.014898629859089846 -0.0020577863324433565
v 0.01570185273885727 -0.014721791259944434 -0.0016119879437610507
v 0.014819913543760777 -0.014542426913976664 -0.0014653237303718925
v 0.014819913543760777 -0.014542426913976664 -0.0014653237303718925
v 0.01570185273885727 -0.014721791259944434 -0.0016119879437610507
v 0.01504744216799736 -0.014111932367086405 -0.0009797447128221393
v 0.014819913543760777 -0.014542426913976664 -0.0014653237303718925
v 0.01504744216799736 -0.014111932367086405 -0.0009797447128221393
v 0.01402290165424347 -0.01380605529993772 -0.000837200612295419
v 0.01402290165424347 -0.01380605529993772 -0.000837200612295419
v 0.01504744216799736 -0.014111932367086405 -0.0009797447128221393
v 0.014286461286246777 -0.013286755420267577 -0.0004698101547546685
v 0.01402290165424347 -0.01380605529993772 -0.000837200612295419
v 0.014286461286246777 -0.013286755420267577 -0.0004698101547546685
v 0.013065946288406849 -0.013175985775887961 -0.0004965055850334466
v 0.013065946288406849 -0.013175985775887961 -0.0004965055850334466
v 0.014286461286246777 -0.013286755420267577 -0.0004698101547546685
v 0.013217695988714695 -0.012890248559415337 -0.0003182462533004582
v 0.013065946288406849 -0.013175985775887961 -0.0004965055850334466
v 0.013217695988714695 -0.012890248559415337 -0.0003182462533004582
v 0.012136110104620457 -0.012468405999243256 -0.000195718661416322
v 0.012136110104620457 -0.012468405999243256 -0.000195718661416322
v 0.013217695988714695 -0.012890248559415337 -0.0003182462533004582
v 0.012219934724271297 -0.012330627068877217 -0.0001244063605554402
v 0.01578664593398571 -0.014590305276215071 -0.001440260442905128
v 0.015954172238707542 -0.014332802966237063 -0.0011637191055342555
v 0.01504744216799736 -0.014111932367086405 -0.0009797447128221393
v 0.01504744216799736 -0.014111932367086405 -0.0009797447128221393
v 0.015954172238707542 -0.014332802966237063 -0.0011637191055342555
v 0.015304281376302242 -0.01364206057041883 -0.0006444666651077569
v 0.01504744216799736 -0.014111932367086405 -0.0009797447128221393
v 0.015304281376302242 -0.01364206057041883 -0.0006444666651077569
v 0.014286461286246777 -0.013286755420267577 -0.0004698101547546685
v 0.014286461286246777 -0.013286755420267577 -0.0004698101547546685
v 0.015304281376302242 -0.01364206057041883 -0.0006444666651077569
v 0.014572110958397388 -0.012736168690025803 -0.00025592214660719037
v 0.014286461286246777 -0.013286755420267577 -0.0004698101547546685
v 0.014572110958397388 -0.012736168690025803 -0.00025592214660719037
v 0.013217695988714695 -0.012890248559415337 -0.0003182462533004582
v 0.013217695988714695 -0.012890248559415337 -0.0003182462533004582
v 0.014572110958397388 -0.012736168690025803 -0.00025592214660719037
v 0.01253518182784319 -0.011811789125204083 7.265403837664053e-05
v 0.013217695988714695 -0.012890248559415337 -0.0003182462533004582
v 0.01253518182784319 -0.011811789125204083 7.265403837664053e-05
v 0.012219934724271297 -0.012330627068877217 -0.0001244063605554402
v 0.012352974154055119 -0.014768939465284342 -0.0039044448640197515
v 0.012929324060678482 -0.014958458021283145 -0.003904449287801981
v 0.013508747331798077 -0.015060366131365294 -0.0032943973783403635
v 0.013508747331798077 -0.015060366131365294 -0.0032943973783403635
v 0.012929324060678482 -0.014958458021283145 -0.003904449287801981
v 0.013085243292152882 -0.015006114728748793 -0.0039044509176164865
v 0.013508747331798077 -0.015060366131365294 -0.0032943973783403635
v 0.013085243292152882 -0.015006114728748793 -0.0039044509176164865
v 0.014490549452602863 -0.0152957122772932 -0.003327634884044528
v 0.014490549452602863 -0.0152957122772932 -0.003327634884044528
v 0.013085243292152882 -0.015006114728748793 -0.0039044509176164865
v 0.014394262805581093 -0.015338824130594725 -0.00390447536483407
v 0.014490549452602863 -0.0152957122772932 -0.003327634884044528
v 0.014394262805581093 -0.015338824130594725 -0.00390447536483407
v 0.014484020881354809 -0.01535678375512361 -0.003904477460309863
v 0.011256929486989975 -0.014354293234646315 -0.0039044443983584642
v 0.012352974154055119 -0.014768939465284342 -0.0039044448640197515
v 0.012364145368337631 -0.014702723361551756 -0.0032666418701410294
v 0.012364145368337631 -0.014702723361551756 -0.0032666418701410294
v 0.012352974154055119 -0.014768939465284342 -0.0039044448640197515
v 0.013508747331798077 -0.015060366131365294 -0.0032943973783403635
v 0.012364145368337631 -0.014702723361551756 -0.0032666418701410294
v 0.013508747331798077 -0.015060366131365294 -0.0032943973783403635
v 0.012410822324454784 -0.014554277062416071 -0.002583805238828063
v 0.012410822324454784 -0.014554277062416071 -0.002583805238828063
v 0.013508747331798077 -0.015060366131365294 -0.0032943973783403635
v 0.013548488728702068 -0.014909001067280764 -0.0026361672207713127
v 0.012410822324454784 -0.014554277062416071 -0.002583805238828063
v 0.013548488728702068 -0.014909001067280764 -0.0026361672207713127
v 0.01251533068716526 -0.014293733052909369 -0.0018939602887257934
v 0.01251533068716526 -0.014293733052909369 -0.0018939602887257934
v 0.013548488728702068 -0.014909001067280764 -0.0026361672207713127
v 0.013643198646605015 -0.01464297622442245 -0.001969533273950219
v 0.01251533068716526 -0.014293733052909369 -0.0018939602887257934
v 0.013643198646605015 -0.01464297622442245 -0.001969533273950219
v 0.012687623500823975 -0.013919101096689696 -0.001251958659850061
v 0.012687623500823975 -0.013919101096689696 -0.001251958659850061
v 0.013643198646605015 -0.01464297622442245 -0.001969533273950219
v 0.013802771456539631 -0.014267524704337115 -0.001350868376903236
v 0.012687623500823975 -0.013919101096689696 -0.001251958659850061
v 0.013802771456539631 -0.014267524704337115 -0.001350868376903236
v 0.012799009680747986 -0.013693094253540034 -0.0009666912374086678
v 0.012799009680747986 -0.013693094253540034 -0.0009666912374086678
v 0.013802771456539631 -0.014267524704337115 -0.001350868376903236
v 0.01402290165424347 -0.01380605529993772 -0.000837200612295419
v 0.012799009680747986 -0.013693094253540034 -0.0009666912374086678
v 0.01402290165424347 -0.01380605529993772 -0.000837200612295419
v 0.012925704941153526 -0.013444500975310797 -0.0007134175975807011
v 0.012925704941153526 -0.013444500975310797 -0.0007134175975807011
v 0.01402290165424347 -0.01380605529993772 -0.000837200612295419
v 0.013065946288406849 -0.013175985775887961 -0.0004965055850334466
v 0.012925704941153526 -0.013444500975310797 -0.0007134175975807011
v 0.013065946288406849 -0.013175985775887961 -0.0004965055850334466
v 0.011809506453573704 -0.013002287596464154 -0.0005807865527458489
v 0.011809506453573704 -0.013002287596464154 -0.0005807865527458489
v 0.013065946288406849 -0.013175985775887961 -0.0004965055850334466
v 0.012136110104620457 -0.012468405999243256 -0.000195718661416322
v 0.007683338597416878 -0.01254999544471502 -0.00390447536483407
v 0.008633008226752281 -0.013097184710204596 -0.0039044655859470367
v 0.00867762602865696 -0.013043287210166449 -0.0032030765432864428
v 0.011677363887429237 -0.0113745117560029 0.00018014031229540706
v 0.01253518182784319 -0.011811789125204083 7.265403837664053e-05
v 0.01269096415489912 -0.011555380187928673 0.00013894186122342944
v 0.01253518182784319 -0.011811789125204083 7.265403837664053e-05
v 0.011677363887429237 -0.0113745117560029 0.00018014031229540706
v 0.012219934724271297 -0.012330627068877217 -0.0001244063605554402
v 0.012219934724271297 -0.012330627068877217 -0.0001244063605554402
v 0.011677363887429237 -0.0113745117560029 0.00018014031229540706
v 0.011444957926869392 -0.011725999414920803 5.641223833663389e-05
v 0.012219934724271297 -0.012330627068877217 -0.0001244063605554402
v 0.011444957926869392 -0.011725999414920803 5.641223833663389e-05
v 0.012136110104620457 -0.012468405999243256 -0.000195718661416322
v 0.011444957926869392 -0.011725999414920803 5.641223833663389e-05
v 0.011226137168705463 -0.012053703889250752 -0.00010276149987475947
v 0.012136110104620457 -0.012468405999243256 -0.000195718661416322
v 0.012136110104620457 -0.012468405999243256 -0.000195718661416322
v 0.011226137168705463 -0.012053703889250752 -0.00010276149987475947
v 0.011021675541996956 -0.012354756705462929 -0.00030040956335142255
v 0.012136110104620457 -0.012468405999243256 -0.000195718661416322
v 0.011021675541996956 -0.012354756705462929 -0.00030040956335142255
v 0.011809506453573704 -0.013002287596464154 -0.0005807865527458489
v 0.011809506453573704 -0.013002287596464154 -0.0005807865527458489
v 0.011021675541996956 -0.012354756705462929 -0.00030040956335142255
v 0.010832496918737888 -0.01262672338634729 -0.0005365566466934979
v 0.011809506453573704 -0.013002287596464154 -0.0005807865527458489
v 0.010832496918737888 -0.01262672338634729 -0.0005365566466934979
v 0.011788243427872658 -0.01303676795214414 -0.0006130652618594468
v 0.011788243427872658 -0.01303676795214414 -0.0006130652618594468
v 0.010832496918737888 -0.01262672338634729 -0.0005365566466934979
v 0.010659612715244293 -0.0128677524626255 -0.0008087184396572411
v 0.011788243427872658 -0.01303676795214414 -0.0006130652618594468
v 0.010659612715244293 -0.0128677524626255 -0.0008087184396572411
v 0.011636129580438137 -0.013281992636620993 -0.0008769126725383103
v 0.011636129580438137 -0.013281992636620993 -0.0008769126725383103
v 0.010659612715244293 -0.0128677524626255 -0.0008087184396572411
v 0.010503986850380898 -0.013076681643724436 -0.0011124297743663192
v 0.011636129580438137 -0.013281992636620993 -0.0008769126725383103
v 0.010503986850380898 -0.013076681643724436 -0.0011124297743663192
v 0.011493897996842861 -0.01350842416286468 -0.0011872242903336883
v 0.011493897996842861 -0.01350842416286468 -0.0011872242903336883
v 0.010503986850380898 -0.013076681643724436 -0.0011124297743663192
v 0.01024781633168459 -0.01339797861874103 -0.0017898756777867675
v 0.011493897996842861 -0.01350842416286468 -0.0011872242903336883
v 0.01024781633168459 -0.01339797861874103 -0.0017898756777867675
v 0.011280020698904991 -0.013843757100403304 -0.0018341600662097335
v 0.011065223254263401 -0.01420336309820413 -0.0032456717453897
v 0.011096937581896782 -0.01414005178958177 -0.0028502519708126783
v 0.010067254304885864 -0.013599349185824389 -0.0025135462637990713
v 0.010067254304885864 -0.013599349185824389 -0.0025135462637990713
v 0.011096937581896782 -0.01414005178958177 -0.0028502519708126783
v 0.011135749518871307 -0.014073152095079417 -0.0025432431139051914
v 0.010067254304885864 -0.013599349185824389 -0.0025135462637990713
v 0.011135749518871307 -0.014073152095079417 -0.0025432431139051914
v 0.01024781633168459 -0.01339797861874103 -0.0017898756777867675
v 0.01024781633168459 -0.01339797861874103 -0.0017898756777867675
v 0.011135749518871307 -0.014073152095079417 -0.0025432431139051914
v 0.011250072158873081 -0.013890584930777545 -0.0019527807598933578
v 0.01024781633168459 -0.01339797861874103 -0.0017898756777867675
v 0.011250072158873081 -0.013890584930777545 -0.0019527807598933578
v 0.011280020698904991 -0.013843757100403304 -0.0018341600662097335
v 0.010067254304885864 -0.013599349185824389 -0.0025135462637990713
v 0.009955797344446182 -0.013703501783311362 -0.003230221103876829
v 0.011065223254263401 -0.01420336309820413 -0.0032456717453897
v 0.011065223254263401 -0.01420336309820413 -0.0032456717453897
v 0.009955797344446182 -0.013703501783311362 -0.003230221103876829
v 0.009462100453674793 -0.013533890247344965 -0.003904457204043865
v 0.011065223254263401 -0.01420336309820413 -0.0032456717453897
v 0.009462100453674793 -0.013533890247344965 -0.003904457204043865
v 0.011046567000448704 -0.014267023652791972 -0.003904445329681039
v 0.00807388685643673 -0.0077386968769133065 0.0008890388417057693
v 0.00784529559314251 -0.008155592717230317 0.0008260409231297672
v 0.009290092624723911 -0.008738745003938671 0.0007300727884285152
v 0.009290092624723911 -0.008738745003938671 0.0007300727884285152
v 0.00784529559314251 -0.008155592717230317 0.0008260409231297672
v 0.008860771544277668 -0.009518055245280262 0.0005741246859543025
v 0.009290092624723911 -0.008738745003938671 0.0007300727884285152
v 0.008860771544277668 -0.009518055245280262 0.0005741246859543025
v 0.009860815480351448 -0.009160678833723065 0.0006521234172396362
v 0.009860815480351448 -0.009160678833723065 0.0006521234172396362
v 0.008860771544277668 -0.009518055245280262 0.0005741246859543025
v 0.010732202790677547 -0.00975729618221521 0.0005310533451847732
v 0.007431593257933855 -0.012120455503463742 -0.0023978555109351873
v 0.0061492002569139 -0.011245501227676865 -0.0023592922370880842
v 0.0061003677546978 -0.011332471854984757 -0.0027623395435512066
v 0.007431593257933855 -0.012120455503463742 -0.0023978555109351873
v 0.0061003677546978 -0.011332471854984757 -0.0027623395435512066
v 0.0073586381040513515 -0.012264422141015526 -0.003173143370077014
v 0.0061492002569139 -0.011245501227676865 -0.0023592922370880842
v 0.007431593257933855 -0.012120455503463742 -0.0023978555109351873
v 0.0062453895807266235 -0.011072183027863499 -0.0017958268290385604
v 0.0062453895807266235 -0.011072183027863499 -0.0017958268290385604
v 0.007431593257933855 -0.012120455503463742 -0.0023978555109351873
v 0.007572290021926165 -0.011861107312142845 -0.001613940461538732
v 0.0062453895807266235 -0.011072183027863499 -0.0017958268290385604
v 0.007572290021926165 -0.011861107312142845 -0.001613940461538732
v 0.006298117805272341 -0.010976656340062615 -0.0015549681847915053
v 0.006066227797418833 -0.01139231119304895 -0.0031539739575237036
v 0.006027495954185724 -0.011457828804850575 -0.003904489101842046
v 0.006071798503398895 -0.011489723809063431 -0.003904488869011402
v 0.006071798503398895 -0.011489723809063431 -0.003904488869011402
v 0.0073306746780872345 -0.012333116494119164 -0.0039044786244630814
v 0.006066227797418833 -0.01139231119304895 -0.0031539739575237036
v 0.006066227797418833 -0.01139231119304895 -0.0031539739575237036
v 0.0073306746780872345 -0.012333116494119164 -0.0039044786244630814
v 0.0073586381040513515 -0.012264422141015526 -0.003173143370077014
v 0.006066227797418833 -0.01139231119304895 -0.0031539739575237036
v 0.0073586381040513515 -0.012264422141015526 -0.003173143370077014
v 0.006066565401852131 -0.011391724459826943 -0.003149315482005477
v 0.006066565401852131 -0.011391724459826943 -0.003149315482005477
v 0.0073586381040513515 -0.012264422141015526 -0.003173143370077014
v 0.0061003677546978 -0.011332471854984757 -0.0027623395435512066
v 0.008633008226752281 -0.013097184710204596 -0.0039044655859470367
v 0.009462100453674793 -0.013533890247344965 -0.003904457204043865
v 0.00867762602865696 -0.013043287210166449 -0.0032030765432864428
v 0.00867762602865696 -0.013043287210166449 -0.0032030765432864428
v 0.009462100453674793 -0.013533890247344965 -0.003904457204043865
v 0.009955797344446182 -0.013703501783311362 -0.003230221103876829
v 0.00867762602865696 -0.013043287210166449 -0.0032030765432864428
v 0.009955797344446182 -0.013703501783311362 -0.003230221103876829
v 0.008766724728047848 -0.012923514470458027 -0.002459196140989661
v 0.008766724728047848 -0.012923514470458027 -0.002459196140989661
v 0.009955797344446182 -0.013703501783311362 -0.003230221103876829
v 0.010067254304885864 -0.013599349185824389 -0.0025135462637990713
v 0.008766724728047848 -0.012923514470458027 -0.002459196140989661
v 0.010067254304885864 -0.013599349185824389 -0.0025135462637990713
v 0.008923288434743881 -0.012700056657195088 -0.0017073395429179072
v 0.008923288434743881 -0.012700056657195088 -0.0017073395429179072
v 0.010067254304885864 -0.013599349185824389 -0.0025135462637990713
v 0.01024781633168459 -0.01339797861874103 -0.0017898756777867675
v 0.008923288434743881 -0.012700056657195088 -0.0017073395429179072
v 0.01024781633168459 -0.01339797861874103 -0.0017898756777867675
v 0.009156102314591408 -0.012349363416433331 -0.0010000955080613494
v 0.009156102314591408 -0.012349363416433331 -0.0010000955080613494
v 0.01024781633168459 -0.01339797861874103 -0.0017898756777867675
v 0.010503986850380898 -0.013076681643724436 -0.0011124297743663192
v 0.009156102314591408 -0.012349363416433331 -0.0010000955080613494
v 0.010503986850380898 -0.013076681643724436 -0.0011124297743663192
v 0.00930092018097639 -0.012123163789510723 -0.0006810243357904255
v 0.00930092018097639 -0.012123163789510723 -0.0006810243357904255
v 0.010503986850380898 -0.013076681643724436 -0.0011124297743663192
v 0.010659612715244293 -0.0128677524626255 -0.0008087184396572411
v 0.00930092018097639 -0.012123163789510723 -0.0006810243357904255
v 0.010659612715244293 -0.0128677524626255 -0.0008087184396572411
v 0.009463723748922348 -0.011863304302096363 -0.000393482216168195
v 0.009463723748922348 -0.011863304302096363 -0.000393482216168195
v 0.010659612715244293 -0.0128677524626255 -0.0008087184396572411
v 0.010832496918737888 -0.01262672338634729 -0.0005365566466934979
v 0.009463723748922348 -0.011863304302096363 -0.000393482216168195
v 0.010832496918737888 -0.01262672338634729 -0.0005365566466934979
v 0.009643460623919964 -0.011571064591407772 -0.0001423380454070866
v 0.009643460623919964 -0.011571064591407772 -0.0001423380454070866
v 0.010832496918737888 -0.01262672338634729 -0.0005365566466934979
v 0.011021675541996956 -0.012354756705462929 -0.00030040956335142255
v 0.009643460623919964 -0.011571064591407772 -0.0001423380454070866
v 0.011021675541996956 -0.012354756705462929 -0.00030040956335142255
v 0.009838983416557312 -0.011248523369431492 6.93250258336775e-05
v 0.009838983416557312 -0.011248523369431492 6.93250258336775e-05
v 0.011021675541996956 -0.012354756705462929 -0.00030040956335142255
v 0.011226137168705463 -0.012053703889250752 -0.00010276149987475947
v 0.009838983416557312 -0.011248523369431492 6.93250258336775e-05
v 0.011226137168705463 -0.012053703889250752 -0.00010276149987475947
v 0.010049110278487206 -0.010898433625698086 0.00024068838683888316
v 0.010049110278487206 -0.010898433625698086 0.00024068838683888316
v 0.011226137168705463 -0.012053703889250752 -0.00010276149987475947
v 0.011444957926869392 -0.011725999414920803 5.641223833663389e-05
v 0.010049110278487206 -0.010898433625698086 0.00024068838683888316
v 0.011444957926869392 -0.011725999414920803 5.641223833663389e-05
v 0.010272757150232792 -0.010524152778089043 0.00037366122705861926
v 0.010272757150232792 -0.010524152778089043 0.00037366122705861926
v 0.011444957926869392 -0.011725999414920803 5.641223833663389e-05
v 0.011677363887429237 -0.0113745117560029 0.00018014031229540706
v 0.00784529559314251 -0.008155592717230317 0.0008260409231297672
v 0.007639377377927303 -0.008531051687896248 0.0007338325376622379
v 0.008860771544277668 -0.009518055245280262 0.0005741246859543025
v 0.008860771544277668 -0.009518055245280262 0.0005741246859543025
v 0.007639377377927303 -0.008531051687896248 0.0007338325376622379
v 0.0075238170102238655 -0.008741766214370724 0.0006645267712883651
v 0.008860771544277668 -0.009518055245280262 0.0005741246859543025
v 0.0075238170102238655 -0.008741766214370724 0.0006645267712883651
v 0.00864737294614315 -0.009906461462378498 0.0004354582051746547
v 0.006474081892520189 -0.01065664459019899 -0.0009335268405266106
v 0.007790104020386934 -0.01146583259105682 -0.0008743939106352627
v 0.006689057685434818 -0.010264672338962551 -0.00039466918678954244
v 0.006689057685434818 -0.010264672338962551 -0.00039466918678954244
v 0.007790104020386934 -0.01146583259105682 -0.0008743939106352627
v 0.007927904836833477 -0.01121589262038469 -0.0005392844905145466
v 0.006689057685434818 -0.010264672338962551 -0.00039466918678954244
v 0.007927904836833477 -0.01121589262038469 -0.0005392844905145466
v 0.006836226209998131 -0.009996141307055947 -0.0001119871812989004
v 0.006836226209998131 -0.009996141307055947 -0.0001119871812989004
v 0.007927904836833477 -0.01121589262038469 -0.0005392844905145466
v 0.008083943277597427 -0.010932436212897297 -0.00023614830570295453
v 0.006836226209998131 -0.009996141307055947 -0.0001119871812989004
v 0.008083943277597427 -0.010932436212897297 -0.00023614830570295453
v 0.007003854960203171 -0.00969024188816547 0.00014866673154756427
v 0.007003854960203171 -0.00969024188816547 0.00014866673154756427
v 0.008083943277597427 -0.010932436212897297 -0.00023614830570295453
v 0.008256967179477215 -0.010617621243000027 2.9611568606924266e-05
v 0.007003854960203171 -0.00969024188816547 0.00014866673154756427
v 0.008256967179477215 -0.010617621243000027 2.9611568606924266e-05
v 0.007077945861965418 -0.009555052965879437 0.00024666142417117953
v 0.007077945861965418 -0.009555052965879437 0.00024666142417117953
v 0.008256967179477215 -0.010617621243000027 2.9611568606924266e-05
v 0.00844539888203144 -0.010274407453835007 0.00025411712704226375
v 0.007077945861965418 -0.009555052965879437 0.00024666142417117953
v 0.00844539888203144 -0.010274407453835007 0.00025411712704226375
v 0.007403693627566099 -0.008960829116404053 0.0005772008444182575
v 0.007403693627566099 -0.008960829116404053 0.0005772008444182575
v 0.00844539888203144 -0.010274407453835007 0.00025411712704226375
v 0.00864737294614315 -0.009906461462378498 0.0004354582051746547
v 0.007403693627566099 -0.008960829116404053 0.0005772008444182575
v 0.00864737294614315 -0.009906461462378498 0.0004354582051746547
v 0.0074202860705554485 -0.008930576033890244 0.0005902505363337696
v 0.0074202860705554485 -0.008930576033890244 0.0005902505363337696
v 0.00864737294614315 -0.009906461462378498 0.0004354582051746547
v 0.0075238170102238655 -0.008741766214370724 0.0006645267712883651
v 0.0073306746780872345 -0.012333116494119164 -0.0039044786244630814
v 0.007683338597416878 -0.01254999544471502 -0.00390447536483407
v 0.0073586381040513515 -0.012264422141015526 -0.003173143370077014
v 0.0073586381040513515 -0.012264422141015526 -0.003173143370077014
v 0.007683338597416878 -0.01254999544471502 -0.00390447536483407
v 0.00867762602865696 -0.013043287210166449 -0.0032030765432864428
v 0.0073586381040513515 -0.012264422141015526 -0.003173143370077014
v 0.00867762602865696 -0.013043287210166449 -0.0032030765432864428
v 0.007431593257933855 -0.012120455503463742 -0.0023978555109351873
v 0.007431593257933855 -0.012120455503463742 -0.0023978555109351873
v 0.00867762602865696 -0.013043287210166449 -0.0032030765432864428
v 0.008766724728047848 -0.012923514470458027 -0.002459196140989661
v 0.007431593257933855 -0.012120455503463742 -0.0023978555109351873
v 0.008766724728047848 -0.012923514470458027 -0.002459196140989661
v 0.007572290021926165 -0.011861107312142845 -0.001613940461538732
v 0.007572290021926165 -0.011861107312142845 -0.001613940461538732
v 0.008766724728047848 -0.012923514470458027 -0.002459196140989661
v 0.008923288434743881 -0.012700056657195088 -0.0017073395429179072
v 0.007572290021926165 -0.011861107312142845 -0.001613940461538732
v 0.008923288434743881 -0.012700056657195088 -0.0017073395429179072
v 0.007671426050364971 -0.011681000702083107 -0.001234988565556705
v 0.007671426050364971 -0.011681000702083107 -0.001234988565556705
v 0.008923288434743881 -0.012700056657195088 -0.0017073395429179072
v 0.009156102314591408 -0.012349363416433331 -0.0010000955080613494
v 0.006298117805272341 -0.010976656340062615 -0.0015549681847915053
v 0.007572290021926165 -0.011861107312142845 -0.001613940461538732
v 0.006474081892520189 -0.01065664459019899 -0.0009335268405266106
v 0.006474081892520189 -0.01065664459019899 -0.0009335268405266106
v 0.007572290021926165 -0.011861107312142845 -0.001613940461538732
v 0.007671426050364971 -0.011681000702083107 -0.001234988565556705
v 0.006474081892520189 -0.01065664459019899 -0.0009335268405266106
v 0.007671426050364971 -0.011681000702083107 -0.001234988565556705
v 0.007790104020386934 -0.01146583259105682 -0.0008743939106352627
v 0.007790104020386934 -0.01146583259105682 -0.0008743939106352627
v 0.007671426050364971 -0.011681000702083107 -0.001234988565556705
v 0.009156102314591408 -0.012349363416433331 -0.0010000955080613494
v 0.007790104020386934 -0.01146583259105682 -0.0008743939106352627
v 0.009156102314591408 -0.012349363416433331 -0.0010000955080613494
v 0.007927904836833477 -0.01121589262038469 -0.0005392844905145466
v 0.007927904836833477 -0.01121589262038469 -0.0005392844905145466
v 0.009156102314591408 -0.012349363416433331 -0.0010000955080613494
v 0.00930092018097639 -0.012123163789510723 -0.0006810243357904255
v 0.007927904836833477 -0.01121589262038469 -0.0005392844905145466
v 0.00930092018097639 -0.012123163789510723 -0.0006810243357904255
v 0.008083943277597427 -0.010932436212897297 -0.00023614830570295453
v 0.008083943277597427 -0.010932436212897297 -0.00023614830570295453
v 0.00930092018097639 -0.012123163789510723 -0.0006810243357904255
v 0.009463723748922348 -0.011863304302096363 -0.000393482216168195
v 0.008083943277597427 -0.010932436212897297 -0.00023614830570295453
v 0.009463723748922348 -0.011863304302096363 -0.000393482216168195
v 0.008256967179477215 -0.010617621243000027 2.9611568606924266e-05
v 0.008256967179477215 -0.010617621243000027 2.9611568606924266e-05
v 0.009463723748922348 -0.011863304302096363 -0.000393482216168195
v 0.009643460623919964 -0.011571064591407772 -0.0001423380454070866
v 0.008256967179477215 -0.010617621243000027 2.9611568606924266e-05
v 0.009643460623919964 -0.011571064591407772 -0.0001423380454070866
v 0.00844539888203144 -0.010274407453835007 0.00025411712704226375
v 0.00844539888203144 -0.010274407453835007 0.00025411712704226375
v 0.009643460623919964 -0.011571064591407772 -0.0001423380454070866
v 0.009838983416557312 -0.011248523369431492 6.93250258336775e-05
v 0.00844539888203144 -0.010274407453835007 0.00025411712704226375
v 0.009838983416557312 -0.011248523369431492 6.93250258336775e-05
v 0.00864737294614315 -0.009906461462378498 0.0004354582051746547
v 0.00864737294614315 -0.009906461462378498 0.0004354582051746547
v 0.009838983416557312 -0.011248523369431492 6.93250258336775e-05
v 0.010049110278487206 -0.010898433625698086 0.00024068838683888316
v 0.00864737294614315 -0.009906461462378498 0.0004354582051746547
v 0.010049110278487206 -0.010898433625698086 0.00024068838683888316
v 0.008860771544277668 -0.009518055245280262 0.0005741246859543025
v 0.008860771544277668 -0.009518055245280262 0.0005741246859543025
v 0.010049110278487206 -0.010898433625698086 0.00024068838683888316
v 0.010272757150232792 -0.010524152778089043 0.00037366122705861926
v 0.008860771544277668 -0.009518055245280262 0.0005741246859543025
v 0.010272757150232792 -0.010524152778089043 0.00037366122705861926
v 0.010732202790677547 -0.00975729618221521 0.0005310533451847732
v 0.010732202790677547 -0.00975729618221521 0.0005310533451847732
v 0.010272757150232792 -0.010524152778089043 0.00037366122705861926
v 0.011677363887429237 -0.0113745117560029 0.00018014031229540706
v 0.010732202790677547 -0.00975729618221521 0.0005310533451847732
v 0.011677363887429237 -0.0113745117560029 0.00018014031229540706
v 0.011879602447152138 -0.010482375510036942 0.0003686828422360122
v 0.011879602447152138 -0.010482375510036942 0.0003686828422360122
v 0.011677363887429237 -0.0113745117560029 0.00018014031229540706
v 0.01269096415489912 -0.011555380187928673 0.00013894186122342944
v 0.011879602447152138 -0.010482375510036942 0.0003686828422360122
v 0.01269096415489912 -0.011555380187928673 0.00013894186122342944
v 0.012953863479197025 -0.011119970120489594 0.00021265418035909534
v 0.01872997358441353 -0.014939065091311926 -0.0043708207085728645
v 0.0184397604316473 -0.015079919248819346 -0.004370812326669693
v 0.018578575924038887 -0.015064357779920096 -0.005990211386233568
v 0.015711858868598938 -0.015552948229014868 -0.0043708207085728645
v 0.015720184892416 -0.015598522499203677 -0.005990211386233568
v 0.01591045968234539 -0.01560755912214517 -0.005990211386233568
v 0.015711858868598938 -0.015552948229014868 -0.0043708207085728645
v 0.01591045968234539 -0.01560755912214517 -0.005990211386233568
v 0.016453716903924942 -0.01555703673511743 -0.004370835144072771
v 0.016453716903924942 -0.01555703673511743 -0.004370835144072771
v 0.01591045968234539 -0.01560755912214517 -0.005990211386233568
v 0.01688160002231598 -0.015562921762466425 -0.005990211386233568
v 0.016453716903924942 -0.01555703673511743 -0.004370835144072771
v 0.01688160002231598 -0.015562921762466425 -0.005990211386233568
v 0.016864916309714317 -0.01551988255232572 -0.004370835144072771
v 0.01777760125696659 -0.015373077243566508 -0.005990211386233568
v 0.017754383385181427 -0.015333646908402438 -0.004370818845927715
v 0.017507247626781464 -0.015400648117065424 -0.004370827227830887
v 0.01777760125696659 -0.015373077243566508 -0.005990211386233568
v 0.017507247626781464 -0.015400648117065424 -0.004370827227830887
v 0.01688160002231598 -0.015562921762466425 -0.005990211386233568
v 0.01688160002231598 -0.015562921762466425 -0.005990211386233568
v 0.017507247626781464 -0.015400648117065424 -0.004370827227830887
v 0.016938893124461174 -0.015510032884776587 -0.0043708342127501965
v 0.01688160002231598 -0.015562921762466425 -0.005990211386233568
v 0.016938893124461174 -0.015510032884776587 -0.0043708342127501965
v 0.016864916309714317 -0.01551988255232572 -0.004370835144072771
v 0.018578575924038887 -0.015064357779920096 -0.005990211386233568
v 0.0184397604316473 -0.015079919248819346 -0.004370812326669693
v 0.01777760125696659 -0.015373077243566508 -0.005990211386233568
v 0.01777760125696659 -0.015373077243566508 -0.005990211386233568
v 0.0184397604316473 -0.015079919248819346 -0.004370812326669693
v 0.017950717359781265 -0.015271519310772414 -0.0043708146549761295
v 0.01777760125696659 -0.015373077243566508 -0.005990211386233568
v 0.017950717359781265 -0.015271519310772414 -0.0043708146549761295
v 0.017754383385181427 -0.015333646908402438 -0.004370818845927715
v 0.019303036853671074 -0.014600364491343493 -0.007629151921719313
v 0.019336732104420662 -0.014632165431976313 -0.006000001914799213
v 0.018578575924038887 -0.015064357779920096 -0.005990211386233568
v 0.018578575924038887 -0.015064357779920096 -0.005990211386233568
v 0.019336732104420662 -0.014632165431976313 -0.006000001914799213
v 0.019303036853671074 -0.014600364491343493 -0.004370851907879114
v 0.018578575924038887 -0.015064357779920096 -0.005990211386233568
v 0.019303036853671074 -0.014600364491343493 -0.004370851907879114
v 0.01872997358441353 -0.014939065091311926 -0.0043708207085728645
v 0.019303036853671074 -0.014600364491343493 -0.007629151921719313
v 0.018578575924038887 -0.015064357779920096 -0.005990211386233568
v 0.01854950748383999 -0.015029158443212504 -0.007629189174622297
v 0.01854950748383999 -0.015029158443212504 -0.007629189174622297
v 0.018578575924038887 -0.015064357779920096 -0.005990211386233568
v 0.01777760125696659 -0.015373077243566508 -0.005990211386233568
v 0.01854950748383999 -0.015029158443212504 -0.007629189174622297
v 0.01777760125696659 -0.015373077243566508 -0.005990211386233568
v 0.017754383385181427 -0.015333646908402438 -0.007629183121025562
v 0.017754383385181427 -0.015333646908402438 -0.007629183121025562
v 0.01777760125696659 -0.015373077243566508 -0.005990211386233568
v 0.01688160002231598 -0.015562921762466425 -0.005990211386233568
v 0.017754383385181427 -0.015333646908402438 -0.007629183121025562
v 0.01688160002231598 -0.015562921762466425 -0.005990211386233568
v 0.016864916309714317 -0.01551988255232572 -0.007629160303622484
v 0.016864916309714317 -0.01551988255232572 -0.007629160303622484
v 0.01688160002231598 -0.015562921762466425 -0.005990211386233568
v 0.01591045968234539 -0.01560755912214517 -0.005990211386233568
v 0.016864916309714317 -0.01551988255232572 -0.007629160303622484
v 0.01591045968234539 -0.01560755912214517 -0.005990211386233568
v 0.015900831669569016 -0.015562221407890315 -0.007629151921719313
v 0.015900831669569016 -0.015562221407890315 -0.007629151921719313
v 0.01591045968234539 -0.01560755912214517 -0.005990211386233568
v 0.015720184892416 -0.015598522499203677 -0.005990211386233568
v 0.015900831669569016 -0.015562221407890315 -0.007629151921719313
v 0.015720184892416 -0.015598522499203677 -0.005990211386233568
v 0.015711858868598938 -0.015552949160337443 -0.007629151921719313
v 0.014454281888902187 -0.010747838765382763 -0.01208682544529438
v 0.013486968353390694 -0.010240328498184677 -0.012246241793036461
v 0.014082198031246662 -0.009258194826543328 -0.012205292470753193
v 0.013486968353390694 -0.010240328498184677 -0.012246241793036461
v 0.014454281888902187 -0.010747838765382763 -0.01208682544529438
v 0.012953863479197025 -0.011119970120489594 -0.012212657369673252
v 0.015803419053554535 -0.01273001357913017 -0.011596377938985825
v 0.015786699950695038 -0.012720787897706028 -0.011601046659052372
v 0.016448840498924255 -0.01174918748438358 -0.011642582714557648
v 0.016448840498924255 -0.01174918748438358 -0.011642582714557648
v 0.015786699950695038 -0.012720787897706028 -0.011601046659052372
v 0.014839604496955872 -0.012194017879664894 -0.011842628940939903
v 0.016448840498924255 -0.01174918748438358 -0.011642582714557648
v 0.014839604496955872 -0.012194017879664894 -0.011842628940939903
v 0.015471218153834343 -0.011240775696933266 -0.0118846595287323
v 0.015471218153834343 -0.011240775696933266 -0.0118846595287323
v 0.014839604496955872 -0.012194017879664894 -0.011842628940939903
v 0.013885349035263062 -0.011654827743768689 -0.012048479169607162
v 0.015471218153834343 -0.011240775696933266 -0.0118846595287323
v 0.013885349035263062 -0.011654827743768689 -0.012048479169607162
v 0.014454281888902187 -0.010747838765382763 -0.01208682544529438
v 0.014454281888902187 -0.010747838765382763 -0.01208682544529438
v 0.013885349035263062 -0.011654827743768689 -0.012048479169607162
v 0.013879630714654922 -0.011651569977402684 -0.012049607932567596
v 0.014454281888902187 -0.010747838765382763 -0.01208682544529438
v 0.013879630714654922 -0.011651569977402684 -0.012049607932567596
v 0.012953863479197025 -0.011119970120489594 -0.012212657369673252
v 0.014538758434355259 -0.008504867553710934 -0.01211550086736679
v 0.014834869652986526 -0.00801628082990646 -0.011983956210315228
v 0.015537675470113754 -0.00907014217227697 -0.011951685883104801
v 0.015537675470113754 -0.00907014217227697 -0.011951685883104801
v 0.014834869652986526 -0.00801628082990646 -0.011983956210315228
v 0.015828639268875122 -0.008616141974925991 -0.011821695603430271
v 0.015537675470113754 -0.00907014217227697 -0.011951685883104801
v 0.015828639268875122 -0.008616141974925991 -0.011821695603430271
v 0.016577046364545822 -0.009628309868276116 -0.011735706590116024
v 0.016577046364545822 -0.009628309868276116 -0.011735706590116024
v 0.015828639268875122 -0.008616141974925991 -0.011821695603430271
v 0.016846224665641785 -0.009232363663613793 -0.011615030467510223
v 0.016577046364545822 -0.009628309868276116 -0.011735706590116024
v 0.016846224665641785 -0.009232363663613793 -0.011615030467510223
v 0.017567478120326996 -0.01019605994224548 -0.011478043161332607
v 0.017567478120326996 -0.01019605994224548 -0.011478043161332607
v 0.016846224665641785 -0.009232363663613793 -0.011615030467510223
v 0.017831629142165184 -0.009833462536334988 -0.011360598728060722
v 0.01796887069940567 -0.011426733806729313 -0.011299418285489082
v 0.017567478120326996 -0.01019605994224548 -0.011478043161332607
v 0.018456708639860153 -0.010787284933030602 -0.011183934286236763
v 0.018456708639860153 -0.010787284933030602 -0.011183934286236763
v 0.017567478120326996 -0.01019605994224548 -0.011478043161332607
v 0.017831629142165184 -0.009833462536334988 -0.011360598728060722
v 0.018456708639860153 -0.010787284933030602 -0.011183934286236763
v 0.017831629142165184 -0.009833462536334988 -0.011360598728060722
v 0.018753835931420326 -0.01040116790682077 -0.011055497452616692
v 0.014538758434355259 -0.008504867553710934 -0.01211550086736679
v 0.015537675470113754 -0.00907014217227697 -0.011951685883104801
v 0.015071144327521324 -0.009791233576834198 -0.012045604176819324
v 0.015071144327521324 -0.009791233576834198 -0.012045604176819324
v 0.015537675470113754 -0.00907014217227697 -0.011951685883104801
v 0.016577046364545822 -0.009628309868276116 -0.011735706590116024
v 0.015071144327521324 -0.009791233576834198 -0.012045604176819324
v 0.016577046364545822 -0.009628309868276116 -0.011735706590116024
v 0.016111021861433983 -0.010305529460310933 -0.011837402358651161
v 0.016111021861433983 -0.010305529460310933 -0.011837402358651161
v 0.016577046364545822 -0.009628309868276116 -0.011735706590116024
v 0.017567478120326996 -0.01019605994224548 -0.011478043161332607
v 0.016111021861433983 -0.010305529460310933 -0.011837402358651161
v 0.017567478120326996 -0.01019605994224548 -0.011478043161332607
v 0.017098648473620415 -0.0108411181718111 -0.011588599532842636
v 0.017098648473620415 -0.0108411181718111 -0.011588599532842636
v 0.017567478120326996 -0.01019605994224548 -0.011478043161332607
v 0.01796887069940567 -0.011426733806729313 -0.011299418285489082
v 0.017098648473620415 -0.0108411181718111 -0.011588599532842636
v 0.01796887069940567 -0.011426733806729313 -0.011299418285489082
v 0.017327388748526573 -0.012293580919504162 -0.011355072259902954
v 0.01668737269937992 -0.013214099220931525 -0.011323492042720318
v 0.015803419053554535 -0.01273001357913017 -0.011596377938985825
v 0.017327388748526573 -0.012293580919504162 -0.011355072259902954
v 0.017327388748526573 -0.012293580919504162 -0.011355072259902954
v 0.015803419053554535 -0.01273001357913017 -0.011596377938985825
v 0.016448840498924255 -0.01174918748438358 -0.011642582714557648
v 0.017327388748526573 -0.012293580919504162 -0.011355072259902954
v 0.016448840498924255 -0.01174918748438358 -0.011642582714557648
v 0.017098648473620415 -0.0108411181718111 -0.011588599532842636
v 0.017098648473620415 -0.0108411181718111 -0.011588599532842636
v 0.016448840498924255 -0.01174918748438358 -0.011642582714557648
v 0.015471218153834343 -0.011240775696933266 -0.0118846595287323
v 0.017098648473620415 -0.0108411181718111 -0.011588599532842636
v 0.015471218153834343 -0.011240775696933266 -0.0118846595287323
v 0.016111021861433983 -0.010305529460310933 -0.011837402358651161
v 0.016111021861433983 -0.010305529460310933 -0.011837402358651161
v 0.015471218153834343 -0.011240775696933266 -0.0118846595287323
v 0.014454281888902187 -0.010747838765382763 -0.01208682544529438
v 0.016111021861433983 -0.010305529460310933 -0.011837402358651161
v 0.014454281888902187 -0.010747838765382763 -0.01208682544529438
v 0.015071144327521324 -0.009791233576834198 -0.012045604176819324
v 0.015071144327521324 -0.009791233576834198 -0.012045604176819324
v 0.014454281888902187 -0.010747838765382763 -0.01208682544529438
v 0.014082198031246662 -0.009258194826543328 -0.012205292470753193
v 0.015071144327521324 -0.009791233576834198 -0.012045604176819324
v 0.014082198031246662 -0.009258194826543328 -0.012205292470753193
v 0.014538758434355259 -0.008504867553710934 -0.01211550086736679
v 0.008781547658145428 -0.00833653565496206 -0.012798129580914974
v 0.009282149374485016 -0.008732661604881283 -0.012731150723993778
v 0.0088347177952528 -0.009545130655169484 -0.012565212324261665
v 0.011635052971541882 -0.011392388492822644 -0.012173973955214024
v 0.012132594361901283 -0.010635553859174248 -0.012332405894994736
v 0.012953863479197025 -0.011119970120489594 -0.012212657369673252
v 0.012122727930545807 -0.012490386143326756 -0.011792004108428955
v 0.011995000764727592 -0.012699829414486882 -0.01166104432195425
v 0.01098628994077444 -0.012362313456833359 -0.011687561869621277
v 0.01098628994077444 -0.012362313456833359 -0.011687561869621277
v 0.011995000764727592 -0.012699829414486882 -0.01166104432195425
v 0.011943859048187733 -0.01278346590697765 -0.011600985191762447
v 0.01098628994077444 -0.012362313456833359 -0.011687561869621277
v 0.011943859048187733 -0.01278346590697765 -0.011600985191762447
v 0.010799246840178967 -0.012631015852093693 -0.011450247839093208
v 0.010799246840178967 -0.012631015852093693 -0.011450247839093208
v 0.011943859048187733 -0.01278346590697765 -0.011600985191762447
v 0.011778746731579304 -0.01305216364562511 -0.011372176930308342
v 0.010799246840178967 -0.012631015852093693 -0.011450247839093208
v 0.011778746731579304 -0.01305216364562511 -0.011372176930308342
v 0.01062837801873684 -0.012868992052972313 -0.011177560314536095
v 0.012953863479197025 -0.011119970120489594 -0.012212657369673252
v 0.012517610564827919 -0.011840709485113617 -0.012064083479344845
v 0.011635052971541882 -0.011392388492822644 -0.012173973955214024
v 0.011635052971541882 -0.011392388492822644 -0.012173973955214024
v 0.012517610564827919 -0.011840709485113617 -0.012064083479344845
v 0.012416400946676731 -0.01200730353593826 -0.012009765021502972
v 0.011635052971541882 -0.011392388492822644 -0.012173973955214024
v 0.012416400946676731 -0.01200730353593826 -0.012009765021502972
v 0.011405040509998798 -0.011740428395569321 -0.012048144824802876
v 0.011405040509998798 -0.011740428395569321 -0.012048144824802876
v 0.012416400946676731 -0.01200730353593826 -0.012009765021502972
v 0.012122727930545807 -0.012490386143326756 -0.011792004108428955
v 0.011405040509998798 -0.011740428395569321 -0.012048144824802876
v 0.012122727930545807 -0.012490386143326756 -0.011792004108428955
v 0.011188529431819916 -0.0120646683499217 -0.011886917985975742
v 0.011188529431819916 -0.0120646683499217 -0.011886917985975742
v 0.012122727930545807 -0.012490386143326756 -0.011792004108428955
v 0.01098628994077444 -0.012362313456833359 -0.011687561869621277
v 0.009462100453674793 -0.013533890247344965 -0.008095546625554562
v 0.008617663756012917 -0.013088750652968878 -0.008095537312328815
v 0.009933357127010822 -0.013693320564925665 -0.008766007609665394
v 0.009933357127010822 -0.013693320564925665 -0.008766007609665394
v 0.008617663756012917 -0.013088750652968878 -0.008095537312328815
v 0.008661596104502678 -0.013035107403993601 -0.008792957291007042
v 0.009933357127010822 -0.013693320564925665 -0.008766007609665394
v 0.008661596104502678 -0.013035107403993601 -0.008792957291007042
v 0.01004349160939455 -0.013590544462203974 -0.009478543885052204
v 0.01004349160939455 -0.013590544462203974 -0.009478543885052204
v 0.008661596104502678 -0.013035107403993601 -0.008792957291007042
v 0.008749302476644516 -0.012916524894535538 -0.009532533586025238
v 0.01004349160939455 -0.013590544462203974 -0.009478543885052204
v 0.008749302476644516 -0.012916524894535538 -0.009532533586025238
v 0.010221704840660095 -0.013392014428973193 -0.01019857544451952
v 0.010221704840660095 -0.013392014428973193 -0.01019857544451952
v 0.008749302476644516 -0.012916524894535538 -0.009532533586025238
v 0.008903509005904198 -0.012695721350610253 -0.010280555114150047
v 0.010221704840660095 -0.013392014428973193 -0.01019857544451952
v 0.008903509005904198 -0.012695721350610253 -0.010280555114150047
v 0.010474634356796741 -0.013075159862637515 -0.010873984545469284
v 0.010474634356796741 -0.013075159862637515 -0.010873984545469284
v 0.008903509005904198 -0.012695721350610253 -0.010280555114150047
v 0.009133031591773033 -0.01234936527907848 -0.010985514149069786
v 0.010474634356796741 -0.013075159862637515 -0.010873984545469284
v 0.009133031591773033 -0.01234936527907848 -0.010985514149069786
v 0.01062837801873684 -0.012868992052972313 -0.011177560314536095
v 0.01062837801873684 -0.012868992052972313 -0.011177560314536095
v 0.009133031591773033 -0.01234936527907848 -0.010985514149069786
v 0.009275906719267368 -0.012125939130783078 -0.011304317973554134
v 0.01062837801873684 -0.012868992052972313 -0.011177560314536095
v 0.009275906719267368 -0.012125939130783078 -0.011304317973554134
v 0.010799246840178967 -0.012631015852093693 -0.011450247839093208
v 0.010799246840178967 -0.012631015852093693 -0.011450247839093208
v 0.009275906719267368 -0.012125939130783078 -0.011304317973554134
v 0.009436600841581821 -0.011869201436638829 -0.011592262424528599
v 0.010799246840178967 -0.012631015852093693 -0.011450247839093208
v 0.009436600841581821 -0.011869201436638829 -0.011592262424528599
v 0.01098628994077444 -0.012362313456833359 -0.011687561869621277
v 0.01098628994077444 -0.012362313456833359 -0.011687561869621277
v 0.009436600841581821 -0.011869201436638829 -0.011592262424528599
v 0.009614101611077785 -0.011580378748476502 -0.011844472028315067
v 0.01098628994077444 -0.012362313456833359 -0.011687561869621277
v 0.009614101611077785 -0.011580378748476502 -0.011844472028315067
v 0.011188529431819916 -0.0120646683499217 -0.011886917985975742
v 0.011188529431819916 -0.0120646683499217 -0.011886917985975742
v 0.009614101611077785 -0.011580378748476502 -0.011844472028315067
v 0.009807273745536804 -0.011261470615863797 -0.01205778680741787
v 0.011188529431819916 -0.0120646683499217 -0.011886917985975742
v 0.009807273745536804 -0.011261470615863797 -0.01205778680741787
v 0.011405040509998798 -0.011740428395569321 -0.012048144824802876
v 0.011405040509998798 -0.011740428395569321 -0.012048144824802876
v 0.009807273745536804 -0.011261470615863797 -0.01205778680741787
v 0.010014950297772884 -0.010915150865912434 -0.012231221422553062
v 0.011405040509998798 -0.011740428395569321 -0.012048144824802876
v 0.010014950297772884 -0.010915150865912434 -0.012231221422553062
v 0.011635052971541882 -0.011392388492822644 -0.012173973955214024
v 0.011635052971541882 -0.011392388492822644 -0.012173973955214024
v 0.010014950297772884 -0.010915150865912434 -0.012231221422553062
v 0.01023604441434145 -0.010544680990278717 -0.01236642524600029
v 0.011635052971541882 -0.011392388492822644 -0.012173973955214024
v 0.01023604441434145 -0.010544680990278717 -0.01236642524600029
v 0.012132594361901283 -0.010635553859174248 -0.012332405894994736
v 0.012132594361901283 -0.010635553859174248 -0.012332405894994736
v 0.01023604441434145 -0.010544680990278717 -0.01236642524600029
v 0.010630805045366287 -0.009690289385616776 -0.012545248493552208
v 0.00777615699917078 -0.011471481062471863 -0.011109612882137299
v 0.007561256643384695 -0.0118617033585906 -0.010372763499617577
v 0.006298117805272341 -0.010976656340062615 -0.010445035062730312
v 0.0073505304753780365 -0.012260060757398602 -0.008822509087622166
v 0.006079493556171656 -0.011369214393198487 -0.009014884009957314
v 0.007422516122460365 -0.012117751874029633 -0.00959309097379446
v 0.007422516122460365 -0.012117751874029633 -0.00959309097379446
v 0.006079493556171656 -0.011369214393198487 -0.009014884009957314
v 0.0061492002569139 -0.011245501227676865 -0.009640711359679699
v 0.007422516122460365 -0.012117751874029633 -0.00959309097379446
v 0.0061492002569139 -0.011245501227676865 -0.009640711359679699
v 0.007561256643384695 -0.0118617033585906 -0.010372763499617577
v 0.007561256643384695 -0.0118617033585906 -0.010372763499617577
v 0.0061492002569139 -0.011245501227676865 -0.009640711359679699
v 0.006203086581081152 -0.011148610152304169 -0.009981374256312847
v 0.007561256643384695 -0.0118617033585906 -0.010372763499617577
v 0.006203086581081152 -0.011148610152304169 -0.009981374256312847
v 0.006298117805272341 -0.010976656340062615 -0.010445035062730312
v 0.0073505304753780365 -0.012260060757398602 -0.008822509087622166
v 0.007683338597416878 -0.01254999544471502 -0.00809552799910307
v 0.006079493556171656 -0.011369214393198487 -0.009014884009957314
v 0.006079493556171656 -0.011369214393198487 -0.009014884009957314
v 0.007683338597416878 -0.01254999544471502 -0.00809552799910307
v 0.006071798503398895 -0.011489723809063431 -0.008095514960587025
v 0.006079493556171656 -0.011369214393198487 -0.009014884009957314
v 0.006071798503398895 -0.011489723809063431 -0.008095514960587025
v 0.006027495954185724 -0.011457828804850575 -0.00809551402926445
v 0.006298117805272341 -0.010976656340062615 -0.010445035062730312
v 0.00641084648668766 -0.010771779343485829 -0.010867973789572716
v 0.00777615699917078 -0.011471481062471863 -0.011109612882137299
v 0.00777615699917078 -0.011471481062471863 -0.011109612882137299
v 0.00641084648668766 -0.010771779343485829 -0.010867973789572716
v 0.006523544900119305 -0.010566505603492257 -0.01120710838586092
v 0.00777615699917078 -0.011471481062471863 -0.011109612882137299
v 0.006523544900119305 -0.010566505603492257 -0.01120710838586092
v 0.007912189699709415 -0.011224643327295777 -0.011444260366261005
v 0.007912189699709415 -0.011224643327295777 -0.011444260366261005
v 0.006523544900119305 -0.010566505603492257 -0.01120710838586092
v 0.006713604088872671 -0.010219887830317017 -0.011656571179628372
v 0.007912189699709415 -0.011224643327295777 -0.011444260366261005
v 0.006713604088872671 -0.010219887830317017 -0.011656571179628372
v 0.008066302165389061 -0.010944597423076626 -0.011747632175683975
v 0.008066302165389061 -0.010944597423076626 -0.011747632175683975
v 0.006713604088872671 -0.010219887830317017 -0.011656571179628372
v 0.006826027762144804 -0.010014750994741913 -0.011870203539729118
v 0.008066302165389061 -0.010944597423076626 -0.011747632175683975
v 0.006826027762144804 -0.010014750994741913 -0.011870203539729118
v 0.008237285539507866 -0.010633420199155804 -0.01201434526592493
v 0.008237285539507866 -0.010633420199155804 -0.01201434526592493
v 0.006826027762144804 -0.010014750994741913 -0.011870203539729118
v 0.007097129710018635 -0.009520051069557663 -0.01227050181478262
v 0.008237285539507866 -0.010633420199155804 -0.01201434526592493
v 0.007097129710018635 -0.009520051069557663 -0.01227050181478262
v 0.008423605933785439 -0.010293978266417977 -0.01224048063158989
v 0.008423605933785439 -0.010293978266417977 -0.01224048063158989
v 0.007097129710018635 -0.009520051069557663 -0.01227050181478262
v 0.007197170983999968 -0.009337545372545716 -0.012385292910039425
v 0.008423605933785439 -0.010293978266417977 -0.01224048063158989
v 0.007197170983999968 -0.009337545372545716 -0.012385292910039425
v 0.008623437024652958 -0.009929826483130452 -0.01242400798946619
v 0.008623437024652958 -0.009929826483130452 -0.01242400798946619
v 0.007197170983999968 -0.009337545372545716 -0.012385292910039425
v 0.007522920612245798 -0.008743403479456898 -0.01266393717378378
v 0.008623437024652958 -0.009929826483130452 -0.01242400798946619
v 0.007522920612245798 -0.008743403479456898 -0.01266393717378378
v 0.0088347177952528 -0.009545130655169484 -0.012565212324261665
v 0.0088347177952528 -0.009545130655169484 -0.012565212324261665
v 0.007522920612245798 -0.008743403479456898 -0.01266393717378378
v 0.007620761636644602 -0.008565003052353855 -0.012723581865429878
v 0.0088347177952528 -0.009545130655169484 -0.012565212324261665
v 0.007620761636644602 -0.008565003052353855 -0.012723581865429878
v 0.008781547658145428 -0.00833653565496206 -0.012798129580914974
v 0.008781547658145428 -0.00833653565496206 -0.012798129580914974
v 0.007620761636644602 -0.008565003052353855 -0.012723581865429878
v 0.00784529559314251 -0.008155592717230317 -0.012826044112443924
v 0.008781547658145428 -0.00833653565496206 -0.012798129580914974
v 0.00784529559314251 -0.008155592717230317 -0.012826044112443924
v 0.00807388685643673 -0.0077386968769133065 -0.012889042496681213
v 0.011046567000448704 -0.014267023652791972 -0.008095557801425457
v 0.009462100453674793 -0.013533890247344965 -0.008095546625554562
v 0.011056903749704361 -0.014224537648260588 -0.008578594774007797
v 0.011056903749704361 -0.014224537648260588 -0.008578594774007797
v 0.009462100453674793 -0.013533890247344965 -0.008095546625554562
v 0.009933357127010822 -0.013693320564925665 -0.008766007609665394
v 0.011056903749704361 -0.014224537648260588 -0.008578594774007797
v 0.009933357127010822 -0.013693320564925665 -0.008766007609665394
v 0.011141764931380749 -0.014063197188079352 -0.009496570564806461
v 0.011141764931380749 -0.014063197188079352 -0.009496570564806461
v 0.009933357127010822 -0.013693320564925665 -0.008766007609665394
v 0.01004349160939455 -0.013590544462203974 -0.009478543885052204
v 0.011141764931380749 -0.014063197188079352 -0.009496570564806461
v 0.01004349160939455 -0.013590544462203974 -0.009478543885052204
v 0.011276759207248688 -0.013848850503563876 -0.010153399780392647
v 0.011276759207248688 -0.013848850503563876 -0.010153399780392647
v 0.01004349160939455 -0.013590544462203974 -0.009478543885052204
v 0.010221704840660095 -0.013392014428973193 -0.01019857544451952
v 0.011778746731579304 -0.01305216364562511 -0.011372176930308342
v 0.011628405191004276 -0.013294364325702185 -0.011107985861599445
v 0.01062837801873684 -0.012868992052972313 -0.011177560314536095
v 0.01062837801873684 -0.012868992052972313 -0.011177560314536095
v 0.011628405191004276 -0.013294364325702185 -0.011107985861599445
v 0.01161983609199524 -0.013308085501193995 -0.011091009713709354
v 0.01062837801873684 -0.012868992052972313 -0.011177560314536095
v 0.01161983609199524 -0.013308085501193995 -0.011091009713709354
v 0.010474634356796741 -0.013075159862637515 -0.010873984545469284
v 0.010474634356796741 -0.013075159862637515 -0.010873984545469284
v 0.01161983609199524 -0.013308085501193995 -0.011091009713709354
v 0.011493897996842861 -0.01350842416286468 -0.01081277895718813
v 0.010474634356796741 -0.013075159862637515 -0.010873984545469284
v 0.011493897996842861 -0.01350842416286468 -0.01081277895718813
v 0.010221704840660095 -0.013392014428973193 -0.01019857544451952
v 0.010221704840660095 -0.013392014428973193 -0.01019857544451952
v 0.011493897996842861 -0.01350842416286468 -0.01081277895718813
v 0.011328800581395626 -0.013767597265541548 -0.010340255685150623
v 0.010221704840660095 -0.013392014428973193 -0.01019857544451952
v 0.011328800581395626 -0.013767597265541548 -0.010340255685150623
v 0.011276759207248688 -0.013848850503563876 -0.010153399780392647
v 0.008617663756012917 -0.013088750652968878 -0.008095537312328815
v 0.007683338597416878 -0.01254999544471502 -0.00809552799910307
v 0.008661596104502678 -0.013035107403993601 -0.008792957291007042
v 0.008661596104502678 -0.013035107403993601 -0.008792957291007042
v 0.007683338597416878 -0.01254999544471502 -0.00809552799910307
v 0.0073505304753780365 -0.012260060757398602 -0.008822509087622166
v 0.008661596104502678 -0.013035107403993601 -0.008792957291007042
v 0.0073505304753780365 -0.012260060757398602 -0.008822509087622166
v 0.008749302476644516 -0.012916524894535538 -0.009532533586025238
v 0.008749302476644516 -0.012916524894535538 -0.009532533586025238
v 0.0073505304753780365 -0.012260060757398602 -0.008822509087622166
v 0.007422516122460365 -0.012117751874029633 -0.00959309097379446
v 0.008749302476644516 -0.012916524894535538 -0.009532533586025238
v 0.007422516122460365 -0.012117751874029633 -0.00959309097379446
v 0.008903509005904198 -0.012695721350610253 -0.010280555114150047
v 0.008903509005904198 -0.012695721350610253 -0.010280555114150047
v 0.007422516122460365 -0.012117751874029633 -0.00959309097379446
v 0.007561256643384695 -0.0118617033585906 -0.010372763499617577
v 0.008903509005904198 -0.012695721350610253 -0.010280555114150047
v 0.007561256643384695 -0.0118617033585906 -0.010372763499617577
v 0.009133031591773033 -0.01234936527907848 -0.010985514149069786
v 0.009133031591773033 -0.01234936527907848 -0.010985514149069786
v 0.007561256643384695 -0.0118617033585906 -0.010372763499617577
v 0.00777615699917078 -0.011471481062471863 -0.011109612882137299
v 0.009133031591773033 -0.01234936527907848 -0.010985514149069786
v 0.00777615699917078 -0.011471481062471863 -0.011109612882137299
v 0.009275906719267368 -0.012125939130783078 -0.011304317973554134
v 0.009275906719267368 -0.012125939130783078 -0.011304317973554134
v 0.00777615699917078 -0.011471481062471863 -0.011109612882137299
v 0.007912189699709415 -0.011224643327295777 -0.011444260366261005
v 0.009275906719267368 -0.012125939130783078 -0.011304317973554134
v 0.007912189699709415 -0.011224643327295777 -0.011444260366261005
v 0.009436600841581821 -0.011869201436638829 -0.011592262424528599
v 0.009436600841581821 -0.011869201436638829 -0.011592262424528599
v 0.007912189699709415 -0.011224643327295777 -0.011444260366261005
v 0.008066302165389061 -0.010944597423076626 -0.011747632175683975
v 0.009436600841581821 -0.011869201436638829 -0.011592262424528599
v 0.008066302165389061 -0.010944597423076626 -0.011747632175683975
v 0.009614101611077785 -0.011580378748476502 -0.011844472028315067
v 0.009614101611077785 -0.011580378748476502 -0.011844472028315067
v 0.008066302165389061 -0.010944597423076626 -0.011747632175683975
v 0.008237285539507866 -0.010633420199155804 -0.01201434526592493
v 0.009614101611077785 -0.011580378748476502 -0.011844472028315067
v 0.008237285539507866 -0.010633420199155804 -0.01201434526592493
v 0.009807273745536804 -0.011261470615863797 -0.01205778680741787
v 0.009807273745536804 -0.011261470615863797 -0.01205778680741787
v 0.008237285539507866 -0.010633420199155804 -0.01201434526592493
v 0.008423605933785439 -0.010293978266417977 -0.01224048063158989
v 0.009807273745536804 -0.011261470615863797 -0.01205778680741787
v 0.008423605933785439 -0.010293978266417977 -0.01224048063158989
v 0.010014950297772884 -0.010915150865912434 -0.012231221422553062
v 0.010014950297772884 -0.010915150865912434 -0.012231221422553062
v 0.008423605933785439 -0.010293978266417977 -0.01224048063158989
v 0.008623437024652958 -0.009929826483130452 -0.01242400798946619
v 0.010014950297772884 -0.010915150865912434 -0.012231221422553062
v 0.008623437024652958 -0.009929826483130452 -0.01242400798946619
v 0.01023604441434145 -0.010544680990278717 -0.01236642524600029
v 0.01023604441434145 -0.010544680990278717 -0.01236642524600029
v 0.008623437024652958 -0.009929826483130452 -0.01242400798946619
v 0.0088347177952528 -0.009545130655169484 -0.012565212324261665
v 0.01023604441434145 -0.010544680990278717 -0.01236642524600029
v 0.0088347177952528 -0.009545130655169484 -0.012565212324261665
v 0.010630805045366287 -0.009690289385616776 -0.012545248493552208
v 0.010630805045366287 -0.009690289385616776 -0.012545248493552208
v 0.0088347177952528 -0.009545130655169484 -0.012565212324261665
v 0.009282149374485016 -0.008732661604881283 -0.012731150723993778
v 0.010639368556439877 -0.003545596497133373 -0.012402694672346115
v 0.011111230589449406 -0.0028604860417544833 -0.012189027853310108
v 0.012492111884057522 -0.003965747077018021 -0.011929071508347988
v 0.016322508454322815 -0.0055620255880057794 -0.010714457370340824
v 0.015920110046863556 -0.006225783843547104 -0.011178476735949516
v 0.015554090030491352 -0.0060427440330386144 -0.011276470497250557
v 0.015554090030491352 -0.0060427440330386144 -0.011276470497250557
v 0.015920110046863556 -0.006225783843547104 -0.011178476735949516
v 0.015387555584311485 -0.007104373071342704 -0.011631655506789684
v 0.014352665282785892 -0.004159369505941866 -0.011226539500057697
v 0.014764870516955853 -0.0035059088841080653 -0.010729503817856312
v 0.01585555635392666 -0.004366195295006035 -0.01041417382657528
v 0.014932235702872276 -0.003239170415326952 -0.010461419820785522
v 0.015071271918714046 -0.0030157831497490397 -0.010184950195252895
v 0.01609628088772297 -0.003915036097168921 -0.009891493245959282
v 0.015181581489741802 -0.0028363440651446572 -0.00990412849932909
v 0.015264143235981464 -0.002699642674997448 -0.009623288176953793
v 0.01623610220849514 -0.0036279507912695395 -0.009394893422722816
v 0.017126426100730896 -0.004235196392983196 -0.00857966486364603
v 0.017105912789702415 -0.00426941644400358 -0.00884916726499796
v 0.016296589747071266 -0.003484114771708845 -0.008959327824413776
v 0.01623610220849514 -0.0036279507912695395 -0.009394893422722816
v 0.017039313912391663 -0.00437956443056464 -0.009217496030032635
v 0.016896087676286697 -0.004615960642695425 -0.009676680900156498
v 0.015071271918714046 -0.0030157831497490397 -0.010184950195252895
v 0.015181581489741802 -0.0028363440651446572 -0.00990412849932909
v 0.01609628088772297 -0.003915036097168921 -0.009891493245959282
v 0.01609628088772297 -0.003915036097168921 -0.009891493245959282
v 0.015181581489741802 -0.0028363440651446572 -0.00990412849932909
v 0.01623610220849514 -0.0036279507912695395 -0.009394893422722816
v 0.01609628088772297 -0.003915036097168921 -0.009891493245959282
v 0.01623610220849514 -0.0036279507912695395 -0.009394893422722816
v 0.01653234288096428 -0.004291842225939034 -0.009763303212821484
v 0.01653234288096428 -0.004291842225939034 -0.009763303212821484
v 0.01623610220849514 -0.0036279507912695395 -0.009394893422722816
v 0.016896087676286697 -0.004615960642695425 -0.009676680900156498
v 0.01623610220849514 -0.0036279507912695395 -0.009394893422722816
v 0.017105912789702415 -0.00426941644400358 -0.00884916726499796
v 0.017056303098797798 -0.004351502284407614 -0.00914345495402813
v 0.01623610220849514 -0.0036279507912695395 -0.009394893422722816
v 0.017056303098797798 -0.004351502284407614 -0.00914345495402813
v 0.017039313912391663 -0.00437956443056464 -0.009217496030032635
v 0.015075566247105598 -0.0057387743145227415 -0.011386383324861526
v 0.014575034379959106 -0.006604847963899371 -0.011778227984905243
v 0.01332018617540598 -0.005811678245663641 -0.012001379393041134
v 0.016658974811434746 -0.005007083527743815 -0.01019042357802391
v 0.016478970646858215 -0.005303961224853991 -0.01049118209630251
v 0.01597658172249794 -0.005304947961121796 -0.010796735994517803
v 0.009913180954754353 -0.004645441658794878 -0.012655210681259632
v 0.010639368556439877 -0.003545596497133373 -0.012402694672346115
v 0.011903762817382812 -0.00483834510669112 -0.012237900868058205
v 0.011903762817382812 -0.00483834510669112 -0.012237900868058205
v 0.010639368556439877 -0.003545596497133373 -0.012402694672346115
v 0.012492111884057522 -0.003965747077018021 -0.011929071508347988
v 0.011903762817382812 -0.00483834510669112 -0.012237900868058205
v 0.012492111884057522 -0.003965747077018021 -0.011929071508347988
v 0.013859151862561703 -0.004943713080137966 -0.011653944849967957
v 0.013859151862561703 -0.004943713080137966 -0.011653944849967957
v 0.012492111884057522 -0.003965747077018021 -0.011929071508347988
v 0.014352665282785892 -0.004159369505941866 -0.011226539500057697
v 0.013859151862561703 -0.004943713080137966 -0.011653944849967957
v 0.014352665282785892 -0.004159369505941866 -0.011226539500057697
v 0.015511022880673409 -0.004980650730431078 -0.010924076661467552
v 0.015511022880673409 -0.004980650730431078 -0.010924076661467552
v 0.014352665282785892 -0.004159369505941866 -0.011226539500057697
v 0.01585555635392666 -0.004366195295006035 -0.01041417382657528
v 0.015511022880673409 -0.004980650730431078 -0.010924076661467552
v 0.01585555635392666 -0.004366195295006035 -0.01041417382657528
v 0.016305457800626755 -0.004716704133898018 -0.010278814472258091
v 0.013011747039854527 -0.00021690825815312556 -0.010069064795970917
v 0.014186673797667027 -0.001583708566613495 -0.009849880822002888
v 0.0129757234826684 -0.0002653642732184379 -0.010176477022469044
v 0.0129757234826684 -0.0002653642732184379 -0.010176477022469044
v 0.014186673797667027 -0.001583708566613495 -0.009849880822002888
v 0.014074114151299 -0.0017339554615318769 -0.010167648084461689
v 0.0129757234826684 -0.0002653642732184379 -0.010176477022469044
v 0.014074114151299 -0.0017339554615318769 -0.010167648084461689
v 0.012879143469035625 -0.0003958432644139974 -0.01042094174772501
v 0.012879143469035625 -0.0003958432644139974 -0.01042094174772501
v 0.014074114151299 -0.0017339554615318769 -0.010167648084461689
v 0.012643275782465935 -0.0007169896853156386 -0.010863061062991619
v 0.017126426100730896 -0.004235196392983196 -0.00857966486364603
v 0.016296589747071266 -0.003484114771708845 -0.008959327824413776
v 0.01631898060441017 -0.0034347504843026387 -0.008579671382904053
v 0.01631898060441017 -0.0034347504843026387 -0.008579671382904053
v 0.016296589747071266 -0.003484114771708845 -0.008959327824413776
v 0.015357941389083862 -0.0025393397081643334 -0.009079737588763237
v 0.01631898060441017 -0.0034347504843026387 -0.008579671382904053
v 0.015357941389083862 -0.0025393397081643334 -0.009079737588763237
v 0.015393109060823917 -0.0024804798886179915 -0.008579670451581478
v 0.015393109060823917 -0.0024804798886179915 -0.008579670451581478
v 0.015357941389083862 -0.0025393397081643334 -0.009079737588763237
v 0.014322844333946705 -0.0014059748500585552 -0.00920257531106472
v 0.015393109060823917 -0.0024804798886179915 -0.008579670451581478
v 0.014322844333946705 -0.0014059748500585552 -0.00920257531106472
v 0.014068519696593285 -0.0009689473663456735 -0.008579665794968605
v 0.014068519696593285 -0.0009689473663456735 -0.008579665794968605
v 0.014322844333946705 -0.0014059748500585552 -0.00920257531106472
v 0.013175875879824162 1.135692173193092e-06 -0.009325439110398293
v 0.014068519696593285 -0.0009689473663456735 -0.008579665794968605
v 0.013175875879824162 1.135692173193092e-06 -0.009325439110398293
v 0.013241793029010296 8.49723146529868e-05 -0.00857966486364603
v 0.017105912789702415 -0.00426941644400358 -0.00884916726499796
v 0.01623610220849514 -0.0036279507912695395 -0.009394893422722816
v 0.016296589747071266 -0.003484114771708845 -0.008959327824413776
v 0.016296589747071266 -0.003484114771708845 -0.008959327824413776
v 0.01623610220849514 -0.0036279507912695395 -0.009394893422722816
v 0.015264143235981464 -0.002699642674997448 -0.009623288176953793
v 0.016296589747071266 -0.003484114771708845 -0.008959327824413776
v 0.015264143235981464 -0.002699642674997448 -0.009623288176953793
v 0.015357941389083862 -0.0025393397081643334 -0.009079737588763237
v 0.015357941389083862 -0.0025393397081643334 -0.009079737588763237
v 0.015264143235981464 -0.002699642674997448 -0.009623288176953793
v 0.01426843274384737 -0.0014763621147722002 -0.009526344947516918
v 0.015357941389083862 -0.0025393397081643334 -0.009079737588763237
v 0.01426843274384737 -0.0014763621147722002 -0.009526344947516918
v 0.014322844333946705 -0.0014059748500585552 -0.00920257531106472
v 0.014322844333946705 -0.0014059748500585552 -0.00920257531106472
v 0.01426843274384737 -0.0014763621147722002 -0.009526344947516918
v 0.013153321109712124 -2.8389360522851338e-05 -0.00947330892086029
v 0.014322844333946705 -0.0014059748500585552 -0.00920257531106472
v 0.013153321109712124 -2.8389360522851338e-05 -0.00947330892086029
v 0.013175875879824162 1.135692173193092e-06 -0.009325439110398293
v 0.014074114151299 -0.0017339554615318769 -0.010167648084461689
v 0.013929292559623718 -0.0019301598658785217 -0.01047490630298853
v 0.012643275782465935 -0.0007169896853156386 -0.010863061062991619
v 0.012643275782465935 -0.0007169896853156386 -0.010863061062991619
v 0.013929292559623718 -0.0019301598658785217 -0.01047490630298853
v 0.013752494938671589 -0.0021728307474404565 -0.010767691768705845
v 0.012643275782465935 -0.0007169896853156386 -0.010863061062991619
v 0.013752494938671589 -0.0021728307474404565 -0.010767691768705845
v 0.012272040359675884 -0.0012275245971977706 -0.011340955272316933
v 0.012272040359675884 -0.0012275245971977706 -0.011340955272316933
v 0.013752494938671589 -0.0021728307474404565 -0.010767691768705845
v 0.013545523397624493 -0.0024602697230875483 -0.011042810045182705
v 0.012272040359675884 -0.0012275245971977706 -0.011340955272316933
v 0.013545523397624493 -0.0024602697230875483 -0.011042810045182705
v 0.012152880430221558 -0.0013925441307947035 -0.011462231166660786
v 0.012152880430221558 -0.0013925441307947035 -0.011462231166660786
v 0.013545523397624493 -0.0024602697230875483 -0.011042810045182705
v 0.013311476446688175 -0.0027889208868145934 -0.011297827586531639
v 0.012152880430221558 -0.0013925441307947035 -0.011462231166660786
v 0.013311476446688175 -0.0027889208868145934 -0.011297827586531639
v 0.01172352209687233 -0.0019917082972824565 -0.011819656006991863
v 0.01172352209687233 -0.0019917082972824565 -0.011819656006991863
v 0.013311476446688175 -0.0027889208868145934 -0.011297827586531639
v 0.013054481707513332 -0.0031536950264126054 -0.01153105590492487
v 0.01172352209687233 -0.0019917082972824565 -0.011819656006991863
v 0.013054481707513332 -0.0031536950264126054 -0.01153105590492487
v 0.011543652042746544 -0.0022449966054409734 -0.011941885575652122
v 0.016478970646858215 -0.005303961224853991 -0.01049118209630251
v 0.016322508454322815 -0.0055620255880057794 -0.010714457370340824
v 0.01597658172249794 -0.005304947961121796 -0.010796735994517803
v 0.01597658172249794 -0.005304947961121796 -0.010796735994517803
v 0.016322508454322815 -0.0055620255880057794 -0.010714457370340824
v 0.015554090030491352 -0.0060427440330386144 -0.011276470497250557
v 0.01597658172249794 -0.005304947961121796 -0.010796735994517803
v 0.015554090030491352 -0.0060427440330386144 -0.011276470497250557
v 0.015075566247105598 -0.0057387743145227415 -0.011386383324861526
v 0.015075566247105598 -0.0057387743145227415 -0.011386383324861526
v 0.015554090030491352 -0.0060427440330386144 -0.011276470497250557
v 0.015387555584311485 -0.007104373071342704 -0.011631655506789684
v 0.015075566247105598 -0.0057387743145227415 -0.011386383324861526
v 0.015387555584311485 -0.007104373071342704 -0.011631655506789684
v 0.014575034379959106 -0.006604847963899371 -0.011778227984905243
v 0.014575034379959106 -0.006604847963899371 -0.011778227984905243
v 0.015387555584311485 -0.007104373071342704 -0.011631655506789684
v 0.015365060418844223 -0.007141490466892717 -0.011647900566458702
v 0.014575034379959106 -0.006604847963899371 -0.011778227984905243
v 0.015365060418844223 -0.007141490466892717 -0.011647900566458702
v 0.015223108232021332 -0.007375699467957017 -0.011746118776500225
v 0.011336643248796463 -0.005711149424314497 -0.012469928711652756
v 0.01332018617540598 -0.005811678245663641 -0.012001379393041134
v 0.012577971443533897 -0.006574136670678851 -0.012301253154873848
v 0.012577971443533897 -0.006574136670678851 -0.012301253154873848
v 0.01332018617540598 -0.005811678245663641 -0.012001379393041134
v 0.014575034379959106 -0.006604847963899371 -0.011778227984905243
v 0.012577971443533897 -0.006574136670678851 -0.012301253154873848
v 0.014575034379959106 -0.006604847963899371 -0.011778227984905243
v 0.01404529344290495 -0.00752981239929795 -0.012096614576876163
v 0.01404529344290495 -0.00752981239929795 -0.012096614576876163
v 0.014575034379959106 -0.006604847963899371 -0.011778227984905243
v 0.015223108232021332 -0.007375699467957017 -0.011746118776500225
v 0.01404529344290495 -0.00752981239929795 -0.012096614576876163
v 0.015223108232021332 -0.007375699467957017 -0.011746118776500225
v 0.014834869652986526 -0.00801628082990646 -0.011983956210315228
v 0.016896087676286697 -0.004615960642695425 -0.009676680900156498
v 0.016861742362380028 -0.004672616254538296 -0.009763668291270733
v 0.01653234288096428 -0.004291842225939034 -0.009763303212821484
v 0.01653234288096428 -0.004291842225939034 -0.009763303212821484
v 0.016861742362380028 -0.004672616254538296 -0.009763668291270733
v 0.016305457800626755 -0.004716704133898018 -0.010278814472258091
v 0.01653234288096428 -0.004291842225939034 -0.009763303212821484
v 0.016305457800626755 -0.004716704133898018 -0.010278814472258091
v 0.01609628088772297 -0.003915036097168921 -0.009891493245959282
v 0.01609628088772297 -0.003915036097168921 -0.009891493245959282
v 0.016305457800626755 -0.004716704133898018 -0.010278814472258091
v 0.01585555635392666 -0.004366195295006035 -0.01041417382657528
v 0.01609628088772297 -0.003915036097168921 -0.009891493245959282
v 0.01585555635392666 -0.004366195295006035 -0.01041417382657528
v 0.014932235702872276 -0.003239170415326952 -0.010461419820785522
v 0.014932235702872276 -0.003239170415326952 -0.010461419820785522
v 0.01585555635392666 -0.004366195295006035 -0.01041417382657528
v 0.014764870516955853 -0.0035059088841080653 -0.010729503817856312
v 0.016861742362380028 -0.004672616254538296 -0.009763668291270733
v 0.016658974811434746 -0.005007083527743815 -0.01019042357802391
v 0.016305457800626755 -0.004716704133898018 -0.010278814472258091
v 0.016305457800626755 -0.004716704133898018 -0.010278814472258091
v 0.016658974811434746 -0.005007083527743815 -0.01019042357802391
v 0.01597658172249794 -0.005304947961121796 -0.010796735994517803
v 0.016305457800626755 -0.004716704133898018 -0.010278814472258091
v 0.01597658172249794 -0.005304947961121796 -0.010796735994517803
v 0.015511022880673409 -0.004980650730431078 -0.010924076661467552
v 0.015511022880673409 -0.004980650730431078 -0.010924076661467552
v 0.01597658172249794 -0.005304947961121796 -0.010796735994517803
v 0.015075566247105598 -0.0057387743145227415 -0.011386383324861526
v 0.015511022880673409 -0.004980650730431078 -0.010924076661467552
v 0.015075566247105598 -0.0057387743145227415 -0.011386383324861526
v 0.013859151862561703 -0.004943713080137966 -0.011653944849967957
v 0.013859151862561703 -0.004943713080137966 -0.011653944849967957
v 0.015075566247105598 -0.0057387743145227415 -0.011386383324861526
v 0.01332018617540598 -0.005811678245663641 -0.012001379393041134
v 0.013859151862561703 -0.004943713080137966 -0.011653944849967957
v 0.01332018617540598 -0.005811678245663641 -0.012001379393041134
v 0.011903762817382812 -0.00483834510669112 -0.012237900868058205
v 0.011903762817382812 -0.00483834510669112 -0.012237900868058205
v 0.01332018617540598 -0.005811678245663641 -0.012001379393041134
v 0.011336643248796463 -0.005711149424314497 -0.012469928711652756
v 0.011903762817382812 -0.00483834510669112 -0.012237900868058205
v 0.011336643248796463 -0.005711149424314497 -0.012469928711652756
v 0.009913180954754353 -0.004645441658794878 -0.012655210681259632
v 0.011111230589449406 -0.0028604860417544833 -0.012189027853310108
v 0.011543652042746544 -0.0022449966054409734 -0.011941885575652122
v 0.012492111884057522 -0.003965747077018021 -0.011929071508347988
v 0.012492111884057522 -0.003965747077018021 -0.011929071508347988
v 0.011543652042746544 -0.0022449966054409734 -0.011941885575652122
v 0.013054481707513332 -0.0031536950264126054 -0.01153105590492487
v 0.012492111884057522 -0.003965747077018021 -0.011929071508347988
v 0.013054481707513332 -0.0031536950264126054 -0.01153105590492487
v 0.014352665282785892 -0.004159369505941866 -0.011226539500057697
v 0.014352665282785892 -0.004159369505941866 -0.011226539500057697
v 0.013054481707513332 -0.0031536950264126054 -0.01153105590492487
v 0.013311476446688175 -0.0027889208868145934 -0.011297827586531639
v 0.014352665282785892 -0.004159369505941866 -0.011226539500057697
v 0.013311476446688175 -0.0027889208868145934 -0.011297827586531639
v 0.014764870516955853 -0.0035059088841080653 -0.010729503817856312
v 0.014764870516955853 -0.0035059088841080653 -0.010729503817856312
v 0.013311476446688175 -0.0027889208868145934 -0.011297827586531639
v 0.013545523397624493 -0.0024602697230875483 -0.011042810045182705
v 0.014764870516955853 -0.0035059088841080653 -0.010729503817856312
v 0.013545523397624493 -0.0024602697230875483 -0.011042810045182705
v 0.014932235702872276 -0.003239170415326952 -0.010461419820785522
v 0.014932235702872276 -0.003239170415326952 -0.010461419820785522
v 0.013545523397624493 -0.0024602697230875483 -0.011042810045182705
v 0.013752494938671589 -0.0021728307474404565 -0.010767691768705845
v 0.014932235702872276 -0.003239170415326952 -0.010461419820785522
v 0.013752494938671589 -0.0021728307474404565 -0.010767691768705845
v 0.015071271918714046 -0.0030157831497490397 -0.010184950195252895
v 0.015071271918714046 -0.0030157831497490397 -0.010184950195252895
v 0.013752494938671589 -0.0021728307474404565 -0.010767691768705845
v 0.013929292559623718 -0.0019301598658785217 -0.01047490630298853
v 0.015071271918714046 -0.0030157831497490397 -0.010184950195252895
v 0.013929292559623718 -0.0019301598658785217 -0.01047490630298853
v 0.015181581489741802 -0.0028363440651446572 -0.00990412849932909
v 0.015181581489741802 -0.0028363440651446572 -0.00990412849932909
v 0.013929292559623718 -0.0019301598658785217 -0.01047490630298853
v 0.014074114151299 -0.0017339554615318769 -0.010167648084461689
v 0.015181581489741802 -0.0028363440651446572 -0.00990412849932909
v 0.014074114151299 -0.0017339554615318769 -0.010167648084461689
v 0.015264143235981464 -0.002699642674997448 -0.009623288176953793
v 0.015264143235981464 -0.002699642674997448 -0.009623288176953793
v 0.014074114151299 -0.0017339554615318769 -0.010167648084461689
v 0.014186673797667027 -0.001583708566613495 -0.009849880822002888
v 0.015264143235981464 -0.002699642674997448 -0.009623288176953793
v 0.014186673797667027 -0.001583708566613495 -0.009849880822002888
v 0.01426843274384737 -0.0014763621147722002 -0.009526344947516918
v 0.01426843274384737 -0.0014763621147722002 -0.009526344947516918
v 0.014186673797667027 -0.001583708566613495 -0.009849880822002888
v 0.013011747039854527 -0.00021690825815312556 -0.010069064795970917
v 0.01426843274384737 -0.0014763621147722002 -0.009526344947516918
v 0.013011747039854527 -0.00021690825815312556 -0.010069064795970917
v 0.013153321109712124 -2.8389360522851338e-05 -0.00947330892086029
v 0.021081233397126198 -0.008229125291109082 -0.007971019484102726
v 0.02101140096783638 -0.008159630000591275 -0.008049902506172657
v 0.02101895771920681 -0.008149994537234303 -0.007868841290473938
v 0.02101895771920681 -0.008149994537234303 -0.007868841290473938
v 0.02101140096783638 -0.008159630000591275 -0.008049902506172657
v 0.020968522876501083 -0.00811537820845842 -0.008079854771494865
v 0.02101895771920681 -0.008149994537234303 -0.007868841290473938
v 0.020968522876501083 -0.00811537820845842 -0.008079854771494865
v 0.020852312445640564 -0.007991524413228032 -0.008113967254757881
v 0.02101895771920681 -0.008149994537234303 -0.007868841290473938
v 0.021174101158976555 -0.008301566354930397 -0.007629185449331999
v 0.021170033141970634 -0.008303621783852574 -0.007707319688051939
v 0.021170033141970634 -0.008303621783852574 -0.007707319688051939
v 0.021154122427105904 -0.00829449854791164 -0.007804799359291792
v 0.02101895771920681 -0.008149994537234303 -0.007868841290473938
v 0.02101895771920681 -0.008149994537234303 -0.007868841290473938
v 0.021154122427105904 -0.00829449854791164 -0.007804799359291792
v 0.021120382472872734 -0.008265901356935498 -0.00790129229426384
v 0.02101895771920681 -0.008149994537234303 -0.007868841290473938
v 0.021120382472872734 -0.008265901356935498 -0.00790129229426384
v 0.021081233397126198 -0.008229125291109082 -0.007971019484102726
v 0.020852312445640564 -0.007991524413228032 -0.008113967254757881
v 0.019258277490735054 -0.006337544415146111 -0.008318043313920498
v 0.02101895771920681 -0.008149994537234303 -0.007868841290473938
v 0.02101895771920681 -0.008149994537234303 -0.007868841290473938
v 0.019258277490735054 -0.006337544415146111 -0.008318043313920498
v 0.01929544471204281 -0.006277413107454775 -0.007159022614359856
v 0.02101895771920681 -0.008149994537234303 -0.007868841290473938
v 0.01929544471204281 -0.006277413107454775 -0.007159022614359856
v 0.021174101158976555 -0.008301566354930397 -0.007629185449331999
v 0.01929544471204281 -0.006277413107454775 -0.004840980749577284
v 0.019258277490735054 -0.006337544415146111 -0.0036819600500166416
v 0.020852312445640564 -0.007991524413228032 -0.003886036342009902
v 0.021138347685337067 -0.008281744085252282 -0.004142827354371548
v 0.021174103021621704 -0.008301564492285248 -0.004370851907879114
v 0.021081233397126198 -0.008229125291109082 -0.004028986673802137
v 0.021081233397126198 -0.008229125291109082 -0.004028986673802137
v 0.021174103021621704 -0.008301564492285248 -0.004370851907879114
v 0.02101895771920681 -0.008149993605911728 -0.004131179768592119
v 0.02101895771920681 -0.008149993605911728 -0.004131179768592119
v 0.020852312445640564 -0.007991524413228032 -0.003886036342009902
v 0.020913608372211456 -0.008057393133640286 -0.0038973544724285603
v 0.020913608372211456 -0.008057393133640286 -0.0038973544724285603
v 0.020968522876501083 -0.008115379139780995 -0.003920151386409998
v 0.02101895771920681 -0.008149993605911728 -0.004131179768592119
v 0.02101895771920681 -0.008149993605911728 -0.004131179768592119
v 0.020968522876501083 -0.008115379139780995 -0.003920151386409998
v 0.021043291315436363 -0.008191824890673157 -0.0039807530120015144
v 0.02101895771920681 -0.008149993605911728 -0.004131179768592119
v 0.021043291315436363 -0.008191824890673157 -0.0039807530120015144
v 0.021081233397126198 -0.008229125291109082 -0.004028986673802137
v 0.019258277490735054 -0.006337544415146111 -0.008318043313920498
v 0.017126426100730896 -0.004235196392983196 -0.00857966486364603
v 0.01929544471204281 -0.006277413107454775 -0.007159022614359856
v 0.01929544471204281 -0.006277413107454775 -0.007159022614359856
v 0.017126426100730896 -0.004235196392983196 -0.00857966486364603
v 0.017171118408441544 -0.004159973002970217 -0.007289833389222622
v 0.01929544471204281 -0.006277413107454775 -0.007159022614359856
v 0.017171118408441544 -0.004159973002970217 -0.007289833389222622
v 0.019307784736156464 -0.006257453467696903 -0.006000001914799213
v 0.019307784736156464 -0.006257453467696903 -0.006000001914799213
v 0.017171118408441544 -0.004159973002970217 -0.007289833389222622
v 0.017185941338539124 -0.004135025199502705 -0.006000001914799213
v 0.019307784736156464 -0.006257453467696903 -0.006000001914799213
v 0.017185941338539124 -0.004135025199502705 -0.006000001914799213
v 0.01929544471204281 -0.006277413107454775 -0.004840980749577284
v 0.01929544471204281 -0.006277413107454775 -0.004840980749577284
v 0.017185941338539124 -0.004135025199502705 -0.006000001914799213
v 0.017171118408441544 -0.004159973002970217 -0.004710169974714518
v 0.01929544471204281 -0.006277413107454775 -0.004840980749577284
v 0.017171118408441544 -0.004159973002970217 -0.004710169974714518
v 0.019258277490735054 -0.006337544415146111 -0.0036819600500166416
v 0.019258277490735054 -0.006337544415146111 -0.0036819600500166416
v 0.017171118408441544 -0.004159973002970217 -0.004710169974714518
v 0.017126426100730896 -0.004235196392983196 -0.0034203382674604654
v 0.020852312445640564 -0.007991524413228032 -0.003886036342009902
v 0.02101895771920681 -0.008149993605911728 -0.004131179768592119
v 0.01929544471204281 -0.006277413107454775 -0.004840980749577284
v 0.01929544471204281 -0.006277413107454775 -0.004840980749577284
v 0.02101895771920681 -0.008149993605911728 -0.004131179768592119
v 0.021174103021621704 -0.008301564492285248 -0.004370851907879114
v 0.01929544471204281 -0.006277413107454775 -0.004840980749577284
v 0.021174103021621704 -0.008301564492285248 -0.004370851907879114
v 0.019307784736156464 -0.006257453467696903 -0.006000001914799213
v 0.019307784736156464 -0.006257453467696903 -0.006000001914799213
v 0.021174103021621704 -0.008301564492285248 -0.004370851907879114
v 0.021200289949774742 -0.008263344876468178 -0.006000002846121788
v 0.019307784736156464 -0.006257453467696903 -0.006000001914799213
v 0.021200289949774742 -0.008263344876468178 -0.006000002846121788
v 0.01929544471204281 -0.006277413107454775 -0.007159022614359856
v 0.01929544471204281 -0.006277413107454775 -0.007159022614359856
v 0.021200289949774742 -0.008263344876468178 -0.006000002846121788
v 0.021175963804125786 -0.008298854343593117 -0.007570400834083557
v 0.01929544471204281 -0.006277413107454775 -0.007159022614359856
v 0.021175963804125786 -0.008298854343593117 -0.007570400834083557
v 0.021174101158976555 -0.008301566354930397 -0.007629185449331999
v 0.019258277490735054 -0.006337544415146111 -0.0036819600500166416
v 0.01902722381055355 -0.006146514788269995 -0.0034374999813735485
v 0.01895705796778202 -0.006220285780727862 -0.003111138939857483
v 0.018571635708212852 -0.010288519784808155 -0.000878003251273185
v 0.018753835931420326 -0.01040116790682077 -0.0009445062023587525
v 0.01927940919995308 -0.009725718759000298 -0.0012962933396920562
v 0.020817186683416367 -0.007981472648680207 -0.0037406301125884056
v 0.01998441107571125 -0.007112076040357349 -0.0035919055808335543
v 0.0199112668633461 -0.007163750007748601 -0.003296338487416506
v 0.0208269190043211 -0.007980910129845139 -0.0037826935295015574
v 0.020852312445640564 -0.007991524413228032 -0.003886036342009902
v 0.019258277490735054 -0.006337544415146111 -0.0036819600500166416
v 0.020817186683416367 -0.007981472648680207 -0.0037406301125884056
v 0.0199112668633461 -0.007163750007748601 -0.003296338487416506
v 0.020695898681879044 -0.008060920052230355 -0.003325355937704444
v 0.020695898681879044 -0.008060920052230355 -0.003325355937704444
v 0.0199112668633461 -0.007163750007748601 -0.003296338487416506
v 0.019774360582232475 -0.007305638864636419 -0.002902027452364564
v 0.020695898681879044 -0.008060920052230355 -0.003325355937704444
v 0.019774360582232475 -0.007305638864636419 -0.002902027452364564
v 0.02061896026134491 -0.008133460767567154 -0.0031233644112944603
v 0.02061896026134491 -0.008133460767567154 -0.0031233644112944603
v 0.019774360582232475 -0.007305638864636419 -0.002902027452364564
v 0.019556712359189987 -0.007563343737274406 -0.0024363696575164795
v 0.02061896026134491 -0.008133460767567154 -0.0031233644112944603
v 0.019556712359189987 -0.007563343737274406 -0.0024363696575164795
v 0.020413106307387352 -0.008351609110832211 -0.002686985768377781
v 0.020413106307387352 -0.008351609110832211 -0.002686985768377781
v 0.019556712359189987 -0.007563343737274406 -0.0024363696575164795
v 0.019249796867370605 -0.007950977422296997 -0.001937006483785808
v 0.020413106307387352 -0.008351609110832211 -0.002686985768377781
v 0.019249796867370605 -0.007950977422296997 -0.001937006483785808
v 0.020120680332183838 -0.008688121102750298 -0.002209173981100321
v 0.018853923305869102 -0.008470124565064904 -0.001445919624529779
v 0.01974037103354931 -0.00914826616644859 -0.0017312801210209727
v 0.019249796867370605 -0.007950977422296997 -0.001937006483785808
v 0.019249796867370605 -0.007950977422296997 -0.001937006483785808
v 0.01974037103354931 -0.00914826616644859 -0.0017312801210209727
v 0.020019616931676865 -0.008808473125100132 -0.00206913729198277
v 0.019249796867370605 -0.007950977422296997 -0.001937006483785808
v 0.020019616931676865 -0.008808473125100132 -0.00206913729198277
v 0.020120680332183838 -0.008688121102750298 -0.002209173981100321
v 0.017843147739768028 -0.00984051916748285 -0.0006427688640542328
v 0.018571635708212852 -0.010288519784808155 -0.000878003251273185
v 0.018378643319010735 -0.009108820930123326 -0.0010035251034423709
v 0.018378643319010735 -0.009108820930123326 -0.0010035251034423709
v 0.018571635708212852 -0.010288519784808155 -0.000878003251273185
v 0.01927940919995308 -0.009725718759000298 -0.0012962933396920562
v 0.018378643319010735 -0.009108820930123326 -0.0010035251034423709
v 0.01927940919995308 -0.009725718759000298 -0.0012962933396920562
v 0.018853923305869102 -0.008470124565064904 -0.001445919624529779
v 0.018853923305869102 -0.008470124565064904 -0.001445919624529779
v 0.01927940919995308 -0.009725718759000298 -0.0012962933396920562
v 0.019450392574071884 -0.00950956158339977 -0.0014421961968764663
v 0.018853923305869102 -0.008470124565064904 -0.001445919624529779
v 0.019450392574071884 -0.00950956158339977 -0.0014421961968764663
v 0.01974037103354931 -0.00914826616644859 -0.0017312801210209727
v 0.014834869652986526 -0.00801628082990646 -1.6046986274886876e-05
v 0.01581641286611557 -0.00860875844955444 -0.00017609709175303578
v 0.01636308990418911 -0.007753412239253518 -0.0005367596750147641
v 0.016658974811434746 -0.005007083527743815 -0.0018095801351591945
v 0.016285410150885582 -0.00562322326004505 -0.001236733398400247
v 0.017276665195822716 -0.006332299672067164 -0.0014699323801323771
v 0.017276665195822716 -0.006332299672067164 -0.0014699323801323771
v 0.016285410150885582 -0.00562322326004505 -0.001236733398400247
v 0.015892883762717247 -0.006270695012062786 -0.0007945786346681416
v 0.017276665195822716 -0.006332299672067164 -0.0014699323801323771
v 0.015892883762717247 -0.006270695012062786 -0.0007945786346681416
v 0.016858240589499474 -0.006981232669204471 -0.0009736663778312504
v 0.016858240589499474 -0.006981232669204471 -0.0009736663778312504
v 0.015892883762717247 -0.006270695012062786 -0.0007945786346681416
v 0.01569685898721218 -0.006594077683985231 -0.0006137684104032815
v 0.016858240589499474 -0.006981232669204471 -0.0009736663778312504
v 0.01569685898721218 -0.006594077683985231 -0.0006137684104032815
v 0.01636308990418911 -0.007753412239253518 -0.0005367596750147641
v 0.01636308990418911 -0.007753412239253518 -0.0005367596750147641
v 0.01569685898721218 -0.006594077683985231 -0.0006137684104032815
v 0.015387555584311485 -0.007104373071342704 -0.0003683476825244725
v 0.01636308990418911 -0.007753412239253518 -0.0005367596750147641
v 0.015387555584311485 -0.007104373071342704 -0.0003683476825244725
v 0.014834869652986526 -0.00801628082990646 -1.6046986274886876e-05
v 0.016896087676286697 -0.004615960642695425 -0.002323322230949998
v 0.016730865463614464 -0.004888505209237335 -0.0019474014407023787
v 0.018818562850356102 -0.006396077107638119 -0.0026893457397818565
v 0.018818562850356102 -0.006396077107638119 -0.0026893457397818565
v 0.016730865463614464 -0.004888505209237335 -0.0019474014407023787
v 0.018594760447740555 -0.006700736936181781 -0.0022018554154783487
v 0.016896087676286697 -0.004615960642695425 -0.002323322230949998
v 0.018818562850356102 -0.006396077107638119 -0.0026893457397818565
v 0.01699507236480713 -0.004452619701623915 -0.0026168585754930973
v 0.01699507236480713 -0.004452619701623915 -0.0026168585754930973
v 0.018818562850356102 -0.006396077107638119 -0.0026893457397818565
v 0.01895705796778202 -0.006220285780727862 -0.003111138939857483
v 0.01699507236480713 -0.004452619701623915 -0.0026168585754930973
v 0.01895705796778202 -0.006220285780727862 -0.003111138939857483
v 0.017039313912391663 -0.00437956443056464 -0.0027825073339045048
v 0.017039313912391663 -0.00437956443056464 -0.0027825073339045048
v 0.01895705796778202 -0.006220285780727862 -0.003111138939857483
v 0.01902722381055355 -0.006146514788269995 -0.0034374999813735485
v 0.017039313912391663 -0.00437956443056464 -0.0027825073339045048
v 0.01902722381055355 -0.006146514788269995 -0.0034374999813735485
v 0.017107408493757248 -0.004266934003680943 -0.0031637216452509165
v 0.017107408493757248 -0.004266934003680943 -0.0031637216452509165
v 0.01902722381055355 -0.006146514788269995 -0.0034374999813735485
v 0.019258277490735054 -0.006337544415146111 -0.0036819600500166416
v 0.017107408493757248 -0.004266934003680943 -0.0031637216452509165
v 0.019258277490735054 -0.006337544415146111 -0.0036819600500166416
v 0.017126426100730896 -0.004235196392983196 -0.0034203382674604654
v 0.016730865463614464 -0.004888505209237335 -0.0019474014407023787
v 0.016658974811434746 -0.005007083527743815 -0.0018095801351591945
v 0.018594760447740555 -0.006700736936181781 -0.0022018554154783487
v 0.018594760447740555 -0.006700736936181781 -0.0022018554154783487
v 0.016658974811434746 -0.005007083527743815 -0.0018095801351591945
v 0.017276665195822716 -0.006332299672067164 -0.0014699323801323771
v 0.018594760447740555 -0.006700736936181781 -0.0022018554154783487
v 0.017276665195822716 -0.006332299672067164 -0.0014699323801323771
v 0.01827830635011196 -0.007146714255213735 -0.0016885161167010665
v 0.01827830635011196 -0.007146714255213735 -0.0016885161167010665
v 0.017276665195822716 -0.006332299672067164 -0.0014699323801323771
v 0.016858240589499474 -0.006981232669204471 -0.0009736663778312504
v 0.01827830635011196 -0.007146714255213735 -0.0016885161167010665
v 0.016858240589499474 -0.006981232669204471 -0.0009736663778312504
v 0.01787160523235798 -0.007731651887297628 -0.0011917356168851256
v 0.01787160523235798 -0.007731651887297628 -0.0011917356168851256
v 0.016858240589499474 -0.006981232669204471 -0.0009736663778312504
v 0.01636308990418911 -0.007753412239253518 -0.0005367596750147641
v 0.01787160523235798 -0.007731651887297628 -0.0011917356168851256
v 0.01636308990418911 -0.007753412239253518 -0.0005367596750147641
v 0.01738686114549637 -0.008437946438789364 -0.0007489307899959385
v 0.01738686114549637 -0.008437946438789364 -0.0007489307899959385
v 0.01636308990418911 -0.007753412239253518 -0.0005367596750147641
v 0.01581641286611557 -0.00860875844955444 -0.00017609709175303578
v 0.01738686114549637 -0.008437946438789364 -0.0007489307899959385
v 0.01581641286611557 -0.00860875844955444 -0.00017609709175303578
v 0.016846224665641785 -0.009232363663613793 -0.000384973653126508
v 0.016846224665641785 -0.009232363663613793 -0.000384973653126508
v 0.017843147739768028 -0.00984051916748285 -0.0006427688640542328
v 0.01738686114549637 -0.008437946438789364 -0.0007489307899959385
v 0.01738686114549637 -0.008437946438789364 -0.0007489307899959385
v 0.017843147739768028 -0.00984051916748285 -0.0006427688640542328
v 0.018378643319010735 -0.009108820930123326 -0.0010035251034423709
v 0.01738686114549637 -0.008437946438789364 -0.0007489307899959385
v 0.018378643319010735 -0.009108820930123326 -0.0010035251034423709
v 0.01787160523235798 -0.007731651887297628 -0.0011917356168851256
v 0.01787160523235798 -0.007731651887297628 -0.0011917356168851256
v 0.018378643319010735 -0.009108820930123326 -0.0010035251034423709
v 0.018853923305869102 -0.008470124565064904 -0.001445919624529779
v 0.01787160523235798 -0.007731651887297628 -0.0011917356168851256
v 0.018853923305869102 -0.008470124565064904 -0.001445919624529779
v 0.01827830635011196 -0.007146714255213735 -0.0016885161167010665
v 0.01827830635011196 -0.007146714255213735 -0.0016885161167010665
v 0.018853923305869102 -0.008470124565064904 -0.001445919624529779
v 0.019249796867370605 -0.007950977422296997 -0.001937006483785808
v 0.01827830635011196 -0.007146714255213735 -0.0016885161167010665
v 0.019249796867370605 -0.007950977422296997 -0.001937006483785808
v 0.018594760447740555 -0.006700736936181781 -0.0022018554154783487
v 0.018594760447740555 -0.006700736936181781 -0.0022018554154783487
v 0.019249796867370605 -0.007950977422296997 -0.001937006483785808
v 0.019556712359189987 -0.007563343737274406 -0.0024363696575164795
v 0.018594760447740555 -0.006700736936181781 -0.0022018554154783487
v 0.019556712359189987 -0.007563343737274406 -0.0024363696575164795
v 0.018818562850356102 -0.006396077107638119 -0.0026893457397818565
v 0.018818562850356102 -0.006396077107638119 -0.0026893457397818565
v 0.019556712359189987 -0.007563343737274406 -0.0024363696575164795
v 0.019774360582232475 -0.007305638864636419 -0.002902027452364564
v 0.018818562850356102 -0.006396077107638119 -0.0026893457397818565
v 0.019774360582232475 -0.007305638864636419 -0.002902027452364564
v 0.01895705796778202 -0.006220285780727862 -0.003111138939857483
v 0.01895705796778202 -0.006220285780727862 -0.003111138939857483
v 0.019774360582232475 -0.007305638864636419 -0.002902027452364564
v 0.0199112668633461 -0.007163750007748601 -0.003296338487416506
v 0.01895705796778202 -0.006220285780727862 -0.003111138939857483
v 0.0199112668633461 -0.007163750007748601 -0.003296338487416506
v 0.019258277490735054 -0.006337544415146111 -0.0036819600500166416
v 0.019258277490735054 -0.006337544415146111 -0.0036819600500166416
v 0.0199112668633461 -0.007163750007748601 -0.003296338487416506
v 0.01998441107571125 -0.007112076040357349 -0.0035919055808335543
v 0.019258277490735054 -0.006337544415146111 -0.0036819600500166416
v 0.01998441107571125 -0.007112076040357349 -0.0035919055808335543
v 0.0208269190043211 -0.007980910129845139 -0.0037826935295015574
v 0.0208269190043211 -0.007980910129845139 -0.0037826935295015574
v 0.01998441107571125 -0.007112076040357349 -0.0035919055808335543
v 0.020817186683416367 -0.007981472648680207 -0.0037406301125884056
v 0.00876940693706274 -0.006508254911750553 0.0009014468523673713
v 0.008534747175872326 -0.006912322249263522 0.0009202157962135971
v 0.00978092197328806 -0.007882556878030297 0.000762066978495568
v 0.013822613283991814 -0.009686497040092942 0.00023131415946409106
v 0.014088742434978485 -0.009247396141290661 0.00020445621339604259
v 0.013264323584735394 -0.008799601346254345 0.00031686126021668315
v 0.014608844183385372 -0.008389224298298355 9.224394307238981e-05
v 0.014834869652986526 -0.00801628082990646 -1.6046986274886876e-05
v 0.013731522485613823 -0.0080336220562458 0.00022246054140850902
v 0.013731522485613823 -0.0080336220562458 0.00022246054140850902
v 0.014834869652986526 -0.00801628082990646 -1.6046986274886876e-05
v 0.014058295637369156 -0.0075379433110356305 9.47766748140566e-05
v 0.013731522485613823 -0.0080336220562458 0.00022246054140850902
v 0.014058295637369156 -0.0075379433110356305 9.47766748140566e-05
v 0.012521953321993351 -0.006536459084600208 0.00030899810371920466
v 0.013822613283991814 -0.009686497040092942 0.00023131415946409106
v 0.013264323584735394 -0.008799601346254345 0.00031686126021668315
v 0.013501444831490517 -0.01021644193679094 0.0002460458199493587
v 0.013501444831490517 -0.01021644193679094 0.0002460458199493587
v 0.013264323584735394 -0.008799601346254345 0.00031686126021668315
v 0.012684118002653122 -0.009761215187609192 0.00036371982423588634
v 0.013501444831490517 -0.01021644193679094 0.0002460458199493587
v 0.012684118002653122 -0.009761215187609192 0.00036371982423588634
v 0.013497822917997837 -0.010222418233752247 0.00024609797401353717
v 0.013497822917997837 -0.010222418233752247 0.00024609797401353717
v 0.012684118002653122 -0.009761215187609192 0.00036371982423588634
v 0.011879602447152138 -0.010482375510036942 0.0003686828422360122
v 0.013497822917997837 -0.010222418233752247 0.00024609797401353717
v 0.011879602447152138 -0.010482375510036942 0.0003686828422360122
v 0.012953863479197025 -0.011119970120489594 0.00021265418035909534
v 0.010329012759029865 -0.006962534505873916 0.0007037601317279041
v 0.009056483395397663 -0.006027143914252518 0.0008597426931373775
v 0.00876940693706274 -0.006508254911750553 0.0009014468523673713
v 0.00876940693706274 -0.006508254911750553 0.0009014468523673713
v 0.00978092197328806 -0.007882556878030297 0.000762066978495568
v 0.010329012759029865 -0.006962534505873916 0.0007037601317279041
v 0.010329012759029865 -0.006962534505873916 0.0007037601317279041
v 0.00978092197328806 -0.007882556878030297 0.000762066978495568
v 0.011244786903262138 -0.008881958201527592 0.000564928341191262
v 0.010329012759029865 -0.006962534505873916 0.0007037601317279041
v 0.011244786903262138 -0.008881958201527592 0.000564928341191262
v 0.011811171658337116 -0.007937760092318055 0.0005113474908284843
v 0.014088742434978485 -0.009247396141290661 0.00020445621339604259
v 0.014608844183385372 -0.008389224298298355 9.224394307238981e-05
v 0.013264323584735394 -0.008799601346254345 0.00031686126021668315
v 0.013264323584735394 -0.008799601346254345 0.00031686126021668315
v 0.014608844183385372 -0.008389224298298355 9.224394307238981e-05
v 0.013731522485613823 -0.0080336220562458 0.00022246054140850902
v 0.013264323584735394 -0.008799601346254345 0.00031686126021668315
v 0.013731522485613823 -0.0080336220562458 0.00022246054140850902
v 0.012296641245484352 -0.007144853007048366 0.0004107111017219722
v 0.012296641245484352 -0.007144853007048366 0.0004107111017219722
v 0.013731522485613823 -0.0080336220562458 0.00022246054140850902
v 0.012521953321993351 -0.006536459084600208 0.00030899810371920466
v 0.012296641245484352 -0.007144853007048366 0.0004107111017219722
v 0.012521953321993351 -0.006536459084600208 0.00030899810371920466
v 0.010826954618096352 -0.006151851266622542 0.0005989025230519474
v 0.010826954618096352 -0.006151851266622542 0.0005989025230519474
v 0.012521953321993351 -0.006536459084600208 0.00030899810371920466
v 0.011319023557007313 -0.005698232445865868 0.0004722254234366119
v 0.010826954618096352 -0.006151851266622542 0.0005989025230519474
v 0.011319023557007313 -0.005698232445865868 0.0004722254234366119
v 0.009745819494128227 -0.004910563584417103 0.0007037824834696949
v 0.009745819494128227 -0.004910563584417103 0.0007037824834696949
v 0.011319023557007313 -0.005698232445865868 0.0004722254234366119
v 0.009913180954754353 -0.004645441658794878 0.000655207026284188
v 0.010732202790677547 -0.00975729618221521 0.0005310533451847732
v 0.011244786903262138 -0.008881958201527592 0.000564928341191262
v 0.009860815480351448 -0.009160678833723065 0.0006521234172396362
v 0.009860815480351448 -0.009160678833723065 0.0006521234172396362
v 0.011244786903262138 -0.008881958201527592 0.000564928341191262
v 0.00978092197328806 -0.007882556878030297 0.000762066978495568
v 0.009860815480351448 -0.009160678833723065 0.0006521234172396362
v 0.00978092197328806 -0.007882556878030297 0.000762066978495568
v 0.009290092624723911 -0.008738745003938671 0.0007300727884285152
v 0.009290092624723911 -0.008738745003938671 0.0007300727884285152
v 0.00978092197328806 -0.007882556878030297 0.000762066978495568
v 0.008534747175872326 -0.006912322249263522 0.0009202157962135971
v 0.009290092624723911 -0.008738745003938671 0.0007300727884285152
v 0.008534747175872326 -0.006912322249263522 0.0009202157962135971
v 0.00807388685643673 -0.0077386968769133065 0.0008890388417057693
v 0.009745819494128227 -0.004910563584417103 0.0007037824834696949
v 0.009056483395397663 -0.006027143914252518 0.0008597426931373775
v 0.010826954618096352 -0.006151851266622542 0.0005989025230519474
v 0.010826954618096352 -0.006151851266622542 0.0005989025230519474
v 0.009056483395397663 -0.006027143914252518 0.0008597426931373775
v 0.010329012759029865 -0.006962534505873916 0.0007037601317279041
v 0.010826954618096352 -0.006151851266622542 0.0005989025230519474
v 0.010329012759029865 -0.006962534505873916 0.0007037601317279041
v 0.012296641245484352 -0.007144853007048366 0.0004107111017219722
v 0.012296641245484352 -0.007144853007048366 0.0004107111017219722
v 0.010329012759029865 -0.006962534505873916 0.0007037601317279041
v 0.011811171658337116 -0.007937760092318055 0.0005113474908284843
v 0.012296641245484352 -0.007144853007048366 0.0004107111017219722
v 0.011811171658337116 -0.007937760092318055 0.0005113474908284843
v 0.013264323584735394 -0.008799601346254345 0.00031686126021668315
v 0.013264323584735394 -0.008799601346254345 0.00031686126021668315
v 0.011811171658337116 -0.007937760092318055 0.0005113474908284843
v 0.011244786903262138 -0.008881958201527592 0.000564928341191262
v 0.013264323584735394 -0.008799601346254345 0.00031686126021668315
v 0.011244786903262138 -0.008881958201527592 0.000564928341191262
v 0.012684118002653122 -0.009761215187609192 0.00036371982423588634
v 0.012684118002653122 -0.009761215187609192 0.00036371982423588634
v 0.011244786903262138 -0.008881958201527592 0.000564928341191262
v 0.010732202790677547 -0.00975729618221521 0.0005310533451847732
v 0.012684118002653122 -0.009761215187609192 0.00036371982423588634
v 0.010732202790677547 -0.00975729618221521 0.0005310533451847732
v 0.011879602447152138 -0.010482375510036942 0.0003686828422360122
v 0.006298117805272341 -0.010976656340062615 -0.0015549681847915053
v 0.006474081892520189 -0.01065664459019899 -0.0009335268405266106
v 0.005135616287589073 -0.009486399590969082 -0.0007064592209644616
v 0.004153599496930838 -0.009569712914526459 -0.00223497673869133
v 0.004286265466362238 -0.00931865721940994 -0.001424490357749164
v 0.0036441802512854338 -0.008806666359305378 -0.0015889228088781238
v 0.003446602961048484 -0.00917315017431974 -0.00390449701808393
v 0.0037037921138107777 -0.009458380751311776 -0.00390449701808393
v 0.003492852207273245 -0.009103551506996151 -0.0030456269159913063
v 0.003492852207273245 -0.009103551506996151 -0.0030456269159913063
v 0.0037037921138107777 -0.009458380751311776 -0.00390449701808393
v 0.004065545741468668 -0.00971142295747995 -0.0030695260502398014
v 0.003492852207273245 -0.009103551506996151 -0.0030456269159913063
v 0.004065545741468668 -0.00971142295747995 -0.0030695260502398014
v 0.003530462272465229 -0.009039008058607575 -0.0025657308287918568
v 0.003530462272465229 -0.009039008058607575 -0.0025657308287918568
v 0.004065545741468668 -0.00971142295747995 -0.0030695260502398014
v 0.004153599496930838 -0.009569712914526459 -0.00223497673869133
v 0.003530462272465229 -0.009039008058607575 -0.0025657308287918568
v 0.004153599496930838 -0.009569712914526459 -0.00223497673869133
v 0.0035664094612002373 -0.008971069939434525 -0.0022012663539499044
v 0.0035664094612002373 -0.008971069939434525 -0.0022012663539499044
v 0.004153599496930838 -0.009569712914526459 -0.00223497673869133
v 0.0036441802512854338 -0.008806666359305378 -0.0015889228088781238
v 0.004695324692875147 -0.010298458859324452 -0.00309547851793468
v 0.006066565401852131 -0.011391724459826943 -0.003149315482005477
v 0.0061003677546978 -0.011332471854984757 -0.0027623395435512066
v 0.004695324692875147 -0.010298458859324452 -0.00309547851793468
v 0.0061003677546978 -0.011332471854984757 -0.0027623395435512066
v 0.004787544719874859 -0.010151887312531468 -0.0022720261476933956
v 0.0061003677546978 -0.011332471854984757 -0.0027623395435512066
v 0.0061492002569139 -0.011245501227676865 -0.0023592922370880842
v 0.004787544719874859 -0.010151887312531468 -0.0022720261476933956
v 0.004787544719874859 -0.010151887312531468 -0.0022720261476933956
v 0.0061492002569139 -0.011245501227676865 -0.0023592922370880842
v 0.0062453895807266235 -0.011072183027863499 -0.0017958268290385604
v 0.004787544719874859 -0.010151887312531468 -0.0022720261476933956
v 0.0062453895807266235 -0.011072183027863499 -0.0017958268290385604
v 0.00493372930213809 -0.009888645261526104 -0.0014629143988713622
v 0.006030628923326731 -0.007328202482312915 0.000870001211296767
v 0.005858168937265873 -0.007790438830852506 0.0007021130877546966
v 0.0074202860705554485 -0.008930576033890244 0.0005902505363337696
v 0.00807388685643673 -0.0077386968769133065 0.0008890388417057693
v 0.006820759270340204 -0.0066588954068720315 0.0010328917996957898
v 0.00784529559314251 -0.008155592717230317 0.0008260409231297672
v 0.00784529559314251 -0.008155592717230317 0.0008260409231297672
v 0.006820759270340204 -0.0066588954068720315 0.0010328917996957898
v 0.00620758393779397 -0.006826148834079501 0.0009943704353645444
v 0.00784529559314251 -0.008155592717230317 0.0008260409231297672
v 0.00620758393779397 -0.006826148834079501 0.0009943704353645444
v 0.007639377377927303 -0.008531051687896248 0.0007338325376622379
v 0.007639377377927303 -0.008531051687896248 0.0007338325376622379
v 0.00620758393779397 -0.006826148834079501 0.0009943704353645444
v 0.006030628923326731 -0.007328202482312915 0.000870001211296767
v 0.007639377377927303 -0.008531051687896248 0.0007338325376622379
v 0.006030628923326731 -0.007328202482312915 0.000870001211296767
v 0.0075238170102238655 -0.008741766214370724 0.0006645267712883651
v 0.0075238170102238655 -0.008741766214370724 0.0006645267712883651
v 0.006030628923326731 -0.007328202482312915 0.000870001211296767
v 0.0074202860705554485 -0.008930576033890244 0.0005902505363337696
v 0.004731726832687855 -0.010438696481287476 -0.0039044953882694244
v 0.006027495954185724 -0.011457828804850575 -0.003904489101842046
v 0.004695324692875147 -0.010298458859324452 -0.00309547851793468
v 0.004695324692875147 -0.010298458859324452 -0.00309547851793468
v 0.006027495954185724 -0.011457828804850575 -0.003904489101842046
v 0.006066227797418833 -0.01139231119304895 -0.0031539739575237036
v 0.004695324692875147 -0.010298458859324452 -0.00309547851793468
v 0.006066227797418833 -0.01139231119304895 -0.0031539739575237036
v 0.006066565401852131 -0.011391724459826943 -0.003149315482005477
v 0.0037037921138107777 -0.009458380751311776 -0.00390449701808393
v 0.004731726832687855 -0.010438696481287476 -0.0039044953882694244
v 0.004065545741468668 -0.00971142295747995 -0.0030695260502398014
v 0.004065545741468668 -0.00971142295747995 -0.0030695260502398014
v 0.004731726832687855 -0.010438696481287476 -0.0039044953882694244
v 0.004695324692875147 -0.010298458859324452 -0.00309547851793468
v 0.004065545741468668 -0.00971142295747995 -0.0030695260502398014
v 0.004695324692875147 -0.010298458859324452 -0.00309547851793468
v 0.004153599496930838 -0.009569712914526459 -0.00223497673869133
v 0.004153599496930838 -0.009569712914526459 -0.00223497673869133
v 0.004695324692875147 -0.010298458859324452 -0.00309547851793468
v 0.004787544719874859 -0.010151887312531468 -0.0022720261476933956
v 0.004153599496930838 -0.009569712914526459 -0.00223497673869133
v 0.004787544719874859 -0.010151887312531468 -0.0022720261476933956
v 0.004286265466362238 -0.00931865721940994 -0.001424490357749164
v 0.004286265466362238 -0.00931865721940994 -0.001424490357749164
v 0.004787544719874859 -0.010151887312531468 -0.0022720261476933956
v 0.00493372930213809 -0.009888645261526104 -0.0014629143988713622
v 0.004286265466362238 -0.00931865721940994 -0.001424490357749164
v 0.00493372930213809 -0.009888645261526104 -0.0014629143988713622
v 0.004464528989046812 -0.008929516188800331 -0.000669868488330394
v 0.005135616287589073 -0.009486399590969082 -0.0007064592209644616
v 0.006474081892520189 -0.01065664459019899 -0.0009335268405266106
v 0.00525678601115942 -0.009228321723639962 -0.0003605981473810971
v 0.00525678601115942 -0.009228321723639962 -0.0003605981473810971
v 0.006474081892520189 -0.01065664459019899 -0.0009335268405266106
v 0.006689057685434818 -0.010264672338962551 -0.00039466918678954244
v 0.00525678601115942 -0.009228321723639962 -0.0003605981473810971
v 0.006689057685434818 -0.010264672338962551 -0.00039466918678954244
v 0.0053906673565506935 -0.008930424228310582 -4.272006481187418e-05
v 0.0053906673565506935 -0.008930424228310582 -4.272006481187418e-05
v 0.006689057685434818 -0.010264672338962551 -0.00039466918678954244
v 0.006836226209998131 -0.009996141307055947 -0.0001119871812989004
v 0.0053906673565506935 -0.008930424228310582 -4.272006481187418e-05
v 0.006836226209998131 -0.009996141307055947 -0.0001119871812989004
v 0.005536381620913744 -0.008591755293309685 0.00024282996309921145
v 0.005536381620913744 -0.008591755293309685 0.00024282996309921145
v 0.006836226209998131 -0.009996141307055947 -0.0001119871812989004
v 0.007003854960203171 -0.00969024188816547 0.00014866673154756427
v 0.005536381620913744 -0.008591755293309685 0.00024282996309921145
v 0.007003854960203171 -0.00969024188816547 0.00014866673154756427
v 0.005692745093256235 -0.008211783133447167 0.0004921967047266662
v 0.005692745093256235 -0.008211783133447167 0.0004921967047266662
v 0.007003854960203171 -0.00969024188816547 0.00014866673154756427
v 0.007077945861965418 -0.009555052965879437 0.00024666142417117953
v 0.005692745093256235 -0.008211783133447167 0.0004921967047266662
v 0.007077945861965418 -0.009555052965879437 0.00024666142417117953
v 0.005858168937265873 -0.007790438830852506 0.0007021130877546966
v 0.005858168937265873 -0.007790438830852506 0.0007021130877546966
v 0.007077945861965418 -0.009555052965879437 0.00024666142417117953
v 0.007403693627566099 -0.008960829116404053 0.0005772008444182575
v 0.005858168937265873 -0.007790438830852506 0.0007021130877546966
v 0.007403693627566099 -0.008960829116404053 0.0005772008444182575
v 0.0074202860705554485 -0.008930576033890244 0.0005902505363337696
v 0.003977934364229441 -0.007889434695243832 -5.028985469834879e-05
v 0.0038199457339942455 -0.00836335681378841 -0.0006416480173356831
v 0.004464528989046812 -0.008929516188800331 -0.000669868488330394
v 0.004464528989046812 -0.008929516188800331 -0.000669868488330394
v 0.0038199457339942455 -0.00836335681378841 -0.0006416480173356831
v 0.0037911259569227695 -0.008442261256277558 -0.0007708066259510815
v 0.004464528989046812 -0.008929516188800331 -0.000669868488330394
v 0.0037911259569227695 -0.008442261256277558 -0.0007708066259510815
v 0.004286265466362238 -0.00931865721940994 -0.001424490357749164
v 0.004286265466362238 -0.00931865721940994 -0.001424490357749164
v 0.0037911259569227695 -0.008442261256277558 -0.0007708066259510815
v 0.003674645908176899 -0.008736560121178624 -0.0013914307346567512
v 0.004286265466362238 -0.00931865721940994 -0.001424490357749164
v 0.003674645908176899 -0.008736560121178624 -0.0013914307346567512
v 0.0036441802512854338 -0.008806666359305378 -0.0015889228088781238
v 0.006820759270340204 -0.0066588954068720315 0.0010328917996957898
v 0.004666145890951157 -0.00483786081895232 0.0012133658165112138
v 0.00620758393779397 -0.006826148834079501 0.0009943704353645444
v 0.00620758393779397 -0.006826148834079501 0.0009943704353645444
v 0.004666145890951157 -0.00483786081895232 0.0012133658165112138
v 0.004551165737211704 -0.005494250450283287 0.001112274476327002
v 0.00620758393779397 -0.006826148834079501 0.0009943704353645444
v 0.004551165737211704 -0.005494250450283287 0.001112274476327002
v 0.006030628923326731 -0.007328202482312915 0.000870001211296767
v 0.006030628923326731 -0.007328202482312915 0.000870001211296767
v 0.004551165737211704 -0.005494250450283287 0.001112274476327002
v 0.004421680700033903 -0.0061472314409911615 0.0009499068255536258
v 0.006030628923326731 -0.007328202482312915 0.000870001211296767
v 0.004421680700033903 -0.0061472314409911615 0.0009499068255536258
v 0.005858168937265873 -0.007790438830852506 0.0007021130877546966
v 0.005858168937265873 -0.007790438830852506 0.0007021130877546966
v 0.004421680700033903 -0.0061472314409911615 0.0009499068255536258
v 0.004320484586060047 -0.006605501286685464 0.0007863027858547866
v 0.005858168937265873 -0.007790438830852506 0.0007021130877546966
v 0.004320484586060047 -0.006605501286685464 0.0007863027858547866
v 0.005692745093256235 -0.008211783133447167 0.0004921967047266662
v 0.005692745093256235 -0.008211783133447167 0.0004921967047266662
v 0.004320484586060047 -0.006605501286685464 0.0007863027858547866
v 0.004185790196061134 -0.0071556428447365735 0.0005144143360666931
v 0.005692745093256235 -0.008211783133447167 0.0004921967047266662
v 0.004185790196061134 -0.0071556428447365735 0.0005144143360666931
v 0.005536381620913744 -0.008591755293309685 0.00024282996309921145
v 0.005536381620913744 -0.008591755293309685 0.00024282996309921145
v 0.004185790196061134 -0.0071556428447365735 0.0005144143360666931
v 0.004101382102817297 -0.007469444070011375 0.0003087475779466331
v 0.005536381620913744 -0.008591755293309685 0.00024282996309921145
v 0.004101382102817297 -0.007469444070011375 0.0003087475779466331
v 0.0053906673565506935 -0.008930424228310582 -4.272006481187418e-05
v 0.0053906673565506935 -0.008930424228310582 -4.272006481187418e-05
v 0.004101382102817297 -0.007469444070011375 0.0003087475779466331
v 0.003977934364229441 -0.007889434695243832 -5.028985469834879e-05
v 0.0053906673565506935 -0.008930424228310582 -4.272006481187418e-05
v 0.003977934364229441 -0.007889434695243832 -5.028985469834879e-05
v 0.00525678601115942 -0.009228321723639962 -0.0003605981473810971
v 0.00525678601115942 -0.009228321723639962 -0.0003605981473810971
v 0.003977934364229441 -0.007889434695243832 -5.028985469834879e-05
v 0.004464528989046812 -0.008929516188800331 -0.000669868488330394
v 0.00525678601115942 -0.009228321723639962 -0.0003605981473810971
v 0.004464528989046812 -0.008929516188800331 -0.000669868488330394
v 0.005135616287589073 -0.009486399590969082 -0.0007064592209644616
v 0.005135616287589073 -0.009486399590969082 -0.0007064592209644616
v 0.004464528989046812 -0.008929516188800331 -0.000669868488330394
v 0.00493372930213809 -0.009888645261526104 -0.0014629143988713622
v 0.005135616287589073 -0.009486399590969082 -0.0007064592209644616
v 0.00493372930213809 -0.009888645261526104 -0.0014629143988713622
v 0.006298117805272341 -0.010976656340062615 -0.0015549681847915053
v 0.006298117805272341 -0.010976656340062615 -0.0015549681847915053
v 0.00493372930213809 -0.009888645261526104 -0.0014629143988713622
v 0.0062453895807266235 -0.011072183027863499 -0.0017958268290385604
v 0.015711376443505287 -0.015551473945379252 -0.007655003108084202
v 0.015456878580152988 -0.015505660325288767 -0.008053531870245934
v 0.015709104016423225 -0.015549430623650546 -0.007688261102885008
v 0.015709104016423225 -0.015549430623650546 -0.007688261102885008
v 0.015456878580152988 -0.015505660325288767 -0.008053531870245934
v 0.01562921144068241 -0.015531493350863452 -0.00789181049913168
v 0.015456878580152988 -0.015505660325288767 -0.008053531870245934
v 0.01560753583908081 -0.015590662136673922 -0.006000001449137926
v 0.015279512852430344 -0.015483458526432509 -0.008095507510006428
v 0.015279512852430344 -0.015483458526432509 -0.008095507510006428
v 0.01560753583908081 -0.015590662136673922 -0.006000001449137926
v 0.01439754106104374 -0.015415194444358344 -0.006000001449137926
v 0.012352937832474709 -0.014768926426768298 -0.008095558732748032
v 0.012929324060678482 -0.014958458021283145 -0.008095554076135159
v 0.012924926355481148 -0.015034455806016917 -0.006000001449137926
v 0.012924926355481148 -0.015034455806016917 -0.006000001449137926
v 0.012929324060678482 -0.014958458021283145 -0.008095554076135159
v 0.013597185723483562 -0.015151112340390677 -0.008095544762909412
v 0.012924926355481148 -0.015034455806016917 -0.006000001449137926
v 0.013597185723483562 -0.015151112340390677 -0.008095544762909412
v 0.01439754106104374 -0.015415194444358344 -0.006000001449137926
v 0.01439754106104374 -0.015415194444358344 -0.006000001449137926
v 0.013597185723483562 -0.015151112340390677 -0.008095544762909412
v 0.014394261874258518 -0.0153388250619173 -0.00809552799910307
v 0.01439754106104374 -0.015415194444358344 -0.006000001449137926
v 0.014394261874258518 -0.0153388250619173 -0.00809552799910307
v 0.015279512852430344 -0.015483458526432509 -0.008095507510006428
v 0.012352937832474709 -0.014768926426768298 -0.008095558732748032
v 0.012924926355481148 -0.015034455806016917 -0.006000001449137926
v 0.011774183250963688 -0.014558507129549975 -0.008095559664070606
v 0.011774183250963688 -0.014558507129549975 -0.008095559664070606
v 0.012924926355481148 -0.015034455806016917 -0.006000001449137926
v 0.011245873756706715 -0.014429531991481776 -0.006000001449137926
v 0.011774183250963688 -0.014558507129549975 -0.008095559664070606
v 0.011245873756706715 -0.014429531991481776 -0.006000001449137926
v 0.011256929486989975 -0.014354293234646315 -0.008095558732748032
v 0.007683338597416878 -0.01254999544471502 -0.00809552799910307
v 0.008617663756012917 -0.013088750652968878 -0.008095537312328815
v 0.009445078670978546 -0.013608220033347601 -0.006000001449137926
v 0.009445078670978546 -0.013608220033347601 -0.006000001449137926
v 0.008617663756012917 -0.013088750652968878 -0.008095537312328815
v 0.009462100453674793 -0.013533890247344965 -0.008095546625554562
v 0.009445078670978546 -0.013608220033347601 -0.006000001449137926
v 0.009462100453674793 -0.013533890247344965 -0.008095546625554562
v 0.011245873756706715 -0.014429531991481776 -0.006000001449137926
v 0.011245873756706715 -0.014429531991481776 -0.006000001449137926
v 0.009462100453674793 -0.013533890247344965 -0.008095546625554562
v 0.011046567000448704 -0.014267023652791972 -0.008095557801425457
v 0.011245873756706715 -0.014429531991481776 -0.006000001449137926
v 0.011046567000448704 -0.014267023652791972 -0.008095557801425457
v 0.011256929486989975 -0.014354293234646315 -0.008095558732748032
v 0.004731726832687855 -0.010438696481287476 -0.008095508441329002
v 0.006027495954185724 -0.011457828804850575 -0.00809551402926445
v 0.006043366156518459 -0.011560931801795956 -0.006000001449137926
v 0.0034025143831968307 -0.009235978126525875 -0.006000001914799213
v 0.003446602961048484 -0.00917315017431974 -0.008095506578683853
v 0.0037037921138107777 -0.009458380751311776 -0.008095506578683853
v 0.006027495954185724 -0.011457828804850575 -0.003904489101842046
v 0.004731726832687855 -0.010438696481287476 -0.0039044953882694244
v 0.00469700014218688 -0.010507007129490372 -0.006000001449137926
v 0.00469700014218688 -0.010507007129490372 -0.006000001449137926
v 0.004731726832687855 -0.010438696481287476 -0.0039044953882694244
v 0.0037037921138107777 -0.009458380751311776 -0.00390449701808393
v 0.00469700014218688 -0.010507007129490372 -0.006000001449137926
v 0.0037037921138107777 -0.009458380751311776 -0.00390449701808393
v 0.0036620383616536856 -0.00952267553657293 -0.006000001449137926
v 0.0036620383616536856 -0.00952267553657293 -0.006000001449137926
v 0.0037037921138107777 -0.009458380751311776 -0.00390449701808393
v 0.003446602961048484 -0.00917315017431974 -0.00390449701808393
v 0.0036620383616536856 -0.00952267553657293 -0.006000001449137926
v 0.003446602961048484 -0.00917315017431974 -0.00390449701808393
v 0.0034025143831968307 -0.009235978126525875 -0.006000001914799213
v 0.0034025143831968307 -0.009235978126525875 -0.006000001914799213
v 0.0037037921138107777 -0.009458380751311776 -0.008095506578683853
v 0.0036620383616536856 -0.00952267553657293 -0.006000001449137926
v 0.0036620383616536856 -0.00952267553657293 -0.006000001449137926
v 0.0037037921138107777 -0.009458380751311776 -0.008095506578683853
v 0.004731726832687855 -0.010438696481287476 -0.008095508441329002
v 0.0036620383616536856 -0.00952267553657293 -0.006000001449137926
v 0.004731726832687855 -0.010438696481287476 -0.008095508441329002
v 0.00469700014218688 -0.010507007129490372 -0.006000001449137926
v 0.00469700014218688 -0.010507007129490372 -0.006000001449137926
v 0.004731726832687855 -0.010438696481287476 -0.008095508441329002
v 0.006043366156518459 -0.011560931801795956 -0.006000001449137926
v 0.00469700014218688 -0.010507007129490372 -0.006000001449137926
v 0.006043366156518459 -0.011560931801795956 -0.006000001449137926
v 0.006027495954185724 -0.011457828804850575 -0.003904489101842046
v 0.008633008226752281 -0.013097184710204596 -0.0039044655859470367
v 0.007683338597416878 -0.01254999544471502 -0.00390447536483407
v 0.007660679053515196 -0.01262310519814491 -0.006000001449137926
v 0.007660679053515196 -0.01262310519814491 -0.006000001449137926
v 0.007683338597416878 -0.01254999544471502 -0.00390447536483407
v 0.0073306746780872345 -0.012333116494119164 -0.0039044786244630814
v 0.007660679053515196 -0.01262310519814491 -0.006000001449137926
v 0.0073306746780872345 -0.012333116494119164 -0.0039044786244630814
v 0.006043366156518459 -0.011560931801795956 -0.006000001449137926
v 0.006043366156518459 -0.011560931801795956 -0.006000001449137926
v 0.0073306746780872345 -0.012333116494119164 -0.0039044786244630814
v 0.006071798503398895 -0.011489723809063431 -0.003904488869011402
v 0.006043366156518459 -0.011560931801795956 -0.006000001449137926
v 0.006071798503398895 -0.011489723809063431 -0.003904488869011402
v 0.006027495954185724 -0.011457828804850575 -0.003904489101842046
v 0.009462100453674793 -0.013533890247344965 -0.003904457204043865
v 0.008633008226752281 -0.013097184710204596 -0.0039044655859470367
v 0.009445078670978546 -0.013608220033347601 -0.006000001449137926
v 0.009445078670978546 -0.013608220033347601 -0.006000001449137926
v 0.008633008226752281 -0.013097184710204596 -0.0039044655859470367
v 0.007660679053515196 -0.01262310519814491 -0.006000001449137926
v 0.009445078670978546 -0.013608220033347601 -0.006000001449137926
v 0.007660679053515196 -0.01262310519814491 -0.006000001449137926
v 0.007683338597416878 -0.01254999544471502 -0.00809552799910307
v 0.007683338597416878 -0.01254999544471502 -0.00809552799910307
v 0.007660679053515196 -0.01262310519814491 -0.006000001449137926
v 0.006043366156518459 -0.011560931801795956 -0.006000001449137926
v 0.007683338597416878 -0.01254999544471502 -0.00809552799910307
v 0.006043366156518459 -0.011560931801795956 -0.006000001449137926
v 0.006071798503398895 -0.011489723809063431 -0.008095514960587025
v 0.006071798503398895 -0.011489723809063431 -0.008095514960587025
v 0.006043366156518459 -0.011560931801795956 -0.006000001449137926
v 0.006027495954185724 -0.011457828804850575 -0.00809551402926445
v 0.009462100453674793 -0.013533890247344965 -0.003904457204043865
v 0.009445078670978546 -0.013608220033347601 -0.006000001449137926
v 0.011046567000448704 -0.014267023652791972 -0.003904445329681039
v 0.011046567000448704 -0.014267023652791972 -0.003904445329681039
v 0.009445078670978546 -0.013608220033347601 -0.006000001449137926
v 0.011245873756706715 -0.014429531991481776 -0.006000001449137926
v 0.011046567000448704 -0.014267023652791972 -0.003904445329681039
v 0.011245873756706715 -0.014429531991481776 -0.006000001449137926
v 0.011256929486989975 -0.014354293234646315 -0.0039044443983584642
v 0.011256929486989975 -0.014354293234646315 -0.0039044443983584642
v 0.011245873756706715 -0.014429531991481776 -0.006000001449137926
v 0.012352974154055119 -0.014768939465284342 -0.0039044448640197515
v 0.012352974154055119 -0.014768939465284342 -0.0039044448640197515
v 0.011245873756706715 -0.014429531991481776 -0.006000001449137926
v 0.012924926355481148 -0.015034455806016917 -0.006000001449137926
v 0.012352974154055119 -0.014768939465284342 -0.0039044448640197515
v 0.012924926355481148 -0.015034455806016917 -0.006000001449137926
v 0.012929324060678482 -0.014958458021283145 -0.003904449287801981
v 0.015581753104925156 -0.015523823909461493 -0.004048037808388472
v 0.015483145602047443 -0.015509296208620066 -0.003962400369346142
v 0.01560753583908081 -0.015590662136673922 -0.006000001449137926
v 0.01560753583908081 -0.015590662136673922 -0.006000001449137926
v 0.015483145602047443 -0.015509296208620066 -0.003962400369346142
v 0.015422699972987175 -0.015501075424253935 -0.0039297002367675304
v 0.014702122658491135 -0.015397503040730948 -0.003904482815414667
v 0.01439754106104374 -0.015415194444358344 -0.006000001449137926
v 0.015279600396752357 -0.015483471564948554 -0.003904495621100068
v 0.015279600396752357 -0.015483471564948554 -0.003904495621100068
v 0.01439754106104374 -0.015415194444358344 -0.006000001449137926
v 0.01560753583908081 -0.015590662136673922 -0.006000001449137926
v 0.015279600396752357 -0.015483471564948554 -0.003904495621100068
v 0.01560753583908081 -0.015590662136673922 -0.006000001449137926
v 0.015330023132264614 -0.015489442273974413 -0.0039061822462826967
v 0.015330023132264614 -0.015489442273974413 -0.0039061822462826967
v 0.01560753583908081 -0.015590662136673922 -0.006000001449137926
v 0.015422699972987175 -0.015501075424253935 -0.0039297002367675304
v 0.014702122658491135 -0.015397503040730948 -0.003904482815414667
v 0.014484020881354809 -0.01535678375512361 -0.003904477460309863
v 0.01439754106104374 -0.015415194444358344 -0.006000001449137926
v 0.01439754106104374 -0.015415194444358344 -0.006000001449137926
v 0.014484020881354809 -0.01535678375512361 -0.003904477460309863
v 0.014394262805581093 -0.015338824130594725 -0.00390447536483407
v 0.01439754106104374 -0.015415194444358344 -0.006000001449137926
v 0.014394262805581093 -0.015338824130594725 -0.00390447536483407
v 0.012924926355481148 -0.015034455806016917 -0.006000001449137926
v 0.012924926355481148 -0.015034455806016917 -0.006000001449137926
v 0.014394262805581093 -0.015338824130594725 -0.00390447536483407
v 0.013085243292152882 -0.015006114728748793 -0.0039044509176164865
v 0.012924926355481148 -0.015034455806016917 -0.006000001449137926
v 0.013085243292152882 -0.015006114728748793 -0.0039044509176164865
v 0.012929324060678482 -0.014958458021283145 -0.003904449287801981
v 0.015711376443505287 -0.015551473945379252 -0.007655003108084202
v 0.015711762011051178 -0.015552447177469725 -0.0076380763202905655
v 0.015456878580152988 -0.015505660325288767 -0.008053531870245934
v 0.015456878580152988 -0.015505660325288767 -0.008053531870245934
v 0.015711762011051178 -0.015552447177469725 -0.0076380763202905655
v 0.015711858868598938 -0.015552949160337443 -0.007629151921719313
v 0.015456878580152988 -0.015505660325288767 -0.008053531870245934
v 0.015711858868598938 -0.015552949160337443 -0.007629151921719313
v 0.01560753583908081 -0.015590662136673922 -0.006000001449137926
v 0.01560753583908081 -0.015590662136673922 -0.006000001449137926
v 0.015711858868598938 -0.015552949160337443 -0.007629151921719313
v 0.015720184892416 -0.015598522499203677 -0.005990211386233568
v 0.01560753583908081 -0.015590662136673922 -0.006000001449137926
v 0.015720184892416 -0.015598522499203677 -0.005990211386233568
v 0.015581753104925156 -0.015523823909461493 -0.004048037808388472
v 0.015581753104925156 -0.015523823909461493 -0.004048037808388472
v 0.015720184892416 -0.015598522499203677 -0.005990211386233568
v 0.015711858868598938 -0.015552948229014868 -0.0043708207085728645
v 0.015581753104925156 -0.015523823909461493 -0.004048037808388472
v 0.015711858868598938 -0.015552948229014868 -0.0043708207085728645
v 0.015659034252166748 -0.015536768361926074 -0.004156893584877253
v 0.010818758979439735 -0.006146039813756941 -0.01259993202984333
v 0.011336643248796463 -0.005711149424314497 -0.012469928711652756
v 0.012577971443533897 -0.006574136670678851 -0.012301253154873848
v 0.012132594361901283 -0.010635553859174248 -0.012332405894994736
v 0.010630805045366287 -0.009690289385616776 -0.012545248493552208
v 0.012661638669669628 -0.009748108685016629 -0.012366924434900284
v 0.012661638669669628 -0.009748108685016629 -0.012366924434900284
v 0.010630805045366287 -0.009690289385616776 -0.012545248493552208
v 0.011226571165025234 -0.008870269171893593 -0.012567433528602123
v 0.012661638669669628 -0.009748108685016629 -0.012366924434900284
v 0.011226571165025234 -0.008870269171893593 -0.012567433528602123
v 0.013241589069366455 -0.00878681521862745 -0.012319939211010933
v 0.013241589069366455 -0.00878681521862745 -0.012319939211010933
v 0.011226571165025234 -0.008870269171893593 -0.012567433528602123
v 0.011792783625423908 -0.007926297374069687 -0.0125137809664011
v 0.00807388685643673 -0.0077386968769133065 -0.012889042496681213
v 0.008309608325362206 -0.007311071734875438 -0.012918982654809952
v 0.008781547658145428 -0.00833653565496206 -0.012798129580914974
v 0.008781547658145428 -0.00833653565496206 -0.012798129580914974
v 0.008309608325362206 -0.007311071734875438 -0.012918982654809952
v 0.009772824123501778 -0.007876628078520295 -0.012763135135173798
v 0.008781547658145428 -0.00833653565496206 -0.012798129580914974
v 0.009772824123501778 -0.007876628078520295 -0.012763135135173798
v 0.009282149374485016 -0.008732661604881283 -0.012731150723993778
v 0.009913180954754353 -0.004645441658794878 -0.012655210681259632
v 0.011336643248796463 -0.005711149424314497 -0.012469928711652756
v 0.009558103047311306 -0.005210638046264647 -0.012753144837915897
v 0.009558103047311306 -0.005210638046264647 -0.012753144837915897
v 0.011336643248796463 -0.005711149424314497 -0.012469928711652756
v 0.010818758979439735 -0.006146039813756941 -0.01259993202984333
v 0.009558103047311306 -0.005210638046264647 -0.012753144837915897
v 0.010818758979439735 -0.006146039813756941 -0.01259993202984333
v 0.009056483395397663 -0.006027143914252518 -0.012859745882451534
v 0.012953863479197025 -0.011119970120489594 -0.012212657369673252
v 0.012132594361901283 -0.010635553859174248 -0.012332405894994736
v 0.013486968353390694 -0.010240328498184677 -0.012246241793036461
v 0.013486968353390694 -0.010240328498184677 -0.012246241793036461
v 0.012132594361901283 -0.010635553859174248 -0.012332405894994736
v 0.012661638669669628 -0.009748108685016629 -0.012366924434900284
v 0.013486968353390694 -0.010240328498184677 -0.012246241793036461
v 0.012661638669669628 -0.009748108685016629 -0.012366924434900284
v 0.014082198031246662 -0.009258194826543328 -0.012205292470753193
v 0.014082198031246662 -0.009258194826543328 -0.012205292470753193
v 0.012661638669669628 -0.009748108685016629 -0.012366924434900284
v 0.013241589069366455 -0.00878681521862745 -0.012319939211010933
v 0.014538758434355259 -0.008504867553710934 -0.01211550086736679
v 0.014082198031246662 -0.009258194826543328 -0.012205292470753193
v 0.013709117658436298 -0.008020334877073761 -0.012225420214235783
v 0.013709117658436298 -0.008020334877073761 -0.012225420214235783
v 0.014082198031246662 -0.009258194826543328 -0.012205292470753193
v 0.013241589069366455 -0.00878681521862745 -0.012319939211010933
v 0.013709117658436298 -0.008020334877073761 -0.012225420214235783
v 0.013241589069366455 -0.00878681521862745 -0.012319939211010933
v 0.012278453446924686 -0.007133104372769592 -0.012413080781698227
v 0.012278453446924686 -0.007133104372769592 -0.012413080781698227
v 0.013241589069366455 -0.00878681521862745 -0.012319939211010933
v 0.011792783625423908 -0.007926297374069687 -0.0125137809664011
v 0.012278453446924686 -0.007133104372769592 -0.012413080781698227
v 0.011792783625423908 -0.007926297374069687 -0.0125137809664011
v 0.010320778004825115 -0.006956788245588538 -0.012704807333648205
v 0.010320778004825115 -0.006956788245588538 -0.012704807333648205
v 0.011792783625423908 -0.007926297374069687 -0.0125137809664011
v 0.011226571165025234 -0.008870269171893593 -0.012567433528602123
v 0.010320778004825115 -0.006956788245588538 -0.012704807333648205
v 0.011226571165025234 -0.008870269171893593 -0.012567433528602123
v 0.009772824123501778 -0.007876628078520295 -0.012763135135173798
v 0.009772824123501778 -0.007876628078520295 -0.012763135135173798
v 0.011226571165025234 -0.008870269171893593 -0.012567433528602123
v 0.010630805045366287 -0.009690289385616776 -0.012545248493552208
v 0.009772824123501778 -0.007876628078520295 -0.012763135135173798
v 0.010630805045366287 -0.009690289385616776 -0.012545248493552208
v 0.009282149374485016 -0.008732661604881283 -0.012731150723993778
v 0.014834869652986526 -0.00801628082990646 -0.011983956210315228
v 0.014538758434355259 -0.008504867553710934 -0.01211550086736679
v 0.01404529344290495 -0.00752981239929795 -0.012096614576876163
v 0.01404529344290495 -0.00752981239929795 -0.012096614576876163
v 0.014538758434355259 -0.008504867553710934 -0.01211550086736679
v 0.013709117658436298 -0.008020334877073761 -0.012225420214235783
v 0.01404529344290495 -0.00752981239929795 -0.012096614576876163
v 0.013709117658436298 -0.008020334877073761 -0.012225420214235783
v 0.012577971443533897 -0.006574136670678851 -0.012301253154873848
v 0.012577971443533897 -0.006574136670678851 -0.012301253154873848
v 0.013709117658436298 -0.008020334877073761 -0.012225420214235783
v 0.012278453446924686 -0.007133104372769592 -0.012413080781698227
v 0.012577971443533897 -0.006574136670678851 -0.012301253154873848
v 0.012278453446924686 -0.007133104372769592 -0.012413080781698227
v 0.010818758979439735 -0.006146039813756941 -0.01259993202984333
v 0.010818758979439735 -0.006146039813756941 -0.01259993202984333
v 0.012278453446924686 -0.007133104372769592 -0.012413080781698227
v 0.010320778004825115 -0.006956788245588538 -0.012704807333648205
v 0.010818758979439735 -0.006146039813756941 -0.01259993202984333
v 0.010320778004825115 -0.006956788245588538 -0.012704807333648205
v 0.009056483395397663 -0.006027143914252518 -0.012859745882451534
v 0.009056483395397663 -0.006027143914252518 -0.012859745882451534
v 0.010320778004825115 -0.006956788245588538 -0.012704807333648205
v 0.009772824123501778 -0.007876628078520295 -0.012763135135173798
v 0.009056483395397663 -0.006027143914252518 -0.012859745882451534
v 0.009772824123501778 -0.007876628078520295 -0.012763135135173798
v 0.008534747175872326 -0.006912322249263522 -0.012920219451189041
v 0.008534747175872326 -0.006912322249263522 -0.012920219451189041
v 0.009772824123501778 -0.007876628078520295 -0.012763135135173798
v 0.008309608325362206 -0.007311071734875438 -0.012918982654809952
v 0.00620758393779397 -0.006826148834079501 -0.01299437414854765
v 0.006030628923326731 -0.007328202482312915 -0.012870004400610924
v 0.004450886510312557 -0.006006911862641571 -0.012991057708859444
v 0.004551165737211704 -0.005494250450283287 -0.01311227772384882
v 0.004666145890951157 -0.00483786081895232 -0.013213369064033031
v 0.006820759270340204 -0.0066588954068720315 -0.013032895512878895
v 0.00620758393779397 -0.006826148834079501 -0.01299437414854765
v 0.00784529559314251 -0.008155592717230317 -0.012826044112443924
v 0.006030628923326731 -0.007328202482312915 -0.012870004400610924
v 0.006030628923326731 -0.007328202482312915 -0.012870004400610924
v 0.00784529559314251 -0.008155592717230317 -0.012826044112443924
v 0.007620761636644602 -0.008565003052353855 -0.012723581865429878
v 0.006030628923326731 -0.007328202482312915 -0.012870004400610924
v 0.007620761636644602 -0.008565003052353855 -0.012723581865429878
v 0.007522920612245798 -0.008743403479456898 -0.01266393717378378
v 0.006523544900119305 -0.010566505603492257 -0.01120710838586092
v 0.00641084648668766 -0.010771779343485829 -0.010867973789572716
v 0.005135616287589073 -0.009486399590969082 -0.011293544434010983
v 0.005135616287589073 -0.009486399590969082 -0.011293544434010983
v 0.00641084648668766 -0.010771779343485829 -0.010867973789572716
v 0.00493372930213809 -0.009888645261526104 -0.010537088848650455
v 0.004286265466362238 -0.00931865721940994 -0.010575513355433941
v 0.004153599496930838 -0.009569712914526459 -0.009765027090907097
v 0.0035664094612002373 -0.008971069939434525 -0.009798737242817879
v 0.0035664094612002373 -0.008971069939434525 -0.009798737242817879
v 0.00365921831689775 -0.008772437460720536 -0.010510889813303947
v 0.004286265466362238 -0.00931865721940994 -0.010575513355433941
v 0.004286265466362238 -0.00931865721940994 -0.010575513355433941
v 0.00365921831689775 -0.008772437460720536 -0.010510889813303947
v 0.003674645908176899 -0.008736560121178624 -0.010608572512865067
v 0.004286265466362238 -0.00931865721940994 -0.010575513355433941
v 0.003674645908176899 -0.008736560121178624 -0.010608572512865067
v 0.004464528989046812 -0.008929516188800331 -0.01133013516664505
v 0.004464528989046812 -0.008929516188800331 -0.01133013516664505
v 0.003674645908176899 -0.008736560121178624 -0.010608572512865067
v 0.0038199457339942455 -0.00836335681378841 -0.011358355171978474
v 0.004464528989046812 -0.008929516188800331 -0.01133013516664505
v 0.0038199457339942455 -0.00836335681378841 -0.011358355171978474
v 0.00390597409568727 -0.008113970048725602 -0.011701945215463638
v 0.0037037921138107777 -0.009458380751311776 -0.008095506578683853
v 0.003446602961048484 -0.00917315017431974 -0.008095506578683853
v 0.004065545741468668 -0.00971142295747995 -0.008930477313697338
v 0.004065545741468668 -0.00971142295747995 -0.008930477313697338
v 0.003446602961048484 -0.00917315017431974 -0.008095506578683853
v 0.003492852207273245 -0.009103551506996151 -0.00895437691360712
v 0.004065545741468668 -0.00971142295747995 -0.008930477313697338
v 0.003492852207273245 -0.009103551506996151 -0.00895437691360712
v 0.004153599496930838 -0.009569712914526459 -0.009765027090907097
v 0.004153599496930838 -0.009569712914526459 -0.009765027090907097
v 0.003492852207273245 -0.009103551506996151 -0.00895437691360712
v 0.0035379573237150908 -0.009025318548083302 -0.009516327641904354
v 0.004153599496930838 -0.009569712914526459 -0.009765027090907097
v 0.0035379573237150908 -0.009025318548083302 -0.009516327641904354
v 0.0035664094612002373 -0.008971069939434525 -0.009798737242817879
v 0.004450886510312557 -0.006006911862641571 -0.012991057708859444
v 0.004551165737211704 -0.005494250450283287 -0.01311227772384882
v 0.00620758393779397 -0.006826148834079501 -0.01299437414854765
v 0.00620758393779397 -0.006826148834079501 -0.01299437414854765
v 0.004551165737211704 -0.005494250450283287 -0.01311227772384882
v 0.006820759270340204 -0.0066588954068720315 -0.013032895512878895
v 0.00620758393779397 -0.006826148834079501 -0.01299437414854765
v 0.006820759270340204 -0.0066588954068720315 -0.013032895512878895
v 0.00784529559314251 -0.008155592717230317 -0.012826044112443924
v 0.00784529559314251 -0.008155592717230317 -0.012826044112443924
v 0.006820759270340204 -0.0066588954068720315 -0.013032895512878895
v 0.007587270345538855 -0.007319136522710321 -0.012947805225849152
v 0.00784529559314251 -0.008155592717230317 -0.012826044112443924
v 0.007587270345538855 -0.007319136522710321 -0.012947805225849152
v 0.00807388685643673 -0.0077386968769133065 -0.012889042496681213
v 0.006027495954185724 -0.011457828804850575 -0.00809551402926445
v 0.004731726832687855 -0.010438696481287476 -0.008095508441329002
v 0.006079493556171656 -0.011369214393198487 -0.009014884009957314
v 0.006079493556171656 -0.011369214393198487 -0.009014884009957314
v 0.004731726832687855 -0.010438696481287476 -0.008095508441329002
v 0.004695324692875147 -0.010298458859324452 -0.008904525078833103
v 0.006079493556171656 -0.011369214393198487 -0.009014884009957314
v 0.004695324692875147 -0.010298458859324452 -0.008904525078833103
v 0.0061492002569139 -0.011245501227676865 -0.009640711359679699
v 0.0061492002569139 -0.011245501227676865 -0.009640711359679699
v 0.004695324692875147 -0.010298458859324452 -0.008904525078833103
v 0.004787544719874859 -0.010151887312531468 -0.009727977216243744
v 0.0061492002569139 -0.011245501227676865 -0.009640711359679699
v 0.004787544719874859 -0.010151887312531468 -0.009727977216243744
v 0.006203086581081152 -0.011148610152304169 -0.009981374256312847
v 0.006203086581081152 -0.011148610152304169 -0.009981374256312847
v 0.004787544719874859 -0.010151887312531468 -0.009727977216243744
v 0.00493372930213809 -0.009888645261526104 -0.010537088848650455
v 0.006203086581081152 -0.011148610152304169 -0.009981374256312847
v 0.00493372930213809 -0.009888645261526104 -0.010537088848650455
v 0.006298117805272341 -0.010976656340062615 -0.010445035062730312
v 0.006298117805272341 -0.010976656340062615 -0.010445035062730312
v 0.00493372930213809 -0.009888645261526104 -0.010537088848650455
v 0.00641084648668766 -0.010771779343485829 -0.010867973789572716
v 0.006523544900119305 -0.010566505603492257 -0.01120710838586092
v 0.005135616287589073 -0.009486399590969082 -0.011293544434010983
v 0.006713604088872671 -0.010219887830317017 -0.011656571179628372
v 0.006713604088872671 -0.010219887830317017 -0.011656571179628372
v 0.005135616287589073 -0.009486399590969082 -0.011293544434010983
v 0.00525678601115942 -0.009228321723639962 -0.01163940504193306
v 0.006713604088872671 -0.010219887830317017 -0.011656571179628372
v 0.00525678601115942 -0.009228321723639962 -0.01163940504193306
v 0.006826027762144804 -0.010014750994741913 -0.011870203539729118
v 0.006826027762144804 -0.010014750994741913 -0.011870203539729118
v 0.00525678601115942 -0.009228321723639962 -0.01163940504193306
v 0.0053906673565506935 -0.008930424228310582 -0.01195728313177824
v 0.006826027762144804 -0.010014750994741913 -0.011870203539729118
v 0.0053906673565506935 -0.008930424228310582 -0.01195728313177824
v 0.007097129710018635 -0.009520051069557663 -0.01227050181478262
v 0.007097129710018635 -0.009520051069557663 -0.01227050181478262
v 0.0053906673565506935 -0.008930424228310582 -0.01195728313177824
v 0.005536381620913744 -0.008591755293309685 -0.012242833152413368
v 0.007097129710018635 -0.009520051069557663 -0.01227050181478262
v 0.005536381620913744 -0.008591755293309685 -0.012242833152413368
v 0.007197170983999968 -0.009337545372545716 -0.012385292910039425
v 0.007197170983999968 -0.009337545372545716 -0.012385292910039425
v 0.005536381620913744 -0.008591755293309685 -0.012242833152413368
v 0.005692745093256235 -0.008211783133447167 -0.01249220035970211
v 0.007197170983999968 -0.009337545372545716 -0.012385292910039425
v 0.005692745093256235 -0.008211783133447167 -0.01249220035970211
v 0.007522920612245798 -0.008743403479456898 -0.01266393717378378
v 0.007522920612245798 -0.008743403479456898 -0.01266393717378378
v 0.005692745093256235 -0.008211783133447167 -0.01249220035970211
v 0.005858168937265873 -0.007790438830852506 -0.01270211674273014
v 0.007522920612245798 -0.008743403479456898 -0.01266393717378378
v 0.005858168937265873 -0.007790438830852506 -0.01270211674273014
v 0.006030628923326731 -0.007328202482312915 -0.012870004400610924
v 0.006030628923326731 -0.007328202482312915 -0.012870004400610924
v 0.005858168937265873 -0.007790438830852506 -0.01270211674273014
v 0.004320484586060047 -0.006605501286685464 -0.01278630644083023
v 0.006030628923326731 -0.007328202482312915 -0.012870004400610924
v 0.004320484586060047 -0.006605501286685464 -0.01278630644083023
v 0.004450886510312557 -0.006006911862641571 -0.012991057708859444
v 0.004731726832687855 -0.010438696481287476 -0.008095508441329002
v 0.0037037921138107777 -0.009458380751311776 -0.008095506578683853
v 0.004695324692875147 -0.010298458859324452 -0.008904525078833103
v 0.004695324692875147 -0.010298458859324452 -0.008904525078833103
v 0.0037037921138107777 -0.009458380751311776 -0.008095506578683853
v 0.004065545741468668 -0.00971142295747995 -0.008930477313697338
v 0.004695324692875147 -0.010298458859324452 -0.008904525078833103
v 0.004065545741468668 -0.00971142295747995 -0.008930477313697338
v 0.004787544719874859 -0.010151887312531468 -0.009727977216243744
v 0.004787544719874859 -0.010151887312531468 -0.009727977216243744
v 0.004065545741468668 -0.00971142295747995 -0.008930477313697338
v 0.004153599496930838 -0.009569712914526459 -0.009765027090907097
v 0.004787544719874859 -0.010151887312531468 -0.009727977216243744
v 0.004153599496930838 -0.009569712914526459 -0.009765027090907097
v 0.00493372930213809 -0.009888645261526104 -0.010537088848650455
v 0.00493372930213809 -0.009888645261526104 -0.010537088848650455
v 0.004153599496930838 -0.009569712914526459 -0.009765027090907097
v 0.004286265466362238 -0.00931865721940994 -0.010575513355433941
v 0.00493372930213809 -0.009888645261526104 -0.010537088848650455
v 0.004286265466362238 -0.00931865721940994 -0.010575513355433941
v 0.005135616287589073 -0.009486399590969082 -0.011293544434010983
v 0.005135616287589073 -0.009486399590969082 -0.011293544434010983
v 0.004286265466362238 -0.00931865721940994 -0.010575513355433941
v 0.004464528989046812 -0.008929516188800331 -0.01133013516664505
v 0.005135616287589073 -0.009486399590969082 -0.011293544434010983
v 0.004464528989046812 -0.008929516188800331 -0.01133013516664505
v 0.00525678601115942 -0.009228321723639962 -0.01163940504193306
v 0.00525678601115942 -0.009228321723639962 -0.01163940504193306
v 0.004464528989046812 -0.008929516188800331 -0.01133013516664505
v 0.00390597409568727 -0.008113970048725602 -0.011701945215463638
v 0.00525678601115942 -0.009228321723639962 -0.01163940504193306
v 0.00390597409568727 -0.008113970048725602 -0.011701945215463638
v 0.0053906673565506935 -0.008930424228310582 -0.01195728313177824
v 0.0053906673565506935 -0.008930424228310582 -0.01195728313177824
v 0.00390597409568727 -0.008113970048725602 -0.011701945215463638
v 0.003999339882284403 -0.007819802500307556 -0.012017528526484966
v 0.0053906673565506935 -0.008930424228310582 -0.01195728313177824
v 0.003999339882284403 -0.007819802500307556 -0.012017528526484966
v 0.005536381620913744 -0.008591755293309685 -0.012242833152413368
v 0.005536381620913744 -0.008591755293309685 -0.012242833152413368
v 0.003999339882284403 -0.007819802500307556 -0.012017528526484966
v 0.004101382102817297 -0.007469444070011375 -0.012308751232922077
v 0.005536381620913744 -0.008591755293309685 -0.012242833152413368
v 0.004101382102817297 -0.007469444070011375 -0.012308751232922077
v 0.005692745093256235 -0.008211783133447167 -0.01249220035970211
v 0.005692745093256235 -0.008211783133447167 -0.01249220035970211
v 0.004101382102817297 -0.007469444070011375 -0.012308751232922077
v 0.004208644386380911 -0.007066700607538221 -0.012565219774842262
v 0.005692745093256235 -0.008211783133447167 -0.01249220035970211
v 0.004208644386380911 -0.007066700607538221 -0.012565219774842262
v 0.005858168937265873 -0.007790438830852506 -0.01270211674273014
v 0.005858168937265873 -0.007790438830852506 -0.01270211674273014
v 0.004208644386380911 -0.007066700607538221 -0.012565219774842262
v 0.004220955539494753 -0.007018096745014188 -0.012591751292347908
v 0.005858168937265873 -0.007790438830852506 -0.01270211674273014
v 0.004220955539494753 -0.007018096745014188 -0.012591751292347908
v 0.004320484586060047 -0.006605501286685464 -0.01278630644083023
v 0.010625328868627548 0.0029876192566007367 -0.009771444834768772
v 0.010628834366798401 0.0029902416281402102 -0.009761049412190914
v 0.012217056937515736 0.0010554726468399163 -0.009729187935590744
v 0.008619630709290504 0.0011486976873129602 -0.012037637643516064
v 0.008676392026245594 0.0012039728462696071 -0.012002725154161453
v 0.010596497915685177 -0.0008420945378020403 -0.011899212375283241
v 0.012836193665862083 0.00044476805487647636 -0.009338850155472755
v 0.012902231886982918 0.0005315216258168218 -0.008578965440392494
v 0.013241793029010296 8.49723146529868e-05 -0.00857966486364603
v 0.01215660385787487 0.001476905075833201 -0.008578051812946796
v 0.012902231886982918 0.0005315216258168218 -0.008578965440392494
v 0.012293556705117226 0.001144710229709744 -0.009348937310278416
v 0.012293556705117226 0.001144710229709744 -0.009348937310278416
v 0.012902231886982918 0.0005315216258168218 -0.008578965440392494
v 0.012836193665862083 0.00044476805487647636 -0.009338850155472755
v 0.012293556705117226 0.001144710229709744 -0.009348937310278416
v 0.012836193665862083 0.00044476805487647636 -0.009338850155472755
v 0.012217056937515736 0.0010554726468399163 -0.009729187935590744
v 0.010734115727245808 0.003066249191761016 -0.009375935420393944
v 0.010803035460412502 0.003127843374386429 -0.008579573594033718
v 0.012293556705117226 0.001144710229709744 -0.009348937310278416
v 0.012293556705117226 0.001144710229709744 -0.009348937310278416
v 0.010803035460412502 0.003127843374386429 -0.008579573594033718
v 0.011882922612130642 0.0018121184548363083 -0.008577789179980755
v 0.012293556705117226 0.001144710229709744 -0.009348937310278416
v 0.011882922612130642 0.0018121184548363083 -0.008577789179980755
v 0.01215660385787487 0.001476905075833201 -0.008578051812946796
v 0.012665090151131153 0.00022006081417202941 -0.010088584385812283
v 0.012524421326816082 3.8584676076425226e-05 -0.010442790575325489
v 0.011946862563490868 0.0007428769604302941 -0.010453171096742153
v 0.011946862563490868 0.0007428769604302941 -0.010453171096742153
v 0.012524421326816082 3.8584676076425226e-05 -0.010442790575325489
v 0.011748678982257843 0.0005132782971486447 -0.010788781568408012
v 0.011748678982257843 0.0005132782971486447 -0.010788781568408012
v 0.012524421326816082 3.8584676076425226e-05 -0.010442790575325489
v 0.01234464067965746 -0.0001921299699461087 -0.010776846669614315
v 0.011748678982257843 0.0005132782971486447 -0.010788781568408012
v 0.01234464067965746 -0.0001921299699461087 -0.010776846669614315
v 0.011509930714964867 0.00023559320834465317 -0.01110285334289074
v 0.011509930714964867 0.00023559320834465317 -0.01110285334289074
v 0.01234464067965746 -0.0001921299699461087 -0.010776846669614315
v 0.012127133086323738 -0.00047116610221564753 -0.011087472550570965
v 0.011509930714964867 0.00023559320834465317 -0.01110285334289074
v 0.012127133086323738 -0.00047116610221564753 -0.011087472550570965
v 0.011234454810619354 -8.662181062391025e-05 -0.011393386870622635
v 0.013175875879824162 1.135692173193092e-06 -0.009325439110398293
v 0.013153321109712124 -2.8389360522851338e-05 -0.00947330892086029
v 0.012767685577273369 0.00035396660678088654 -0.009718680754303932
v 0.012767685577273369 0.00035396660678088654 -0.009718680754303932
v 0.013153321109712124 -2.8389360522851338e-05 -0.00947330892086029
v 0.012665090151131153 0.00022006081417202941 -0.010088584385812283
v 0.012767685577273369 0.00035396660678088654 -0.009718680754303932
v 0.012665090151131153 0.00022006081417202941 -0.010088584385812283
v 0.012102731503546238 0.0009231125586666164 -0.010098774917423725
v 0.012102731503546238 0.0009231125586666164 -0.010098774917423725
v 0.012665090151131153 0.00022006081417202941 -0.010088584385812283
v 0.011946862563490868 0.0007428769604302941 -0.010453171096742153
v 0.011875213123857975 -0.0007952958694659171 -0.011372433044016361
v 0.01159370131790638 -0.0011593546951189633 -0.011630430817604065
v 0.010927760042250156 -0.000448057660833001 -0.01165907084941864
v 0.012152880430221558 -0.0013925441307947035 -0.011462231166660786
v 0.01159370131790638 -0.0011593546951189633 -0.011630430817604065
v 0.012272040359675884 -0.0012275245971977706 -0.011340955272316933
v 0.012272040359675884 -0.0012275245971977706 -0.011340955272316933
v 0.01159370131790638 -0.0011593546951189633 -0.011630430817604065
v 0.011875213123857975 -0.0007952958694659171 -0.011372433044016361
v 0.012272040359675884 -0.0012275245971977706 -0.011340955272316933
v 0.011875213123857975 -0.0007952958694659171 -0.011372433044016361
v 0.012643275782465935 -0.0007169896853156386 -0.010863061062991619
v 0.011111230589449406 -0.0028604860417544833 -0.012189027853310108
v 0.010639368556439877 -0.003545596497133373 -0.012402694672346115
v 0.009973619133234024 -0.003321541706100105 -0.012524117715656757
v 0.012152880430221558 -0.0013925441307947035 -0.011462231166660786
v 0.01172352209687233 -0.0019917082972824565 -0.011819656006991863
v 0.011288615874946117 -0.0015567319933325048 -0.011861012317240238
v 0.011288615874946117 -0.0015567319933325048 -0.011861012317240238
v 0.01172352209687233 -0.0019917082972824565 -0.011819656006991863
v 0.011543652042746544 -0.0022449966054409734 -0.011941885575652122
v 0.012152880430221558 -0.0013925441307947035 -0.011462231166660786
v 0.011288615874946117 -0.0015567319933325048 -0.011861012317240238
v 0.01159370131790638 -0.0011593546951189633 -0.011630430817604065
v 0.01159370131790638 -0.0011593546951189633 -0.011630430817604065
v 0.011288615874946117 -0.0015567319933325048 -0.011861012317240238
v 0.010596497915685177 -0.0008420945378020403 -0.011899212375283241
v 0.01159370131790638 -0.0011593546951189633 -0.011630430817604065
v 0.010596497915685177 -0.0008420945378020403 -0.011899212375283241
v 0.010927760042250156 -0.000448057660833001 -0.01165907084941864
v 0.010927760042250156 -0.000448057660833001 -0.01165907084941864
v 0.010596497915685177 -0.0008420945378020403 -0.011899212375283241
v 0.008676392026245594 0.0012039728462696071 -0.012002725154161453
v 0.010927760042250156 -0.000448057660833001 -0.01165907084941864
v 0.008676392026245594 0.0012039728462696071 -0.012002725154161453
v 0.009065240621566772 0.0015792197082191701 -0.011743073351681232
v 0.011111230589449406 -0.0028604860417544833 -0.012189027853310108
v 0.009973619133234024 -0.003321541706100105 -0.012524117715656757
v 0.01063548494130373 -0.0024204005021601907 -0.012241758406162262
v 0.01063548494130373 -0.0024204005021601907 -0.012241758406162262
v 0.009973619133234024 -0.003321541706100105 -0.012524117715656757
v 0.009173694998025894 -0.002594230230897664 -0.012608450837433338
v 0.01063548494130373 -0.0024204005021601907 -0.012241758406162262
v 0.009173694998025894 -0.002594230230897664 -0.012608450837433338
v 0.009889956563711166 -0.0016979962820187205 -0.012302805669605732
v 0.009889956563711166 -0.0016979962820187205 -0.012302805669605732
v 0.009173694998025894 -0.002594230230897664 -0.012608450837433338
v 0.008170390501618385 -0.0016360644949600094 -0.012705223634839058
v 0.009889956563711166 -0.0016979962820187205 -0.012302805669605732
v 0.008170390501618385 -0.0016360644949600094 -0.012705223634839058
v 0.0089464345946908 -0.0007521493243984876 -0.012376045808196068
v 0.007852121256291866 0.0003879145369864999 -0.012451321817934513
v 0.0089464345946908 -0.0007521493243984876 -0.012376045808196068
v 0.007502584718167782 3.2379419280914576e-05 -0.012609417550265789
v 0.007502584718167782 3.2379419280914576e-05 -0.012609417550265789
v 0.0089464345946908 -0.0007521493243984876 -0.012376045808196068
v 0.008170390501618385 -0.0016360644949600094 -0.012705223634839058
v 0.007502584718167782 3.2379419280914576e-05 -0.012609417550265789
v 0.008170390501618385 -0.0016360644949600094 -0.012705223634839058
v 0.007016562856733799 -0.0004730177170131354 -0.012802070006728172
v 0.007016562856733799 -0.0004730177170131354 -0.012802070006728172
v 0.008170390501618385 -0.0016360644949600094 -0.012705223634839058
v 0.006208856590092182 -0.0013463417999446388 -0.013053380884230137
v 0.007852121256291866 0.0003879145369864999 -0.012451321817934513
v 0.008619630709290504 0.0011486976873129602 -0.012037637643516064
v 0.0089464345946908 -0.0007521493243984876 -0.012376045808196068
v 0.0089464345946908 -0.0007521493243984876 -0.012376045808196068
v 0.008619630709290504 0.0011486976873129602 -0.012037637643516064
v 0.010596497915685177 -0.0008420945378020403 -0.011899212375283241
v 0.0089464345946908 -0.0007521493243984876 -0.012376045808196068
v 0.010596497915685177 -0.0008420945378020403 -0.011899212375283241
v 0.009889956563711166 -0.0016979962820187205 -0.012302805669605732
v 0.009889956563711166 -0.0016979962820187205 -0.012302805669605732
v 0.010596497915685177 -0.0008420945378020403 -0.011899212375283241
v 0.011288615874946117 -0.0015567319933325048 -0.011861012317240238
v 0.009889956563711166 -0.0016979962820187205 -0.012302805669605732
v 0.011288615874946117 -0.0015567319933325048 -0.011861012317240238
v 0.01063548494130373 -0.0024204005021601907 -0.012241758406162262
v 0.01063548494130373 -0.0024204005021601907 -0.012241758406162262
v 0.011288615874946117 -0.0015567319933325048 -0.011861012317240238
v 0.011543652042746544 -0.0022449966054409734 -0.011941885575652122
v 0.01063548494130373 -0.0024204005021601907 -0.012241758406162262
v 0.011543652042746544 -0.0022449966054409734 -0.011941885575652122
v 0.011111230589449406 -0.0028604860417544833 -0.012189027853310108
v 0.012217056937515736 0.0010554726468399163 -0.009729187935590744
v 0.010628834366798401 0.0029902416281402102 -0.009761049412190914
v 0.012293556705117226 0.001144710229709744 -0.009348937310278416
v 0.012293556705117226 0.001144710229709744 -0.009348937310278416
v 0.010628834366798401 0.0029902416281402102 -0.009761049412190914
v 0.010722262784838676 0.0030578325968235722 -0.009429500438272953
v 0.012293556705117226 0.001144710229709744 -0.009348937310278416
v 0.010722262784838676 0.0030578325968235722 -0.009429500438272953
v 0.010734115727245808 0.003066249191761016 -0.009375935420393944
v 0.013241793029010296 8.49723146529868e-05 -0.00857966486364603
v 0.013175875879824162 1.135692173193092e-06 -0.009325439110398293
v 0.012836193665862083 0.00044476805487647636 -0.009338850155472755
v 0.012836193665862083 0.00044476805487647636 -0.009338850155472755
v 0.013175875879824162 1.135692173193092e-06 -0.009325439110398293
v 0.012767685577273369 0.00035396660678088654 -0.009718680754303932
v 0.012836193665862083 0.00044476805487647636 -0.009338850155472755
v 0.012767685577273369 0.00035396660678088654 -0.009718680754303932
v 0.012217056937515736 0.0010554726468399163 -0.009729187935590744
v 0.012217056937515736 0.0010554726468399163 -0.009729187935590744
v 0.012767685577273369 0.00035396660678088654 -0.009718680754303932
v 0.012102731503546238 0.0009231125586666164 -0.010098774917423725
v 0.012217056937515736 0.0010554726468399163 -0.009729187935590744
v 0.012102731503546238 0.0009231125586666164 -0.010098774917423725
v 0.010625328868627548 0.0029876192566007367 -0.009771444834768772
v 0.013153321109712124 -2.8389360522851338e-05 -0.00947330892086029
v 0.013011747039854527 -0.00021690825815312556 -0.010069064795970917
v 0.012665090151131153 0.00022006081417202941 -0.010088584385812283
v 0.012665090151131153 0.00022006081417202941 -0.010088584385812283
v 0.013011747039854527 -0.00021690825815312556 -0.010069064795970917
v 0.0129757234826684 -0.0002653642732184379 -0.010176477022469044
v 0.012665090151131153 0.00022006081417202941 -0.010088584385812283
v 0.0129757234826684 -0.0002653642732184379 -0.010176477022469044
v 0.012524421326816082 3.8584676076425226e-05 -0.010442790575325489
v 0.012524421326816082 3.8584676076425226e-05 -0.010442790575325489
v 0.0129757234826684 -0.0002653642732184379 -0.010176477022469044
v 0.012879143469035625 -0.0003958432644139974 -0.01042094174772501
v 0.012524421326816082 3.8584676076425226e-05 -0.010442790575325489
v 0.012879143469035625 -0.0003958432644139974 -0.01042094174772501
v 0.01234464067965746 -0.0001921299699461087 -0.010776846669614315
v 0.01234464067965746 -0.0001921299699461087 -0.010776846669614315
v 0.012879143469035625 -0.0003958432644139974 -0.01042094174772501
v 0.012643275782465935 -0.0007169896853156386 -0.010863061062991619
v 0.01234464067965746 -0.0001921299699461087 -0.010776846669614315
v 0.012643275782465935 -0.0007169896853156386 -0.010863061062991619
v 0.012127133086323738 -0.00047116610221564753 -0.011087472550570965
v 0.012127133086323738 -0.00047116610221564753 -0.011087472550570965
v 0.012643275782465935 -0.0007169896853156386 -0.010863061062991619
v 0.011875213123857975 -0.0007952958694659171 -0.011372433044016361
v 0.012127133086323738 -0.00047116610221564753 -0.011087472550570965
v 0.011875213123857975 -0.0007952958694659171 -0.011372433044016361
v 0.011234454810619354 -8.662181062391025e-05 -0.011393386870622635
v 0.011234454810619354 -8.662181062391025e-05 -0.011393386870622635
v 0.011875213123857975 -0.0007952958694659171 -0.011372433044016361
v 0.010927760042250156 -0.000448057660833001 -0.01165907084941864
v 0.011234454810619354 -8.662181062391025e-05 -0.011393386870622635
v 0.010927760042250156 -0.000448057660833001 -0.01165907084941864
v 0.009426232427358627 0.0019221896072849625 -0.011461936868727207
v 0.009426232427358627 0.0019221896072849625 -0.011461936868727207
v 0.010927760042250156 -0.000448057660833001 -0.01165907084941864
v 0.009065240621566772 0.0015792197082191701 -0.011743073351681232
v 0.006208856590092182 -0.0013463417999446388 -0.013053380884230137
v 0.008170390501618385 -0.0016360644949600094 -0.012705223634839058
v 0.007426584139466286 -0.002522302791476249 -0.01294039934873581
v 0.007426584139466286 -0.002522302791476249 -0.01294039934873581
v 0.008170390501618385 -0.0016360644949600094 -0.012705223634839058
v 0.009173694998025894 -0.002594230230897664 -0.012608450837433338
v 0.007426584139466286 -0.002522302791476249 -0.01294039934873581
v 0.009173694998025894 -0.002594230230897664 -0.012608450837433338
v 0.00849511194974184 -0.0034814665559679257 -0.01282585971057415
v 0.00849511194974184 -0.0034814665559679257 -0.01282585971057415
v 0.009173694998025894 -0.002594230230897664 -0.012608450837433338
v 0.009973619133234024 -0.003321541706100105 -0.012524117715656757
v 0.00849511194974184 -0.0034814665559679257 -0.01282585971057415
v 0.009973619133234024 -0.003321541706100105 -0.012524117715656757
v 0.009355810470879078 -0.004201319999992846 -0.012724270112812519
v 0.009355810470879078 -0.004201319999992846 -0.012724270112812519
v 0.009973619133234024 -0.003321541706100105 -0.012524117715656757
v 0.010639368556439877 -0.003545596497133373 -0.012402694672346115
v 0.009355810470879078 -0.004201319999992846 -0.012724270112812519
v 0.010639368556439877 -0.003545596497133373 -0.012402694672346115
v 0.009913180954754353 -0.004645441658794878 -0.012655210681259632
v 0.011234454810619354 -8.662181062391025e-05 -0.011393386870622635
v 0.009426232427358627 0.0019221896072849625 -0.011461936868727207
v 0.009744659997522831 0.0022171649616211644 -0.011136624030768871
v 0.011234454810619354 -8.662181062391025e-05 -0.011393386870622635
v 0.009744659997522831 0.0022171649616211644 -0.011136624030768871
v 0.011509930714964867 0.00023559320834465317 -0.01110285334289074
v 0.011509930714964867 0.00023559320834465317 -0.01110285334289074
v 0.009744659997522831 0.0022171649616211644 -0.011136624030768871
v 0.011748678982257843 0.0005132782971486447 -0.010788781568408012
v 0.011748678982257843 0.0005132782971486447 -0.010788781568408012
v 0.009744659997522831 0.0022171649616211644 -0.011136624030768871
v 0.010045318864285946 0.002495674416422843 -0.01082946639508009
v 0.011748678982257843 0.0005132782971486447 -0.010788781568408012
v 0.010045318864285946 0.002495674416422843 -0.01082946639508009
v 0.011946862563490868 0.0007428769604302941 -0.010453171096742153
v 0.011946862563490868 0.0007428769604302941 -0.010453171096742153
v 0.010045318864285946 0.002495674416422843 -0.01082946639508009
v 0.010281800292432308 0.002706096973270177 -0.010494844056665897
v 0.011946862563490868 0.0007428769604302941 -0.010453171096742153
v 0.010281800292432308 0.002706096973270177 -0.010494844056665897
v 0.012102731503546238 0.0009231125586666164 -0.010098774917423725
v 0.012102731503546238 0.0009231125586666164 -0.010098774917423725
v 0.010281800292432308 0.002706096973270177 -0.010494844056665897
v 0.010458333417773247 0.002856042701750993 -0.010176857002079487
v 0.012102731503546238 0.0009231125586666164 -0.010098774917423725
v 0.010458333417773247 0.002856042701750993 -0.010176857002079487
v 0.010625328868627548 0.0029876192566007367 -0.009771444834768772
v 0.01631898060441017 -0.0034347504843026387 -0.008579671382904053
v 0.015393109060823917 -0.0024804798886179915 -0.008579670451581478
v 0.015440746210515499 -0.002407139400020241 -0.007289833854883909
v 0.014068519696593285 -0.0009689473663456735 -0.008579665794968605
v 0.013241793029010296 8.49723146529868e-05 -0.00857966486364603
v 0.014121073298156261 -0.0008989939815364775 -0.007289833389222622
v 0.014121073298156261 -0.0008989939815364775 -0.007289833389222622
v 0.013241793029010296 8.49723146529868e-05 -0.00857966486364603
v 0.013296885415911674 0.0001529472647234797 -0.007289833389222622
v 0.014121073298156261 -0.0008989939815364775 -0.007289833389222622
v 0.013296885415911674 0.0001529472647234797 -0.007289833389222622
v 0.014138498343527317 -0.0008757917094044384 -0.006000001914799213
v 0.014138498343527317 -0.0008757917094044384 -0.006000001914799213
v 0.013296885415911674 0.0001529472647234797 -0.007289833389222622
v 0.01331515796482563 0.0001754921540850773 -0.006000001914799213
v 0.014138498343527317 -0.0008757917094044384 -0.006000001914799213
v 0.01331515796482563 0.0001754921540850773 -0.006000001914799213
v 0.014121073298156261 -0.0008989939815364775 -0.004710169974714518
v 0.014121073298156261 -0.0008989939815364775 -0.004710169974714518
v 0.01331515796482563 0.0001754921540850773 -0.006000001914799213
v 0.013296885415911674 0.0001529472647234797 -0.004710169974714518
v 0.014121073298156261 -0.0008989939815364775 -0.004710169974714518
v 0.013296885415911674 0.0001529472647234797 -0.004710169974714518
v 0.014068519696593285 -0.0009689473663456735 -0.003420337801799178
v 0.014068519696593285 -0.0009689473663456735 -0.003420337801799178
v 0.013296885415911674 0.0001529472647234797 -0.004710169974714518
v 0.013241793029010296 8.49723146529868e-05 -0.0034203382674604654
v 0.015393109060823917 -0.0024804798886179915 -0.008579670451581478
v 0.014068519696593285 -0.0009689473663456735 -0.008579665794968605
v 0.015440746210515499 -0.002407139400020241 -0.007289833854883909
v 0.015440746210515499 -0.002407139400020241 -0.007289833854883909
v 0.014068519696593285 -0.0009689473663456735 -0.008579665794968605
v 0.014121073298156261 -0.0008989939815364775 -0.007289833389222622
v 0.015440746210515499 -0.002407139400020241 -0.007289833854883909
v 0.014121073298156261 -0.0008989939815364775 -0.007289833389222622
v 0.015456548891961575 -0.0023828188423067323 -0.006000001914799213
v 0.015456548891961575 -0.0023828188423067323 -0.006000001914799213
v 0.014121073298156261 -0.0008989939815364775 -0.007289833389222622
v 0.014138498343527317 -0.0008757917094044384 -0.006000001914799213
v 0.015456548891961575 -0.0023828188423067323 -0.006000001914799213
v 0.014138498343527317 -0.0008757917094044384 -0.006000001914799213
v 0.015440746210515499 -0.002407139400020241 -0.00471016950905323
v 0.015440746210515499 -0.002407139400020241 -0.00471016950905323
v 0.014138498343527317 -0.0008757917094044384 -0.006000001914799213
v 0.014121073298156261 -0.0008989939815364775 -0.004710169974714518
v 0.015440746210515499 -0.002407139400020241 -0.00471016950905323
v 0.014121073298156261 -0.0008989939815364775 -0.004710169974714518
v 0.015393109060823917 -0.0024804798886179915 -0.0034203329123556614
v 0.015393109060823917 -0.0024804798886179915 -0.0034203329123556614
v 0.014121073298156261 -0.0008989939815364775 -0.004710169974714518
v 0.014068519696593285 -0.0009689473663456735 -0.003420337801799178
v 0.017126426100730896 -0.004235196392983196 -0.00857966486364603
v 0.01631898060441017 -0.0034347504843026387 -0.008579671382904053
v 0.017171118408441544 -0.004159973002970217 -0.007289833389222622
v 0.017171118408441544 -0.004159973002970217 -0.007289833389222622
v 0.01631898060441017 -0.0034347504843026387 -0.008579671382904053
v 0.015440746210515499 -0.002407139400020241 -0.007289833854883909
v 0.017171118408441544 -0.004159973002970217 -0.007289833389222622
v 0.015440746210515499 -0.002407139400020241 -0.007289833854883909
v 0.017185941338539124 -0.004135025199502705 -0.006000001914799213
v 0.017185941338539124 -0.004135025199502705 -0.006000001914799213
v 0.015440746210515499 -0.002407139400020241 -0.007289833854883909
v 0.015456548891961575 -0.0023828188423067323 -0.006000001914799213
v 0.017185941338539124 -0.004135025199502705 -0.006000001914799213
v 0.015456548891961575 -0.0023828188423067323 -0.006000001914799213
v 0.017171118408441544 -0.004159973002970217 -0.004710169974714518
v 0.017171118408441544 -0.004159973002970217 -0.004710169974714518
v 0.015456548891961575 -0.0023828188423067323 -0.006000001914799213
v 0.015440746210515499 -0.002407139400020241 -0.00471016950905323
v 0.017171118408441544 -0.004159973002970217 -0.004710169974714518
v 0.015440746210515499 -0.002407139400020241 -0.00471016950905323
v 0.017126426100730896 -0.004235196392983196 -0.0034203382674604654
v 0.017126426100730896 -0.004235196392983196 -0.0034203382674604654
v 0.015440746210515499 -0.002407139400020241 -0.00471016950905323
v 0.015393109060823917 -0.0024804798886179915 -0.0034203329123556614
v 0.015357812866568565 -0.0025392072275280944 -0.002920250641182065
v 0.015393109060823917 -0.0024804798886179915 -0.0034203329123556614
v 0.014068519696593285 -0.0009689473663456735 -0.003420337801799178
v 0.01699507236480713 -0.004452619701623915 -0.0026168585754930973
v 0.017039313912391663 -0.00437956443056464 -0.0027825073339045048
v 0.01667756401002407 -0.004039459861814974 -0.0027105712797492743
v 0.01667756401002407 -0.004039459861814974 -0.0027105712797492743
v 0.017039313912391663 -0.00437956443056464 -0.0027825073339045048
v 0.017107408493757248 -0.004266934003680943 -0.0031637216452509165
v 0.01699507236480713 -0.004452619701623915 -0.0026168585754930973
v 0.01667756401002407 -0.004039459861814974 -0.0027105712797492743
v 0.016896087676286697 -0.004615960642695425 -0.002323322230949998
v 0.016896087676286697 -0.004615960642695425 -0.002323322230949998
v 0.01667756401002407 -0.004039459861814974 -0.0027105712797492743
v 0.016546769067645073 -0.004304421599954365 -0.002240703208371997
v 0.016896087676286697 -0.004615960642695425 -0.002323322230949998
v 0.016546769067645073 -0.004304421599954365 -0.002240703208371997
v 0.016730865463614464 -0.004888505209237335 -0.0019474014407023787
v 0.016730865463614464 -0.004888505209237335 -0.0019474014407023787
v 0.016546769067645073 -0.004304421599954365 -0.002240703208371997
v 0.016319993883371353 -0.004728210624307392 -0.0017253662226721644
v 0.016730865463614464 -0.004888505209237335 -0.0019474014407023787
v 0.016319993883371353 -0.004728210624307392 -0.0017253662226721644
v 0.016658974811434746 -0.005007083527743815 -0.0018095801351591945
v 0.015523259527981281 -0.004989124368876217 -0.0010792877292260528
v 0.01508829090744257 -0.005746844690293072 -0.0006165386294014752
v 0.01599130965769291 -0.005315390415489672 -0.0012071741512045264
v 0.01599130965769291 -0.005315390415489672 -0.0012071741512045264
v 0.01508829090744257 -0.005746844690293072 -0.0006165386294014752
v 0.015892883762717247 -0.006270695012062786 -0.0007945786346681416
v 0.01599130965769291 -0.005315390415489672 -0.0012071741512045264
v 0.015892883762717247 -0.006270695012062786 -0.0007945786346681416
v 0.016285410150885582 -0.00562322326004505 -0.001236733398400247
v 0.014058295637369156 -0.0075379433110356305 9.47766748140566e-05
v 0.014834869652986526 -0.00801628082990646 -1.6046986274886876e-05
v 0.015387555584311485 -0.007104373071342704 -0.0003683476825244725
v 0.013295781798660755 -0.0027754001785069695 -0.0006984647479839623
v 0.011680616065859795 -0.002051996532827615 -0.0001499613863416016
v 0.013038348406553268 -0.0031404681503772727 -0.00046532723354175687
v 0.013038348406553268 -0.0031404681503772727 -0.00046532723354175687
v 0.011680616065859795 -0.002051996532827615 -0.0001499613863416016
v 0.011111230589449406 -0.0028604860417544833 0.0001890241983346641
v 0.013038348406553268 -0.0031404681503772727 -0.00046532723354175687
v 0.011111230589449406 -0.0028604860417544833 0.0001890241983346641
v 0.012475197203457355 -0.003952974453568457 -6.765436410205439e-05
v 0.012475197203457355 -0.003952974453568457 -6.765436410205439e-05
v 0.011111230589449406 -0.0028604860417544833 0.0001890241983346641
v 0.010907129384577274 -0.0031548060942441216 0.0002874901401810348
v 0.012475197203457355 -0.003952974453568457 -6.765436410205439e-05
v 0.010907129384577274 -0.0031548060942441216 0.0002874901401810348
v 0.011886294931173325 -0.004825754556804894 0.00024072843370959163
v 0.011886294931173325 -0.004825754556804894 0.00024072843370959163
v 0.010907129384577274 -0.0031548060942441216 0.0002874901401810348
v 0.010489929467439651 -0.003766468726098536 0.0004610588657669723
v 0.011886294931173325 -0.004825754556804894 0.00024072843370959163
v 0.010489929467439651 -0.003766468726098536 0.0004610588657669723
v 0.009913180954754353 -0.004645441658794878 0.000655207026284188
v 0.012008953839540482 -0.0015925770858302708 -0.0004056839388795197
v 0.013530281372368336 -0.0024464353919029227 -0.0009534692508168519
v 0.012272041290998459 -0.0012275242479518052 -0.0006590483826585114
v 0.012272041290998459 -0.0012275242479518052 -0.0006590483826585114
v 0.013530281372368336 -0.0024464353919029227 -0.0009534692508168519
v 0.013737695291638374 -0.0021586811635643235 -0.0012286690762266517
v 0.012272041290998459 -0.0012275242479518052 -0.0006590483826585114
v 0.013737695291638374 -0.0021586811635643235 -0.0012286690762266517
v 0.012507368810474873 -0.000903242849744856 -0.0009401131537742913
v 0.012507368810474873 -0.000903242849744856 -0.0009401131537742913
v 0.013737695291638374 -0.0021586811635643235 -0.0012286690762266517
v 0.013914917595684528 -0.0019157130736857646 -0.0015216440660879016
v 0.012507368810474873 -0.000903242849744856 -0.0009401131537742913
v 0.013914917595684528 -0.0019157130736857646 -0.0015216440660879016
v 0.012706003151834011 -0.0006312704645097254 -0.00123960233759135
v 0.012706003151834011 -0.0006312704645097254 -0.00123960233759135
v 0.013914917595684528 -0.0019157130736857646 -0.0015216440660879016
v 0.01406012661755085 -0.0017192426603287452 -0.0018292105523869395
v 0.012706003151834011 -0.0006312704645097254 -0.00123960233759135
v 0.01406012661755085 -0.0017192426603287452 -0.0018292105523869395
v 0.012879099696874619 -0.0003957854351028799 -0.0015790601028129458
v 0.012879099696874619 -0.0003957854351028799 -0.0015790601028129458
v 0.01406012661755085 -0.0017192426603287452 -0.0018292105523869395
v 0.014173021540045738 -0.0015687731793150301 -0.0021474091336131096
v 0.012879099696874619 -0.0003957854351028799 -0.0015790601028129458
v 0.014173021540045738 -0.0015687731793150301 -0.0021474091336131096
v 0.012995031662285328 -0.00023909765877760939 -0.0018800374818965793
v 0.012995031662285328 -0.00023909765877760939 -0.0018800374818965793
v 0.014173021540045738 -0.0015687731793150301 -0.0021474091336131096
v 0.01425505243241787 -0.0014612515224143858 -0.002471495419740677
v 0.012995031662285328 -0.00023909765877760939 -0.0018800374818965793
v 0.01425505243241787 -0.0014612515224143858 -0.002471495419740677
v 0.01310929749161005 -8.597836131229994e-05 -0.002298243110999465
v 0.01310929749161005 -8.597836131229994e-05 -0.002298243110999465
v 0.01425505243241787 -0.0014612515224143858 -0.002471495419740677
v 0.014309663325548172 -0.0013907367829233404 -0.0027959251310676336
v 0.01310929749161005 -8.597836131229994e-05 -0.002298243110999465
v 0.014309663325548172 -0.0013907367829233404 -0.0027959251310676336
v 0.013167329132556915 -9.30091300688218e-06 -0.0026170776691287756
v 0.011886294931173325 -0.004825754556804894 0.00024072843370959163
v 0.013320011086761951 -0.005811564158648251 1.4059988870940288e-06
v 0.012475197203457355 -0.003952974453568457 -6.765436410205439e-05
v 0.012475197203457355 -0.003952974453568457 -6.765436410205439e-05
v 0.013320011086761951 -0.005811564158648251 1.4059988870940288e-06
v 0.013858985155820847 -0.0049435999244451505 -0.00034602341474965215
v 0.012475197203457355 -0.003952974453568457 -6.765436410205439e-05
v 0.013858985155820847 -0.0049435999244451505 -0.00034602341474965215
v 0.013038348406553268 -0.0031404681503772727 -0.00046532723354175687
v 0.013038348406553268 -0.0031404681503772727 -0.00046532723354175687
v 0.013858985155820847 -0.0049435999244451505 -0.00034602341474965215
v 0.014352508820593357 -0.004159254487603901 -0.0007734250393696129
v 0.013038348406553268 -0.0031404681503772727 -0.00046532723354175687
v 0.014352508820593357 -0.004159254487603901 -0.0007734250393696129
v 0.013295781798660755 -0.0027754001785069695 -0.0006984647479839623
v 0.013295781798660755 -0.0027754001785069695 -0.0006984647479839623
v 0.014352508820593357 -0.004159254487603901 -0.0007734250393696129
v 0.014764724299311638 -0.0035057896748185145 -0.0012704593827947974
v 0.015867222100496292 -0.004375224933028219 -0.0015893819509074092
v 0.015523259527981281 -0.004989124368876217 -0.0010792877292260528
v 0.016319993883371353 -0.004728210624307392 -0.0017253662226721644
v 0.016319993883371353 -0.004728210624307392 -0.0017253662226721644
v 0.015523259527981281 -0.004989124368876217 -0.0010792877292260528
v 0.01599130965769291 -0.005315390415489672 -0.0012071741512045264
v 0.016319993883371353 -0.004728210624307392 -0.0017253662226721644
v 0.01599130965769291 -0.005315390415489672 -0.0012071741512045264
v 0.016658974811434746 -0.005007083527743815 -0.0018095801351591945
v 0.016658974811434746 -0.005007083527743815 -0.0018095801351591945
v 0.01599130965769291 -0.005315390415489672 -0.0012071741512045264
v 0.016285410150885582 -0.00562322326004505 -0.001236733398400247
v 0.015181448310613632 -0.0028362188022583714 -0.0020958413369953632
v 0.016107406467199326 -0.0039246217347681505 -0.0021118472795933485
v 0.016246825456619263 -0.0036379701923578965 -0.002607728587463498
v 0.017126426100730896 -0.004235196392983196 -0.0034203382674604654
v 0.015393109060823917 -0.0024804798886179915 -0.0034203329123556614
v 0.016307085752487183 -0.003494395641610025 -0.0030420867260545492
v 0.016307085752487183 -0.003494395641610025 -0.0030420867260545492
v 0.015393109060823917 -0.0024804798886179915 -0.0034203329123556614
v 0.015357812866568565 -0.0025392072275280944 -0.002920250641182065
v 0.016307085752487183 -0.003494395641610025 -0.0030420867260545492
v 0.015357812866568565 -0.0025392072275280944 -0.002920250641182065
v 0.016246825456619263 -0.0036379701923578965 -0.002607728587463498
v 0.016246825456619263 -0.0036379701923578965 -0.002607728587463498
v 0.015357812866568565 -0.0025392072275280944 -0.002920250641182065
v 0.015264018438756466 -0.0026995178777724496 -0.002376686315983534
v 0.016246825456619263 -0.0036379701923578965 -0.002607728587463498
v 0.015264018438756466 -0.0026995178777724496 -0.002376686315983534
v 0.015181448310613632 -0.0028362188022583714 -0.0020958413369953632
v 0.015867222100496292 -0.004375224933028219 -0.0015893819509074092
v 0.016319993883371353 -0.004728210624307392 -0.0017253662226721644
v 0.016107406467199326 -0.0039246217347681505 -0.0021118472795933485
v 0.016107406467199326 -0.0039246217347681505 -0.0021118472795933485
v 0.016319993883371353 -0.004728210624307392 -0.0017253662226721644
v 0.016546769067645073 -0.004304421599954365 -0.002240703208371997
v 0.016107406467199326 -0.0039246217347681505 -0.0021118472795933485
v 0.016546769067645073 -0.004304421599954365 -0.002240703208371997
v 0.016246825456619263 -0.0036379701923578965 -0.002607728587463498
v 0.016246825456619263 -0.0036379701923578965 -0.002607728587463498
v 0.016546769067645073 -0.004304421599954365 -0.002240703208371997
v 0.01667756401002407 -0.004039459861814974 -0.0027105712797492743
v 0.016246825456619263 -0.0036379701923578965 -0.002607728587463498
v 0.01667756401002407 -0.004039459861814974 -0.0027105712797492743
v 0.016307085752487183 -0.003494395641610025 -0.0030420867260545492
v 0.016307085752487183 -0.003494395641610025 -0.0030420867260545492
v 0.01667756401002407 -0.004039459861814974 -0.0027105712797492743
v 0.017107408493757248 -0.004266934003680943 -0.0031637216452509165
v 0.016307085752487183 -0.003494395641610025 -0.0030420867260545492
v 0.017107408493757248 -0.004266934003680943 -0.0031637216452509165
v 0.017126426100730896 -0.004235196392983196 -0.0034203382674604654
v 0.013320011086761951 -0.005811564158648251 1.4059988870940288e-06
v 0.014588022604584694 -0.0066127860918641064 -0.00022415333660319448
v 0.013858985155820847 -0.0049435999244451505 -0.00034602341474965215
v 0.013858985155820847 -0.0049435999244451505 -0.00034602341474965215
v 0.014588022604584694 -0.0066127860918641064 -0.00022415333660319448
v 0.01508829090744257 -0.005746844690293072 -0.0006165386294014752
v 0.013858985155820847 -0.0049435999244451505 -0.00034602341474965215
v 0.01508829090744257 -0.005746844690293072 -0.0006165386294014752
v 0.014352508820593357 -0.004159254487603901 -0.0007734250393696129
v 0.014352508820593357 -0.004159254487603901 -0.0007734250393696129
v 0.01508829090744257 -0.005746844690293072 -0.0006165386294014752
v 0.015523259527981281 -0.004989124368876217 -0.0010792877292260528
v 0.014352508820593357 -0.004159254487603901 -0.0007734250393696129
v 0.015523259527981281 -0.004989124368876217 -0.0010792877292260528
v 0.014764724299311638 -0.0035057896748185145 -0.0012704593827947974
v 0.014764724299311638 -0.0035057896748185145 -0.0012704593827947974
v 0.015523259527981281 -0.004989124368876217 -0.0010792877292260528
v 0.015867222100496292 -0.004375224933028219 -0.0015893819509074092
v 0.014764724299311638 -0.0035057896748185145 -0.0012704593827947974
v 0.015867222100496292 -0.004375224933028219 -0.0015893819509074092
v 0.014932092279195786 -0.003239047480747103 -0.0015385443111881614
v 0.014932092279195786 -0.003239047480747103 -0.0015385443111881614
v 0.015867222100496292 -0.004375224933028219 -0.0015893819509074092
v 0.016107406467199326 -0.0039246217347681505 -0.0021118472795933485
v 0.014932092279195786 -0.003239047480747103 -0.0015385443111881614
v 0.016107406467199326 -0.0039246217347681505 -0.0021118472795933485
v 0.015071136876940727 -0.003015660680830478 -0.0018150157993659377
v 0.015071136876940727 -0.003015660680830478 -0.0018150157993659377
v 0.016107406467199326 -0.0039246217347681505 -0.0021118472795933485
v 0.015181448310613632 -0.0028362188022583714 -0.0020958413369953632
v 0.009913180954754353 -0.004645441658794878 0.000655207026284188
v 0.011319023557007313 -0.005698232445865868 0.0004722254234366119
v 0.011886294931173325 -0.004825754556804894 0.00024072843370959163
v 0.011886294931173325 -0.004825754556804894 0.00024072843370959163
v 0.011319023557007313 -0.005698232445865868 0.0004722254234366119
v 0.012521953321993351 -0.006536459084600208 0.00030899810371920466
v 0.011886294931173325 -0.004825754556804894 0.00024072843370959163
v 0.012521953321993351 -0.006536459084600208 0.00030899810371920466
v 0.013320011086761951 -0.005811564158648251 1.4059988870940288e-06
v 0.013320011086761951 -0.005811564158648251 1.4059988870940288e-06
v 0.012521953321993351 -0.006536459084600208 0.00030899810371920466
v 0.014058295637369156 -0.0075379433110356305 9.47766748140566e-05
v 0.013320011086761951 -0.005811564158648251 1.4059988870940288e-06
v 0.014058295637369156 -0.0075379433110356305 9.47766748140566e-05
v 0.014588022604584694 -0.0066127860918641064 -0.00022415333660319448
v 0.014588022604584694 -0.0066127860918641064 -0.00022415333660319448
v 0.014058295637369156 -0.0075379433110356305 9.47766748140566e-05
v 0.015387555584311485 -0.007104373071342704 -0.0003683476825244725
v 0.014588022604584694 -0.0066127860918641064 -0.00022415333660319448
v 0.015387555584311485 -0.007104373071342704 -0.0003683476825244725
v 0.01508829090744257 -0.005746844690293072 -0.0006165386294014752
v 0.01508829090744257 -0.005746844690293072 -0.0006165386294014752
v 0.015387555584311485 -0.007104373071342704 -0.0003683476825244725
v 0.01569685898721218 -0.006594077683985231 -0.0006137684104032815
v 0.01508829090744257 -0.005746844690293072 -0.0006165386294014752
v 0.01569685898721218 -0.006594077683985231 -0.0006137684104032815
v 0.015892883762717247 -0.006270695012062786 -0.0007945786346681416
v 0.013241793029010296 8.49723146529868e-05 -0.0034203382674604654
v 0.013167329132556915 -9.30091300688218e-06 -0.0026170776691287756
v 0.014068519696593285 -0.0009689473663456735 -0.003420337801799178
v 0.014068519696593285 -0.0009689473663456735 -0.003420337801799178
v 0.013167329132556915 -9.30091300688218e-06 -0.0026170776691287756
v 0.014309663325548172 -0.0013907367829233404 -0.0027959251310676336
v 0.014068519696593285 -0.0009689473663456735 -0.003420337801799178
v 0.014309663325548172 -0.0013907367829233404 -0.0027959251310676336
v 0.015357812866568565 -0.0025392072275280944 -0.002920250641182065
v 0.015357812866568565 -0.0025392072275280944 -0.002920250641182065
v 0.014309663325548172 -0.0013907367829233404 -0.0027959251310676336
v 0.01425505243241787 -0.0014612515224143858 -0.002471495419740677
v 0.015357812866568565 -0.0025392072275280944 -0.002920250641182065
v 0.01425505243241787 -0.0014612515224143858 -0.002471495419740677
v 0.015264018438756466 -0.0026995178777724496 -0.002376686315983534
v 0.015264018438756466 -0.0026995178777724496 -0.002376686315983534
v 0.01425505243241787 -0.0014612515224143858 -0.002471495419740677
v 0.014173021540045738 -0.0015687731793150301 -0.0021474091336131096
v 0.015264018438756466 -0.0026995178777724496 -0.002376686315983534
v 0.014173021540045738 -0.0015687731793150301 -0.0021474091336131096
v 0.015181448310613632 -0.0028362188022583714 -0.0020958413369953632
v 0.015181448310613632 -0.0028362188022583714 -0.0020958413369953632
v 0.014173021540045738 -0.0015687731793150301 -0.0021474091336131096
v 0.01406012661755085 -0.0017192426603287452 -0.0018292105523869395
v 0.015181448310613632 -0.0028362188022583714 -0.0020958413369953632
v 0.01406012661755085 -0.0017192426603287452 -0.0018292105523869395
v 0.015071136876940727 -0.003015660680830478 -0.0018150157993659377
v 0.015071136876940727 -0.003015660680830478 -0.0018150157993659377
v 0.01406012661755085 -0.0017192426603287452 -0.0018292105523869395
v 0.013914917595684528 -0.0019157130736857646 -0.0015216440660879016
v 0.015071136876940727 -0.003015660680830478 -0.0018150157993659377
v 0.013914917595684528 -0.0019157130736857646 -0.0015216440660879016
v 0.014932092279195786 -0.003239047480747103 -0.0015385443111881614
v 0.014932092279195786 -0.003239047480747103 -0.0015385443111881614
v 0.013914917595684528 -0.0019157130736857646 -0.0015216440660879016
v 0.013737695291638374 -0.0021586811635643235 -0.0012286690762266517
v 0.014932092279195786 -0.003239047480747103 -0.0015385443111881614
v 0.013737695291638374 -0.0021586811635643235 -0.0012286690762266517
v 0.014764724299311638 -0.0035057896748185145 -0.0012704593827947974
v 0.014764724299311638 -0.0035057896748185145 -0.0012704593827947974
v 0.013737695291638374 -0.0021586811635643235 -0.0012286690762266517
v 0.013530281372368336 -0.0024464353919029227 -0.0009534692508168519
v 0.014764724299311638 -0.0035057896748185145 -0.0012704593827947974
v 0.013530281372368336 -0.0024464353919029227 -0.0009534692508168519
v 0.013295781798660755 -0.0027754001785069695 -0.0006984647479839623
v 0.013295781798660755 -0.0027754001785069695 -0.0006984647479839623
v 0.013530281372368336 -0.0024464353919029227 -0.0009534692508168519
v 0.012008953839540482 -0.0015925770858302708 -0.0004056839388795197
v 0.013295781798660755 -0.0027754001785069695 -0.0006984647479839623
v 0.012008953839540482 -0.0015925770858302708 -0.0004056839388795197
v 0.011680616065859795 -0.002051996532827615 -0.0001499613863416016
v 0.006643342785537243 -0.0035897158086299883 0.0011147708864882588
v 0.006420471239835024 -0.004019110463559626 0.001153589808382094
v 0.007538072764873505 -0.004914768505841492 0.0010387833463028073
v 0.007426584139466286 -0.002522302791476249 0.0009403961594216526
v 0.006208856590092182 -0.0013463417999446388 0.0010533776367083192
v 0.005607082042843103 -0.0020846778061240903 0.0011861134553328156
v 0.008937833830714226 -0.004791250452399252 0.0008312377030961215
v 0.009355810470879078 -0.004201319999992846 0.000724266457837075
v 0.00849511194974184 -0.0034814665559679257 0.000825856055598706
v 0.007538072764873505 -0.004914768505841492 0.0010387833463028073
v 0.006420471239835024 -0.004019110463559626 0.001153589808382094
v 0.007322715129703283 -0.005356532987207173 0.0010686126770451665
v 0.004781836643815041 -0.004162359517067669 0.0012678509810939431
v 0.007133340463042259 -0.0058007491752505285 0.0010795026319101453
v 0.004966121632605791 -0.003412647638469933 0.0012793169589713216
v 0.004966121632605791 -0.003412647638469933 0.0012793169589713216
v 0.007133340463042259 -0.0058007491752505285 0.0010795026319101453
v 0.007322715129703283 -0.005356532987207173 0.0010686126770451665
v 0.004966121632605791 -0.003412647638469933 0.0012793169589713216
v 0.007322715129703283 -0.005356532987207173 0.0010686126770451665
v 0.0050577824003994465 -0.003142625326290726 0.0012722985120490193
v 0.0050577824003994465 -0.003142625326290726 0.0012722985120490193
v 0.007322715129703283 -0.005356532987207173 0.0010686126770451665
v 0.006420471239835024 -0.004019110463559626 0.001153589808382094
v 0.0050577824003994465 -0.003142625326290726 0.0012722985120490193
v 0.006420471239835024 -0.004019110463559626 0.001153589808382094
v 0.005135498940944672 -0.002945349318906664 0.0012635464081540704
v 0.005135498940944672 -0.002945349318906664 0.0012635464081540704
v 0.006420471239835024 -0.004019110463559626 0.001153589808382094
v 0.005501946434378624 -0.0022430154494941226 0.0012057084823027253
v 0.005501946434378624 -0.0022430154494941226 0.0012057084823027253
v 0.006420471239835024 -0.004019110463559626 0.001153589808382094
v 0.006643342785537243 -0.0035897158086299883 0.0011147708864882588
v 0.005501946434378624 -0.0022430154494941226 0.0012057084823027253
v 0.006643342785537243 -0.0035897158086299883 0.0011147708864882588
v 0.005607082042843103 -0.0020846778061240903 0.0011861134553328156
v 0.00844303797930479 -0.005600120406597851 0.0009345474536530674
v 0.008937833830714226 -0.004791250452399252 0.0008312377030961215
v 0.008020313456654549 -0.004104793537408112 0.0009413917432539165
v 0.008020313456654549 -0.004104793537408112 0.0009413917432539165
v 0.008937833830714226 -0.004791250452399252 0.0008312377030961215
v 0.00849511194974184 -0.0034814665559679257 0.000825856055598706
v 0.008020313456654549 -0.004104793537408112 0.0009413917432539165
v 0.00849511194974184 -0.0034814665559679257 0.000825856055598706
v 0.006892716977745295 -0.0031934985890984527 0.001064388663507998
v 0.006892716977745295 -0.0031934985890984527 0.001064388663507998
v 0.00849511194974184 -0.0034814665559679257 0.000825856055598706
v 0.007426584139466286 -0.002522302791476249 0.0009403961594216526
v 0.006820759270340204 -0.0066588954068720315 0.0010328917996957898
v 0.00807388685643673 -0.0077386968769133065 0.0008890388417057693
v 0.00797693058848381 -0.006481296848505734 0.0009862357983365655
v 0.00807388685643673 -0.0077386968769133065 0.0008890388417057693
v 0.008534747175872326 -0.006912322249263522 0.0009202157962135971
v 0.00797693058848381 -0.006481296848505734 0.0009862357983365655
v 0.00797693058848381 -0.006481296848505734 0.0009862357983365655
v 0.008534747175872326 -0.006912322249263522 0.0009202157962135971
v 0.00876940693706274 -0.006508254911750553 0.0009014468523673713
v 0.00797693058848381 -0.006481296848505734 0.0009862357983365655
v 0.00876940693706274 -0.006508254911750553 0.0009014468523673713
v 0.00844303797930479 -0.005600120406597851 0.0009345474536530674
v 0.00844303797930479 -0.005600120406597851 0.0009345474536530674
v 0.00876940693706274 -0.006508254911750553 0.0009014468523673713
v 0.009056483395397663 -0.006027143914252518 0.0008597426931373775
v 0.00844303797930479 -0.005600120406597851 0.0009345474536530674
v 0.009056483395397663 -0.006027143914252518 0.0008597426931373775
v 0.008937833830714226 -0.004791250452399252 0.0008312377030961215
v 0.008937833830714226 -0.004791250452399252 0.0008312377030961215
v 0.009056483395397663 -0.006027143914252518 0.0008597426931373775
v 0.009745819494128227 -0.004910563584417103 0.0007037824834696949
v 0.008937833830714226 -0.004791250452399252 0.0008312377030961215
v 0.009745819494128227 -0.004910563584417103 0.0007037824834696949
v 0.009355810470879078 -0.004201319999992846 0.000724266457837075
v 0.009355810470879078 -0.004201319999992846 0.000724266457837075
v 0.009745819494128227 -0.004910563584417103 0.0007037824834696949
v 0.009913180954754353 -0.004645441658794878 0.000655207026284188
v 0.007426584139466286 -0.002522302791476249 0.0009403961594216526
v 0.005607082042843103 -0.0020846778061240903 0.0011861134553328156
v 0.006892716977745295 -0.0031934985890984527 0.001064388663507998
v 0.006892716977745295 -0.0031934985890984527 0.001064388663507998
v 0.005607082042843103 -0.0020846778061240903 0.0011861134553328156
v 0.006643342785537243 -0.0035897158086299883 0.0011147708864882588
v 0.006892716977745295 -0.0031934985890984527 0.001064388663507998
v 0.006643342785537243 -0.0035897158086299883 0.0011147708864882588
v 0.008020313456654549 -0.004104793537408112 0.0009413917432539165
v 0.008020313456654549 -0.004104793537408112 0.0009413917432539165
v 0.006643342785537243 -0.0035897158086299883 0.0011147708864882588
v 0.007538072764873505 -0.004914768505841492 0.0010387833463028073
v 0.008020313456654549 -0.004104793537408112 0.0009413917432539165
v 0.007538072764873505 -0.004914768505841492 0.0010387833463028073
v 0.00844303797930479 -0.005600120406597851 0.0009345474536530674
v 0.00844303797930479 -0.005600120406597851 0.0009345474536530674
v 0.007538072764873505 -0.004914768505841492 0.0010387833463028073
v 0.007322715129703283 -0.005356532987207173 0.0010686126770451665
v 0.00844303797930479 -0.005600120406597851 0.0009345474536530674
v 0.007322715129703283 -0.005356532987207173 0.0010686126770451665
v 0.00797693058848381 -0.006481296848505734 0.0009862357983365655
v 0.00797693058848381 -0.006481296848505734 0.0009862357983365655
v 0.007322715129703283 -0.005356532987207173 0.0010686126770451665
v 0.007133340463042259 -0.0058007491752505285 0.0010795026319101453
v 0.00797693058848381 -0.006481296848505734 0.0009862357983365655
v 0.007133340463042259 -0.0058007491752505285 0.0010795026319101453
v 0.006820759270340204 -0.0066588954068720315 0.0010328917996957898
v 0.006820759270340204 -0.0066588954068720315 0.0010328917996957898
v 0.007133340463042259 -0.0058007491752505285 0.0010795026319101453
v 0.004781836643815041 -0.004162359517067669 0.0012678509810939431
v 0.006820759270340204 -0.0066588954068720315 0.0010328917996957898
v 0.004781836643815041 -0.004162359517067669 0.0012678509810939431
v 0.004666145890951157 -0.00483786081895232 0.0012133658165112138
v 0.008937833830714226 -0.004791250452399252 -0.012831240892410278
v 0.009558103047311306 -0.005210638046264647 -0.012753144837915897
v 0.009056483395397663 -0.006027143914252518 -0.012859745882451534
v 0.005811689421534538 -0.0018092324025928968 -0.013145077973604202
v 0.006208856590092182 -0.0013463417999446388 -0.013053380884230137
v 0.007426584139466286 -0.002522302791476249 -0.01294039934873581
v 0.00797693058848381 -0.006481296848505734 -0.012986239045858383
v 0.007587270345538855 -0.007319136522710321 -0.012947805225849152
v 0.006820759270340204 -0.0066588954068720315 -0.013032895512878895
v 0.009913180954754353 -0.004645441658794878 -0.012655210681259632
v 0.009558103047311306 -0.005210638046264647 -0.012753144837915897
v 0.009355810470879078 -0.004201319999992846 -0.012724270112812519
v 0.009355810470879078 -0.004201319999992846 -0.012724270112812519
v 0.009558103047311306 -0.005210638046264647 -0.012753144837915897
v 0.008937833830714226 -0.004791250452399252 -0.012831240892410278
v 0.009355810470879078 -0.004201319999992846 -0.012724270112812519
v 0.008937833830714226 -0.004791250452399252 -0.012831240892410278
v 0.00849511194974184 -0.0034814665559679257 -0.01282585971057415
v 0.006892716977745295 -0.0031934985890984527 -0.013064391911029816
v 0.005607082042843103 -0.0020846778061240903 -0.013186116702854633
v 0.005811689421534538 -0.0018092324025928968 -0.013145077973604202
v 0.005243523046374321 -0.0027060434222221366 -0.013248715549707413
v 0.006643342785537243 -0.0035897158086299883 -0.013114774599671364
v 0.005135498940944672 -0.002945349318906664 -0.013263549655675888
v 0.005135498940944672 -0.002945349318906664 -0.013263549655675888
v 0.006643342785537243 -0.0035897158086299883 -0.013114774599671364
v 0.006420471239835024 -0.004019110463559626 -0.013153593055903912
v 0.005135498940944672 -0.002945349318906664 -0.013263549655675888
v 0.006420471239835024 -0.004019110463559626 -0.013153593055903912
v 0.004894959274679422 -0.0036610513925552355 -0.01328069344162941
v 0.005811689421534538 -0.0018092324025928968 -0.013145077973604202
v 0.007426584139466286 -0.002522302791476249 -0.01294039934873581
v 0.006892716977745295 -0.0031934985890984527 -0.013064391911029816
v 0.006892716977745295 -0.0031934985890984527 -0.013064391911029816
v 0.007426584139466286 -0.002522302791476249 -0.01294039934873581
v 0.00849511194974184 -0.0034814665559679257 -0.01282585971057415
v 0.006892716977745295 -0.0031934985890984527 -0.013064391911029816
v 0.00849511194974184 -0.0034814665559679257 -0.01282585971057415
v 0.008020313456654549 -0.004104793537408112 -0.012941394932568073
v 0.008020313456654549 -0.004104793537408112 -0.012941394932568073
v 0.00849511194974184 -0.0034814665559679257 -0.01282585971057415
v 0.008937833830714226 -0.004791250452399252 -0.012831240892410278
v 0.008020313456654549 -0.004104793537408112 -0.012941394932568073
v 0.008937833830714226 -0.004791250452399252 -0.012831240892410278
v 0.00844303797930479 -0.005600120406597851 -0.012934550642967224
v 0.00844303797930479 -0.005600120406597851 -0.012934550642967224
v 0.008937833830714226 -0.004791250452399252 -0.012831240892410278
v 0.009056483395397663 -0.006027143914252518 -0.012859745882451534
v 0.00844303797930479 -0.005600120406597851 -0.012934550642967224
v 0.009056483395397663 -0.006027143914252518 -0.012859745882451534
v 0.00797693058848381 -0.006481296848505734 -0.012986239045858383
v 0.00797693058848381 -0.006481296848505734 -0.012986239045858383
v 0.009056483395397663 -0.006027143914252518 -0.012859745882451534
v 0.008534747175872326 -0.006912322249263522 -0.012920219451189041
v 0.00797693058848381 -0.006481296848505734 -0.012986239045858383
v 0.008534747175872326 -0.006912322249263522 -0.012920219451189041
v 0.007587270345538855 -0.007319136522710321 -0.012947805225849152
v 0.007587270345538855 -0.007319136522710321 -0.012947805225849152
v 0.008534747175872326 -0.006912322249263522 -0.012920219451189041
v 0.008309608325362206 -0.007311071734875438 -0.012918982654809952
v 0.007587270345538855 -0.007319136522710321 -0.012947805225849152
v 0.008309608325362206 -0.007311071734875438 -0.012918982654809952
v 0.00807388685643673 -0.0077386968769133065 -0.012889042496681213
v 0.006820759270340204 -0.0066588954068720315 -0.013032895512878895
v 0.004666145890951157 -0.00483786081895232 -0.013213369064033031
v 0.007133340463042259 -0.0058007491752505285 -0.01307950634509325
v 0.007133340463042259 -0.0058007491752505285 -0.01307950634509325
v 0.004666145890951157 -0.00483786081895232 -0.013213369064033031
v 0.004838875494897366 -0.0038899797946214663 -0.013277508318424225
v 0.007133340463042259 -0.0058007491752505285 -0.01307950634509325
v 0.004838875494897366 -0.0038899797946214663 -0.013277508318424225
v 0.007322715129703283 -0.005356532987207173 -0.013068616390228271
v 0.004838875494897366 -0.0038899797946214663 -0.013277508318424225
v 0.004894959274679422 -0.0036610513925552355 -0.01328069344162941
v 0.007322715129703283 -0.005356532987207173 -0.013068616390228271
v 0.007322715129703283 -0.005356532987207173 -0.013068616390228271
v 0.004894959274679422 -0.0036610513925552355 -0.01328069344162941
v 0.006420471239835024 -0.004019110463559626 -0.013153593055903912
v 0.007322715129703283 -0.005356532987207173 -0.013068616390228271
v 0.006420471239835024 -0.004019110463559626 -0.013153593055903912
v 0.007538072764873505 -0.004914768505841492 -0.013038787059485912
v 0.007538072764873505 -0.004914768505841492 -0.013038787059485912
v 0.006420471239835024 -0.004019110463559626 -0.013153593055903912
v 0.006643342785537243 -0.0035897158086299883 -0.013114774599671364
v 0.006820759270340204 -0.0066588954068720315 -0.013032895512878895
v 0.007133340463042259 -0.0058007491752505285 -0.01307950634509325
v 0.00797693058848381 -0.006481296848505734 -0.012986239045858383
v 0.00797693058848381 -0.006481296848505734 -0.012986239045858383
v 0.007133340463042259 -0.0058007491752505285 -0.01307950634509325
v 0.007322715129703283 -0.005356532987207173 -0.013068616390228271
v 0.00797693058848381 -0.006481296848505734 -0.012986239045858383
v 0.007322715129703283 -0.005356532987207173 -0.013068616390228271
v 0.00844303797930479 -0.005600120406597851 -0.012934550642967224
v 0.00844303797930479 -0.005600120406597851 -0.012934550642967224
v 0.007322715129703283 -0.005356532987207173 -0.013068616390228271
v 0.007538072764873505 -0.004914768505841492 -0.013038787059485912
v 0.00844303797930479 -0.005600120406597851 -0.012934550642967224
v 0.007538072764873505 -0.004914768505841492 -0.013038787059485912
v 0.008020313456654549 -0.004104793537408112 -0.012941394932568073
v 0.008020313456654549 -0.004104793537408112 -0.012941394932568073
v 0.007538072764873505 -0.004914768505841492 -0.013038787059485912
v 0.006643342785537243 -0.0035897158086299883 -0.013114774599671364
v 0.008020313456654549 -0.004104793537408112 -0.012941394932568073
v 0.006643342785537243 -0.0035897158086299883 -0.013114774599671364
v 0.006892716977745295 -0.0031934985890984527 -0.013064391911029816
v 0.006892716977745295 -0.0031934985890984527 -0.013064391911029816
v 0.006643342785537243 -0.0035897158086299883 -0.013114774599671364
v 0.005243523046374321 -0.0027060434222221366 -0.013248715549707413
v 0.006892716977745295 -0.0031934985890984527 -0.013064391911029816
v 0.005243523046374321 -0.0027060434222221366 -0.013248715549707413
v 0.005607082042843103 -0.0020846778061240903 -0.013186116702854633
v 0.012287739664316177 0.0011403162498027082 -0.002651054412126541
v 0.011882825754582882 0.001811986789107322 -0.0034204195253551006
v 0.010780001990497112 0.0031086113303899756 -0.0034204295370727777
v 0.009173694998025894 -0.002594230230897664 0.0006084476481191814
v 0.00849511194974184 -0.0034814665559679257 0.000825856055598706
v 0.009355810470879078 -0.004201319999992846 0.000724266457837075
v 0.00971200130879879 8.90336086740717e-05 -5.086680903332308e-05
v 0.010406910441815853 0.0008317281026393172 -0.0005750305135734379
v 0.009264792315661907 0.0017694608541205519 -0.0004066646215505898
v 0.00971200130879879 8.90336086740717e-05 -5.086680903332308e-05
v 0.010927760042250156 -0.000448057660833001 -0.00034093280555680394
v 0.010406910441815853 0.0008317281026393172 -0.0005750305135734379
v 0.010406910441815853 0.0008317281026393172 -0.0005750305135734379
v 0.010927760042250156 -0.000448057660833001 -0.00034093280555680394
v 0.01123445387929678 -8.662420441396532e-05 -0.0006066163186915219
v 0.010406910441815853 0.0008317281026393172 -0.0005750305135734379
v 0.01123445387929678 -8.662420441396532e-05 -0.0006066163186915219
v 0.011509900912642479 0.00023557225358672432 -0.0008971503120847046
v 0.006208856590092182 -0.0013463417999446388 0.0010533776367083192
v 0.007426584139466286 -0.002522302791476249 0.0009403961594216526
v 0.007271711248904467 -0.0002059924590867012 0.0007047706167213619
v 0.007271711248904467 -0.0002059924590867012 0.0007047706167213619
v 0.007426584139466286 -0.002522302791476249 0.0009403961594216526
v 0.008170390501618385 -0.0016360644949600094 0.0007052199798636138
v 0.007271711248904467 -0.0002059924590867012 0.0007047706167213619
v 0.008170390501618385 -0.0016360644949600094 0.0007052199798636138
v 0.007852121256291866 0.0003879145369864999 0.000451318162959069
v 0.007852121256291866 0.0003879145369864999 0.000451318162959069
v 0.008170390501618385 -0.0016360644949600094 0.0007052199798636138
v 0.0089464345946908 -0.0007521493243984876 0.00037604215322062373
v 0.007852121256291866 0.0003879145369864999 0.000451318162959069
v 0.0089464345946908 -0.0007521493243984876 0.00037604215322062373
v 0.008348683826625347 0.000883016444277018 0.00019537581829354167
v 0.008348683826625347 0.000883016444277018 0.00019537581829354167
v 0.0089464345946908 -0.0007521493243984876 0.00037604215322062373
v 0.00971200130879879 8.90336086740717e-05 -5.086680903332308e-05
v 0.008348683826625347 0.000883016444277018 0.00019537581829354167
v 0.00971200130879879 8.90336086740717e-05 -5.086680903332308e-05
v 0.008676392026245594 0.0012039728462696071 2.72149213742523e-06
v 0.008676392026245594 0.0012039728462696071 2.72149213742523e-06
v 0.00971200130879879 8.90336086740717e-05 -5.086680903332308e-05
v 0.009264792315661907 0.0017694608541205519 -0.0004066646215505898
v 0.009889956563711166 -0.0016979962820187205 0.0003028024802915752
v 0.01063548494130373 -0.0024204005021601907 0.0002417552168481052
v 0.010596497915685177 -0.0008420945378020403 -0.00010079082130687311
v 0.010596497915685177 -0.0008420945378020403 -0.00010079082130687311
v 0.01063548494130373 -0.0024204005021601907 0.0002417552168481052
v 0.011288615874946117 -0.0015567319933325048 -0.0001389913377352059
v 0.010489929467439651 -0.003766468726098536 0.0004610588657669723
v 0.01063548494130373 -0.0024204005021601907 0.0002417552168481052
v 0.009973619133234024 -0.003321541706100105 0.0005241140606813133
v 0.009973619133234024 -0.003321541706100105 0.0005241140606813133
v 0.01063548494130373 -0.0024204005021601907 0.0002417552168481052
v 0.009889956563711166 -0.0016979962820187205 0.0003028024802915752
v 0.009973619133234024 -0.003321541706100105 0.0005241140606813133
v 0.009889956563711166 -0.0016979962820187205 0.0003028024802915752
v 0.009173694998025894 -0.002594230230897664 0.0006084476481191814
v 0.010927760042250156 -0.000448057660833001 -0.00034093280555680394
v 0.01159370131790638 -0.0011593546951189633 -0.00036957237171009183
v 0.01123445387929678 -8.662420441396532e-05 -0.0006066163186915219
v 0.01123445387929678 -8.662420441396532e-05 -0.0006066163186915219
v 0.01159370131790638 -0.0011593546951189633 -0.00036957237171009183
v 0.011875213123857975 -0.0007952958694659171 -0.0006275701452977955
v 0.01123445387929678 -8.662420441396532e-05 -0.0006066163186915219
v 0.011875213123857975 -0.0007952958694659171 -0.0006275701452977955
v 0.011509900912642479 0.00023557225358672432 -0.0008971503120847046
v 0.011509900912642479 0.00023557225358672432 -0.0008971503120847046
v 0.011875213123857975 -0.0007952958694659171 -0.0006275701452977955
v 0.012127131223678589 -0.0004711700894404201 -0.000912530638743192
v 0.011509900912642479 0.00023557225358672432 -0.0008971503120847046
v 0.012127131223678589 -0.0004711700894404201 -0.000912530638743192
v 0.011748496443033218 0.0005131501820869742 -0.001211221213452518
v 0.011748496443033218 0.0005131501820869742 -0.001211221213452518
v 0.012127131223678589 -0.0004711700894404201 -0.000912530638743192
v 0.012344603426754475 -0.00019213523773942137 -0.0012231565779075027
v 0.011748496443033218 0.0005131501820869742 -0.001211221213452518
v 0.012344603426754475 -0.00019213523773942137 -0.0012231565779075027
v 0.01194619107991457 0.0007424025097861884 -0.0015468307537958026
v 0.01194619107991457 0.0007424025097861884 -0.0015468307537958026
v 0.012344603426754475 -0.00019213523773942137 -0.0012231565779075027
v 0.01252429187297821 3.8557620428036885e-05 -0.0015572112752124667
v 0.01194619107991457 0.0007424025097861884 -0.0015468307537958026
v 0.01252429187297821 3.8557620428036885e-05 -0.0015572112752124667
v 0.012100938707590103 0.000921836064662784 -0.0019012241391465068
v 0.012100938707590103 0.000921836064662784 -0.0019012241391465068
v 0.01252429187297821 3.8557620428036885e-05 -0.0015572112752124667
v 0.012664766050875187 0.0002199718583142384 -0.0019114151364192367
v 0.012100938707590103 0.000921836064662784 -0.0019012241391465068
v 0.012664766050875187 0.0002199718583142384 -0.0019114151364192367
v 0.012213403359055519 0.0010528215207159515 -0.002270806347951293
v 0.012213403359055519 0.0010528215207159515 -0.002270806347951293
v 0.012664766050875187 0.0002199718583142384 -0.0019114151364192367
v 0.012767036445438862 0.00035375787410885085 -0.0022813149262219667
v 0.012213403359055519 0.0010528215207159515 -0.002270806347951293
v 0.012767036445438862 0.00035375787410885085 -0.0022813149262219667
v 0.012287739664316177 0.0011403162498027082 -0.002651054412126541
v 0.012287739664316177 0.0011403162498027082 -0.002651054412126541
v 0.012767036445438862 0.00035375787410885085 -0.0022813149262219667
v 0.012835227884352207 0.000444324337877333 -0.0026611434295773506
v 0.012287739664316177 0.0011403162498027082 -0.002651054412126541
v 0.012835227884352207 0.000444324337877333 -0.0026611434295773506
v 0.011882825754582882 0.001811986789107322 -0.0034204195253551006
v 0.011882825754582882 0.001811986789107322 -0.0034204195253551006
v 0.012835227884352207 0.000444324337877333 -0.0026611434295773506
v 0.012902374379336834 0.0005312392604537306 -0.003420368069782853
v 0.009173694998025894 -0.002594230230897664 0.0006084476481191814
v 0.009355810470879078 -0.004201319999992846 0.000724266457837075
v 0.009973619133234024 -0.003321541706100105 0.0005241140606813133
v 0.009973619133234024 -0.003321541706100105 0.0005241140606813133
v 0.009355810470879078 -0.004201319999992846 0.000724266457837075
v 0.009913180954754353 -0.004645441658794878 0.000655207026284188
v 0.009973619133234024 -0.003321541706100105 0.0005241140606813133
v 0.009913180954754353 -0.004645441658794878 0.000655207026284188
v 0.010489929467439651 -0.003766468726098536 0.0004610588657669723
v 0.007426584139466286 -0.002522302791476249 0.0009403961594216526
v 0.00849511194974184 -0.0034814665559679257 0.000825856055598706
v 0.008170390501618385 -0.0016360644949600094 0.0007052199798636138
v 0.008170390501618385 -0.0016360644949600094 0.0007052199798636138
v 0.00849511194974184 -0.0034814665559679257 0.000825856055598706
v 0.009173694998025894 -0.002594230230897664 0.0006084476481191814
v 0.008170390501618385 -0.0016360644949600094 0.0007052199798636138
v 0.009173694998025894 -0.002594230230897664 0.0006084476481191814
v 0.0089464345946908 -0.0007521493243984876 0.00037604215322062373
v 0.0089464345946908 -0.0007521493243984876 0.00037604215322062373
v 0.009173694998025894 -0.002594230230897664 0.0006084476481191814
v 0.009889956563711166 -0.0016979962820187205 0.0003028024802915752
v 0.0089464345946908 -0.0007521493243984876 0.00037604215322062373
v 0.009889956563711166 -0.0016979962820187205 0.0003028024802915752
v 0.00971200130879879 8.90336086740717e-05 -5.086680903332308e-05
v 0.00971200130879879 8.90336086740717e-05 -5.086680903332308e-05
v 0.009889956563711166 -0.0016979962820187205 0.0003028024802915752
v 0.010596497915685177 -0.0008420945378020403 -0.00010079082130687311
v 0.00971200130879879 8.90336086740717e-05 -5.086680903332308e-05
v 0.010596497915685177 -0.0008420945378020403 -0.00010079082130687311
v 0.010927760042250156 -0.000448057660833001 -0.00034093280555680394
v 0.010927760042250156 -0.000448057660833001 -0.00034093280555680394
v 0.010596497915685177 -0.0008420945378020403 -0.00010079082130687311
v 0.011288615874946117 -0.0015567319933325048 -0.0001389913377352059
v 0.010927760042250156 -0.000448057660833001 -0.00034093280555680394
v 0.011288615874946117 -0.0015567319933325048 -0.0001389913377352059
v 0.01159370131790638 -0.0011593546951189633 -0.00036957237171009183
v 0.010489929467439651 -0.003766468726098536 0.0004610588657669723
v 0.010907129384577274 -0.0031548060942441216 0.0002874901401810348
v 0.01063548494130373 -0.0024204005021601907 0.0002417552168481052
v 0.01063548494130373 -0.0024204005021601907 0.0002417552168481052
v 0.010907129384577274 -0.0031548060942441216 0.0002874901401810348
v 0.011111230589449406 -0.0028604860417544833 0.0001890241983346641
v 0.01063548494130373 -0.0024204005021601907 0.0002417552168481052
v 0.011111230589449406 -0.0028604860417544833 0.0001890241983346641
v 0.011288615874946117 -0.0015567319933325048 -0.0001389913377352059
v 0.011288615874946117 -0.0015567319933325048 -0.0001389913377352059
v 0.011111230589449406 -0.0028604860417544833 0.0001890241983346641
v 0.011680616065859795 -0.002051996532827615 -0.0001499613863416016
v 0.011288615874946117 -0.0015567319933325048 -0.0001389913377352059
v 0.011680616065859795 -0.002051996532827615 -0.0001499613863416016
v 0.01159370131790638 -0.0011593546951189633 -0.00036957237171009183
v 0.01159370131790638 -0.0011593546951189633 -0.00036957237171009183
v 0.011680616065859795 -0.002051996532827615 -0.0001499613863416016
v 0.012008953839540482 -0.0015925770858302708 -0.0004056839388795197
v 0.01159370131790638 -0.0011593546951189633 -0.00036957237171009183
v 0.012008953839540482 -0.0015925770858302708 -0.0004056839388795197
v 0.011875213123857975 -0.0007952958694659171 -0.0006275701452977955
v 0.011875213123857975 -0.0007952958694659171 -0.0006275701452977955
v 0.012008953839540482 -0.0015925770858302708 -0.0004056839388795197
v 0.012272041290998459 -0.0012275242479518052 -0.0006590483826585114
v 0.011875213123857975 -0.0007952958694659171 -0.0006275701452977955
v 0.012272041290998459 -0.0012275242479518052 -0.0006590483826585114
v 0.012127131223678589 -0.0004711700894404201 -0.000912530638743192
v 0.012127131223678589 -0.0004711700894404201 -0.000912530638743192
v 0.012272041290998459 -0.0012275242479518052 -0.0006590483826585114
v 0.012507368810474873 -0.000903242849744856 -0.0009401131537742913
v 0.012127131223678589 -0.0004711700894404201 -0.000912530638743192
v 0.012507368810474873 -0.000903242849744856 -0.0009401131537742913
v 0.012344603426754475 -0.00019213523773942137 -0.0012231565779075027
v 0.012344603426754475 -0.00019213523773942137 -0.0012231565779075027
v 0.012507368810474873 -0.000903242849744856 -0.0009401131537742913
v 0.012706003151834011 -0.0006312704645097254 -0.00123960233759135
v 0.012344603426754475 -0.00019213523773942137 -0.0012231565779075027
v 0.012706003151834011 -0.0006312704645097254 -0.00123960233759135
v 0.01252429187297821 3.8557620428036885e-05 -0.0015572112752124667
v 0.01252429187297821 3.8557620428036885e-05 -0.0015572112752124667
v 0.012706003151834011 -0.0006312704645097254 -0.00123960233759135
v 0.012879099696874619 -0.0003957854351028799 -0.0015790601028129458
v 0.01252429187297821 3.8557620428036885e-05 -0.0015572112752124667
v 0.012879099696874619 -0.0003957854351028799 -0.0015790601028129458
v 0.012664766050875187 0.0002199718583142384 -0.0019114151364192367
v 0.012664766050875187 0.0002199718583142384 -0.0019114151364192367
v 0.012879099696874619 -0.0003957854351028799 -0.0015790601028129458
v 0.012995031662285328 -0.00023909765877760939 -0.0018800374818965793
v 0.012664766050875187 0.0002199718583142384 -0.0019114151364192367
v 0.012995031662285328 -0.00023909765877760939 -0.0018800374818965793
v 0.012767036445438862 0.00035375787410885085 -0.0022813149262219667
v 0.012767036445438862 0.00035375787410885085 -0.0022813149262219667
v 0.012995031662285328 -0.00023909765877760939 -0.0018800374818965793
v 0.01310929749161005 -8.597836131229994e-05 -0.002298243110999465
v 0.012767036445438862 0.00035375787410885085 -0.0022813149262219667
v 0.01310929749161005 -8.597836131229994e-05 -0.002298243110999465
v 0.012835227884352207 0.000444324337877333 -0.0026611434295773506
v 0.012835227884352207 0.000444324337877333 -0.0026611434295773506
v 0.01310929749161005 -8.597836131229994e-05 -0.002298243110999465
v 0.013167329132556915 -9.30091300688218e-06 -0.0026170776691287756
v 0.012835227884352207 0.000444324337877333 -0.0026611434295773506
v 0.013167329132556915 -9.30091300688218e-06 -0.0026170776691287756
v 0.012902374379336834 0.0005312392604537306 -0.003420368069782853
v 0.012902374379336834 0.0005312392604537306 -0.003420368069782853
v 0.013167329132556915 -9.30091300688218e-06 -0.0026170776691287756
v 0.013241793029010296 8.49723146529868e-05 -0.0034203382674604654
v 0.010780001990497112 0.0031086113303899756 -0.0034204295370727777
v 0.01069928240031004 0.0030379558447748414 -0.0026240551378577948
v 0.012287739664316177 0.0011403162498027082 -0.002651054412126541
v 0.012287739664316177 0.0011403162498027082 -0.002651054412126541
v 0.01069928240031004 0.0030379558447748414 -0.0026240551378577948
v 0.010679550468921661 0.0030243585351854554 -0.002523142844438553
v 0.012287739664316177 0.0011403162498027082 -0.002651054412126541
v 0.010679550468921661 0.0030243585351854554 -0.002523142844438553
v 0.012213403359055519 0.0010528215207159515 -0.002270806347951293
v 0.012213403359055519 0.0010528215207159515 -0.002270806347951293
v 0.010679550468921661 0.0030243585351854554 -0.002523142844438553
v 0.010607202537357807 0.002972804941236972 -0.002238943474367261
v 0.012213403359055519 0.0010528215207159515 -0.002270806347951293
v 0.010607202537357807 0.002972804941236972 -0.002238943474367261
v 0.012100938707590103 0.000921836064662784 -0.0019012241391465068
v 0.012100938707590103 0.000921836064662784 -0.0019012241391465068
v 0.010607202537357807 0.002972804941236972 -0.002238943474367261
v 0.010463018901646137 0.0028600641526281825 -0.0018541481113061309
v 0.012100938707590103 0.000921836064662784 -0.0019012241391465068
v 0.010463018901646137 0.0028600641526281825 -0.0018541481113061309
v 0.01194619107991457 0.0007424025097861884 -0.0015468307537958026
v 0.01194619107991457 0.0007424025097861884 -0.0015468307537958026
v 0.010463018901646137 0.0028600641526281825 -0.0018541481113061309
v 0.010279417969286442 0.0027042932342737904 -0.0015076537383720279
v 0.01194619107991457 0.0007424025097861884 -0.0015468307537958026
v 0.010279417969286442 0.0027042932342737904 -0.0015076537383720279
v 0.011748496443033218 0.0005131501820869742 -0.001211221213452518
v 0.011748496443033218 0.0005131501820869742 -0.001211221213452518
v 0.010279417969286442 0.0027042932342737904 -0.0015076537383720279
v 0.010058993473649025 0.0025081608910113564 -0.0011894110357388854
v 0.011748496443033218 0.0005131501820869742 -0.001211221213452518
v 0.010058993473649025 0.0025081608910113564 -0.0011894110357388854
v 0.011509900912642479 0.00023557225358672432 -0.0008971503120847046
v 0.011509900912642479 0.00023557225358672432 -0.0008971503120847046
v 0.010058993473649025 0.0025081608910113564 -0.0011894110357388854
v 0.009754749946296215 0.002229358069598674 -0.0008424434927292168
v 0.011509900912642479 0.00023557225358672432 -0.0008971503120847046
v 0.009754749946296215 0.002229358069598674 -0.0008424434927292168
v 0.010406910441815853 0.0008317281026393172 -0.0005750305135734379
v 0.010406910441815853 0.0008317281026393172 -0.0005750305135734379
v 0.009754749946296215 0.002229358069598674 -0.0008424434927292168
v 0.009479941800236702 0.00197275960817933 -0.00058415048988536
v 0.010406910441815853 0.0008317281026393172 -0.0005750305135734379
v 0.009479941800236702 0.00197275960817933 -0.00058415048988536
v 0.009264792315661907 0.0017694608541205519 -0.0004066646215505898
v 0.002766579622402787 -0.0033261915668845164 0.001284917932935059
v 0.0037236150819808245 -0.004073344636708496 0.0012601168127730489
v 0.002883818931877613 -0.003226428059861063 0.0013042642967775464
v 0.002883818931877613 -0.003226428059861063 0.0013042642967775464
v 0.0037236150819808245 -0.004073344636708496 0.0012601168127730489
v 0.003051751060411334 -0.00305996905080974 0.0013274928787723184
v 0.003051751060411334 -0.00305996905080974 0.0013274928787723184
v 0.0037236150819808245 -0.004073344636708496 0.0012601168127730489
v 0.003366424236446619 -0.0026685644406825295 0.0013530763098970056
v 0.003366424236446619 -0.0026685644406825295 0.0013530763098970056
v 0.0037236150819808245 -0.004073344636708496 0.0012601168127730489
v 0.0038903106469660997 -0.003095787949860095 0.0013315534451976418
v 0.003366424236446619 -0.0026685644406825295 0.0013530763098970056
v 0.0038903106469660997 -0.003095787949860095 0.0013315534451976418
v 0.0036698828916996717 -0.0021782342810183755 0.0013532215962186456
v 0.005607082042843103 -0.0020846778061240903 0.0011861134553328156
v 0.006208856590092182 -0.0013463417999446388 0.0010533776367083192
v 0.005401346832513809 -0.0005385260446928439 0.0011096360394731164
v 0.004420729354023933 0.00043647355050779863 0.001131573342718184
v 0.004401284269988537 0.00019790625083260233 0.0011618161806836724
v 0.005401346832513809 -0.0005385260446928439 0.0011096360394731164
v 0.005401346832513809 -0.0005385260446928439 0.0011096360394731164
v 0.004401284269988537 0.00019790625083260233 0.0011618161806836724
v 0.00433846702799201 -0.00025357509730383743 0.0012151972623541951
v 0.005401346832513809 -0.0005385260446928439 0.0011096360394731164
v 0.00433846702799201 -0.00025357509730383743 0.0012151972623541951
v 0.005607082042843103 -0.0020846778061240903 0.0011861134553328156
v 0.005607082042843103 -0.0020846778061240903 0.0011861134553328156
v 0.00433846702799201 -0.00025357509730383743 0.0012151972623541951
v 0.00417330814525485 -0.0009544501081109044 0.0012838850961998105
v 0.005607082042843103 -0.0020846778061240903 0.0011861134553328156
v 0.00417330814525485 -0.0009544501081109044 0.0012838850961998105
v 0.005501946434378624 -0.0022430154494941226 0.0012057084823027253
v 0.00417330814525485 -0.0009544501081109044 0.0012838850961998105
v 0.004166571423411369 -0.0009771378245204683 0.0012857873225584626
v 0.005501946434378624 -0.0022430154494941226 0.0012057084823027253
v 0.005501946434378624 -0.0022430154494941226 0.0012057084823027253
v 0.004166571423411369 -0.0009771378245204683 0.0012857873225584626
v 0.003948799800127745 -0.0015930279623717065 0.0013291701907292008
v 0.005501946434378624 -0.0022430154494941226 0.0012057084823027253
v 0.003948799800127745 -0.0015930279623717065 0.0013291701907292008
v 0.005135498940944672 -0.002945349318906664 0.0012635464081540704
v 0.005135498940944672 -0.002945349318906664 0.0012635464081540704
v 0.003948799800127745 -0.0015930279623717065 0.0013291701907292008
v 0.0037450187373906374 -0.0020354997832328072 0.001349272788502276
v 0.005135498940944672 -0.002945349318906664 0.0012635464081540704
v 0.0037450187373906374 -0.0020354997832328072 0.001349272788502276
v 0.0050577824003994465 -0.003142625326290726 0.0012722985120490193
v 0.0050577824003994465 -0.003142625326290726 0.0012722985120490193
v 0.0037450187373906374 -0.0020354997832328072 0.001349272788502276
v 0.0036698828916996717 -0.0021782342810183755 0.0013532215962186456
v 0.0050577824003994465 -0.003142625326290726 0.0012722985120490193
v 0.0036698828916996717 -0.0021782342810183755 0.0013532215962186456
v 0.004966121632605791 -0.003412647638469933 0.0012793169589713216
v 0.004966121632605791 -0.003412647638469933 0.0012793169589713216
v 0.0036698828916996717 -0.0021782342810183755 0.0013532215962186456
v 0.0038903106469660997 -0.003095787949860095 0.0013315534451976418
v 0.004966121632605791 -0.003412647638469933 0.0012793169589713216
v 0.0038903106469660997 -0.003095787949860095 0.0013315534451976418
v 0.004781836643815041 -0.004162359517067669 0.0012678509810939431
v 0.004781836643815041 -0.004162359517067669 0.0012678509810939431
v 0.0038903106469660997 -0.003095787949860095 0.0013315534451976418
v 0.0037236150819808245 -0.004073344636708496 0.0012601168127730489
v 0.004781836643815041 -0.004162359517067669 0.0012678509810939431
v 0.0037236150819808245 -0.004073344636708496 0.0012601168127730489
v 0.004666145890951157 -0.00483786081895232 0.0012133658165112138
v 0.0037450140807777643 -0.0020355076994746915 -0.013349276967346668
v 0.0038308845832943916 -0.0018599963514134281 -0.013342604041099548
v 0.004334429278969765 -0.002209966303780674 -0.013317505829036236
v 0.0041666459292173386 -0.00097702897619456 -0.01328577846288681
v 0.0042737205512821674 -0.0005725112278014419 -0.013248774223029613
v 0.005607082042843103 -0.0020846778061240903 -0.013186116702854633
v 0.005607082042843103 -0.0020846778061240903 -0.013186116702854633
v 0.0042737205512821674 -0.0005725112278014419 -0.013248774223029613
v 0.005811689421534538 -0.0018092324025928968 -0.013145077973604202
v 0.004401323385536671 0.00019785584299825126 -0.01316182129085064
v 0.004420729354023933 0.00043647355050779863 -0.013131576590240002
v 0.005401346832513809 -0.0005385260446928439 -0.013109639286994934
v 0.005401346832513809 -0.0005385260446928439 -0.013109639286994934
v 0.006208856590092182 -0.0013463417999446388 -0.013053380884230137
v 0.005811689421534538 -0.0018092324025928968 -0.013145077973604202
v 0.005811689421534538 -0.0018092324025928968 -0.013145077973604202
v 0.0042737205512821674 -0.0005725112278014419 -0.013248774223029613
v 0.005401346832513809 -0.0005385260446928439 -0.013109639286994934
v 0.005401346832513809 -0.0005385260446928439 -0.013109639286994934
v 0.0042737205512821674 -0.0005725112278014419 -0.013248774223029613
v 0.0043936665169894695 0.0001262990699615329 -0.013170664198696613
v 0.005401346832513809 -0.0005385260446928439 -0.013109639286994934
v 0.0043936665169894695 0.0001262990699615329 -0.013170664198696613
v 0.004401323385536671 0.00019785584299825126 -0.01316182129085064
v 0.0041666459292173386 -0.00097702897619456 -0.01328577846288681
v 0.005607082042843103 -0.0020846778061240903 -0.013186116702854633
v 0.004069044254720211 -0.0012777552474290128 -0.013308987952768803
v 0.004069044254720211 -0.0012777552474290128 -0.013308987952768803
v 0.005607082042843103 -0.0020846778061240903 -0.013186116702854633
v 0.005243523046374321 -0.0027060434222221366 -0.013248715549707413
v 0.004069044254720211 -0.0012777552474290128 -0.013308987952768803
v 0.005243523046374321 -0.0027060434222221366 -0.013248715549707413
v 0.005135498940944672 -0.002945349318906664 -0.013263549655675888
v 0.0037450140807777643 -0.0020355076994746915 -0.013349276967346668
v 0.004334429278969765 -0.002209966303780674 -0.013317505829036236
v 0.003551695728674531 -0.002384499413892626 -0.01335613802075386
v 0.004334429278969765 -0.002209966303780674 -0.013317505829036236
v 0.004105189815163612 -0.0026616696268320075 -0.013332949951291084
v 0.003551695728674531 -0.002384499413892626 -0.01335613802075386
v 0.003551695728674531 -0.002384499413892626 -0.01335613802075386
v 0.004105189815163612 -0.0026616696268320075 -0.013332949951291084
v 0.0038903106469660997 -0.003095787949860095 -0.01333155669271946
v 0.003551695728674531 -0.002384499413892626 -0.01335613802075386
v 0.0038903106469660997 -0.003095787949860095 -0.01333155669271946
v 0.003222343046218157 -0.00286096055060625 -0.013344482518732548
v 0.003222343046218157 -0.00286096055060625 -0.013344482518732548
v 0.0038903106469660997 -0.003095787949860095 -0.01333155669271946
v 0.0028838186990469694 -0.0032264285255223504 -0.013304268009960651
v 0.0028838186990469694 -0.0032264285255223504 -0.013304268009960651
v 0.0038903106469660997 -0.003095787949860095 -0.01333155669271946
v 0.0037236150819808245 -0.004073344636708496 -0.013260120525956154
v 0.0028838186990469694 -0.0032264285255223504 -0.013304268009960651
v 0.0037236150819808245 -0.004073344636708496 -0.013260120525956154
v 0.002766579622402787 -0.0033261915668845164 -0.013284921646118164
v 0.004666145890951157 -0.00483786081895232 -0.013213369064033031
v 0.0037236150819808245 -0.004073344636708496 -0.013260120525956154
v 0.004838875494897366 -0.0038899797946214663 -0.013277508318424225
v 0.004838875494897366 -0.0038899797946214663 -0.013277508318424225
v 0.0037236150819808245 -0.004073344636708496 -0.013260120525956154
v 0.0038903106469660997 -0.003095787949860095 -0.01333155669271946
v 0.004838875494897366 -0.0038899797946214663 -0.013277508318424225
v 0.0038903106469660997 -0.003095787949860095 -0.01333155669271946
v 0.004894959274679422 -0.0036610513925552355 -0.01328069344162941
v 0.004894959274679422 -0.0036610513925552355 -0.01328069344162941
v 0.0038903106469660997 -0.003095787949860095 -0.01333155669271946
v 0.004105189815163612 -0.0026616696268320075 -0.013332949951291084
v 0.004894959274679422 -0.0036610513925552355 -0.01328069344162941
v 0.004105189815163612 -0.0026616696268320075 -0.013332949951291084
v 0.005135498940944672 -0.002945349318906664 -0.013263549655675888
v 0.005135498940944672 -0.002945349318906664 -0.013263549655675888
v 0.004105189815163612 -0.0026616696268320075 -0.013332949951291084
v 0.004334429278969765 -0.002209966303780674 -0.013317505829036236
v 0.005135498940944672 -0.002945349318906664 -0.013263549655675888
v 0.004334429278969765 -0.002209966303780674 -0.013317505829036236
v 0.004069044254720211 -0.0012777552474290128 -0.013308987952768803
v 0.004069044254720211 -0.0012777552474290128 -0.013308987952768803
v 0.004334429278969765 -0.002209966303780674 -0.013317505829036236
v 0.0038308845832943916 -0.0018599963514134281 -0.013342604041099548
v 0.004194159992039204 0.0025418952573090783 0.0008499596151523292
v 0.004194159992039204 0.0025418952573090783 -0.0024500000290572643
v 0.004347565118223429 0.0018465929897502058 0.0009430052596144378
v 0.004347565118223429 0.0018465929897502058 0.0009430052596144378
v 0.004194159992039204 0.0025418952573090783 -0.0024500000290572643
v 0.004414541181176901 0.001285646227188408 -0.0024500000290572643
v 0.004347565118223429 0.0018465929897502058 0.0009430052596144378
v 0.004414541181176901 0.001285646227188408 -0.0024500000290572643
v 0.004414500668644905 0.001285564736463129 0.0010190448956564069
v 0.004414500668644905 0.001285564736463129 0.0010190448956564069
v 0.004414541181176901 0.001285646227188408 -0.0024500000290572643
v 0.004424910992383957 0.0011182960588484998 0.001041579176671803
v 0.004424910992383957 0.0011182960588484998 0.001041579176671803
v 0.004414541181176901 0.001285646227188408 -0.0024500000290572643
v 0.004401299171149731 0.00019783063908107573 -0.0024500000290572643
v 0.004424910992383957 0.0011182960588484998 0.001041579176671803
v 0.004401299171149731 0.00019783063908107573 -0.0024500000290572643
v 0.004420729354023933 0.00043647355050779863 0.001131573342718184
v 0.004166571423411369 -0.0009771378245204683 0.0012857873225584626
v 0.00417330814525485 -0.0009544501081109044 0.0012838850961998105
v 0.00416701240465045 -0.0009773158235475417 -0.0024500000290572643
v 0.00416701240465045 -0.0009773158235475417 -0.0024500000290572643
v 0.00417330814525485 -0.0009544501081109044 0.0012838850961998105
v 0.00433846702799201 -0.00025357509730383743 0.0012151972623541951
v 0.00416701240465045 -0.0009773158235475417 -0.0024500000290572643
v 0.00433846702799201 -0.00025357509730383743 0.0012151972623541951
v 0.004401299171149731 0.00019783063908107573 -0.0024500000290572643
v 0.004401299171149731 0.00019783063908107573 -0.0024500000290572643
v 0.00433846702799201 -0.00025357509730383743 0.0012151972623541951
v 0.004401284269988537 0.00019790625083260233 0.0011618161806836724
v 0.004401299171149731 0.00019783063908107573 -0.0024500000290572643
v 0.004401284269988537 0.00019790625083260233 0.0011618161806836724
v 0.004420729354023933 0.00043647355050779863 0.001131573342718184
v 0.004166571423411369 -0.0009771378245204683 0.0012857873225584626
v 0.00416701240465045 -0.0009773158235475417 -0.0024500000290572643
v 0.003948799800127745 -0.0015930279623717065 0.0013291701907292008
v 0.003948799800127745 -0.0015930279623717065 0.0013291701907292008
v 0.00416701240465045 -0.0009773158235475417 -0.0024500000290572643
v 0.0037452904507517815 -0.002035713056102394 -0.0024500000290572643
v 0.003948799800127745 -0.0015930279623717065 0.0013291701907292008
v 0.0037452904507517815 -0.002035713056102394 -0.0024500000290572643
v 0.0037450187373906374 -0.0020354997832328072 0.001349272788502276
v 0.0037450187373906374 -0.0020354997832328072 0.001349272788502276
v 0.0037452904507517815 -0.002035713056102394 -0.0024500000290572643
v 0.0036698828916996717 -0.0021782342810183755 0.0013532215962186456
v 0.0036698828916996717 -0.0021782342810183755 0.0013532215962186456
v 0.0037452904507517815 -0.002035713056102394 -0.0024500000290572643
v 0.0031946792732924223 -0.0028947463724762193 -0.0024500000290572643
v 0.0036698828916996717 -0.0021782342810183755 0.0013532215962186456
v 0.0031946792732924223 -0.0028947463724762193 -0.0024500000290572643
v 0.003366424236446619 -0.0026685644406825295 0.0013530763098970056
v 0.003366424236446619 -0.0026685644406825295 0.0013530763098970056
v 0.0031946792732924223 -0.0028947463724762193 -0.0024500000290572643
v 0.003051751060411334 -0.00305996905080974 0.0013274928787723184
v 0.003051751060411334 -0.00305996905080974 0.0013274928787723184
v 0.0031946792732924223 -0.0028947463724762193 -0.0024500000290572643
v 0.0028838186990469694 -0.0032264285255223504 -0.0024500000290572643
v 0.003051751060411334 -0.00305996905080974 0.0013274928787723184
v 0.0028838186990469694 -0.0032264285255223504 -0.0024500000290572643
v 0.002883818931877613 -0.003226428059861063 0.0013042642967775464
v 0.004420729354023933 0.00043647355050779863 -0.013131576590240002
v 0.004401323385536671 0.00019785584299825126 -0.01316182129085064
v 0.004401299171149731 0.00019783063908107573 -0.009549999609589577
v 0.0028838186990469694 -0.0032264285255223504 -0.009549999609589577
v 0.0031946792732924223 -0.0028947463724762193 -0.009549999609589577
v 0.0028838186990469694 -0.0032264285255223504 -0.013304268009960651
v 0.0028838186990469694 -0.0032264285255223504 -0.013304268009960651
v 0.0031946792732924223 -0.0028947463724762193 -0.009549999609589577
v 0.003222343046218157 -0.00286096055060625 -0.013344482518732548
v 0.003222343046218157 -0.00286096055060625 -0.013344482518732548
v 0.0031946792732924223 -0.0028947463724762193 -0.009549999609589577
v 0.003551695728674531 -0.002384499413892626 -0.01335613802075386
v 0.003551695728674531 -0.002384499413892626 -0.01335613802075386
v 0.0031946792732924223 -0.0028947463724762193 -0.009549999609589577
v 0.0037452904507517815 -0.002035713056102394 -0.009549999609589577
v 0.003551695728674531 -0.002384499413892626 -0.01335613802075386
v 0.0037452904507517815 -0.002035713056102394 -0.009549999609589577
v 0.0037450140807777643 -0.0020355076994746915 -0.013349276967346668
v 0.00416701240465045 -0.0009773158235475417 -0.009549999609589577
v 0.004069044254720211 -0.0012777552474290128 -0.013308987952768803
v 0.0037452904507517815 -0.002035713056102394 -0.009549999609589577
v 0.0037452904507517815 -0.002035713056102394 -0.009549999609589577
v 0.004069044254720211 -0.0012777552474290128 -0.013308987952768803
v 0.0038308845832943916 -0.0018599963514134281 -0.013342604041099548
v 0.0037452904507517815 -0.002035713056102394 -0.009549999609589577
v 0.0038308845832943916 -0.0018599963514134281 -0.013342604041099548
v 0.0037450140807777643 -0.0020355076994746915 -0.013349276967346668
v 0.004401323385536671 0.00019785584299825126 -0.01316182129085064
v 0.0043936665169894695 0.0001262990699615329 -0.013170664198696613
v 0.004401299171149731 0.00019783063908107573 -0.009549999609589577
v 0.004401299171149731 0.00019783063908107573 -0.009549999609589577
v 0.0043936665169894695 0.0001262990699615329 -0.013170664198696613
v 0.0042737205512821674 -0.0005725112278014419 -0.013248774223029613
v 0.004401299171149731 0.00019783063908107573 -0.009549999609589577
v 0.0042737205512821674 -0.0005725112278014419 -0.013248774223029613
v 0.00416701240465045 -0.0009773158235475417 -0.009549999609589577
v 0.00416701240465045 -0.0009773158235475417 -0.009549999609589577
v 0.0042737205512821674 -0.0005725112278014419 -0.013248774223029613
v 0.0041666459292173386 -0.00097702897619456 -0.01328577846288681
v 0.00416701240465045 -0.0009773158235475417 -0.009549999609589577
v 0.0041666459292173386 -0.00097702897619456 -0.01328577846288681
v 0.004069044254720211 -0.0012777552474290128 -0.013308987952768803
v 0.004414541181176901 0.001285646227188408 -0.009549999609589577
v 0.004194159992039204 0.0025418952573090783 -0.009549999609589577
v 0.004194159992039204 0.0025418952573090783 -0.012849963270127773
v 0.004194159992039204 0.0025418952573090783 -0.012849963270127773
v 0.004344291985034943 0.0018665494862943881 -0.01294030249118805
v 0.004414541181176901 0.001285646227188408 -0.009549999609589577
v 0.004414541181176901 0.001285646227188408 -0.009549999609589577
v 0.004344291985034943 0.0018665494862943881 -0.01294030249118805
v 0.0044144983403384686 0.0012855749810114499 -0.013019046746194363
v 0.004414541181176901 0.001285646227188408 -0.009549999609589577
v 0.0044144983403384686 0.0012855749810114499 -0.013019046746194363
v 0.004401299171149731 0.00019783063908107573 -0.009549999609589577
v 0.004401299171149731 0.00019783063908107573 -0.009549999609589577
v 0.0044144983403384686 0.0012855749810114499 -0.013019046746194363
v 0.004423501901328564 0.0011458848603069778 -0.01303787436336279
v 0.004401299171149731 0.00019783063908107573 -0.009549999609589577
v 0.004423501901328564 0.0011458848603069778 -0.01303787436336279
v 0.004420729354023933 0.00043647355050779863 -0.013131576590240002
v 0.002144021447747946 -0.007764368318021295 -0.008095272816717625
v 0.0024052828084677458 -0.008024925366044041 -0.008095298893749714
v 0.002362798899412155 -0.008092192932963368 -0.006000001914799213
v -0.00018143303168471903 -0.005849272944033144 -0.0039047079626470804
v -0.00021971955720800906 -0.0058973953127861006 -0.005045440513640642
v 0.0005171248340047896 -0.00645653950050473 -0.006000001914799213
v 0.0005171248340047896 -0.00645653950050473 -0.006000001914799213
v -0.00021971955720800906 -0.0058973953127861006 -0.005045440513640642
v -0.0002297456085216254 -0.005909999366849659 -0.0060000005178153515
v 0.0005171248340047896 -0.00645653950050473 -0.006000001914799213
v -0.0002297456085216254 -0.005909999366849659 -0.0060000005178153515
v -0.00022616666683461517 -0.005905502941459416 -0.006570207886397839
v 0.0024052828084677458 -0.008024925366044041 -0.008095298893749714
v 0.003446602961048484 -0.00917315017431974 -0.008095506578683853
v 0.002362798899412155 -0.008092192932963368 -0.006000001914799213
v 0.002362798899412155 -0.008092192932963368 -0.006000001914799213
v 0.003446602961048484 -0.00917315017431974 -0.008095506578683853
v 0.0034025143831968307 -0.009235978126525875 -0.006000001914799213
v 0.002362798899412155 -0.008092192932963368 -0.006000001914799213
v 0.0034025143831968307 -0.009235978126525875 -0.006000001914799213
v 0.0024052828084677458 -0.008024925366044041 -0.003904704935848713
v 0.0024052828084677458 -0.008024925366044041 -0.003904704935848713
v 0.0034025143831968307 -0.009235978126525875 -0.006000001914799213
v 0.003446602961048484 -0.00917315017431974 -0.00390449701808393
v 0.0012621929636225104 -0.006959636695683 -0.008095241151750088
v 0.002144021447747946 -0.007764368318021295 -0.008095272816717625
v 0.001224968465976417 -0.007030717097222802 -0.006000001914799213
v 0.001224968465976417 -0.007030717097222802 -0.006000001914799213
v 0.002144021447747946 -0.007764368318021295 -0.008095272816717625
v 0.002362798899412155 -0.008092192932963368 -0.006000001914799213
v 0.001224968465976417 -0.007030717097222802 -0.006000001914799213
v 0.002362798899412155 -0.008092192932963368 -0.006000001914799213
v 0.002144021447747946 -0.007764368318021295 -0.0039047307800501585
v 0.002144021447747946 -0.007764368318021295 -0.0039047307800501585
v 0.002362798899412155 -0.008092192932963368 -0.006000001914799213
v 0.0024052828084677458 -0.008024925366044041 -0.003904704935848713
v 0.002144021447747946 -0.007764368318021295 -0.0039047307800501585
v 0.0012621929636225104 -0.006959636695683 -0.003904761979356408
v 0.001224968465976417 -0.007030717097222802 -0.006000001914799213
v 0.001224968465976417 -0.007030717097222802 -0.006000001914799213
v 0.0012621929636225104 -0.006959636695683 -0.003904761979356408
v 0.0010765452170744538 -0.006803583819419143 -0.0039047603495419025
v 0.001224968465976417 -0.007030717097222802 -0.006000001914799213
v 0.0010765452170744538 -0.006803583819419143 -0.0039047603495419025
v 0.0005171248340047896 -0.00645653950050473 -0.006000001914799213
v 0.0005171248340047896 -0.00645653950050473 -0.006000001914799213
v 0.0010765452170744538 -0.006803583819419143 -0.0039047603495419025
v 0.0005506562301889062 -0.006383948028087614 -0.0039047454483807087
v 0.0005171248340047896 -0.00645653950050473 -0.006000001914799213
v 0.0005506562301889062 -0.006383948028087614 -0.0039047454483807087
v -0.00018143303168471903 -0.005849272944033144 -0.0039047079626470804
v 0.0012621929636225104 -0.006959636695683 -0.008095241151750088
v 0.001224968465976417 -0.007030717097222802 -0.006000001914799213
v 0.0010765452170744538 -0.006803583819419143 -0.008095243014395237
v 0.0010765452170744538 -0.006803583819419143 -0.008095243014395237
v 0.001224968465976417 -0.007030717097222802 -0.006000001914799213
v 0.0005171248340047896 -0.00645653950050473 -0.006000001914799213
v 0.0010765452170744538 -0.006803583819419143 -0.008095243014395237
v 0.0005171248340047896 -0.00645653950050473 -0.006000001914799213
v 0.0005506562301889062 -0.006383948028087614 -0.00809525791555643
v 0.0005506562301889062 -0.006383948028087614 -0.00809525791555643
v 0.0005171248340047896 -0.00645653950050473 -0.006000001914799213
v -0.00022616666683461517 -0.005905502941459416 -0.006570207886397839
v 0.0005506562301889062 -0.006383948028087614 -0.00809525791555643
v -0.00022616666683461517 -0.005905502941459416 -0.006570207886397839
v -0.00018143303168471903 -0.005849272944033144 -0.008095295168459415
v 0.003492852207273245 -0.009103551506996151 -0.0030456269159913063
v 0.003530462272465229 -0.009039008058607575 -0.0025657308287918568
v 0.0029321734327822924 -0.008469761349260804 -0.0030181414913386106
v 0.0010798316216096282 -0.0045202788896858675 0.0005970985512249172
v 0.0016032896237447858 -0.00473775854334235 0.0006874936516396701
v 0.0017826891271397471 -0.0043707354925572855 0.0008894327911548316
v 0.0005506562301889062 -0.006383948028087614 -0.0039047454483807087
v 0.0010765452170744538 -0.006803583819419143 -0.0039047603495419025
v 0.000995541806332767 -0.006638713646680114 -0.002950711641460657
v 0.0009295485797338188 -0.006347574293613432 -0.0016031059203669429
v -5.77760256419424e-05 -0.005693710409104822 -0.0019265649607405066
v 0.000934586685616523 -0.006460213102400301 -0.0020354322623461485
v 0.000934586685616523 -0.006460213102400301 -0.0020354322623461485
v -5.77760256419424e-05 -0.005693710409104822 -0.0019265649607405066
v -9.175451850751415e-05 -0.005736579187214373 -0.0022892490960657597
v 0.000934586685616523 -0.006460213102400301 -0.0020354322623461485
v -9.175451850751415e-05 -0.005736579187214373 -0.0022892490960657597
v 0.000995541806332767 -0.006638713646680114 -0.002950711641460657
v 0.000995541806332767 -0.006638713646680114 -0.002950711641460657
v -9.175451850751415e-05 -0.005736579187214373 -0.0022892490960657597
v -0.00018143303168471903 -0.005849272944033144 -0.0039047079626470804
v 0.000995541806332767 -0.006638713646680114 -0.002950711641460657
v -0.00018143303168471903 -0.005849272944033144 -0.0039047079626470804
v 0.0005506562301889062 -0.006383948028087614 -0.0039047454483807087
v 0.0016032896237447858 -0.00473775854334235 0.0006874936516396701
v 0.0010798316216096282 -0.0045202788896858675 0.0005970985512249172
v 0.0014391604345291853 -0.005067294929176567 0.0004519300418905914
v 0.0014391604345291853 -0.005067294929176567 0.0004519300418905914
v 0.0010798316216096282 -0.0045202788896858675 0.0005970985512249172
v 0.0007754755788482726 -0.004794034641236065 0.000303921930026263
v 0.0014391604345291853 -0.005067294929176567 0.0004519300418905914
v 0.0007754755788482726 -0.004794034641236065 0.000303921930026263
v 0.0012936771381646395 -0.005361106246709822 0.00018357642693445086
v 0.0012936771381646395 -0.005361106246709822 0.00018357642693445086
v 0.0007754755788482726 -0.004794034641236065 0.000303921930026263
v 0.0004971128655597568 -0.005067509133368729 -7.509563147323206e-05
v 0.0012936771381646395 -0.005361106246709822 0.00018357642693445086
v 0.0004971128655597568 -0.005067509133368729 -7.509563147323206e-05
v 0.001169772120192647 -0.0056208940222859365 -0.00011650502710836008
v 0.001169772120192647 -0.0056208940222859365 -0.00011650502710836008
v 0.0004971128655597568 -0.005067509133368729 -7.509563147323206e-05
v 0.0003063776530325413 -0.0052697965875267965 -0.00044153473572805524
v 0.001169772120192647 -0.0056208940222859365 -0.00011650502710836008
v 0.0003063776530325413 -0.0052697965875267965 -0.00044153473572805524
v 0.0010699008125811815 -0.005848185159265993 -0.0004469955456443131
v 0.0010699008125811815 -0.005848185159265993 -0.0004469955456443131
v 0.0003063776530325413 -0.0052697965875267965 -0.00044153473572805524
v 0.00016205108840949833 -0.0054318206384778005 -0.0008260703762061894
v 0.0010699008125811815 -0.005848185159265993 -0.0004469955456443131
v 0.00016205108840949833 -0.0054318206384778005 -0.0008260703762061894
v 0.0009959901217371225 -0.00604421319440007 -0.0008062876877374947
v 0.0009959901217371225 -0.00604421319440007 -0.0008062876877374947
v 0.00016205108840949833 -0.0054318206384778005 -0.0008260703762061894
v 3.208885755157098e-05 -0.0055839866399765 -0.0013359560398384929
v 0.0009959901217371225 -0.00604421319440007 -0.0008062876877374947
v 3.208885755157098e-05 -0.0055839866399765 -0.0013359560398384929
v 0.0009492523386143148 -0.006210082210600374 -0.0011924410937353969
v 0.0020296871662139893 -0.0038058809004724013 0.0011069170432165265
v 0.0018939839210361242 -0.00389643502421677 0.0010585534619167447
v 0.001973611069843173 -0.0039645466022193415 0.0010571075836196542
v 0.001973611069843173 -0.0039645466022193415 0.0010571075836196542
v 0.0018939839210361242 -0.00389643502421677 0.0010585534619167447
v 0.0018779069650918245 -0.003907379694283007 0.0010524113895371556
v 0.001973611069843173 -0.0039645466022193415 0.0010571075836196542
v 0.0018779069650918245 -0.003907379694283007 0.0010524113895371556
v 0.0017826891271397471 -0.0043707354925572855 0.0008894327911548316
v 0.0017826891271397471 -0.0043707354925572855 0.0008894327911548316
v 0.0018779069650918245 -0.003907379694283007 0.0010524113895371556
v 0.0014479636447504163 -0.004218686837702988 0.0008498036186210811
v 0.0017826891271397471 -0.0043707354925572855 0.0008894327911548316
v 0.0014479636447504163 -0.004218686837702988 0.0008498036186210811
v 0.0010798316216096282 -0.0045202788896858675 0.0005970985512249172
v 0.002766579622402787 -0.0033261915668845164 0.001284917932935059
v 0.0024111452512443066 -0.003569126361981033 0.0012132070260122418
v 0.002981874393299222 -0.00418706703931093 0.0011766377137973905
v 0.002981874393299222 -0.00418706703931093 0.0011766377137973905
v 0.0024111452512443066 -0.003569126361981033 0.0012132070260122418
v 0.002407986903563142 -0.0035709738731384264 0.001212488510645926
v 0.0029321734327822924 -0.008469761349260804 -0.0030181414913386106
v 0.003530462272465229 -0.009039008058607575 -0.0025657308287918568
v 0.002927304245531559 -0.008288591168820855 -0.0021563556510955095
v 0.0037236150819808245 -0.004073344636708496 0.0012601168127730489
v 0.002766579622402787 -0.0033261915668845164 0.001284917932935059
v 0.0037726962473243475 -0.004854531958699225 0.0011498831445351243
v 0.0037726962473243475 -0.004854531958699225 0.0011498831445351243
v 0.002766579622402787 -0.0033261915668845164 0.001284917932935059
v 0.002981874393299222 -0.00418706703931093 0.0011766377137973905
v 0.0037726962473243475 -0.004854531958699225 0.0011498831445351243
v 0.002981874393299222 -0.00418706703931093 0.0011766377137973905
v 0.0036392323672771454 -0.005420798435807226 0.0010056128958240151
v 0.0036392323672771454 -0.005420798435807226 0.0010056128958240151
v 0.002981874393299222 -0.00418706703931093 0.0011766377137973905
v 0.0028218994848430157 -0.0047001750208437425 0.0010366645874455571
v 0.0036392323672771454 -0.005420798435807226 0.0010056128958240151
v 0.0028218994848430157 -0.0047001750208437425 0.0010366645874455571
v 0.0035130237229168415 -0.00592472357675433 0.0008219547453336418
v 0.0035130237229168415 -0.00592472357675433 0.0008219547453336418
v 0.0028218994848430157 -0.0047001750208437425 0.0010366645874455571
v 0.002670201938599348 -0.00516052497550845 0.0008594018290750682
v 0.0035130237229168415 -0.00592472357675433 0.0008219547453336418
v 0.002670201938599348 -0.00516052497550845 0.0008594018290750682
v 0.0033960624132305384 -0.006369518116116522 0.0006014832179062068
v 0.0033960624132305384 -0.006369518116116522 0.0006014832179062068
v 0.002670201938599348 -0.00516052497550845 0.0008594018290750682
v 0.0025296860840171576 -0.005570598877966402 0.0006465885671786964
v 0.0033960624132305384 -0.006369518116116522 0.0006014832179062068
v 0.0025296860840171576 -0.005570598877966402 0.0006465885671786964
v 0.0032900511287152767 -0.006758941803127525 0.0003468768554739654
v 0.0020832756999880075 -0.007600759621709583 -0.0029852071311324835
v 0.0029321734327822924 -0.008469761349260804 -0.0030181414913386106
v 0.0020347158424556255 -0.007412300910800693 -0.0020975302904844284
v 0.0020347158424556255 -0.007412300910800693 -0.0020975302904844284
v 0.0029321734327822924 -0.008469761349260804 -0.0030181414913386106
v 0.002927304245531559 -0.008288591168820855 -0.0021563556510955095
v 0.0020347158424556255 -0.007412300910800693 -0.0020975302904844284
v 0.002927304245531559 -0.008288591168820855 -0.0021563556510955095
v 0.0020403233356773853 -0.007148682139813897 -0.0012688887072727084
v 0.0020403233356773853 -0.007148682139813897 -0.0012688887072727084
v 0.002927304245531559 -0.008288591168820855 -0.0021563556510955095
v 0.002961321035400033 -0.008023492991924282 -0.0013409022940322757
v 0.0020403233356773853 -0.007148682139813897 -0.0012688887072727084
v 0.002961321035400033 -0.008023492991924282 -0.0013409022940322757
v 0.0020726153161376715 -0.006975296884775159 -0.0008841327507980168
v 0.0020726153161376715 -0.006975296884775159 -0.0008841327507980168
v 0.002961321035400033 -0.008023492991924282 -0.0013409022940322757
v 0.002998421434313059 -0.007847506552934643 -0.0009575107251293957
v 0.0020726153161376715 -0.006975296884775159 -0.0008841327507980168
v 0.002998421434313059 -0.007847506552934643 -0.0009575107251293957
v 0.002125781960785389 -0.006769868545234201 -0.0005225667846389115
v 0.002125781960785389 -0.006769868545234201 -0.0005225667846389115
v 0.002998421434313059 -0.007847506552934643 -0.0009575107251293957
v 0.003050015540793538 -0.007637141272425649 -0.0005941663985140622
v 0.002125781960785389 -0.006769868545234201 -0.0005225667846389115
v 0.003050015540793538 -0.007637141272425649 -0.0005941663985140622
v 0.0021993268746882677 -0.0065297237597405884 -0.00018655956955626607
v 0.0021993268746882677 -0.0065297237597405884 -0.00018655956955626607
v 0.003050015540793538 -0.007637141272425649 -0.0005941663985140622
v 0.0031161291990429163 -0.007388413883745668 -0.0002537526306696236
v 0.0021993268746882677 -0.0065297237597405884 -0.00018655956955626607
v 0.0031161291990429163 -0.007388413883745668 -0.0002537526306696236
v 0.0022922034841030836 -0.006251946091651915 0.00012167466775281355
v 0.0022922034841030836 -0.006251946091651915 0.00012167466775281355
v 0.0031161291990429163 -0.007388413883745668 -0.0002537526306696236
v 0.003196385921910405 -0.007097131107002494 6.0870479501318187e-05
v 0.0022922034841030836 -0.006251946091651915 0.00012167466775281355
v 0.003196385921910405 -0.007097131107002494 6.0870479501318187e-05
v 0.0024029435589909554 -0.005933336913585661 0.00040004978654906154
v 0.004666145890951157 -0.00483786081895232 0.0012133658165112138
v 0.0037236150819808245 -0.004073344636708496 0.0012601168127730489
v 0.004551165737211704 -0.005494250450283287 0.001112274476327002
v 0.004551165737211704 -0.005494250450283287 0.001112274476327002
v 0.0037236150819808245 -0.004073344636708496 0.0012601168127730489
v 0.0037726962473243475 -0.004854531958699225 0.0011498831445351243
v 0.004551165737211704 -0.005494250450283287 0.001112274476327002
v 0.0037726962473243475 -0.004854531958699225 0.0011498831445351243
v 0.004421680700033903 -0.0061472314409911615 0.0009499068255536258
v 0.004421680700033903 -0.0061472314409911615 0.0009499068255536258
v 0.0037726962473243475 -0.004854531958699225 0.0011498831445351243
v 0.0036392323672771454 -0.005420798435807226 0.0010056128958240151
v 0.004421680700033903 -0.0061472314409911615 0.0009499068255536258
v 0.0036392323672771454 -0.005420798435807226 0.0010056128958240151
v 0.004320484586060047 -0.006605501286685464 0.0007863027858547866
v 0.004320484586060047 -0.006605501286685464 0.0007863027858547866
v 0.0036392323672771454 -0.005420798435807226 0.0010056128958240151
v 0.0035130237229168415 -0.00592472357675433 0.0008219547453336418
v 0.004320484586060047 -0.006605501286685464 0.0007863027858547866
v 0.0035130237229168415 -0.00592472357675433 0.0008219547453336418
v 0.004185790196061134 -0.0071556428447365735 0.0005144143360666931
v 0.004185790196061134 -0.0071556428447365735 0.0005144143360666931
v 0.0035130237229168415 -0.00592472357675433 0.0008219547453336418
v 0.0033960624132305384 -0.006369518116116522 0.0006014832179062068
v 0.004185790196061134 -0.0071556428447365735 0.0005144143360666931
v 0.0033960624132305384 -0.006369518116116522 0.0006014832179062068
v 0.004101382102817297 -0.007469444070011375 0.0003087475779466331
v 0.004101382102817297 -0.007469444070011375 0.0003087475779466331
v 0.0033960624132305384 -0.006369518116116522 0.0006014832179062068
v 0.0032900511287152767 -0.006758941803127525 0.0003468768554739654
v 0.004101382102817297 -0.007469444070011375 0.0003087475779466331
v 0.0032900511287152767 -0.006758941803127525 0.0003468768554739654
v 0.003977934364229441 -0.007889434695243832 -5.028985469834879e-05
v 0.0012621929636225104 -0.006959636695683 -0.003904761979356408
v 0.002144021447747946 -0.007764368318021295 -0.0039047307800501585
v 0.0020832756999880075 -0.007600759621709583 -0.0029852071311324835
v 0.0020832756999880075 -0.007600759621709583 -0.0029852071311324835
v 0.002144021447747946 -0.007764368318021295 -0.0039047307800501585
v 0.0024052828084677458 -0.008024925366044041 -0.003904704935848713
v 0.0020832756999880075 -0.007600759621709583 -0.0029852071311324835
v 0.0024052828084677458 -0.008024925366044041 -0.003904704935848713
v 0.0029321734327822924 -0.008469761349260804 -0.0030181414913386106
v 0.0029321734327822924 -0.008469761349260804 -0.0030181414913386106
v 0.0024052828084677458 -0.008024925366044041 -0.003904704935848713
v 0.003446602961048484 -0.00917315017431974 -0.00390449701808393
v 0.0029321734327822924 -0.008469761349260804 -0.0030181414913386106
v 0.003446602961048484 -0.00917315017431974 -0.00390449701808393
v 0.003492852207273245 -0.009103551506996151 -0.0030456269159913063
v 0.0010765452170744538 -0.006803583819419143 -0.0039047603495419025
v 0.0012621929636225104 -0.006959636695683 -0.003904761979356408
v 0.000995541806332767 -0.006638713646680114 -0.002950711641460657
v 0.000995541806332767 -0.006638713646680114 -0.002950711641460657
v 0.0012621929636225104 -0.006959636695683 -0.003904761979356408
v 0.0020832756999880075 -0.007600759621709583 -0.0029852071311324835
v 0.000995541806332767 -0.006638713646680114 -0.002950711641460657
v 0.0020832756999880075 -0.007600759621709583 -0.0029852071311324835
v 0.000934586685616523 -0.006460213102400301 -0.0020354322623461485
v 0.000934586685616523 -0.006460213102400301 -0.0020354322623461485
v 0.0020832756999880075 -0.007600759621709583 -0.0029852071311324835
v 0.0020347158424556255 -0.007412300910800693 -0.0020975302904844284
v 0.000934586685616523 -0.006460213102400301 -0.0020354322623461485
v 0.0020347158424556255 -0.007412300910800693 -0.0020975302904844284
v 0.0009295485797338188 -0.006347574293613432 -0.0016031059203669429
v 0.0009295485797338188 -0.006347574293613432 -0.0016031059203669429
v 0.0020347158424556255 -0.007412300910800693 -0.0020975302904844284
v 0.0020403233356773853 -0.007148682139813897 -0.0012688887072727084
v 0.003530462272465229 -0.009039008058607575 -0.0025657308287918568
v 0.0035664094612002373 -0.008971069939434525 -0.0022012663539499044
v 0.002927304245531559 -0.008288591168820855 -0.0021563556510955095
v 0.002927304245531559 -0.008288591168820855 -0.0021563556510955095
v 0.0035664094612002373 -0.008971069939434525 -0.0022012663539499044
v 0.0036441802512854338 -0.008806666359305378 -0.0015889228088781238
v 0.002927304245531559 -0.008288591168820855 -0.0021563556510955095
v 0.0036441802512854338 -0.008806666359305378 -0.0015889228088781238
v 0.002961321035400033 -0.008023492991924282 -0.0013409022940322757
v 0.002961321035400033 -0.008023492991924282 -0.0013409022940322757
v 0.0036441802512854338 -0.008806666359305378 -0.0015889228088781238
v 0.003674645908176899 -0.008736560121178624 -0.0013914307346567512
v 0.002961321035400033 -0.008023492991924282 -0.0013409022940322757
v 0.003674645908176899 -0.008736560121178624 -0.0013914307346567512
v 0.002998421434313059 -0.007847506552934643 -0.0009575107251293957
v 0.002998421434313059 -0.007847506552934643 -0.0009575107251293957
v 0.003674645908176899 -0.008736560121178624 -0.0013914307346567512
v 0.0037911259569227695 -0.008442261256277558 -0.0007708066259510815
v 0.002998421434313059 -0.007847506552934643 -0.0009575107251293957
v 0.0037911259569227695 -0.008442261256277558 -0.0007708066259510815
v 0.003050015540793538 -0.007637141272425649 -0.0005941663985140622
v 0.003050015540793538 -0.007637141272425649 -0.0005941663985140622
v 0.0037911259569227695 -0.008442261256277558 -0.0007708066259510815
v 0.0038199457339942455 -0.00836335681378841 -0.0006416480173356831
v 0.003050015540793538 -0.007637141272425649 -0.0005941663985140622
v 0.0038199457339942455 -0.00836335681378841 -0.0006416480173356831
v 0.0031161291990429163 -0.007388413883745668 -0.0002537526306696236
v 0.0031161291990429163 -0.007388413883745668 -0.0002537526306696236
v 0.0038199457339942455 -0.00836335681378841 -0.0006416480173356831
v 0.003977934364229441 -0.007889434695243832 -5.028985469834879e-05
v 0.0031161291990429163 -0.007388413883745668 -0.0002537526306696236
v 0.003977934364229441 -0.007889434695243832 -5.028985469834879e-05
v 0.003196385921910405 -0.007097131107002494 6.0870479501318187e-05
v 0.003196385921910405 -0.007097131107002494 6.0870479501318187e-05
v 0.003977934364229441 -0.007889434695243832 -5.028985469834879e-05
v 0.0032900511287152767 -0.006758941803127525 0.0003468768554739654
v 0.003196385921910405 -0.007097131107002494 6.0870479501318187e-05
v 0.0032900511287152767 -0.006758941803127525 0.0003468768554739654
v 0.0024029435589909554 -0.005933336913585661 0.00040004978654906154
v 0.0024029435589909554 -0.005933336913585661 0.00040004978654906154
v 0.0032900511287152767 -0.006758941803127525 0.0003468768554739654
v 0.0025296860840171576 -0.005570598877966402 0.0006465885671786964
v 0.002407986903563142 -0.0035709738731384264 0.001212488510645926
v 0.0023128297179937363 -0.003627531230449675 0.0011896515497937799
v 0.002981874393299222 -0.00418706703931093 0.0011766377137973905
v 0.002981874393299222 -0.00418706703931093 0.0011766377137973905
v 0.0023128297179937363 -0.003627531230449675 0.0011896515497937799
v 0.0020296871662139893 -0.0038058809004724013 0.0011069170432165265
v 0.002981874393299222 -0.00418706703931093 0.0011766377137973905
v 0.0020296871662139893 -0.0038058809004724013 0.0011069170432165265
v 0.0028218994848430157 -0.0047001750208437425 0.0010366645874455571
v 0.0028218994848430157 -0.0047001750208437425 0.0010366645874455571
v 0.0020296871662139893 -0.0038058809004724013 0.0011069170432165265
v 0.001973611069843173 -0.0039645466022193415 0.0010571075836196542
v 0.0028218994848430157 -0.0047001750208437425 0.0010366645874455571
v 0.001973611069843173 -0.0039645466022193415 0.0010571075836196542
v 0.002670201938599348 -0.00516052497550845 0.0008594018290750682
v 0.002670201938599348 -0.00516052497550845 0.0008594018290750682
v 0.001973611069843173 -0.0039645466022193415 0.0010571075836196542
v 0.0017826891271397471 -0.0043707354925572855 0.0008894327911548316
v 0.002670201938599348 -0.00516052497550845 0.0008594018290750682
v 0.0017826891271397471 -0.0043707354925572855 0.0008894327911548316
v 0.0025296860840171576 -0.005570598877966402 0.0006465885671786964
v 0.0025296860840171576 -0.005570598877966402 0.0006465885671786964
v 0.0017826891271397471 -0.0043707354925572855 0.0008894327911548316
v 0.0016032896237447858 -0.00473775854334235 0.0006874936516396701
v 0.0025296860840171576 -0.005570598877966402 0.0006465885671786964
v 0.0016032896237447858 -0.00473775854334235 0.0006874936516396701
v 0.0024029435589909554 -0.005933336913585661 0.00040004978654906154
v 0.0024029435589909554 -0.005933336913585661 0.00040004978654906154
v 0.0016032896237447858 -0.00473775854334235 0.0006874936516396701
v 0.0014391604345291853 -0.005067294929176567 0.0004519300418905914
v 0.0024029435589909554 -0.005933336913585661 0.00040004978654906154
v 0.0014391604345291853 -0.005067294929176567 0.0004519300418905914
v 0.0022922034841030836 -0.006251946091651915 0.00012167466775281355
v 0.0022922034841030836 -0.006251946091651915 0.00012167466775281355
v 0.0014391604345291853 -0.005067294929176567 0.0004519300418905914
v 0.0012936771381646395 -0.005361106246709822 0.00018357642693445086
v 0.0022922034841030836 -0.006251946091651915 0.00012167466775281355
v 0.0012936771381646395 -0.005361106246709822 0.00018357642693445086
v 0.0021993268746882677 -0.0065297237597405884 -0.00018655956955626607
v 0.0021993268746882677 -0.0065297237597405884 -0.00018655956955626607
v 0.0012936771381646395 -0.005361106246709822 0.00018357642693445086
v 0.001169772120192647 -0.0056208940222859365 -0.00011650502710836008
v 0.0021993268746882677 -0.0065297237597405884 -0.00018655956955626607
v 0.001169772120192647 -0.0056208940222859365 -0.00011650502710836008
v 0.002125781960785389 -0.006769868545234201 -0.0005225667846389115
v 0.002125781960785389 -0.006769868545234201 -0.0005225667846389115
v 0.001169772120192647 -0.0056208940222859365 -0.00011650502710836008
v 0.0010699008125811815 -0.005848185159265993 -0.0004469955456443131
v 0.002125781960785389 -0.006769868545234201 -0.0005225667846389115
v 0.0010699008125811815 -0.005848185159265993 -0.0004469955456443131
v 0.0020726153161376715 -0.006975296884775159 -0.0008841327507980168
v 0.0020726153161376715 -0.006975296884775159 -0.0008841327507980168
v 0.0010699008125811815 -0.005848185159265993 -0.0004469955456443131
v 0.0009959901217371225 -0.00604421319440007 -0.0008062876877374947
v 0.0020726153161376715 -0.006975296884775159 -0.0008841327507980168
v 0.0009959901217371225 -0.00604421319440007 -0.0008062876877374947
v 0.0020403233356773853 -0.007148682139813897 -0.0012688887072727084
v 0.0020403233356773853 -0.007148682139813897 -0.0012688887072727084
v 0.0009959901217371225 -0.00604421319440007 -0.0008062876877374947
v 0.0009492523386143148 -0.006210082210600374 -0.0011924410937353969
v 0.0020403233356773853 -0.007148682139813897 -0.0012688887072727084
v 0.0009492523386143148 -0.006210082210600374 -0.0011924410937353969
v 0.0009295485797338188 -0.006347574293613432 -0.0016031059203669429
v 0.0009295485797338188 -0.006347574293613432 -0.0016031059203669429
v 0.0009492523386143148 -0.006210082210600374 -0.0011924410937353969
v 3.208885755157098e-05 -0.0055839866399765 -0.0013359560398384929
v 0.0009295485797338188 -0.006347574293613432 -0.0016031059203669429
v 3.208885755157098e-05 -0.0055839866399765 -0.0013359560398384929
v -5.77760256419424e-05 -0.005693710409104822 -0.0019265649607405066
v 0.0029321734327822924 -0.008469761349260804 -0.008981862105429173
v 0.0024052828084677458 -0.008024925366044041 -0.008095298893749714
v 0.002144021447747946 -0.007764368318021295 -0.008095272816717625
v 0.00365921831689775 -0.008772437460720536 -0.010510889813303947
v 0.0035664094612002373 -0.008971069939434525 -0.009798737242817879
v 0.002927304245531559 -0.008288591168820855 -0.009843647480010986
v 0.0028218994848430157 -0.0047001750208437425 -0.013036668300628662
v 0.0020974366925656796 -0.0037619005888700472 -0.013128853403031826
v 0.002981874393299222 -0.00418706703931093 -0.013176641426980495
v 0.002981874393299222 -0.00418706703931093 -0.013176641426980495
v 0.0020974366925656796 -0.0037619005888700472 -0.013128853403031826
v 0.002407986903563142 -0.0035709738731384264 -0.013212491758167744
v 0.002981874393299222 -0.00418706703931093 -0.013176641426980495
v 0.002407986903563142 -0.0035709738731384264 -0.013212491758167744
v 0.002766579622402787 -0.0033261915668845164 -0.013284921646118164
v 0.001973611069843173 -0.0039645466022193415 -0.013057110831141472
v 0.0017826891271397471 -0.0043707354925572855 -0.012889436446130276
v 0.0016479108016937971 -0.004069237038493155 -0.01295393891632557
v 0.0016479108016937971 -0.004069237038493155 -0.01295393891632557
v 0.0017826891271397471 -0.0043707354925572855 -0.012889436446130276
v 0.0016032896237447858 -0.00473775854334235 -0.012687496840953827
v 0.0016479108016937971 -0.004069237038493155 -0.01295393891632557
v 0.0016032896237447858 -0.00473775854334235 -0.012687496840953827
v 0.0012458999408409 -0.004379507154226301 -0.012722602114081383
v 0.0012458999408409 -0.004379507154226301 -0.012722602114081383
v 0.0016032896237447858 -0.00473775854334235 -0.012687496840953827
v 0.0014391604345291853 -0.005067294929176567 -0.012451933696866035
v 0.0012458999408409 -0.004379507154226301 -0.012722602114081383
v 0.0014391604345291853 -0.005067294929176567 -0.012451933696866035
v 0.0009068183717317879 -0.0046717622317373735 -0.012443073093891144
v 0.0009068183717317879 -0.0046717622317373735 -0.012443073093891144
v 0.0014391604345291853 -0.005067294929176567 -0.012451933696866035
v 0.0012936771381646395 -0.005361106246709822 -0.012183579616248608
v 0.0009068183717317879 -0.0046717622317373735 -0.012443073093891144
v 0.0012936771381646395 -0.005361106246709822 -0.012183579616248608
v 0.0006054089753888547 -0.004957877565175293 -0.01208945456892252
v 0.0012936771381646395 -0.005361106246709822 -0.012183579616248608
v 0.001169772120192647 -0.0056208940222859365 -0.011883498169481754
v 0.0006054089753888547 -0.004957877565175293 -0.01208945456892252
v 0.0006054089753888547 -0.004957877565175293 -0.01208945456892252
v 0.001169772120192647 -0.0056208940222859365 -0.011883498169481754
v 0.0010699008125811815 -0.005848185159265993 -0.011553008109331131
v 0.0006054089753888547 -0.004957877565175293 -0.01208945456892252
v 0.0010699008125811815 -0.005848185159265993 -0.011553008109331131
v 0.0003853646048810333 -0.005184547509998081 -0.011724713258445263
v 0.0003853646048810333 -0.005184547509998081 -0.011724713258445263
v 0.0010699008125811815 -0.005848185159265993 -0.011553008109331131
v 0.0009959901217371225 -0.00604421319440007 -0.01119371596723795
v 0.0003853646048810333 -0.005184547509998081 -0.011724713258445263
v 0.0009959901217371225 -0.00604421319440007 -0.01119371596723795
v 0.0002111202775267884 -0.0053760558366775495 -0.011319163255393505
v 0.0002111202775267884 -0.0053760558366775495 -0.011319163255393505
v 0.0009959901217371225 -0.00604421319440007 -0.01119371596723795
v 0.0009492523386143148 -0.006210082210600374 -0.010807562619447708
v 0.0002111202775267884 -0.0053760558366775495 -0.011319163255393505
v 0.0009492523386143148 -0.006210082210600374 -0.010807562619447708
v 6.925043271621689e-05 -0.005539891310036181 -0.010835069231688976
v 6.925043271621689e-05 -0.005539891310036181 -0.010835069231688976
v 0.0009492523386143148 -0.006210082210600374 -0.010807562619447708
v 0.0009295485797338188 -0.006347574293613432 -0.010396897792816162
v 6.925043271621689e-05 -0.005539891310036181 -0.010835069231688976
v 0.0009295485797338188 -0.006347574293613432 -0.010396897792816162
v -2.114666494890116e-05 -0.00564835127443075 -0.010357133112847805
v -2.114666494890116e-05 -0.00564835127443075 -0.010357133112847805
v 0.0009295485797338188 -0.006347574293613432 -0.010396897792816162
v 0.000934586685616523 -0.006460213102400301 -0.009964571334421635
v -2.114666494890116e-05 -0.00564835127443075 -0.010357133112847805
v 0.000934586685616523 -0.006460213102400301 -0.009964571334421635
v -9.175451850751415e-05 -0.005736579187214373 -0.00971075426787138
v -0.00018143303168471903 -0.005849272944033144 -0.008095295168459415
v -0.0001729715004330501 -0.0058386465534567816 -0.008273926563560963
v 0.0005506562301889062 -0.006383948028087614 -0.00809525791555643
v 0.0005506562301889062 -0.006383948028087614 -0.00809525791555643
v -0.0001729715004330501 -0.0058386465534567816 -0.008273926563560963
v 0.000995541806332767 -0.006638713646680114 -0.009049291722476482
v 0.0005506562301889062 -0.006383948028087614 -0.00809525791555643
v 0.000995541806332767 -0.006638713646680114 -0.009049291722476482
v 0.0010765452170744538 -0.006803583819419143 -0.008095243014395237
v 0.0037236150819808245 -0.004073344636708496 -0.013260120525956154
v 0.004666145890951157 -0.00483786081895232 -0.013213369064033031
v 0.0037726962473243475 -0.004854531958699225 -0.013149886392056942
v 0.0037726962473243475 -0.004854531958699225 -0.013149886392056942
v 0.004666145890951157 -0.00483786081895232 -0.013213369064033031
v 0.004551165737211704 -0.005494250450283287 -0.01311227772384882
v 0.0037726962473243475 -0.004854531958699225 -0.013149886392056942
v 0.004551165737211704 -0.005494250450283287 -0.01311227772384882
v 0.0036392323672771454 -0.005420798435807226 -0.013005616143345833
v 0.0036392323672771454 -0.005420798435807226 -0.013005616143345833
v 0.004551165737211704 -0.005494250450283287 -0.01311227772384882
v 0.004450886510312557 -0.006006911862641571 -0.012991057708859444
v 0.0036392323672771454 -0.005420798435807226 -0.013005616143345833
v 0.004450886510312557 -0.006006911862641571 -0.012991057708859444
v 0.0035130237229168415 -0.00592472357675433 -0.012821958400309086
v 0.002766579622402787 -0.0033261915668845164 -0.013284921646118164
v 0.0037236150819808245 -0.004073344636708496 -0.013260120525956154
v 0.002981874393299222 -0.00418706703931093 -0.013176641426980495
v 0.002981874393299222 -0.00418706703931093 -0.013176641426980495
v 0.0037236150819808245 -0.004073344636708496 -0.013260120525956154
v 0.0037726962473243475 -0.004854531958699225 -0.013149886392056942
v 0.002981874393299222 -0.00418706703931093 -0.013176641426980495
v 0.0037726962473243475 -0.004854531958699225 -0.013149886392056942
v 0.0028218994848430157 -0.0047001750208437425 -0.013036668300628662
v 0.0028218994848430157 -0.0047001750208437425 -0.013036668300628662
v 0.0037726962473243475 -0.004854531958699225 -0.013149886392056942
v 0.0036392323672771454 -0.005420798435807226 -0.013005616143345833
v 0.0028218994848430157 -0.0047001750208437425 -0.013036668300628662
v 0.0036392323672771454 -0.005420798435807226 -0.013005616143345833
v 0.002670201938599348 -0.00516052497550845 -0.012859405018389225
v 0.002670201938599348 -0.00516052497550845 -0.012859405018389225
v 0.0036392323672771454 -0.005420798435807226 -0.013005616143345833
v 0.0035130237229168415 -0.00592472357675433 -0.012821958400309086
v 0.002670201938599348 -0.00516052497550845 -0.012859405018389225
v 0.0035130237229168415 -0.00592472357675433 -0.012821958400309086
v 0.0025296860840171576 -0.005570598877966402 -0.01264659222215414
v 0.0025296860840171576 -0.005570598877966402 -0.01264659222215414
v 0.0035130237229168415 -0.00592472357675433 -0.012821958400309086
v 0.0033960624132305384 -0.006369518116116522 -0.012601486407220364
v 0.0025296860840171576 -0.005570598877966402 -0.01264659222215414
v 0.0033960624132305384 -0.006369518116116522 -0.012601486407220364
v 0.0024029435589909554 -0.005933336913585661 -0.012400053441524506
v 0.0024029435589909554 -0.005933336913585661 -0.012400053441524506
v 0.0033960624132305384 -0.006369518116116522 -0.012601486407220364
v 0.0032900511287152767 -0.006758941803127525 -0.01234688051044941
v 0.0024029435589909554 -0.005933336913585661 -0.012400053441524506
v 0.0032900511287152767 -0.006758941803127525 -0.01234688051044941
v 0.0022922034841030836 -0.006251946091651915 -0.012121678330004215
v 0.0022922034841030836 -0.006251946091651915 -0.012121678330004215
v 0.0032900511287152767 -0.006758941803127525 -0.01234688051044941
v 0.003196385921910405 -0.007097131107002494 -0.01206087414175272
v 0.0022922034841030836 -0.006251946091651915 -0.012121678330004215
v 0.003196385921910405 -0.007097131107002494 -0.01206087414175272
v 0.0021993268746882677 -0.0065297237597405884 -0.011813444085419178
v 0.0021993268746882677 -0.0065297237597405884 -0.011813444085419178
v 0.003196385921910405 -0.007097131107002494 -0.01206087414175272
v 0.0031161291990429163 -0.007388413883745668 -0.01174625102430582
v 0.0021993268746882677 -0.0065297237597405884 -0.011813444085419178
v 0.0031161291990429163 -0.007388413883745668 -0.01174625102430582
v 0.002125781960785389 -0.006769868545234201 -0.011477436870336533
v 0.002125781960785389 -0.006769868545234201 -0.011477436870336533
v 0.0031161291990429163 -0.007388413883745668 -0.01174625102430582
v 0.003050015540793538 -0.007637141272425649 -0.011405836790800095
v 0.002125781960785389 -0.006769868545234201 -0.011477436870336533
v 0.003050015540793538 -0.007637141272425649 -0.011405836790800095
v 0.0020726153161376715 -0.006975296884775159 -0.01111587043851614
v 0.0020726153161376715 -0.006975296884775159 -0.01111587043851614
v 0.003050015540793538 -0.007637141272425649 -0.011405836790800095
v 0.002998421434313059 -0.007847506552934643 -0.011042492464184761
v 0.0020726153161376715 -0.006975296884775159 -0.01111587043851614
v 0.002998421434313059 -0.007847506552934643 -0.011042492464184761
v 0.0020403233356773853 -0.007148682139813897 -0.010731115005910397
v 0.0038199457339942455 -0.00836335681378841 -0.011358355171978474
v 0.003674645908176899 -0.008736560121178624 -0.010608572512865067
v 0.002961321035400033 -0.008023492991924282 -0.01065910141915083
v 0.003674645908176899 -0.008736560121178624 -0.010608572512865067
v 0.00365921831689775 -0.008772437460720536 -0.010510889813303947
v 0.002961321035400033 -0.008023492991924282 -0.01065910141915083
v 0.002961321035400033 -0.008023492991924282 -0.01065910141915083
v 0.00365921831689775 -0.008772437460720536 -0.010510889813303947
v 0.002927304245531559 -0.008288591168820855 -0.009843647480010986
v 0.002961321035400033 -0.008023492991924282 -0.01065910141915083
v 0.002927304245531559 -0.008288591168820855 -0.009843647480010986
v 0.0020347158424556255 -0.007412300910800693 -0.009902473539113998
v 0.0020347158424556255 -0.007412300910800693 -0.009902473539113998
v 0.002927304245531559 -0.008288591168820855 -0.009843647480010986
v 0.0020832756999880075 -0.007600759621709583 -0.0090147964656353
v 0.0020347158424556255 -0.007412300910800693 -0.009902473539113998
v 0.0020832756999880075 -0.007600759621709583 -0.0090147964656353
v 0.000995541806332767 -0.006638713646680114 -0.009049291722476482
v 0.003446602961048484 -0.00917315017431974 -0.008095506578683853
v 0.0024052828084677458 -0.008024925366044041 -0.008095298893749714
v 0.003492852207273245 -0.009103551506996151 -0.00895437691360712
v 0.003492852207273245 -0.009103551506996151 -0.00895437691360712
v 0.0024052828084677458 -0.008024925366044041 -0.008095298893749714
v 0.0029321734327822924 -0.008469761349260804 -0.008981862105429173
v 0.003492852207273245 -0.009103551506996151 -0.00895437691360712
v 0.0029321734327822924 -0.008469761349260804 -0.008981862105429173
v 0.0035379573237150908 -0.009025318548083302 -0.009516327641904354
v 0.0020347158424556255 -0.007412300910800693 -0.009902473539113998
v 0.0020403233356773853 -0.007148682139813897 -0.010731115005910397
v 0.002961321035400033 -0.008023492991924282 -0.01065910141915083
v 0.002961321035400033 -0.008023492991924282 -0.01065910141915083
v 0.0020403233356773853 -0.007148682139813897 -0.010731115005910397
v 0.002998421434313059 -0.007847506552934643 -0.011042492464184761
v 0.002961321035400033 -0.008023492991924282 -0.01065910141915083
v 0.002998421434313059 -0.007847506552934643 -0.011042492464184761
v 0.0038199457339942455 -0.00836335681378841 -0.011358355171978474
v 0.0038199457339942455 -0.00836335681378841 -0.011358355171978474
v 0.002998421434313059 -0.007847506552934643 -0.011042492464184761
v 0.003050015540793538 -0.007637141272425649 -0.011405836790800095
v 0.0038199457339942455 -0.00836335681378841 -0.011358355171978474
v 0.003050015540793538 -0.007637141272425649 -0.011405836790800095
v 0.00390597409568727 -0.008113970048725602 -0.011701945215463638
v 0.00390597409568727 -0.008113970048725602 -0.011701945215463638
v 0.003050015540793538 -0.007637141272425649 -0.011405836790800095
v 0.0031161291990429163 -0.007388413883745668 -0.01174625102430582
v 0.00390597409568727 -0.008113970048725602 -0.011701945215463638
v 0.0031161291990429163 -0.007388413883745668 -0.01174625102430582
v 0.003999339882284403 -0.007819802500307556 -0.012017528526484966
v 0.003999339882284403 -0.007819802500307556 -0.012017528526484966
v 0.0031161291990429163 -0.007388413883745668 -0.01174625102430582
v 0.003196385921910405 -0.007097131107002494 -0.01206087414175272
v 0.003999339882284403 -0.007819802500307556 -0.012017528526484966
v 0.003196385921910405 -0.007097131107002494 -0.01206087414175272
v 0.004101382102817297 -0.007469444070011375 -0.012308751232922077
v 0.004101382102817297 -0.007469444070011375 -0.012308751232922077
v 0.003196385921910405 -0.007097131107002494 -0.01206087414175272
v 0.0032900511287152767 -0.006758941803127525 -0.01234688051044941
v 0.004101382102817297 -0.007469444070011375 -0.012308751232922077
v 0.0032900511287152767 -0.006758941803127525 -0.01234688051044941
v 0.004208644386380911 -0.007066700607538221 -0.012565219774842262
v 0.004208644386380911 -0.007066700607538221 -0.012565219774842262
v 0.0032900511287152767 -0.006758941803127525 -0.01234688051044941
v 0.0033960624132305384 -0.006369518116116522 -0.012601486407220364
v 0.004208644386380911 -0.007066700607538221 -0.012565219774842262
v 0.0033960624132305384 -0.006369518116116522 -0.012601486407220364
v 0.004220955539494753 -0.007018096745014188 -0.012591751292347908
v 0.004220955539494753 -0.007018096745014188 -0.012591751292347908
v 0.0033960624132305384 -0.006369518116116522 -0.012601486407220364
v 0.0035130237229168415 -0.00592472357675433 -0.012821958400309086
v 0.004220955539494753 -0.007018096745014188 -0.012591751292347908
v 0.0035130237229168415 -0.00592472357675433 -0.012821958400309086
v 0.004320484586060047 -0.006605501286685464 -0.01278630644083023
v 0.004320484586060047 -0.006605501286685464 -0.01278630644083023
v 0.0035130237229168415 -0.00592472357675433 -0.012821958400309086
v 0.004450886510312557 -0.006006911862641571 -0.012991057708859444
v 0.0035664094612002373 -0.008971069939434525 -0.009798737242817879
v 0.0035379573237150908 -0.009025318548083302 -0.009516327641904354
v 0.002927304245531559 -0.008288591168820855 -0.009843647480010986
v 0.002927304245531559 -0.008288591168820855 -0.009843647480010986
v 0.0035379573237150908 -0.009025318548083302 -0.009516327641904354
v 0.0029321734327822924 -0.008469761349260804 -0.008981862105429173
v 0.002927304245531559 -0.008288591168820855 -0.009843647480010986
v 0.0029321734327822924 -0.008469761349260804 -0.008981862105429173
v 0.0020832756999880075 -0.007600759621709583 -0.0090147964656353
v 0.0020832756999880075 -0.007600759621709583 -0.0090147964656353
v 0.0029321734327822924 -0.008469761349260804 -0.008981862105429173
v 0.002144021447747946 -0.007764368318021295 -0.008095272816717625
v 0.0020832756999880075 -0.007600759621709583 -0.0090147964656353
v 0.002144021447747946 -0.007764368318021295 -0.008095272816717625
v 0.000995541806332767 -0.006638713646680114 -0.009049291722476482
v 0.000995541806332767 -0.006638713646680114 -0.009049291722476482
v 0.002144021447747946 -0.007764368318021295 -0.008095272816717625
v 0.0012621929636225104 -0.006959636695683 -0.008095241151750088
v 0.000995541806332767 -0.006638713646680114 -0.009049291722476482
v 0.0012621929636225104 -0.006959636695683 -0.008095241151750088
v 0.0010765452170744538 -0.006803583819419143 -0.008095243014395237
v -0.0001729715004330501 -0.0058386465534567816 -0.008273926563560963
v -9.175451850751415e-05 -0.005736579187214373 -0.00971075426787138
v 0.000995541806332767 -0.006638713646680114 -0.009049291722476482
v 0.000995541806332767 -0.006638713646680114 -0.009049291722476482
v -9.175451850751415e-05 -0.005736579187214373 -0.00971075426787138
v 0.000934586685616523 -0.006460213102400301 -0.009964571334421635
v 0.000995541806332767 -0.006638713646680114 -0.009049291722476482
v 0.000934586685616523 -0.006460213102400301 -0.009964571334421635
v 0.0020347158424556255 -0.007412300910800693 -0.009902473539113998
v 0.0020347158424556255 -0.007412300910800693 -0.009902473539113998
v 0.000934586685616523 -0.006460213102400301 -0.009964571334421635
v 0.0009295485797338188 -0.006347574293613432 -0.010396897792816162
v 0.0020347158424556255 -0.007412300910800693 -0.009902473539113998
v 0.0009295485797338188 -0.006347574293613432 -0.010396897792816162
v 0.0020403233356773853 -0.007148682139813897 -0.010731115005910397
v 0.0020403233356773853 -0.007148682139813897 -0.010731115005910397
v 0.0009295485797338188 -0.006347574293613432 -0.010396897792816162
v 0.0009492523386143148 -0.006210082210600374 -0.010807562619447708
v 0.0020403233356773853 -0.007148682139813897 -0.010731115005910397
v 0.0009492523386143148 -0.006210082210600374 -0.010807562619447708
v 0.0020726153161376715 -0.006975296884775159 -0.01111587043851614
v 0.0020726153161376715 -0.006975296884775159 -0.01111587043851614
v 0.0009492523386143148 -0.006210082210600374 -0.010807562619447708
v 0.0009959901217371225 -0.00604421319440007 -0.01119371596723795
v 0.0020726153161376715 -0.006975296884775159 -0.01111587043851614
v 0.0009959901217371225 -0.00604421319440007 -0.01119371596723795
v 0.002125781960785389 -0.006769868545234201 -0.011477436870336533
v 0.002125781960785389 -0.006769868545234201 -0.011477436870336533
v 0.0009959901217371225 -0.00604421319440007 -0.01119371596723795
v 0.0010699008125811815 -0.005848185159265993 -0.011553008109331131
v 0.002125781960785389 -0.006769868545234201 -0.011477436870336533
v 0.0010699008125811815 -0.005848185159265993 -0.011553008109331131
v 0.0021993268746882677 -0.0065297237597405884 -0.011813444085419178
v 0.0021993268746882677 -0.0065297237597405884 -0.011813444085419178
v 0.0010699008125811815 -0.005848185159265993 -0.011553008109331131
v 0.001169772120192647 -0.0056208940222859365 -0.011883498169481754
v 0.0021993268746882677 -0.0065297237597405884 -0.011813444085419178
v 0.001169772120192647 -0.0056208940222859365 -0.011883498169481754
v 0.0022922034841030836 -0.006251946091651915 -0.012121678330004215
v 0.0022922034841030836 -0.006251946091651915 -0.012121678330004215
v 0.001169772120192647 -0.0056208940222859365 -0.011883498169481754
v 0.0012936771381646395 -0.005361106246709822 -0.012183579616248608
v 0.0022922034841030836 -0.006251946091651915 -0.012121678330004215
v 0.0012936771381646395 -0.005361106246709822 -0.012183579616248608
v 0.0024029435589909554 -0.005933336913585661 -0.012400053441524506
v 0.0024029435589909554 -0.005933336913585661 -0.012400053441524506
v 0.0012936771381646395 -0.005361106246709822 -0.012183579616248608
v 0.0014391604345291853 -0.005067294929176567 -0.012451933696866035
v 0.0024029435589909554 -0.005933336913585661 -0.012400053441524506
v 0.0014391604345291853 -0.005067294929176567 -0.012451933696866035
v 0.0025296860840171576 -0.005570598877966402 -0.01264659222215414
v 0.0025296860840171576 -0.005570598877966402 -0.01264659222215414
v 0.0014391604345291853 -0.005067294929176567 -0.012451933696866035
v 0.0016032896237447858 -0.00473775854334235 -0.012687496840953827
v 0.0025296860840171576 -0.005570598877966402 -0.01264659222215414
v 0.0016032896237447858 -0.00473775854334235 -0.012687496840953827
v 0.002670201938599348 -0.00516052497550845 -0.012859405018389225
v 0.002670201938599348 -0.00516052497550845 -0.012859405018389225
v 0.0016032896237447858 -0.00473775854334235 -0.012687496840953827
v 0.0017826891271397471 -0.0043707354925572855 -0.012889436446130276
v 0.002670201938599348 -0.00516052497550845 -0.012859405018389225
v 0.0017826891271397471 -0.0043707354925572855 -0.012889436446130276
v 0.0028218994848430157 -0.0047001750208437425 -0.013036668300628662
v 0.0028218994848430157 -0.0047001750208437425 -0.013036668300628662
v 0.0017826891271397471 -0.0043707354925572855 -0.012889436446130276
v 0.001973611069843173 -0.0039645466022193415 -0.013057110831141472
v 0.0028218994848430157 -0.0047001750208437425 -0.013036668300628662
v 0.001973611069843173 -0.0039645466022193415 -0.013057110831141472
v 0.0020974366925656796 -0.0037619005888700472 -0.013128853403031826
v 0.0020974366925656796 -0.0037619005888700472 -0.013128853403031826
v 0.001973611069843173 -0.0039645466022193415 -0.013057110831141472
v 0.0016479108016937971 -0.004069237038493155 -0.01295393891632557
v 0.0028838186990469694 -0.0032264285255223504 -0.009549999609589577
v 0.0028838186990469694 -0.0032264285255223504 -0.013304268009960651
v 0.002766579622402787 -0.0033261915668845164 -0.013284921646118164
v 0.0028838186990469694 -0.0032264285255223504 -0.009549999609589577
v 0.002766579622402787 -0.0033261915668845164 -0.013284921646118164
v 0.002662388840690255 -0.003405460156500338 -0.009549999609589577
v 0.002662388840690255 -0.003405460156500338 -0.009549999609589577
v 0.002766579622402787 -0.0033261915668845164 -0.013284921646118164
v 0.002407986903563142 -0.0035709738731384264 -0.013212491758167744
v 0.002662388840690255 -0.003405460156500338 -0.009549999609589577
v 0.002407986903563142 -0.0035709738731384264 -0.013212491758167744
v 0.002407986903563142 -0.0035709738731384264 -0.009549999609589577
v 0.0028838186990469694 -0.0032264285255223504 -0.0024500000290572643
v 0.002662388840690255 -0.003405460156500338 -0.0024500000290572643
v 0.002883818931877613 -0.003226428059861063 0.0013042642967775464
v 0.002883818931877613 -0.003226428059861063 0.0013042642967775464
v 0.002662388840690255 -0.003405460156500338 -0.0024500000290572643
v 0.002766579622402787 -0.0033261915668845164 0.001284917932935059
v 0.002766579622402787 -0.0033261915668845164 0.001284917932935059
v 0.002662388840690255 -0.003405460156500338 -0.0024500000290572643
v 0.0024111452512443066 -0.003569126361981033 0.0012132070260122418
v 0.0024111452512443066 -0.003569126361981033 0.0012132070260122418
v 0.002662388840690255 -0.003405460156500338 -0.0024500000290572643
v 0.002407986903563142 -0.0035709738731384264 -0.0024500000290572643
v 0.0024111452512443066 -0.003569126361981033 0.0012132070260122418
v 0.002407986903563142 -0.0035709738731384264 -0.0024500000290572643
v 0.002407986903563142 -0.0035709738731384264 0.001212488510645926
v 0.004029708914458752 0.004790406208485363 0.00040987477404996753
v 0.0040069627575576305 0.004440348129719494 0.000499762303661555
v 0.005947236903011799 0.0023159501142799846 0.0005444806884042919
v 0.004194159992039204 0.0025418952573090783 0.0008499596151523292
v 0.004347565118223429 0.0018465929897502058 0.0009430052596144378
v 0.0053210072219371796 0.0012034891406074162 0.0008901019464246929
v 0.0053210072219371796 0.0012034891406074162 0.0008901019464246929
v 0.004347565118223429 0.0018465929897502058 0.0009430052596144378
v 0.004414500668644905 0.001285564736463129 0.0010190448956564069
v 0.0040069627575576305 0.004440348129719494 0.000499762303661555
v 0.004008629359304905 0.0036989736836403595 0.0006620406056754291
v 0.005947236903011799 0.0023159501142799846 0.0005444806884042919
v 0.005947236903011799 0.0023159501142799846 0.0005444806884042919
v 0.004008629359304905 0.0036989736836403595 0.0006620406056754291
v 0.004022786859422922 0.0034934689756482827 0.00070099689764902
v 0.005947236903011799 0.0023159501142799846 0.0005444806884042919
v 0.004022786859422922 0.0034934689756482827 0.00070099689764902
v 0.004076929297298193 0.0030576984863728276 0.0007760386797599494
v 0.00407149363309145 0.005185880232602356 0.00029629579512402415
v 0.006581914145499468 0.003376152832061051 8.738988981349394e-05
v 0.004201801028102636 0.005973547231405972 2.2279265976976603e-05
v 0.004201801028102636 0.005973547231405972 2.2279265976976603e-05
v 0.006581914145499468 0.003376152832061051 8.738988981349394e-05
v 0.006887892261147499 0.003858680138364433 -0.00018159003229811788
v 0.004201801028102636 0.005973547231405972 2.2279265976976603e-05
v 0.006887892261147499 0.003858680138364433 -0.00018159003229811788
v 0.004276640713214874 0.006314268801361321 -0.00012118864833610132
v 0.004373080097138882 0.006695200689136979 -0.0003046540659852326
v 0.00717749772593379 0.004296482540667055 -0.0004761897143907845
v 0.0045392923057079315 0.007256277371197936 -0.0006339147803373635
v 0.0045392923057079315 0.007256277371197936 -0.0006339147803373635
v 0.00717749772593379 0.004296482540667055 -0.0004761897143907845
v 0.007444306276738644 0.004681648220866917 -0.0007951807347126305
v 0.0045392923057079315 0.007256277371197936 -0.0006339147803373635
v 0.007444306276738644 0.004681648220866917 -0.0007951807347126305
v 0.004698631819337606 0.007720870897173879 -0.000985597143881023
v 0.004698631819337606 0.007720870897173879 -0.000985597143881023
v 0.007444306276738644 0.004681648220866917 -0.0007951807347126305
v 0.007682410068809986 0.005007835570722817 -0.0011367833940312266
v 0.004698631819337606 0.007720870897173879 -0.000985597143881023
v 0.007682410068809986 0.005007835570722817 -0.0011367833940312266
v 0.004777280613780022 0.007931242696940895 -0.0011811315780505538
v 0.004777280613780022 0.007931242696940895 -0.0011811315780505538
v 0.007682410068809986 0.005007835570722817 -0.0011367833940312266
v 0.00788663700222969 0.005270305555313824 -0.0014982357388362288
v 0.004777280613780022 0.007931242696940895 -0.0011811315780505538
v 0.00788663700222969 0.005270305555313824 -0.0014982357388362288
v 0.005002457648515701 0.008214236237108704 -0.0016030579572543502
v 0.005002457648515701 0.008214236237108704 -0.0016030579572543502
v 0.00788663700222969 0.005270305555313824 -0.0014982357388362288
v 0.008053004741668701 0.00546654127538204 -0.001875487039797008
v 0.005002457648515701 0.008214236237108704 -0.0016030579572543502
v 0.008053004741668701 0.00546654127538204 -0.001875487039797008
v 0.005173228681087494 0.00842884927988052 -0.0020498104859143496
v 0.005173228681087494 0.00842884927988052 -0.0020498104859143496
v 0.008053004741668701 0.00546654127538204 -0.001875487039797008
v 0.008179697208106518 0.0055983630008995516 -0.0022632055915892124
v 0.005173228681087494 0.00842884927988052 -0.0020498104859143496
v 0.008179697208106518 0.0055983630008995516 -0.0022632055915892124
v 0.005291486158967018 0.008577471598982808 -0.0025243989657610655
v 0.005291486158967018 0.008577471598982808 -0.0025243989657610655
v 0.008179697208106518 0.0055983630008995516 -0.0022632055915892124
v 0.008268274366855621 0.0056746099144220335 -0.0026549126487225294
v 0.005291486158967018 0.008577471598982808 -0.0025243989657610655
v 0.008268274366855621 0.0056746099144220335 -0.0026549126487225294
v 0.005356988869607449 0.00865979120135307 -0.0029927855357527733
v 0.005356988869607449 0.00865979120135307 -0.0029927855357527733
v 0.008268274366855621 0.0056746099144220335 -0.0026549126487225294
v 0.007114185020327568 0.007002249360084531 -0.003420370165258646
v 0.005356988869607449 0.00865979120135307 -0.0029927855357527733
v 0.007114185020327568 0.007002249360084531 -0.003420370165258646
v 0.005387675017118454 0.008698362857103344 -0.003420348512008786
v 0.007271711248904467 -0.0002059924590867012 0.0007047706167213619
v 0.005947236903011799 0.0023159501142799846 0.0005444806884042919
v 0.0053210072219371796 0.0012034891406074162 0.0008901019464246929
v 0.0053210072219371796 0.0012034891406074162 0.0008901019464246929
v 0.005947236903011799 0.0023159501142799846 0.0005444806884042919
v 0.004076929297298193 0.0030576984863728276 0.0007760386797599494
v 0.0053210072219371796 0.0012034891406074162 0.0008901019464246929
v 0.004076929297298193 0.0030576984863728276 0.0007760386797599494
v 0.004194159992039204 0.0025418952573090783 0.0008499596151523292
v 0.007271711248904467 -0.0002059924590867012 0.0007047706167213619
v 0.007852121256291866 0.0003879145369864999 0.000451318162959069
v 0.005947236903011799 0.0023159501142799846 0.0005444806884042919
v 0.005947236903011799 0.0023159501142799846 0.0005444806884042919
v 0.007852121256291866 0.0003879145369864999 0.000451318162959069
v 0.006581914145499468 0.003376152832061051 8.738988981349394e-05
v 0.005947236903011799 0.0023159501142799846 0.0005444806884042919
v 0.006581914145499468 0.003376152832061051 8.738988981349394e-05
v 0.004029708914458752 0.004790406208485363 0.00040987477404996753
v 0.004029708914458752 0.004790406208485363 0.00040987477404996753
v 0.006581914145499468 0.003376152832061051 8.738988981349394e-05
v 0.00407149363309145 0.005185880232602356 0.00029629579512402415
v 0.01069928240031004 0.0030379558447748414 -0.0026240551378577948
v 0.009576537646353245 0.004290641285479067 -0.0026367714162915945
v 0.010679550468921661 0.0030243585351854554 -0.002523142844438553
v 0.010679550468921661 0.0030243585351854554 -0.002523142844438553
v 0.009576537646353245 0.004290641285479067 -0.0026367714162915945
v 0.009486517868936062 0.0042223208583891374 -0.002246041549369693
v 0.01069928240031004 0.0030379558447748414 -0.0026240551378577948
v 0.010780001990497112 0.0031086113303899756 -0.0034204295370727777
v 0.009576537646353245 0.004290641285479067 -0.0026367714162915945
v 0.009576537646353245 0.004290641285479067 -0.0026367714162915945
v 0.010780001990497112 0.0031086113303899756 -0.0034204295370727777
v 0.00997121725231409 0.004013913217931984 -0.003420421853661537
v 0.009576537646353245 0.004290641285479067 -0.0026367714162915945
v 0.00997121725231409 0.004013913217931984 -0.003420421853661537
v 0.008642923086881638 0.005437353160232304 -0.003420398337766528
v 0.008642923086881638 0.005437353160232304 -0.003420398337766528
v 0.007114185020327568 0.007002249360084531 -0.003420370165258646
v 0.009576537646353245 0.004290641285479067 -0.0026367714162915945
v 0.009576537646353245 0.004290641285479067 -0.0026367714162915945
v 0.007114185020327568 0.007002249360084531 -0.003420370165258646
v 0.008268274366855621 0.0056746099144220335 -0.0026549126487225294
v 0.009576537646353245 0.004290641285479067 -0.0026367714162915945
v 0.008268274366855621 0.0056746099144220335 -0.0026549126487225294
v 0.009486517868936062 0.0042223208583891374 -0.002246041549369693
v 0.009486517868936062 0.0042223208583891374 -0.002246041549369693
v 0.008268274366855621 0.0056746099144220335 -0.0026549126487225294
v 0.008179697208106518 0.0055983630008995516 -0.0022632055915892124
v 0.009486517868936062 0.0042223208583891374 -0.002246041549369693
v 0.008179697208106518 0.0055983630008995516 -0.0022632055915892124
v 0.00935243908315897 0.004103209823369978 -0.0018635703017935157
v 0.00935243908315897 0.004103209823369978 -0.0018635703017935157
v 0.008179697208106518 0.0055983630008995516 -0.0022632055915892124
v 0.008053004741668701 0.00546654127538204 -0.001875487039797008
v 0.00935243908315897 0.004103209823369978 -0.0018635703017935157
v 0.008053004741668701 0.00546654127538204 -0.001875487039797008
v 0.009171788580715656 0.003924548160284756 -0.001494351658038795
v 0.009171788580715656 0.003924548160284756 -0.001494351658038795
v 0.008053004741668701 0.00546654127538204 -0.001875487039797008
v 0.00788663700222969 0.005270305555313824 -0.0014982357388362288
v 0.009171788580715656 0.003924548160284756 -0.001494351658038795
v 0.00788663700222969 0.005270305555313824 -0.0014982357388362288
v 0.008946424350142479 0.0036857221275567995 -0.0011423685355111957
v 0.008946424350142479 0.0036857221275567995 -0.0011423685355111957
v 0.00788663700222969 0.005270305555313824 -0.0014982357388362288
v 0.007682410068809986 0.005007835570722817 -0.0011367833940312266
v 0.008946424350142479 0.0036857221275567995 -0.0011423685355111957
v 0.007682410068809986 0.005007835570722817 -0.0011367833940312266
v 0.008680842816829681 0.0033905564341694104 -0.0008104576845653355
v 0.008680842816829681 0.0033905564341694104 -0.0008104576845653355
v 0.007682410068809986 0.005007835570722817 -0.0011367833940312266
v 0.007444306276738644 0.004681648220866917 -0.0007951807347126305
v 0.008680842816829681 0.0033905564341694104 -0.0008104576845653355
v 0.007444306276738644 0.004681648220866917 -0.0007951807347126305
v 0.008380739018321037 0.003044452751055359 -0.0005003128317184746
v 0.008380739018321037 0.003044452751055359 -0.0005003128317184746
v 0.007444306276738644 0.004681648220866917 -0.0007951807347126305
v 0.00717749772593379 0.004296482540667055 -0.0004761897143907845
v 0.008380739018321037 0.003044452751055359 -0.0005003128317184746
v 0.00717749772593379 0.004296482540667055 -0.0004761897143907845
v 0.006887892261147499 0.003858680138364433 -0.00018159003229811788
v 0.006887892261147499 0.003858680138364433 -0.00018159003229811788
v 0.00717749772593379 0.004296482540667055 -0.0004761897143907845
v 0.004373080097138882 0.006695200689136979 -0.0003046540659852326
v 0.006887892261147499 0.003858680138364433 -0.00018159003229811788
v 0.004373080097138882 0.006695200689136979 -0.0003046540659852326
v 0.004276640713214874 0.006314268801361321 -0.00012118864833610132
v 0.004414500668644905 0.001285564736463129 0.0010190448956564069
v 0.004424910992383957 0.0011182960588484998 0.001041579176671803
v 0.0053210072219371796 0.0012034891406074162 0.0008901019464246929
v 0.0053210072219371796 0.0012034891406074162 0.0008901019464246929
v 0.004424910992383957 0.0011182960588484998 0.001041579176671803
v 0.004420729354023933 0.00043647355050779863 0.001131573342718184
v 0.0053210072219371796 0.0012034891406074162 0.0008901019464246929
v 0.004420729354023933 0.00043647355050779863 0.001131573342718184
v 0.007271711248904467 -0.0002059924590867012 0.0007047706167213619
v 0.007271711248904467 -0.0002059924590867012 0.0007047706167213619
v 0.004420729354023933 0.00043647355050779863 0.001131573342718184
v 0.005401346832513809 -0.0005385260446928439 0.0011096360394731164
v 0.007271711248904467 -0.0002059924590867012 0.0007047706167213619
v 0.005401346832513809 -0.0005385260446928439 0.0011096360394731164
v 0.006208856590092182 -0.0013463417999446388 0.0010533776367083192
v 0.007852121256291866 0.0003879145369864999 0.000451318162959069
v 0.008348683826625347 0.000883016444277018 0.00019537581829354167
v 0.006581914145499468 0.003376152832061051 8.738988981349394e-05
v 0.006581914145499468 0.003376152832061051 8.738988981349394e-05
v 0.008348683826625347 0.000883016444277018 0.00019537581829354167
v 0.008676392026245594 0.0012039728462696071 2.72149213742523e-06
v 0.006581914145499468 0.003376152832061051 8.738988981349394e-05
v 0.008676392026245594 0.0012039728462696071 2.72149213742523e-06
v 0.006887892261147499 0.003858680138364433 -0.00018159003229811788
v 0.006887892261147499 0.003858680138364433 -0.00018159003229811788
v 0.008676392026245594 0.0012039728462696071 2.72149213742523e-06
v 0.009264792315661907 0.0017694608541205519 -0.0004066646215505898
v 0.006887892261147499 0.003858680138364433 -0.00018159003229811788
v 0.009264792315661907 0.0017694608541205519 -0.0004066646215505898
v 0.008380739018321037 0.003044452751055359 -0.0005003128317184746
v 0.008380739018321037 0.003044452751055359 -0.0005003128317184746
v 0.009264792315661907 0.0017694608541205519 -0.0004066646215505898
v 0.009479941800236702 0.00197275960817933 -0.00058415048988536
v 0.008380739018321037 0.003044452751055359 -0.0005003128317184746
v 0.009479941800236702 0.00197275960817933 -0.00058415048988536
v 0.008680842816829681 0.0033905564341694104 -0.0008104576845653355
v 0.008680842816829681 0.0033905564341694104 -0.0008104576845653355
v 0.009479941800236702 0.00197275960817933 -0.00058415048988536
v 0.009754749946296215 0.002229358069598674 -0.0008424434927292168
v 0.008680842816829681 0.0033905564341694104 -0.0008104576845653355
v 0.009754749946296215 0.002229358069598674 -0.0008424434927292168
v 0.008946424350142479 0.0036857221275567995 -0.0011423685355111957
v 0.008946424350142479 0.0036857221275567995 -0.0011423685355111957
v 0.009754749946296215 0.002229358069598674 -0.0008424434927292168
v 0.010058993473649025 0.0025081608910113564 -0.0011894110357388854
v 0.008946424350142479 0.0036857221275567995 -0.0011423685355111957
v 0.010058993473649025 0.0025081608910113564 -0.0011894110357388854
v 0.009171788580715656 0.003924548160284756 -0.001494351658038795
v 0.009171788580715656 0.003924548160284756 -0.001494351658038795
v 0.010058993473649025 0.0025081608910113564 -0.0011894110357388854
v 0.010279417969286442 0.0027042932342737904 -0.0015076537383720279
v 0.009171788580715656 0.003924548160284756 -0.001494351658038795
v 0.010279417969286442 0.0027042932342737904 -0.0015076537383720279
v 0.00935243908315897 0.004103209823369978 -0.0018635703017935157
v 0.00935243908315897 0.004103209823369978 -0.0018635703017935157
v 0.010279417969286442 0.0027042932342737904 -0.0015076537383720279
v 0.010463018901646137 0.0028600641526281825 -0.0018541481113061309
v 0.00935243908315897 0.004103209823369978 -0.0018635703017935157
v 0.010463018901646137 0.0028600641526281825 -0.0018541481113061309
v 0.009486517868936062 0.0042223208583891374 -0.002246041549369693
v 0.009486517868936062 0.0042223208583891374 -0.002246041549369693
v 0.010463018901646137 0.0028600641526281825 -0.0018541481113061309
v 0.010607202537357807 0.002972804941236972 -0.002238943474367261
v 0.009486517868936062 0.0042223208583891374 -0.002246041549369693
v 0.010607202537357807 0.002972804941236972 -0.002238943474367261
v 0.010679550468921661 0.0030243585351854554 -0.002523142844438553
v 0.007193082943558693 0.004280496388673781 -0.011523621156811714
v 0.004673545714467764 0.007650455459952352 -0.011073936708271503
v 0.007460318505764008 0.004665188025683163 -0.011204732581973076
v 0.007460318505764008 0.004665188025683163 -0.011204732581973076
v 0.004673545714467764 0.007650455459952352 -0.011073936708271503
v 0.004777280613780022 0.007931242696940895 -0.010818871669471264
v 0.007460318505764008 0.004665188025683163 -0.011204732581973076
v 0.004777280613780022 0.007931242696940895 -0.010818871669471264
v 0.007698785979300737 0.004990997724235056 -0.010863241739571095
v 0.007698785979300737 0.004990997724235056 -0.010863241739571095
v 0.004777280613780022 0.007931242696940895 -0.010818871669471264
v 0.007903301157057285 0.005253180861473082 -0.010501894168555737
v 0.00419433880597353 0.0059351865202188474 -0.012037589214742184
v 0.004276645835489035 0.00631331419572234 -0.011879757046699524
v 0.006902982480823994 0.0038432716391980635 -0.01181813981384039
v 0.006902982480823994 0.0038432716391980635 -0.01181813981384039
v 0.004276645835489035 0.00631331419572234 -0.011879757046699524
v 0.00434563122689724 0.006591878365725276 -0.011748550459742546
v 0.006902982480823994 0.0038432716391980635 -0.01181813981384039
v 0.00434563122689724 0.006591878365725276 -0.011748550459742546
v 0.007193082943558693 0.004280496388673781 -0.011523621156811714
v 0.007193082943558693 0.004280496388673781 -0.011523621156811714
v 0.00434563122689724 0.006591878365725276 -0.011748550459742546
v 0.004521867260336876 0.007200026884675023 -0.01140338834375143
v 0.007193082943558693 0.004280496388673781 -0.011523621156811714
v 0.004521867260336876 0.007200026884675023 -0.01140338834375143
v 0.004673545714467764 0.007650455459952352 -0.011073936708271503
v 0.006596450228244066 0.0033614111598581063 -0.012087070383131504
v 0.0040731183253228664 0.005198494996875523 -0.012292462401092052
v 0.00419433880597353 0.0059351865202188474 -0.012037589214742184
v 0.005332950036972761 0.0011918139643967147 -0.012889879755675793
v 0.004194159992039204 0.0025418952573090783 -0.012849963270127773
v 0.00596053758636117 0.0023027206771075717 -0.012544164434075356
v 0.00596053758636117 0.0023027206771075717 -0.012544164434075356
v 0.004194159992039204 0.0025418952573090783 -0.012849963270127773
v 0.004061308689415455 0.003158453619107603 -0.01275930367410183
v 0.00596053758636117 0.0023027206771075717 -0.012544164434075356
v 0.004061308689415455 0.003158453619107603 -0.01275930367410183
v 0.004022696521133184 0.0034935208968818175 -0.01270099263638258
v 0.004022696521133184 0.0034935208968818175 -0.01270099263638258
v 0.004005293361842632 0.0037665094714611756 -0.012648703530430794
v 0.00596053758636117 0.0023027206771075717 -0.012544164434075356
v 0.00596053758636117 0.0023027206771075717 -0.012544164434075356
v 0.004005293361842632 0.0037665094714611756 -0.012648703530430794
v 0.0040063997730612755 0.004424957558512686 -0.012503564357757568
v 0.00596053758636117 0.0023027206771075717 -0.012544164434075356
v 0.0040063997730612755 0.004424957558512686 -0.012503564357757568
v 0.006596450228244066 0.0033614111598581063 -0.012087070383131504
v 0.006596450228244066 0.0033614111598581063 -0.012087070383131504
v 0.0040063997730612755 0.004424957558512686 -0.012503564357757568
v 0.0040298630483448505 0.004790589213371275 -0.012409891933202744
v 0.006596450228244066 0.0033614111598581063 -0.012087070383131504
v 0.0040298630483448505 0.004790589213371275 -0.012409891933202744
v 0.0040731183253228664 0.005198494996875523 -0.012292462401092052
v 0.006208856590092182 -0.0013463417999446388 -0.013053380884230137
v 0.005401346832513809 -0.0005385260446928439 -0.013109639286994934
v 0.005332950036972761 0.0011918139643967147 -0.012889879755675793
v 0.005332950036972761 0.0011918139643967147 -0.012889879755675793
v 0.005401346832513809 -0.0005385260446928439 -0.013109639286994934
v 0.004420729354023933 0.00043647355050779863 -0.013131576590240002
v 0.005332950036972761 0.0011918139643967147 -0.012889879755675793
v 0.004420729354023933 0.00043647355050779863 -0.013131576590240002
v 0.004423501901328564 0.0011458848603069778 -0.01303787436336279
v 0.004423501901328564 0.0011458848603069778 -0.01303787436336279
v 0.0044144983403384686 0.0012855749810114499 -0.013019046746194363
v 0.005332950036972761 0.0011918139643967147 -0.012889879755675793
v 0.005332950036972761 0.0011918139643967147 -0.012889879755675793
v 0.0044144983403384686 0.0012855749810114499 -0.013019046746194363
v 0.004344291985034943 0.0018665494862943881 -0.01294030249118805
v 0.005332950036972761 0.0011918139643967147 -0.012889879755675793
v 0.004344291985034943 0.0018665494862943881 -0.01294030249118805
v 0.004194159992039204 0.0025418952573090783 -0.012849963270127773
v 0.008676392026245594 0.0012039728462696071 -0.012002725154161453
v 0.008619630709290504 0.0011486976873129602 -0.012037637643516064
v 0.006596450228244066 0.0033614111598581063 -0.012087070383131504
v 0.006596450228244066 0.0033614111598581063 -0.012087070383131504
v 0.008619630709290504 0.0011486976873129602 -0.012037637643516064
v 0.007852121256291866 0.0003879145369864999 -0.012451321817934513
v 0.006596450228244066 0.0033614111598581063 -0.012087070383131504
v 0.007852121256291866 0.0003879145369864999 -0.012451321817934513
v 0.00596053758636117 0.0023027206771075717 -0.012544164434075356
v 0.00596053758636117 0.0023027206771075717 -0.012544164434075356
v 0.007852121256291866 0.0003879145369864999 -0.012451321817934513
v 0.007502584718167782 3.2379419280914576e-05 -0.012609417550265789
v 0.00596053758636117 0.0023027206771075717 -0.012544164434075356
v 0.007502584718167782 3.2379419280914576e-05 -0.012609417550265789
v 0.005332950036972761 0.0011918139643967147 -0.012889879755675793
v 0.005332950036972761 0.0011918139643967147 -0.012889879755675793
v 0.007502584718167782 3.2379419280914576e-05 -0.012609417550265789
v 0.007016562856733799 -0.0004730177170131354 -0.012802070006728172
v 0.005332950036972761 0.0011918139643967147 -0.012889879755675793
v 0.007016562856733799 -0.0004730177170131354 -0.012802070006728172
v 0.006208856590092182 -0.0013463417999446388 -0.013053380884230137
v 0.00419433880597353 0.0059351865202188474 -0.012037589214742184
v 0.006902982480823994 0.0038432716391980635 -0.01181813981384039
v 0.006596450228244066 0.0033614111598581063 -0.012087070383131504
v 0.006596450228244066 0.0033614111598581063 -0.012087070383131504
v 0.006902982480823994 0.0038432716391980635 -0.01181813981384039
v 0.009065240621566772 0.0015792197082191701 -0.011743073351681232
v 0.006596450228244066 0.0033614111598581063 -0.012087070383131504
v 0.009065240621566772 0.0015792197082191701 -0.011743073351681232
v 0.008676392026245594 0.0012039728462696071 -0.012002725154161453
v 0.009426232427358627 0.0019221896072849625 -0.011461936868727207
v 0.008401243947446346 0.0030227832030504933 -0.011499099433422089
v 0.008701913058757782 0.003368168370798229 -0.011189112439751625
v 0.009426232427358627 0.0019221896072849625 -0.011461936868727207
v 0.008701913058757782 0.003368168370798229 -0.011189112439751625
v 0.009744659997522831 0.0022171649616211644 -0.011136624030768871
v 0.009744659997522831 0.0022171649616211644 -0.011136624030768871
v 0.008701913058757782 0.003368168370798229 -0.011189112439751625
v 0.008967951871454716 0.003662751521915196 -0.010857379995286465
v 0.009744659997522831 0.0022171649616211644 -0.011136624030768871
v 0.008967951871454716 0.003662751521915196 -0.010857379995286465
v 0.010045318864285946 0.002495674416422843 -0.01082946639508009
v 0.010045318864285946 0.002495674416422843 -0.01082946639508009
v 0.008967951871454716 0.003662751521915196 -0.010857379995286465
v 0.009193641133606434 0.003901136107742785 -0.010505582205951214
v 0.010045318864285946 0.002495674416422843 -0.01082946639508009
v 0.009193641133606434 0.003901136107742785 -0.010505582205951214
v 0.010281800292432308 0.002706096973270177 -0.010494844056665897
v 0.010281800292432308 0.002706096973270177 -0.010494844056665897
v 0.009193641133606434 0.003901136107742785 -0.010505582205951214
v 0.009374510496854782 0.004079469013959168 -0.010136534459888935
v 0.010281800292432308 0.002706096973270177 -0.010494844056665897
v 0.009374510496854782 0.004079469013959168 -0.010136534459888935
v 0.010458333417773247 0.002856042701750993 -0.010176857002079487
v 0.010458333417773247 0.002856042701750993 -0.010176857002079487
v 0.009374510496854782 0.004079469013959168 -0.010136534459888935
v 0.009508692659437656 0.00419836165383458 -0.00975419208407402
v 0.010458333417773247 0.002856042701750993 -0.010176857002079487
v 0.009508692659437656 0.00419836165383458 -0.00975419208407402
v 0.010625328868627548 0.0029876192566007367 -0.009771444834768772
v 0.010625328868627548 0.0029876192566007367 -0.009771444834768772
v 0.009508692659437656 0.00419836165383458 -0.00975419208407402
v 0.010628834366798401 0.0029902416281402102 -0.009761049412190914
v 0.010628834366798401 0.0029902416281402102 -0.009761049412190914
v 0.009508692659437656 0.00419836165383458 -0.00975419208407402
v 0.009598735719919205 0.004266561940312384 -0.009363515302538872
v 0.010628834366798401 0.0029902416281402102 -0.009761049412190914
v 0.009598735719919205 0.004266561940312384 -0.009363515302538872
v 0.010722262784838676 0.0030578325968235722 -0.009429500438272953
v 0.010722262784838676 0.0030578325968235722 -0.009429500438272953
v 0.009598735719919205 0.004266561940312384 -0.009363515302538872
v 0.010734115727245808 0.003066249191761016 -0.009375935420393944
v 0.010734115727245808 0.003066249191761016 -0.009375935420393944
v 0.009598735719919205 0.004266561940312384 -0.009363515302538872
v 0.009685217402875423 0.004326443187892435 -0.008579585701227188
v 0.010734115727245808 0.003066249191761016 -0.009375935420393944
v 0.009685217402875423 0.004326443187892435 -0.008579585701227188
v 0.010803035460412502 0.003127843374386429 -0.008579573594033718
v 0.004777280613780022 0.007931242696940895 -0.010818871669471264
v 0.004949113819748163 0.008147192187607285 -0.010509258136153221
v 0.007903301157057285 0.005253180861473082 -0.010501894168555737
v 0.007903301157057285 0.005253180861473082 -0.010501894168555737
v 0.004949113819748163 0.008147192187607285 -0.010509258136153221
v 0.0051267314702272415 0.008370413444936272 -0.010089489631354809
v 0.007903301157057285 0.005253180861473082 -0.010501894168555737
v 0.0051267314702272415 0.008370413444936272 -0.010089489631354809
v 0.008069870062172413 0.0054492023773491365 -0.01012472715228796
v 0.008069870062172413 0.0054492023773491365 -0.01012472715228796
v 0.0051267314702272415 0.008370413444936272 -0.010089489631354809
v 0.00525684654712677 0.00853394344449043 -0.009641087613999844
v 0.008069870062172413 0.0054492023773491365 -0.01012472715228796
v 0.00525684654712677 0.00853394344449043 -0.009641087613999844
v 0.008196674287319183 0.005580862518399952 -0.009737054817378521
v 0.008196674287319183 0.005580862518399952 -0.009737054817378521
v 0.00525684654712677 0.00853394344449043 -0.009641087613999844
v 0.0053380331955850124 0.008635975420475003 -0.00918039120733738
v 0.008196674287319183 0.005580862518399952 -0.009737054817378521
v 0.0053380331955850124 0.008635975420475003 -0.00918039120733738
v 0.008285281248390675 0.005657001398503779 -0.009345341473817825
v 0.008285281248390675 0.005657001398503779 -0.009345341473817825
v 0.0053380331955850124 0.008635975420475003 -0.00918039120733738
v 0.005387675017118454 0.008698362857103344 -0.00857965461909771
v 0.008285281248390675 0.005657001398503779 -0.009345341473817825
v 0.005387675017118454 0.008698362857103344 -0.00857965461909771
v 0.008417954668402672 0.005672018043696879 -0.008579609915614128
v 0.008417954668402672 0.005672018043696879 -0.008579609915614128
v 0.009685217402875423 0.004326443187892435 -0.008579585701227188
v 0.008285281248390675 0.005657001398503779 -0.009345341473817825
v 0.008285281248390675 0.005657001398503779 -0.009345341473817825
v 0.009685217402875423 0.004326443187892435 -0.008579585701227188
v 0.009598735719919205 0.004266561940312384 -0.009363515302538872
v 0.008285281248390675 0.005657001398503779 -0.009345341473817825
v 0.009598735719919205 0.004266561940312384 -0.009363515302538872
v 0.008196674287319183 0.005580862518399952 -0.009737054817378521
v 0.008196674287319183 0.005580862518399952 -0.009737054817378521
v 0.009598735719919205 0.004266561940312384 -0.009363515302538872
v 0.009508692659437656 0.00419836165383458 -0.00975419208407402
v 0.008196674287319183 0.005580862518399952 -0.009737054817378521
v 0.009508692659437656 0.00419836165383458 -0.00975419208407402
v 0.008069870062172413 0.0054492023773491365 -0.01012472715228796
v 0.008069870062172413 0.0054492023773491365 -0.01012472715228796
v 0.009508692659437656 0.00419836165383458 -0.00975419208407402
v 0.009374510496854782 0.004079469013959168 -0.010136534459888935
v 0.008069870062172413 0.0054492023773491365 -0.01012472715228796
v 0.009374510496854782 0.004079469013959168 -0.010136534459888935
v 0.007903301157057285 0.005253180861473082 -0.010501894168555737
v 0.007903301157057285 0.005253180861473082 -0.010501894168555737
v 0.009374510496854782 0.004079469013959168 -0.010136534459888935
v 0.009193641133606434 0.003901136107742785 -0.010505582205951214
v 0.007903301157057285 0.005253180861473082 -0.010501894168555737
v 0.009193641133606434 0.003901136107742785 -0.010505582205951214
v 0.007698785979300737 0.004990997724235056 -0.010863241739571095
v 0.007698785979300737 0.004990997724235056 -0.010863241739571095
v 0.009193641133606434 0.003901136107742785 -0.010505582205951214
v 0.008967951871454716 0.003662751521915196 -0.010857379995286465
v 0.007698785979300737 0.004990997724235056 -0.010863241739571095
v 0.008967951871454716 0.003662751521915196 -0.010857379995286465
v 0.007460318505764008 0.004665188025683163 -0.011204732581973076
v 0.007460318505764008 0.004665188025683163 -0.011204732581973076
v 0.008967951871454716 0.003662751521915196 -0.010857379995286465
v 0.008701913058757782 0.003368168370798229 -0.011189112439751625
v 0.007460318505764008 0.004665188025683163 -0.011204732581973076
v 0.008701913058757782 0.003368168370798229 -0.011189112439751625
v 0.007193082943558693 0.004280496388673781 -0.011523621156811714
v 0.007193082943558693 0.004280496388673781 -0.011523621156811714
v 0.008701913058757782 0.003368168370798229 -0.011189112439751625
v 0.008401243947446346 0.0030227832030504933 -0.011499099433422089
v 0.007193082943558693 0.004280496388673781 -0.011523621156811714
v 0.008401243947446346 0.0030227832030504933 -0.011499099433422089
v 0.006902982480823994 0.0038432716391980635 -0.01181813981384039
v 0.006902982480823994 0.0038432716391980635 -0.01181813981384039
v 0.008401243947446346 0.0030227832030504933 -0.011499099433422089
v 0.009426232427358627 0.0019221896072849625 -0.011461936868727207
v 0.006902982480823994 0.0038432716391980635 -0.01181813981384039
v 0.009426232427358627 0.0019221896072849625 -0.011461936868727207
v 0.009065240621566772 0.0015792197082191701 -0.011743073351681232
v 0.00717050489038229 0.007104651071131227 -0.006000001914799213
v 0.007156462408602238 0.007079137489199636 -0.0047101713716983795
v 0.008689039386808872 0.005512265488505362 -0.004710174631327391
v 0.01215660385787487 0.001476905075833201 -0.008578051812946796
v 0.011936569586396217 0.0018818775424733751 -0.007289824075996876
v 0.012902231886982918 0.0005315216258168218 -0.008578965440392494
v 0.012902231886982918 0.0005315216258168218 -0.008578965440392494
v 0.011936569586396217 0.0018818775424733751 -0.007289824075996876
v 0.013296885415911674 0.0001529472647234797 -0.007289833389222622
v 0.012902231886982918 0.0005315216258168218 -0.008578965440392494
v 0.013296885415911674 0.0001529472647234797 -0.007289833389222622
v 0.013241793029010296 8.49723146529868e-05 -0.00857966486364603
v 0.008417954668402672 0.005672018043696879 -0.008579609915614128
v 0.005387675017118454 0.008698362857103344 -0.00857965461909771
v 0.005446250084787607 0.008771753869950768 -0.007023009937256575
v 0.01215660385787487 0.001476905075833201 -0.008578051812946796
v 0.011882922612130642 0.0018121184548363083 -0.008577789179980755
v 0.011936569586396217 0.0018818775424733751 -0.007289824075996876
v 0.011936569586396217 0.0018818775424733751 -0.007289824075996876
v 0.011882922612130642 0.0018121184548363083 -0.008577789179980755
v 0.010803035460412502 0.003127843374386429 -0.008579573594033718
v 0.011936569586396217 0.0018818775424733751 -0.007289824075996876
v 0.010803035460412502 0.003127843374386429 -0.008579573594033718
v 0.010020689107477665 0.004086889792233704 -0.007289825472980738
v 0.010020689107477665 0.004086889792233704 -0.007289825472980738
v 0.010803035460412502 0.003127843374386429 -0.008579573594033718
v 0.009685217402875423 0.004326443187892435 -0.008579585701227188
v 0.010020689107477665 0.004086889792233704 -0.007289825472980738
v 0.009685217402875423 0.004326443187892435 -0.008579585701227188
v 0.008689039386808872 0.005512265488505362 -0.007289828732609749
v 0.008689039386808872 0.005512265488505362 -0.007289828732609749
v 0.009685217402875423 0.004326443187892435 -0.008579585701227188
v 0.008417954668402672 0.005672018043696879 -0.008579609915614128
v 0.008689039386808872 0.005512265488505362 -0.007289828732609749
v 0.008417954668402672 0.005672018043696879 -0.008579609915614128
v 0.007156462408602238 0.007079137489199636 -0.00728983199223876
v 0.007156462408602238 0.007079137489199636 -0.00728983199223876
v 0.008417954668402672 0.005672018043696879 -0.008579609915614128
v 0.005446250084787607 0.008771753869950768 -0.007023009937256575
v 0.007156462408602238 0.007079137489199636 -0.00728983199223876
v 0.005446250084787607 0.008771753869950768 -0.007023009937256575
v 0.00545415049418807 0.008781612850725647 -0.005462658125907183
v 0.007156462408602238 0.007079137489199636 -0.0047101713716983795
v 0.007114185020327568 0.007002249360084531 -0.003420370165258646
v 0.008642923086881638 0.005437353160232304 -0.003420398337766528
v 0.007156462408602238 0.007079137489199636 -0.0047101713716983795
v 0.008642923086881638 0.005437353160232304 -0.003420398337766528
v 0.008689039386808872 0.005512265488505362 -0.004710174631327391
v 0.008689039386808872 0.005512265488505362 -0.004710174631327391
v 0.008642923086881638 0.005437353160232304 -0.003420398337766528
v 0.00997121725231409 0.004013913217931984 -0.003420421853661537
v 0.008689039386808872 0.005512265488505362 -0.004710174631327391
v 0.00997121725231409 0.004013913217931984 -0.003420421853661537
v 0.010020689107477665 0.004086889792233704 -0.004710177890956402
v 0.010020689107477665 0.004086889792233704 -0.004710177890956402
v 0.00997121725231409 0.004013913217931984 -0.003420421853661537
v 0.010780001990497112 0.0031086113303899756 -0.0034204295370727777
v 0.010020689107477665 0.004086889792233704 -0.004710177890956402
v 0.010780001990497112 0.0031086113303899756 -0.0034204295370727777
v 0.011936569586396217 0.0018818775424733751 -0.004710179287940264
v 0.011936569586396217 0.0018818775424733751 -0.004710179287940264
v 0.010780001990497112 0.0031086113303899756 -0.0034204295370727777
v 0.011882825754582882 0.001811986789107322 -0.0034204195253551006
v 0.011936569586396217 0.0018818775424733751 -0.004710179287940264
v 0.011882825754582882 0.001811986789107322 -0.0034204195253551006
v 0.013296885415911674 0.0001529472647234797 -0.004710169974714518
v 0.013296885415911674 0.0001529472647234797 -0.004710169974714518
v 0.011882825754582882 0.001811986789107322 -0.0034204195253551006
v 0.012902374379336834 0.0005312392604537306 -0.003420368069782853
v 0.013296885415911674 0.0001529472647234797 -0.004710169974714518
v 0.012902374379336834 0.0005312392604537306 -0.003420368069782853
v 0.013241793029010296 8.49723146529868e-05 -0.0034203382674604654
v 0.00717050489038229 0.007104651071131227 -0.006000001914799213
v 0.008689039386808872 0.005512265488505362 -0.004710174631327391
v 0.008704356849193573 0.005537123885005711 -0.006000001914799213
v 0.008704356849193573 0.005537123885005711 -0.006000001914799213
v 0.008689039386808872 0.005512265488505362 -0.004710174631327391
v 0.010020689107477665 0.004086889792233704 -0.004710177890956402
v 0.008704356849193573 0.005537123885005711 -0.006000001914799213
v 0.010020689107477665 0.004086889792233704 -0.004710177890956402
v 0.010037116706371307 0.004111105576157568 -0.006000001914799213
v 0.010037116706371307 0.004111105576157568 -0.006000001914799213
v 0.010020689107477665 0.004086889792233704 -0.004710177890956402
v 0.011936569586396217 0.0018818775424733751 -0.004710179287940264
v 0.010037116706371307 0.004111105576157568 -0.006000001914799213
v 0.011936569586396217 0.0018818775424733751 -0.004710179287940264
v 0.011954396031796932 0.0019050663104280823 -0.006000001914799213
v 0.011954396031796932 0.0019050663104280823 -0.006000001914799213
v 0.011936569586396217 0.0018818775424733751 -0.004710179287940264
v 0.013296885415911674 0.0001529472647234797 -0.004710169974714518
v 0.011954396031796932 0.0019050663104280823 -0.006000001914799213
v 0.013296885415911674 0.0001529472647234797 -0.004710169974714518
v 0.01331515796482563 0.0001754921540850773 -0.006000001914799213
v 0.005387675017118454 0.008698362857103344 -0.003420348512008786
v 0.007114185020327568 0.007002249360084531 -0.003420370165258646
v 0.005410867277532816 0.008727474138140675 -0.003893644316121936
v 0.005410867277532816 0.008727474138140675 -0.003893644316121936
v 0.007114185020327568 0.007002249360084531 -0.003420370165258646
v 0.007156462408602238 0.007079137489199636 -0.0047101713716983795
v 0.005410867277532816 0.008727474138140675 -0.003893644316121936
v 0.007156462408602238 0.007079137489199636 -0.0047101713716983795
v 0.00545415049418807 0.008781612850725647 -0.005462658125907183
v 0.00545415049418807 0.008781612850725647 -0.005462658125907183
v 0.007156462408602238 0.007079137489199636 -0.0047101713716983795
v 0.00717050489038229 0.007104651071131227 -0.006000001914799213
v 0.00545415049418807 0.008781612850725647 -0.005462658125907183
v 0.00717050489038229 0.007104651071131227 -0.006000001914799213
v 0.007156462408602238 0.007079137489199636 -0.00728983199223876
v 0.007156462408602238 0.007079137489199636 -0.00728983199223876
v 0.00717050489038229 0.007104651071131227 -0.006000001914799213
v 0.008704356849193573 0.005537123885005711 -0.006000001914799213
v 0.007156462408602238 0.007079137489199636 -0.00728983199223876
v 0.008704356849193573 0.005537123885005711 -0.006000001914799213
v 0.008689039386808872 0.005512265488505362 -0.007289828732609749
v 0.008689039386808872 0.005512265488505362 -0.007289828732609749
v 0.008704356849193573 0.005537123885005711 -0.006000001914799213
v 0.010037116706371307 0.004111105576157568 -0.006000001914799213
v 0.008689039386808872 0.005512265488505362 -0.007289828732609749
v 0.010037116706371307 0.004111105576157568 -0.006000001914799213
v 0.010020689107477665 0.004086889792233704 -0.007289825472980738
v 0.010020689107477665 0.004086889792233704 -0.007289825472980738
v 0.010037116706371307 0.004111105576157568 -0.006000001914799213
v 0.011954396031796932 0.0019050663104280823 -0.006000001914799213
v 0.010020689107477665 0.004086889792233704 -0.007289825472980738
v 0.011954396031796932 0.0019050663104280823 -0.006000001914799213
v 0.011936569586396217 0.0018818775424733751 -0.007289824075996876
v 0.011936569586396217 0.0018818775424733751 -0.007289824075996876
v 0.011954396031796932 0.0019050663104280823 -0.006000001914799213
v 0.01331515796482563 0.0001754921540850773 -0.006000001914799213
v 0.011936569586396217 0.0018818775424733751 -0.007289824075996876
v 0.01331515796482563 0.0001754921540850773 -0.006000001914799213
v 0.013296885415911674 0.0001529472647234797 -0.007289833389222622
v 0.004777280613780022 0.007931242696940895 -0.010818871669471264
v 0.004673545714467764 0.007650455459952352 -0.011073936708271503
v 0.004275874234735966 0.006311005912721155 -0.009145411662757397
v 0.004275874234735966 0.006311005912721155 -0.009145411662757397
v 0.004673545714467764 0.007650455459952352 -0.011073936708271503
v 0.004521867260336876 0.007200026884675023 -0.01140338834375143
v 0.004275874234735966 0.006311005912721155 -0.009145411662757397
v 0.0043004220351576805 0.006413394119590519 -0.009050000458955765
v 0.004777280613780022 0.007931242696940895 -0.010818871669471264
v 0.004777280613780022 0.007931242696940895 -0.010818871669471264
v 0.0043004220351576805 0.006413394119590519 -0.009050000458955765
v 0.0043004220351576805 0.006413394119590519 -0.007550000213086605
v 0.004777280613780022 0.007931242696940895 -0.010818871669471264
v 0.0043004220351576805 0.006413394119590519 -0.007550000213086605
v 0.004777280613780022 0.007931242696940895 -0.0011811315780505538
v 0.0043004220351576805 0.006413394119590519 -0.007550000213086605
v 0.0043004220351576805 0.006413394119590519 -0.004449999891221523
v 0.004777280613780022 0.007931242696940895 -0.0011811315780505538
v 0.004777280613780022 0.007931242696940895 -0.0011811315780505538
v 0.0043004220351576805 0.006413394119590519 -0.004449999891221523
v 0.0043004220351576805 0.006413394119590519 -0.0029499998781830072
v 0.004777280613780022 0.007931242696940895 -0.0011811315780505538
v 0.0043004220351576805 0.006413394119590519 -0.0029499998781830072
v 0.004698631819337606 0.007720870897173879 -0.000985597143881023
v 0.004698631819337606 0.007720870897173879 -0.000985597143881023
v 0.0043004220351576805 0.006413394119590519 -0.0029499998781830072
v 0.004275874234735966 0.006311005912721155 -0.0028545879758894444
v 0.004698631819337606 0.007720870897173879 -0.000985597143881023
v 0.004275874234735966 0.006311005912721155 -0.0028545879758894444
v 0.0045392923057079315 0.007256277371197936 -0.0006339147803373635
v 0.004029708914458752 0.004790406208485363 0.00040987477404996753
v 0.00407149363309145 0.005185880232602356 0.00029629579512402415
v 0.004029516130685806 0.004788104444742201 -0.0024500000290572643
v 0.004029516130685806 0.004788104444742201 -0.0024500000290572643
v 0.00407149363309145 0.005185880232602356 0.00029629579512402415
v 0.004201801028102636 0.005973547231405972 2.2279265976976603e-05
v 0.004029516130685806 0.004788104444742201 -0.0024500000290572643
v 0.004201801028102636 0.005973547231405972 2.2279265976976603e-05
v 0.0041811056435108185 0.005869363900274037 -0.0024500000290572643
v 0.0041811056435108185 0.005869363900274037 -0.0024500000290572643
v 0.004201801028102636 0.005973547231405972 2.2279265976976603e-05
v 0.004276640713214874 0.006314268801361321 -0.00012118864833610132
v 0.0041811056435108185 0.005869363900274037 -0.0024500000290572643
v 0.004276640713214874 0.006314268801361321 -0.00012118864833610132
v 0.004275874234735966 0.006311005912721155 -0.0028545879758894444
v 0.004275874234735966 0.006311005912721155 -0.0028545879758894444
v 0.004276640713214874 0.006314268801361321 -0.00012118864833610132
v 0.004373080097138882 0.006695200689136979 -0.0003046540659852326
v 0.004275874234735966 0.006311005912721155 -0.0028545879758894444
v 0.004373080097138882 0.006695200689136979 -0.0003046540659852326
v 0.0045392923057079315 0.007256277371197936 -0.0006339147803373635
v 0.004029708914458752 0.004790406208485363 0.00040987477404996753
v 0.004029516130685806 0.004788104444742201 -0.0024500000290572643
v 0.0040069627575576305 0.004440348129719494 0.000499762303661555
v 0.0040069627575576305 0.004440348129719494 0.000499762303661555
v 0.004029516130685806 0.004788104444742201 -0.0024500000290572643
v 0.00402287021279335 0.003492442192509769 -0.0024500000290572643
v 0.0040069627575576305 0.004440348129719494 0.000499762303661555
v 0.00402287021279335 0.003492442192509769 -0.0024500000290572643
v 0.004008629359304905 0.0036989736836403595 0.0006620406056754291
v 0.004008629359304905 0.0036989736836403595 0.0006620406056754291
v 0.00402287021279335 0.003492442192509769 -0.0024500000290572643
v 0.004022786859422922 0.0034934689756482827 0.00070099689764902
v 0.004022786859422922 0.0034934689756482827 0.00070099689764902
v 0.00402287021279335 0.003492442192509769 -0.0024500000290572643
v 0.004182503093034029 0.002583179622888564 -0.0024500000290572643
v 0.004022786859422922 0.0034934689756482827 0.00070099689764902
v 0.004182503093034029 0.002583179622888564 -0.0024500000290572643
v 0.004076929297298193 0.0030576984863728276 0.0007760386797599494
v 0.004076929297298193 0.0030576984863728276 0.0007760386797599494
v 0.004182503093034029 0.002583179622888564 -0.0024500000290572643
v 0.004194159992039204 0.0025418952573090783 -0.0024500000290572643
v 0.004076929297298193 0.0030576984863728276 0.0007760386797599494
v 0.004194159992039204 0.0025418952573090783 -0.0024500000290572643
v 0.004194159992039204 0.0025418952573090783 0.0008499596151523292
v 0.0040731183253228664 0.005198494996875523 -0.012292462401092052
v 0.004029516130685806 0.004788104444742201 -0.009549999609589577
v 0.00419433880597353 0.0059351865202188474 -0.012037589214742184
v 0.00419433880597353 0.0059351865202188474 -0.012037589214742184
v 0.004029516130685806 0.004788104444742201 -0.009549999609589577
v 0.0041811056435108185 0.005869363900274037 -0.009549999609589577
v 0.00419433880597353 0.0059351865202188474 -0.012037589214742184
v 0.0041811056435108185 0.005869363900274037 -0.009549999609589577
v 0.004276645835489035 0.00631331419572234 -0.011879757046699524
v 0.004276645835489035 0.00631331419572234 -0.011879757046699524
v 0.0041811056435108185 0.005869363900274037 -0.009549999609589577
v 0.004275874234735966 0.006311005912721155 -0.009145411662757397
v 0.004276645835489035 0.00631331419572234 -0.011879757046699524
v 0.004275874234735966 0.006311005912721155 -0.009145411662757397
v 0.00434563122689724 0.006591878365725276 -0.011748550459742546
v 0.00434563122689724 0.006591878365725276 -0.011748550459742546
v 0.004275874234735966 0.006311005912721155 -0.009145411662757397
v 0.004521867260336876 0.007200026884675023 -0.01140338834375143
v 0.004005293361842632 0.0037665094714611756 -0.012648703530430794
v 0.00402287021279335 0.003492442192509769 -0.009549999609589577
v 0.0040063997730612755 0.004424957558512686 -0.012503564357757568
v 0.0040063997730612755 0.004424957558512686 -0.012503564357757568
v 0.00402287021279335 0.003492442192509769 -0.009549999609589577
v 0.004029516130685806 0.004788104444742201 -0.009549999609589577
v 0.0040063997730612755 0.004424957558512686 -0.012503564357757568
v 0.004029516130685806 0.004788104444742201 -0.009549999609589577
v 0.0040298630483448505 0.004790589213371275 -0.012409891933202744
v 0.0040298630483448505 0.004790589213371275 -0.012409891933202744
v 0.004029516130685806 0.004788104444742201 -0.009549999609589577
v 0.0040731183253228664 0.005198494996875523 -0.012292462401092052
v 0.004005293361842632 0.0037665094714611756 -0.012648703530430794
v 0.004022696521133184 0.0034935208968818175 -0.01270099263638258
v 0.00402287021279335 0.003492442192509769 -0.009549999609589577
v 0.00402287021279335 0.003492442192509769 -0.009549999609589577
v 0.004022696521133184 0.0034935208968818175 -0.01270099263638258
v 0.004061308689415455 0.003158453619107603 -0.01275930367410183
v 0.00402287021279335 0.003492442192509769 -0.009549999609589577
v 0.004061308689415455 0.003158453619107603 -0.01275930367410183
v 0.004182503093034029 0.002583179622888564 -0.009549999609589577
v 0.004182503093034029 0.002583179622888564 -0.009549999609589577
v 0.004061308689415455 0.003158453619107603 -0.01275930367410183
v 0.004194159992039204 0.0025418952573090783 -0.012849963270127773
v 0.004182503093034029 0.002583179622888564 -0.009549999609589577
v 0.004194159992039204 0.0025418952573090783 -0.012849963270127773
v 0.004194159992039204 0.0025418952573090783 -0.009549999609589577
v -0.003964949864894152 0.003832429880276321 -0.0029388293623924255
v -0.003745834343135357 0.00412574829533696 -0.0029499998781830072
v -0.003745834343135357 0.00412574829533696 -0.004449999891221523
v -0.003964949864894152 0.003832429880276321 -0.0029388293623924255
v -0.003745834343135357 0.00412574829533696 -0.004449999891221523
v -0.0044885664246976376 0.0029257435817271462 -0.002784027950838208
v -0.0044885664246976376 0.0029257435817271462 -0.002784027950838208
v -0.003745834343135357 0.00412574829533696 -0.004449999891221523
v -0.004431259352713823 0.0030451694037765256 -0.004449999891221523
v -0.0044885664246976376 0.0029257435817271462 -0.002784027950838208
v -0.004431259352713823 0.0030451694037765256 -0.004449999891221523
v -0.004847606178373098 0.0019380331505089992 -0.0024500000290572643
v -0.004847606178373098 0.0019380331505089992 -0.0024500000290572643
v -0.004431259352713823 0.0030451694037765256 -0.004449999891221523
v -0.004871956538408995 0.0018438192782923573 -0.004449999891221523
v -0.004847606178373098 0.0019380331505089992 -0.0024500000290572643
v -0.004871956538408995 0.0018438192782923573 -0.004449999891221523
v -0.004871956538408995 0.0018438192782923573 -0.0024500000290572643
v -0.004871956538408995 0.0018438192782923573 -0.0024500000290572643
v -0.004871956538408995 0.0018438192782923573 -0.004449999891221523
v -0.005047868471592665 0.0005763338413089512 -0.004449999891221523
v -0.004871956538408995 0.0018438192782923573 -0.0024500000290572643
v -0.005047868471592665 0.0005763338413089512 -0.004449999891221523
v -0.005047868471592665 0.0005763338413089512 -0.0024500000290572643
v -0.005047868471592665 0.0005763338413089512 -0.0024500000290572643
v -0.005047868471592665 0.0005763338413089512 -0.004449999891221523
v -0.004951009526848793 -0.0006996261654421685 -0.004449999891221523
v -0.005047868471592665 0.0005763338413089512 -0.0024500000290572643
v -0.004951009526848793 -0.0006996261654421685 -0.004449999891221523
v -0.004951009526848793 -0.0006996261654421685 -0.0024500000290572643
v -0.004951009526848793 -0.0006996261654421685 -0.0024500000290572643
v -0.004951009526848793 -0.0006996261654421685 -0.004449999891221523
v -0.004585777875036001 -0.0019260277040302747 -0.004449999891221523
v -0.004951009526848793 -0.0006996261654421685 -0.0024500000290572643
v -0.004585777875036001 -0.0019260277040302747 -0.004449999891221523
v -0.004585777875036001 -0.0019260277040302747 -0.0024500000290572643
v -0.004585777875036001 -0.0019260277040302747 -0.0024500000290572643
v -0.004585777875036001 -0.0019260277040302747 -0.004449999891221523
v -0.003968784119933844 -0.0030470893252640954 -0.004449999891221523
v -0.004585777875036001 -0.0019260277040302747 -0.0024500000290572643
v -0.003968784119933844 -0.0030470893252640954 -0.004449999891221523
v -0.003968784119933844 -0.0030470893252640954 -0.0024500000290572643
v -0.003968784119933844 -0.0030470893252640954 -0.0024500000290572643
v -0.003968784119933844 -0.0030470893252640954 -0.004449999891221523
v -0.0031280957628041506 -0.004011817742139099 -0.004449999891221523
v -0.003968784119933844 -0.0030470893252640954 -0.0024500000290572643
v -0.0031280957628041506 -0.004011817742139099 -0.004449999891221523
v -0.0031280957628041506 -0.004011817742139099 -0.0024500000290572643
v -0.004725729580968618 0.002337966347113251 -0.00939636304974556
v -0.004847606178373098 0.0019380331505089992 -0.009549999609589577
v -0.004871956538408995 0.0018438192782923573 -0.009549999609589577
v -0.004431259352713823 0.0030451694037765256 -0.007550000213086605
v -0.003745834343135357 0.00412574829533696 -0.007550000213086605
v -0.003745834343135357 0.00412574829533696 -0.009050000458955765
v -0.004725729580968618 0.002337966347113251 -0.00939636304974556
v -0.004871956538408995 0.0018438192782923573 -0.007550000213086605
v -0.00443296879529953 0.0030417090747505418 -0.009187274612486362
v -0.00443296879529953 0.0030417090747505418 -0.009187274612486362
v -0.004871956538408995 0.0018438192782923573 -0.007550000213086605
v -0.004431259352713823 0.0030451694037765256 -0.007550000213086605
v -0.00443296879529953 0.0030417090747505418 -0.009187274612486362
v -0.004431259352713823 0.0030451694037765256 -0.007550000213086605
v -0.004311676602810621 0.0032748614903539406 -0.009137015789747238
v -0.004311676602810621 0.0032748614903539406 -0.009137015789747238
v -0.004431259352713823 0.0030451694037765256 -0.007550000213086605
v -0.003745834343135357 0.00412574829533696 -0.009050000458955765
v -0.004725729580968618 0.002337966347113251 -0.00939636304974556
v -0.004871956538408995 0.0018438192782923573 -0.009549999609589577
v -0.004871956538408995 0.0018438192782923573 -0.007550000213086605
v -0.004871956538408995 0.0018438192782923573 -0.007550000213086605
v -0.004871956538408995 0.0018438192782923573 -0.009549999609589577
v -0.005047868471592665 0.0005763338413089512 -0.009549999609589577
v -0.004871956538408995 0.0018438192782923573 -0.007550000213086605
v -0.005047868471592665 0.0005763338413089512 -0.009549999609589577
v -0.005047868471592665 0.0005763338413089512 -0.007550000213086605
v -0.005047868471592665 0.0005763338413089512 -0.007550000213086605
v -0.005047868471592665 0.0005763338413089512 -0.009549999609589577
v -0.004951009526848793 -0.0006996261654421685 -0.009549999609589577
v -0.005047868471592665 0.0005763338413089512 -0.007550000213086605
v -0.004951009526848793 -0.0006996261654421685 -0.009549999609589577
v -0.004951009526848793 -0.0006996261654421685 -0.007550000213086605
v -0.004951009526848793 -0.0006996261654421685 -0.007550000213086605
v -0.004951009526848793 -0.0006996261654421685 -0.009549999609589577
v -0.004585777875036001 -0.0019260277040302747 -0.009549999609589577
v -0.004951009526848793 -0.0006996261654421685 -0.007550000213086605
v -0.004585777875036001 -0.0019260277040302747 -0.009549999609589577
v -0.004585777875036001 -0.0019260277040302747 -0.007550000213086605
v -0.004585777875036001 -0.0019260277040302747 -0.007550000213086605
v -0.004585777875036001 -0.0019260277040302747 -0.009549999609589577
v -0.003968784119933844 -0.0030470893252640954 -0.009549999609589577
v -0.004585777875036001 -0.0019260277040302747 -0.007550000213086605
v -0.003968784119933844 -0.0030470893252640954 -0.009549999609589577
v -0.003968784119933844 -0.0030470893252640954 -0.007550000213086605
v -0.003968784119933844 -0.0030470893252640954 -0.007550000213086605
v -0.003968784119933844 -0.0030470893252640954 -0.009549999609589577
v -0.0031280957628041506 -0.004011817742139099 -0.009549999609589577
v -0.003968784119933844 -0.0030470893252640954 -0.007550000213086605
v -0.0031280957628041506 -0.004011817742139099 -0.009549999609589577
v -0.0031280957628041506 -0.004011817742139099 -0.007550000213086605
v 0.0010193302296102047 0.0011004384141415353 -0.009549999609589577
v 0.0010193302296102047 0.0011004384141415353 -0.007550000213086605
v 0.0004409220418892801 0.0014337329193949695 -0.009549999609589577
v 0.0004409220418892801 0.0014337329193949695 -0.009549999609589577
v 0.0010193302296102047 0.0011004384141415353 -0.007550000213086605
v 0.0004409220418892801 0.0014337329193949695 -0.007550000213086605
v 0.0004409220418892801 0.0014337329193949695 -0.009549999609589577
v 0.0004409220418892801 0.0014337329193949695 -0.007550000213086605
v -0.00022481179621536285 0.0014830562286078926 -0.009549999609589577
v -0.00022481179621536285 0.0014830562286078926 -0.009549999609589577
v 0.0004409220418892801 0.0014337329193949695 -0.007550000213086605
v -0.00022481179621536285 0.0014830562286078926 -0.007550000213086605
v -0.00022481179621536285 0.0014830562286078926 -0.009549999609589577
v -0.00022481179621536285 0.0014830562286078926 -0.007550000213086605
v -0.0008460237295366824 0.0012386451708152886 -0.009549999609589577
v -0.0008460237295366824 0.0012386451708152886 -0.009549999609589577
v -0.00022481179621536285 0.0014830562286078926 -0.007550000213086605
v -0.0008460237295366824 0.0012386451708152886 -0.007550000213086605
v -0.0008460237295366824 0.0012386451708152886 -0.009549999609589577
v -0.0008460237295366824 0.0012386451708152886 -0.007550000213086605
v -0.0012996698496863246 0.0007489050040021537 -0.009549999609589577
v -0.0012996698496863246 0.0007489050040021537 -0.009549999609589577
v -0.0008460237295366824 0.0012386451708152886 -0.007550000213086605
v -0.0012996698496863246 0.0007489050040021537 -0.007550000213086605
v -0.0012996698496863246 0.0007489050040021537 -0.009549999609589577
v -0.0012996698496863246 0.0007489050040021537 -0.007550000213086605
v -0.0014958971878513694 0.00011083282879553731 -0.009549999609589577
v -0.0014958971878513694 0.00011083282879553731 -0.009549999609589577
v -0.0012996698496863246 0.0007489050040021537 -0.007550000213086605
v -0.0014958971878513694 0.00011083282879553731 -0.007550000213086605
v -0.0014958971878513694 0.00011083282879553731 -0.009549999609589577
v -0.0014958971878513694 0.00011083282879553731 -0.007550000213086605
v -0.0013958500931039453 -0.0005491870688274501 -0.009549999609589577
v -0.0013958500931039453 -0.0005491870688274501 -0.009549999609589577
v -0.0014958971878513694 0.00011083282879553731 -0.007550000213086605
v -0.0013958500931039453 -0.0005491870688274501 -0.007550000213086605
v -0.0013958500931039453 -0.0005491870688274501 -0.009549999609589577
v -0.0013958500931039453 -0.0005491870688274501 -0.007550000213086605
v -0.00101932929828763 -0.0011004389962181445 -0.009549999609589577
v -0.00101932929828763 -0.0011004389962181445 -0.009549999609589577
v -0.0013958500931039453 -0.0005491870688274501 -0.007550000213086605
v -0.00101932929828763 -0.0011004389962181445 -0.007550000213086605
v 0.0017372197471559048 0.006850989535450933 -0.009549999609589577
v 0.0017372197471559048 0.006850989535450933 -0.007550000213086605
v 0.0012552161933854222 0.007128733210265634 -0.009549999609589577
v 0.0012552161933854222 0.007128733210265634 -0.009549999609589577
v 0.0017372197471559048 0.006850989535450933 -0.007550000213086605
v 0.0012552161933854222 0.007128733210265634 -0.007550000213086605
v 0.0012552161933854222 0.007128733210265634 -0.009549999609589577
v 0.0012552161933854222 0.007128733210265634 -0.007550000213086605
v 0.0007004339131526649 0.007169838994741437 -0.009549999609589577
v 0.0007004339131526649 0.007169838994741437 -0.009549999609589577
v 0.0012552161933854222 0.007128733210265634 -0.007550000213086605
v 0.0007004339131526649 0.007169838994741437 -0.007550000213086605
v 0.0007004339131526649 0.007169838994741437 -0.009549999609589577
v 0.0007004339131526649 0.007169838994741437 -0.007550000213086605
v 0.00018276137416251004 0.006966160144656894 -0.009549999609589577
v 0.00018276137416251004 0.006966160144656894 -0.009549999609589577
v 0.0007004339131526649 0.007169838994741437 -0.007550000213086605
v 0.00018276137416251004 0.006966160144656894 -0.007550000213086605
v 0.00018276137416251004 0.006966160144656894 -0.009549999609589577
v 0.00018276137416251004 0.006966160144656894 -0.007550000213086605
v -0.00019527894619386643 0.006558045279234645 -0.009549999609589577
v -0.00019527894619386643 0.006558045279234645 -0.009549999609589577
v 0.00018276137416251004 0.006966160144656894 -0.007550000213086605
v -0.00019527894619386643 0.006558045279234645 -0.007550000213086605
v -0.00019527894619386643 0.006558045279234645 -0.009549999609589577
v -0.00019527894619386643 0.006558045279234645 -0.007550000213086605
v -0.000358801829861477 0.006026317831128834 -0.009549999609589577
v -0.000358801829861477 0.006026317831128834 -0.009549999609589577
v -0.00019527894619386643 0.006558045279234645 -0.007550000213086605
v -0.000358801829861477 0.006026317831128834 -0.007550000213086605
v -0.000358801829861477 0.006026317831128834 -0.009549999609589577
v -0.000358801829861477 0.006026317831128834 -0.007550000213086605
v -0.00027542730094864964 0.0054763001389801485 -0.009549999609589577
v -0.00027542730094864964 0.0054763001389801485 -0.009549999609589577
v -0.000358801829861477 0.006026317831128834 -0.007550000213086605
v -0.00027542730094864964 0.0054763001389801485 -0.007550000213086605
v -0.00027542730094864964 0.0054763001389801485 -0.009549999609589577
v -0.00027542730094864964 0.0054763001389801485 -0.007550000213086605
v 3.833578739431687e-05 0.005016925744712351 -0.009549999609589577
v 3.833578739431687e-05 0.005016925744712351 -0.009549999609589577
v -0.00027542730094864964 0.0054763001389801485 -0.007550000213086605
v 3.833578739431687e-05 0.005016925744712351 -0.007550000213086605
v -0.00101932929828763 -0.0011004389962181445 -0.0024500000290572643
v -0.00101932929828763 -0.0011004389962181445 -0.004449999891221523
v -0.0013958500931039453 -0.0005491870688274501 -0.0024500000290572643
v -0.0013958500931039453 -0.0005491870688274501 -0.0024500000290572643
v -0.00101932929828763 -0.0011004389962181445 -0.004449999891221523
v -0.0013958500931039453 -0.0005491870688274501 -0.004449999891221523
v -0.0013958500931039453 -0.0005491870688274501 -0.0024500000290572643
v -0.0013958500931039453 -0.0005491870688274501 -0.004449999891221523
v -0.0014958971878513694 0.00011083282879553731 -0.0024500000290572643
v -0.0014958971878513694 0.00011083282879553731 -0.0024500000290572643
v -0.0013958500931039453 -0.0005491870688274501 -0.004449999891221523
v -0.0014958971878513694 0.00011083282879553731 -0.004449999891221523
v -0.0014958971878513694 0.00011083282879553731 -0.0024500000290572643
v -0.0014958971878513694 0.00011083282879553731 -0.004449999891221523
v -0.0012996698496863246 0.0007489050040021537 -0.0024500000290572643
v -0.0012996698496863246 0.0007489050040021537 -0.0024500000290572643
v -0.0014958971878513694 0.00011083282879553731 -0.004449999891221523
v -0.0012996698496863246 0.0007489050040021537 -0.004449999891221523
v -0.0012996698496863246 0.0007489050040021537 -0.0024500000290572643
v -0.0012996698496863246 0.0007489050040021537 -0.004449999891221523
v -0.0008460237295366824 0.0012386451708152886 -0.0024500000290572643
v -0.0008460237295366824 0.0012386451708152886 -0.0024500000290572643
v -0.0012996698496863246 0.0007489050040021537 -0.004449999891221523
v -0.0008460237295366824 0.0012386451708152886 -0.004449999891221523
v -0.0008460237295366824 0.0012386451708152886 -0.0024500000290572643
v -0.0008460237295366824 0.0012386451708152886 -0.004449999891221523
v -0.00022481179621536285 0.0014830562286078926 -0.0024500000290572643
v -0.00022481179621536285 0.0014830562286078926 -0.0024500000290572643
v -0.0008460237295366824 0.0012386451708152886 -0.004449999891221523
v -0.00022481179621536285 0.0014830562286078926 -0.004449999891221523
v -0.00022481179621536285 0.0014830562286078926 -0.0024500000290572643
v -0.00022481179621536285 0.0014830562286078926 -0.004449999891221523
v 0.0004409220418892801 0.0014337329193949695 -0.0024500000290572643
v 0.0004409220418892801 0.0014337329193949695 -0.0024500000290572643
v -0.00022481179621536285 0.0014830562286078926 -0.004449999891221523
v 0.0004409220418892801 0.0014337329193949695 -0.004449999891221523
v 0.0004409220418892801 0.0014337329193949695 -0.0024500000290572643
v 0.0004409220418892801 0.0014337329193949695 -0.004449999891221523
v 0.0010193302296102047 0.0011004384141415353 -0.0024500000290572643
v 0.0010193302296102047 0.0011004384141415353 -0.0024500000290572643
v 0.0004409220418892801 0.0014337329193949695 -0.004449999891221523
v 0.0010193302296102047 0.0011004384141415353 -0.004449999891221523
v -0.00013155510532669723 0.0048335213214158994 -0.0024500000290572643
v -0.00013155510532669723 0.0048335213214158994 -0.004449999891221523
v -0.0005080695846118033 0.005384769290685652 -0.0024500000290572643
v -0.0005080695846118033 0.005384769290685652 -0.0024500000290572643
v -0.00013155510532669723 0.0048335213214158994 -0.004449999891221523
v -0.0005080695846118033 0.005384769290685652 -0.004449999891221523
v -0.0005080695846118033 0.005384769290685652 -0.0024500000290572643
v -0.0005080695846118033 0.005384769290685652 -0.004449999891221523
v -0.0006081229657866061 0.0060447929427027685 -0.0024500000290572643
v -0.0006081229657866061 0.0060447929427027685 -0.0024500000290572643
v -0.0005080695846118033 0.005384769290685652 -0.004449999891221523
v -0.0006081229657866061 0.0060447929427027685 -0.004449999891221523
v -0.0006081229657866061 0.0060447929427027685 -0.0024500000290572643
v -0.0006081229657866061 0.0060447929427027685 -0.004449999891221523
v -0.0004118893120903522 0.006682861130684612 -0.0024500000290572643
v -0.0004118893120903522 0.006682861130684612 -0.0024500000290572643
v -0.0006081229657866061 0.0060447929427027685 -0.004449999891221523
v -0.0004118893120903522 0.006682861130684612 -0.004449999891221523
v -0.0004118893120903522 0.006682861130684612 -0.0024500000290572643
v -0.0004118893120903522 0.006682861130684612 -0.004449999891221523
v 4.175711001153104e-05 0.007172601763159034 -0.0024500000290572643
v 4.175711001153104e-05 0.007172601763159034 -0.0024500000290572643
v -0.0004118893120903522 0.006682861130684612 -0.004449999891221523
v 4.175711001153104e-05 0.007172601763159034 -0.004449999891221523
v 4.175711001153104e-05 0.007172601763159034 -0.0024500000290572643
v 4.175711001153104e-05 0.007172601763159034 -0.004449999891221523
v 0.0006629686686210334 0.0074170124717056725 -0.0024500000290572643
v 0.0006629686686210334 0.0074170124717056725 -0.0024500000290572643
v 4.175711001153104e-05 0.007172601763159034 -0.004449999891221523
v 0.0006629686686210334 0.0074170124717056725 -0.004449999891221523
v 0.0006629686686210334 0.0074170124717056725 -0.0024500000290572643
v 0.0006629686686210334 0.0074170124717056725 -0.004449999891221523
v 0.0013287026667967439 0.0073676891624927495 -0.0024500000290572643
v 0.0013287026667967439 0.0073676891624927495 -0.0024500000290572643
v 0.0006629686686210334 0.0074170124717056725 -0.004449999891221523
v 0.0013287026667967439 0.0073676891624927495 -0.004449999891221523
v 0.0013287026667967439 0.0073676891624927495 -0.0024500000290572643
v 0.0013287026667967439 0.0073676891624927495 -0.004449999891221523
v 0.0019071109127253294 0.007034394890069959 -0.0024500000290572643
v 0.0019071109127253294 0.007034394890069959 -0.0024500000290572643
v 0.0013287026667967439 0.0073676891624927495 -0.004449999891221523
v 0.0019071109127253294 0.007034394890069959 -0.004449999891221523
v 0.002013984601944685 0.008209442719817158 -0.0029499998781830072
v 0.0014683310873806477 0.008447987027466294 -0.0029499998781830072
v 0.0017548344330862164 0.007781843189150092 -0.0024500000290572643
v 0.0017548344330862164 0.007781843189150092 -0.0024500000290572643
v 0.0014683310873806477 0.008447987027466294 -0.0029499998781830072
v 0.0011679553426802158 0.008005710318684574 -0.0024500000290572643
v 0.0014683310873806477 0.008447987027466294 -0.0029499998781830072
v 0.0012594207655638456 0.008497274480760094 -0.0029499998781830072
v 0.0011679553426802158 0.008005710318684574 -0.0024500000290572643
v 0.0011679553426802158 0.008005710318684574 -0.0024500000290572643
v 0.0012594207655638456 0.008497274480760094 -0.0029499998781830072
v 0.0005934504442848265 0.008520821109414097 -0.0029499998781830072
v 0.0011679553426802158 0.008005710318684574 -0.0024500000290572643
v 0.0005934504442848265 0.008520821109414097 -0.0029499998781830072
v 0.0005398246576078236 0.008007929660379883 -0.0024500000290572643
v 0.0005934504442848265 0.008520821109414097 -0.0029499998781830072
v 0.00045182876056060195 0.008500124327838417 -0.0029499998781830072
v 0.0005398246576078236 0.008007929660379883 -0.0024500000290572643
v 0.0005398246576078236 0.008007929660379883 -0.0024500000290572643
v 0.00045182876056060195 0.008500124327838417 -0.0029499998781830072
v -0.0002427067083772272 0.008253308944404122 -0.0029499998781830072
v 0.0005398246576078236 0.008007929660379883 -0.0024500000290572643
v -0.0002427067083772272 0.008253308944404122 -0.0029499998781830072
v -4.8624449846101925e-05 0.0077882092446088765 -0.0024500000290572643
v -0.0002427067083772272 0.008253308944404122 -0.0029499998781830072
v -0.00030474780942313373 0.008217626251280304 -0.0029499998781830072
v -4.8624449846101925e-05 0.0077882092446088765 -0.0024500000290572643
v -4.8624449846101925e-05 0.0077882092446088765 -0.0024500000290572643
v -0.00030474780942313373 0.008217626251280304 -0.0029499998781830072
v -0.0009128389065153897 0.007686174940317867 -0.0029499998781830072
v -4.8624449846101925e-05 0.0077882092446088765 -0.0024500000290572643
v -0.0009128389065153897 0.007686174940317867 -0.0029499998781830072
v -0.0005215851124376059 0.007374858018010852 -0.0024500000290572643
usemtl material_191919
f 1 2 3
f 4 5 6
f 7 8 9
f 10 11 12
f 13 14 15
f 16 17 18
f 19 20 21
f 22 23 24
f 25 26 27
f 28 29 30
f 31 32 33
f 34 35 36
f 37 38 39
f 40 41 42
f 43 44 45
f 46 47 48
f 49 50 51
f 52 53 54
f 55 56 57
f 58 59 60
f 61 62 63
f 64 65 66
f 67 68 69
f 70 71 72
f 73 74 75
f 76 77 78
f 79 80 81
f 82 83 84
f 85 86 87
f 88 89 90
f 91 92 93
f 94 95 96
f 97 98 99
f 100 101 102
f 103 104 105
f 106 107 108
f 109 110 111
f 112 113 114
f 115 116 117
f 118 119 120
f 121 122 123
f 124 125 126
f 127 128 129
f 130 131 132
f 133 134 135
f 136 137 138
f 139 140 141
f 142 143 144
f 145 146 147
f 148 149 150
f 151 152 153
f 154 155 156
f 157 158 159
f 160 161 162
f 163 164 165
f 166 167 168
f 169 170 171
f 172 173 174
f 175 176 177
f 178 179 180
f 181 182 183
f 184 185 186
f 187 188 189
f 190 191 192
f 193 194 195
f 196 197 198
f 199 200 201
f 202 203 204
f 205 206 207
f 208 209 210
f 211 212 213
f 214 215 216
f 217 218 219
f 220 221 222
f 223 224 225
f 226 227 228
f 229 230 231
f 232 233 234
f 235 236 237
f 238 239 240
f 241 242 243
f 244 245 246
f 247 248 249
f 250 251 252
f 253 254 255
f 256 257 258
f 259 260 261
f 262 263 264
f 265 266 267
f 268 269 270
f 271 272 273
f 274 275 276
f 277 278 279
f 280 281 282
f 283 284 285
f 286 287 288
f 289 290 291
f 292 293 294
f 295 296 297
f 298 299 300
f 301 302 303
f 304 305 306
f 307 308 309
f 310 311 312
f 313 314 315
f 316 317 318
f 319 320 321
f 322 323 324
f 325 326 327
f 328 329 330
f 331 332 333
f 334 335 336
f 337 338 339
f 340 341 342
f 343 344 345
f 346 347 348
f 349 350 351
f 352 353 354
f 355 356 357
f 358 359 360
f 361 362 363
f 364 365 366
f 367 368 369
f 370 371 372
f 373 374 375
f 376 377 378
f 379 380 381
f 382 383 384
f 385 386 387
f 388 389 390
f 391 392 393
f 394 395 396
f 397 398 399
f 400 401 402
f 403 404 405
f 406 407 408
f 409 410 411
f 412 413 414
f 415 416 417
f 418 419 420
f 421 422 423
f 424 425 426
f 427 428 429
f 430 431 432
f 433 434 435
f 436 437 438
f 439 440 441
f 442 443 444
f 445 446 447
f 448 449 450
f 451 452 453
f 454 455 456
f 457 458 459
f 460 461 462
f 463 464 465
f 466 467 468
f 469 470 471
f 472 473 474
f 475 476 477
f 478 479 480
f 481 482 483
f 484 485 486
f 487 488 489
f 490 491 492
f 493 494 495
f 496 497 498
f 499 500 501
f 502 503 504
f 505 506 507
f 508 509 510
f 511 512 513
f 514 515 516
f 517 518 519
f 520 521 522
f 523 524 525
f 526 527 528
f 529 530 531
f 532 533 534
f 535 536 537
f 538 539 540
f 541 542 543
f 544 545 546
f 547 548 549
f 550 551 552
f 553 554 555
f 556 557 558
f 559 560 561
f 562 563 564
f 565 566 567
f 568 569 570
f 571 572 573
f 574 575 576
f 577 578 579
f 580 581 582
f 583 584 585
f 586 587 588
f 589 590 591
f 592 593 594
f 595 596 597
f 598 599 600
f 601 602 603
f 604 605 606
f 607 608 609
f 610 611 612
f 613 614 615
f 616 617 618
f 619 620 621
f 622 623 624
f 625 626 627
f 628 629 630
f 631 632 633
f 634 635 636
f 637 638 639
f 640 641 642
f 643 644 645
f 646 647 648
f 649 650 651
f 652 653 654
f 655 656 657
f 658 659 660
f 661 662 663
f 664 665 666
f 667 668 669
f 670 671 672
f 673 674 675
f 676 677 678
f 679 680 681
f 682 683 684
f 685 686 687
f 688 689 690
f 691 692 693
f 694 695 696
f 697 698 699
f 700 701 702
f 703 704 705
f 706 707 708
f 709 710 711
f 712 713 714
f 715 716 717
f 718 719 720
f 721 722 723
f 724 725 726
f 727 728 729
f 730 731 732
f 733 734 735
f 736 737 738
f 739 740 741
f 742 743 744
f 745 746 747
f 748 749 750
f 751 752 753
f 754 755 756
f 757 758 759
f 760 761 762
f 763 764 765
f 766 767 768
f 769 770 771
f 772 773 774
f 775 776 777
f 778 779 780
f 781 782 783
f 784 785 786
f 787 788 789
f 790 791 792
f 793 794 795
f 796 797 798
f 799 800 801
f 802 803 804
f 805 806 807
f 808 809 810
f 811 812 813
f 814 815 816
f 817 818 819
f 820 821 822
f 823 824 825
f 826 827 828
f 829 830 831
f 832 833 834
f 835 836 837
f 838 839 840
f 841 842 843
f 844 845 846
f 847 848 849
f 850 851 852
f 853 854 855
f 856 857 858
f 859 860 861
f 862 863 864
f 865 866 867
f 868 869 870
f 871 872 873
f 874 875 876
f 877 878 879
f 880 881 882
f 883 884 885
f 886 887 888
f 889 890 891
f 892 893 894
f 895 896 897
f 898 899 900
f 901 902 903
f 904 905 906
f 907 908 909
f 910 911 912
f 913 914 915
f 916 917 918
f 919 920 921
f 922 923 924
f 925 926 927
f 928 929 930
f 931 932 933
f 934 935 936
f 937 938 939
f 940 941 942
f 943 944 945
f 946 947 948
f 949 950 951
f 952 953 954
f 955 956 957
f 958 959 960
f 961 962 963
f 964 965 966
f 967 968 969
f 970 971 972
f 973 974 975
f 976 977 978
f 979 980 981
f 982 983 984
f 985 986 987
f 988 989 990
f 991 992 993
f 994 995 996
f 997 998 999
f 1000 1001 1002
f 1003 1004 1005
f 1006 1007 1008
f 1009 1010 1011
f 1012 1013 1014
f 1015 1016 1017
f 1018 1019 1020
f 1021 1022 1023
f 1024 1025 1026
f 1027 1028 1029
f 1030 1031 1032
f 1033 1034 1035
f 1036 1037 1038
f 1039 1040 1041
f 1042 1043 1044
f 1045 1046 1047
f 1048 1049 1050
f 1051 1052 1053
f 1054 1055 1056
f 1057 1058 1059
f 1060 1061 1062
f 1063 1064 1065
f 1066 1067 1068
f 1069 1070 1071
f 1072 1073 1074
f 1075 1076 1077
f 1078 1079 1080
f 1081 1082 1083
f 1084 1085 1086
f 1087 1088 1089
f 1090 1091 1092
f 1093 1094 1095
f 1096 1097 1098
f 1099 1100 1101
f 1102 1103 1104
f 1105 1106 1107
f 1108 1109 1110
f 1111 1112 1113
f 1114 1115 1116
f 1117 1118 1119
f 1120 1121 1122
f 1123 1124 1125
f 1126 1127 1128
f 1129 1130 1131
f 1132 1133 1134
f 1135 1136 1137
f 1138 1139 1140
f 1141 1142 1143
f 1144 1145 1146
f 1147 1148 1149
f 1150 1151 1152
f 1153 1154 1155
f 1156 1157 1158
f 1159 1160 1161
f 1162 1163 1164
f 1165 1166 1167
f 1168 1169 1170
f 1171 1172 1173
f 1174 1175 1176
f 1177 1178 1179
f 1180 1181 1182
f 1183 1184 1185
f 1186 1187 1188
f 1189 1190 1191
f 1192 1193 1194
f 1195 1196 1197
f 1198 1199 1200
f 1201 1202 1203
f 1204 1205 1206
f 1207 1208 1209
f 1210 1211 1212
f 1213 1214 1215
f 1216 1217 1218
f 1219 1220 1221
f 1222 1223 1224
f 1225 1226 1227
f 1228 1229 1230
f 1231 1232 1233
f 1234 1235 1236
f 1237 1238 1239
f 1240 1241 1242
f 1243 1244 1245
f 1246 1247 1248
f 1249 1250 1251
f 1252 1253 1254
f 1255 1256 1257
f 1258 1259 1260
f 1261 1262 1263
f 1264 1265 1266
f 1267 1268 1269
f 1270 1271 1272
f 1273 1274 1275
f 1276 1277 1278
f 1279 1280 1281
f 1282 1283 1284
f 1285 1286 1287
f 1288 1289 1290
f 1291 1292 1293
f 1294 1295 1296
f 1297 1298 1299
f 1300 1301 1302
f 1303 1304 1305
f 1306 1307 1308
f 1309 1310 1311
f 1312 1313 1314
f 1315 1316 1317
f 1318 1319 1320
f 1321 1322 1323
f 1324 1325 1326
f 1327 1328 1329
f 1330 1331 1332
f 1333 1334 1335
f 1336 1337 1338
f 1339 1340 1341
f 1342 1343 1344
f 1345 1346 1347
f 1348 1349 1350
f 1351 1352 1353
f 1354 1355 1356
f 1357 1358 1359
f 1360 1361 1362
f 1363 1364 1365
f 1366 1367 1368
f 1369 1370 1371
f 1372 1373 1374
f 1375 1376 1377
f 1378 1379 1380
f 1381 1382 1383
f 1384 1385 1386
f 1387 1388 1389
f 1390 1391 1392
f 1393 1394 1395
f 1396 1397 1398
f 1399 1400 1401
f 1402 1403 1404
f 1405 1406 1407
f 1408 1409 1410
f 1411 1412 1413
f 1414 1415 1416
f 1417 1418 1419
f 1420 1421 1422
f 1423 1424 1425
f 1426 1427 1428
f 1429 1430 1431
f 1432 1433 1434
f 1435 1436 1437
f 1438 1439 1440
f 1441 1442 1443
f 1444 1445 1446
f 1447 1448 1449
f 1450 1451 1452
f 1453 1454 1455
f 1456 1457 1458
f 1459 1460 1461
f 1462 1463 1464
f 1465 1466 1467
f 1468 1469 1470
f 1471 1472 1473
f 1474 1475 1476
f 1477 1478 1479
f 1480 1481 1482
f 1483 1484 1485
f 1486 1487 1488
f 1489 1490 1491
f 1492 1493 1494
f 1495 1496 1497
f 1498 1499 1500
f 1501 1502 1503
f 1504 1505 1506
f 1507 1508 1509
f 1510 1511 1512
f 1513 1514 1515
f 1516 1517 1518
f 1519 1520 1521
f 1522 1523 1524
f 1525 1526 1527
f 1528 1529 1530
f 1531 1532 1533
f 1534 1535 1536
f 1537 1538 1539
f 1540 1541 1542
f 1543 1544 1545
f 1546 1547 1548
f 1549 1550 1551
f 1552 1553 1554
f 1555 1556 1557
f 1558 1559 1560
f 1561 1562 1563
f 1564 1565 1566
f 1567 1568 1569
f 1570 1571 1572
f 1573 1574 1575
f 1576 1577 1578
f 1579 1580 1581
f 1582 1583 1584
f 1585 1586 1587
f 1588 1589 1590
f 1591 1592 1593
f 1594 1595 1596
f 1597 1598 1599
f 1600 1601 1602
f 1603 1604 1605
f 1606 1607 1608
f 1609 1610 1611
f 1612 1613 1614
f 1615 1616 1617
f 1618 1619 1620
f 1621 1622 1623
f 1624 1625 1626
f 1627 1628 1629
f 1630 1631 1632
f 1633 1634 1635
f 1636 1637 1638
f 1639 1640 1641
f 1642 1643 1644
f 1645 1646 1647
f 1648 1649 1650
f 1651 1652 1653
f 1654 1655 1656
f 1657 1658 1659
f 1660 1661 1662
f 1663 1664 1665
f 1666 1667 1668
f 1669 1670 1671
f 1672 1673 1674
f 1675 1676 1677
f 1678 1679 1680
f 1681 1682 1683
f 1684 1685 1686
f 1687 1688 1689
f 1690 1691 1692
f 1693 1694 1695
f 1696 1697 1698
f 1699 1700 1701
f 1702 1703 1704
f 1705 1706 1707
f 1708 1709 1710
f 1711 1712 1713
f 1714 1715 1716
f 1717 1718 1719
f 1720 1721 1722
f 1723 1724 1725
f 1726 1727 1728
f 1729 1730 1731
f 1732 1733 1734
f 1735 1736 1737
f 1738 1739 1740
f 1741 1742 1743
f 1744 1745 1746
f 1747 1748 1749
f 1750 1751 1752
f 1753 1754 1755
f 1756 1757 1758
f 1759 1760 1761
f 1762 1763 1764
f 1765 1766 1767
f 1768 1769 1770
f 1771 1772 1773
f 1774 1775 1776
f 1777 1778 1779
f 1780 1781 1782
f 1783 1784 1785
f 1786 1787 1788
f 1789 1790 1791
f 1792 1793 1794
f 1795 1796 1797
f 1798 1799 1800
f 1801 1802 1803
f 1804 1805 1806
f 1807 1808 1809
f 1810 1811 1812
f 1813 1814 1815
f 1816 1817 1818
f 1819 1820 1821
f 1822 1823 1824
f 1825 1826 1827
f 1828 1829 1830
f 1831 1832 1833
f 1834 1835 1836
f 1837 1838 1839
f 1840 1841 1842
f 1843 1844 1845
f 1846 1847 1848
f 1849 1850 1851
f 1852 1853 1854
f 1855 1856 1857
f 1858 1859 1860
f 1861 1862 1863
f 1864 1865 1866
f 1867 1868 1869
f 1870 1871 1872
f 1873 1874 1875
f 1876 1877 1878
f 1879 1880 1881
f 1882 1883 1884
f 1885 1886 1887
f 1888 1889 1890
f 1891 1892 1893
f 1894 1895 1896
f 1897 1898 1899
f 1900 1901 1902
f 1903 1904 1905
f 1906 1907 1908
f 1909 1910 1911
f 1912 1913 1914
f 1915 1916 1917
f 1918 1919 1920
f 1921 1922 1923
f 1924 1925 1926
f 1927 1928 1929
f 1930 1931 1932
f 1933 1934 1935
f 1936 1937 1938
f 1939 1940 1941
f 1942 1943 1944
f 1945 1946 1947
f 1948 1949 1950
f 1951 1952 1953
f 1954 1955 1956
f 1957 1958 1959
f 1960 1961 1962
f 1963 1964 1965
f 1966 1967 1968
f 1969 1970 1971
f 1972 1973 1974
f 1975 1976 1977
f 1978 1979 1980
f 1981 1982 1983
f 1984 1985 1986
f 1987 1988 1989
f 1990 1991 1992
f 1993 1994 1995
f 1996 1997 1998
f 1999 2000 2001
f 2002 2003 2004
f 2005 2006 2007
f 2008 2009 2010
f 2011 2012 2013
f 2014 2015 2016
f 2017 2018 2019
f 2020 2021 2022
f 2023 2024 2025
f 2026 2027 2028
f 2029 2030 2031
f 2032 2033 2034
f 2035 2036 2037
f 2038 2039 2040
f 2041 2042 2043
f 2044 2045 2046
f 2047 2048 2049
f 2050 2051 2052
f 2053 2054 2055
f 2056 2057 2058
f 2059 2060 2061
f 2062 2063 2064
f 2065 2066 2067
f 2068 2069 2070
f 2071 2072 2073
f 2074 2075 2076
f 2077 2078 2079
f 2080 2081 2082
f 2083 2084 2085
f 2086 2087 2088
f 2089 2090 2091
f 2092 2093 2094
f 2095 2096 2097
f 2098 2099 2100
f 2101 2102 2103
f 2104 2105 2106
f 2107 2108 2109
f 2110 2111 2112
f 2113 2114 2115
f 2116 2117 2118
f 2119 2120 2121
f 2122 2123 2124
f 2125 2126 2127
f 2128 2129 2130
f 2131 2132 2133
f 2134 2135 2136
f 2137 2138 2139
f 2140 2141 2142
f 2143 2144 2145
f 2146 2147 2148
f 2149 2150 2151
f 2152 2153 2154
f 2155 2156 2157
f 2158 2159 2160
f 2161 2162 2163
f 2164 2165 2166
f 2167 2168 2169
f 2170 2171 2172
f 2173 2174 2175
f 2176 2177 2178
f 2179 2180 2181
f 2182 2183 2184
f 2185 2186 2187
f 2188 2189 2190
f 2191 2192 2193
f 2194 2195 2196
f 2197 2198 2199
f 2200 2201 2202
f 2203 2204 2205
f 2206 2207 2208
f 2209 2210 2211
f 2212 2213 2214
f 2215 2216 2217
f 2218 2219 2220
f 2221 2222 2223
f 2224 2225 2226
f 2227 2228 2229
f 2230 2231 2232
f 2233 2234 2235
f 2236 2237 2238
f 2239 2240 2241
f 2242 2243 2244
f 2245 2246 2247
f 2248 2249 2250
f 2251 2252 2253
f 2254 2255 2256
f 2257 2258 2259
f 2260 2261 2262
f 2263 2264 2265
f 2266 2267 2268
f 2269 2270 2271
f 2272 2273 2274
f 2275 2276 2277
f 2278 2279 2280
f 2281 2282 2283
f 2284 2285 2286
f 2287 2288 2289
f 2290 2291 2292
f 2293 2294 2295
f 2296 2297 2298
f 2299 2300 2301
f 2302 2303 2304
f 2305 2306 2307
f 2308 2309 2310
f 2311 2312 2313
f 2314 2315 2316
f 2317 2318 2319
f 2320 2321 2322
f 2323 2324 2325
f 2326 2327 2328
f 2329 2330 2331
f 2332 2333 2334
f 2335 2336 2337
f 2338 2339 2340
f 2341 2342 2343
f 2344 2345 2346
f 2347 2348 2349
f 2350 2351 2352
f 2353 2354 2355
f 2356 2357 2358
f 2359 2360 2361
f 2362 2363 2364
f 2365 2366 2367
f 2368 2369 2370
f 2371 2372 2373
f 2374 2375 2376
f 2377 2378 2379
f 2380 2381 2382
f 2383 2384 2385
f 2386 2387 2388
f 2389 2390 2391
f 2392 2393 2394
f 2395 2396 2397
f 2398 2399 2400
f 2401 2402 2403
f 2404 2405 2406
f 2407 2408 2409
f 2410 2411 2412
f 2413 2414 2415
f 2416 2417 2418
f 2419 2420 2421
f 2422 2423 2424
f 2425 2426 2427
f 2428 2429 2430
f 2431 2432 2433
f 2434 2435 2436
f 2437 2438 2439
f 2440 2441 2442
f 2443 2444 2445
f 2446 2447 2448
f 2449 2450 2451
f 2452 2453 2454
f 2455 2456 2457
f 2458 2459 2460
f 2461 2462 2463
f 2464 2465 2466
f 2467 2468 2469
f 2470 2471 2472
f 2473 2474 2475
f 2476 2477 2478
f 2479 2480 2481
f 2482 2483 2484
f 2485 2486 2487
f 2488 2489 2490
f 2491 2492 2493
f 2494 2495 2496
f 2497 2498 2499
f 2500 2501 2502
f 2503 2504 2505
f 2506 2507 2508
f 2509 2510 2511
f 2512 2513 2514
f 2515 2516 2517
f 2518 2519 2520
f 2521 2522 2523
f 2524 2525 2526
f 2527 2528 2529
f 2530 2531 2532
f 2533 2534 2535
f 2536 2537 2538
f 2539 2540 2541
f 2542 2543 2544
f 2545 2546 2547
f 2548 2549 2550
f 2551 2552 2553
f 2554 2555 2556
f 2557 2558 2559
f 2560 2561 2562
f 2563 2564 2565
f 2566 2567 2568
f 2569 2570 2571
f 2572 2573 2574
f 2575 2576 2577
f 2578 2579 2580
f 2581 2582 2583
f 2584 2585 2586
f 2587 2588 2589
f 2590 2591 2592
f 2593 2594 2595
f 2596 2597 2598
f 2599 2600 2601
f 2602 2603 2604
f 2605 2606 2607
f 2608 2609 2610
f 2611 2612 2613
f 2614 2615 2616
f 2617 2618 2619
f 2620 2621 2622
f 2623 2624 2625
f 2626 2627 2628
f 2629 2630 2631
f 2632 2633 2634
f 2635 2636 2637
f 2638 2639 2640
f 2641 2642 2643
f 2644 2645 2646
f 2647 2648 2649
f 2650 2651 2652
f 2653 2654 2655
f 2656 2657 2658
f 2659 2660 2661
f 2662 2663 2664
f 2665 2666 2667
f 2668 2669 2670
f 2671 2672 2673
f 2674 2675 2676
f 2677 2678 2679
f 2680 2681 2682
f 2683 2684 2685
f 2686 2687 2688
f 2689 2690 2691
f 2692 2693 2694
f 2695 2696 2697
f 2698 2699 2700
f 2701 2702 2703
f 2704 2705 2706
f 2707 2708 2709
f 2710 2711 2712
f 2713 2714 2715
f 2716 2717 2718
f 2719 2720 2721
f 2722 2723 2724
f 2725 2726 2727
f 2728 2729 2730
f 2731 2732 2733
f 2734 2735 2736
f 2737 2738 2739
f 2740 2741 2742
f 2743 2744 2745
f 2746 2747 2748
f 2749 2750 2751
f 2752 2753 2754
f 2755 2756 2757
f 2758 2759 2760
f 2761 2762 2763
f 2764 2765 2766
f 2767 2768 2769
f 2770 2771 2772
f 2773 2774 2775
f 2776 2777 2778
f 2779 2780 2781
f 2782 2783 2784
f 2785 2786 2787
f 2788 2789 2790
f 2791 2792 2793
f 2794 2795 2796
f 2797 2798 2799
f 2800 2801 2802
f 2803 2804 2805
f 2806 2807 2808
f 2809 2810 2811
f 2812 2813 2814
f 2815 2816 2817
f 2818 2819 2820
f 2821 2822 2823
f 2824 2825 2826
f 2827 2828 2829
f 2830 2831 2832
f 2833 2834 2835
f 2836 2837 2838
f 2839 2840 2841
f 2842 2843 2844
f 2845 2846 2847
f 2848 2849 2850
f 2851 2852 2853
f 2854 2855 2856
f 2857 2858 2859
f 2860 2861 2862
f 2863 2864 2865
f 2866 2867 2868
f 2869 2870 2871
f 2872 2873 2874
f 2875 2876 2877
f 2878 2879 2880
f 2881 2882 2883
f 2884 2885 2886
f 2887 2888 2889
f 2890 2891 2892
f 2893 2894 2895
f 2896 2897 2898
f 2899 2900 2901
f 2902 2903 2904
f 2905 2906 2907
f 2908 2909 2910
f 2911 2912 2913
f 2914 2915 2916
f 2917 2918 2919
f 2920 2921 2922
f 2923 2924 2925
f 2926 2927 2928
f 2929 2930 2931
f 2932 2933 2934
f 2935 2936 2937
f 2938 2939 2940
f 2941 2942 2943
f 2944 2945 2946
f 2947 2948 2949
f 2950 2951 2952
f 2953 2954 2955
f 2956 2957 2958
f 2959 2960 2961
f 2962 2963 2964
f 2965 2966 2967
f 2968 2969 2970
f 2971 2972 2973
f 2974 2975 2976
f 2977 2978 2979
f 2980 2981 2982
f 2983 2984 2985
f 2986 2987 2988
f 2989 2990 2991
f 2992 2993 2994
f 2995 2996 2997
f 2998 2999 3000
f 3001 3002 3003
f 3004 3005 3006
f 3007 3008 3009
f 3010 3011 3012
f 3013 3014 3015
f 3016 3017 3018
f 3019 3020 3021
f 3022 3023 3024
f 3025 3026 3027
f 3028 3029 3030
f 3031 3032 3033
f 3034 3035 3036
f 3037 3038 3039
f 3040 3041 3042
f 3043 3044 3045
f 3046 3047 3048
f 3049 3050 3051
f 3052 3053 3054
f 3055 3056 3057
f 3058 3059 3060
f 3061 3062 3063
f 3064 3065 3066
f 3067 3068 3069
f 3070 3071 3072
f 3073 3074 3075
f 3076 3077 3078
f 3079 3080 3081
f 3082 3083 3084
f 3085 3086 3087
f 3088 3089 3090
f 3091 3092 3093
f 3094 3095 3096
f 3097 3098 3099
f 3100 3101 3102
f 3103 3104 3105
f 3106 3107 3108
f 3109 3110 3111
f 3112 3113 3114
f 3115 3116 3117
f 3118 3119 3120
f 3121 3122 3123
f 3124 3125 3126
f 3127 3128 3129
f 3130 3131 3132
f 3133 3134 3135
f 3136 3137 3138
f 3139 3140 3141
f 3142 3143 3144
f 3145 3146 3147
f 3148 3149 3150
f 3151 3152 3153
f 3154 3155 3156
f 3157 3158 3159
f 3160 3161 3162
f 3163 3164 3165
f 3166 3167 3168
f 3169 3170 3171
f 3172 3173 3174
f 3175 3176 3177
f 3178 3179 3180
f 3181 3182 3183
f 3184 3185 3186
f 3187 3188 3189
f 3190 3191 3192
f 3193 3194 3195
f 3196 3197 3198
f 3199 3200 3201
f 3202 3203 3204
f 3205 3206 3207
f 3208 3209 3210
f 3211 3212 3213
f 3214 3215 3216
f 3217 3218 3219
f 3220 3221 3222
f 3223 3224 3225
f 3226 3227 3228
f 3229 3230 3231
f 3232 3233 3234
f 3235 3236 3237
f 3238 3239 3240
f 3241 3242 3243
f 3244 3245 3246
f 3247 3248 3249
f 3250 3251 3252
f 3253 3254 3255
f 3256 3257 3258
f 3259 3260 3261
f 3262 3263 3264
f 3265 3266 3267
f 3268 3269 3270
f 3271 3272 3273
f 3274 3275 3276
f 3277 3278 3279
f 3280 3281 3282
f 3283 3284 3285
f 3286 3287 3288
f 3289 3290 3291
f 3292 3293 3294
f 3295 3296 3297
f 3298 3299 3300
f 3301 3302 3303
f 3304 3305 3306
f 3307 3308 3309
f 3310 3311 3312
f 3313 3314 3315
f 3316 3317 3318
f 3319 3320 3321
f 3322 3323 3324
f 3325 3326 3327
f 3328 3329 3330
f 3331 3332 3333
f 3334 3335 3336
f 3337 3338 3339
f 3340 3341 3342
f 3343 3344 3345
f 3346 3347 3348
f 3349 3350 3351
f 3352 3353 3354
f 3355 3356 3357
f 3358 3359 3360
f 3361 3362 3363
f 3364 3365 3366
f 3367 3368 3369
f 3370 3371 3372
f 3373 3374 3375
f 3376 3377 3378
f 3379 3380 3381
f 3382 3383 3384
f 3385 3386 3387
f 3388 3389 3390
f 3391 3392 3393
f 3394 3395 3396
f 3397 3398 3399
f 3400 3401 3402
f 3403 3404 3405
f 3406 3407 3408
f 3409 3410 3411
f 3412 3413 3414
f 3415 3416 3417
f 3418 3419 3420
f 3421 3422 3423
f 3424 3425 3426
f 3427 3428 3429
f 3430 3431 3432
f 3433 3434 3435
f 3436 3437 3438
f 3439 3440 3441
f 3442 3443 3444
f 3445 3446 3447
f 3448 3449 3450
f 3451 3452 3453
f 3454 3455 3456
f 3457 3458 3459
f 3460 3461 3462
f 3463 3464 3465
f 3466 3467 3468
f 3469 3470 3471
f 3472 3473 3474
f 3475 3476 3477
f 3478 3479 3480
f 3481 3482 3483
f 3484 3485 3486
f 3487 3488 3489
f 3490 3491 3492
f 3493 3494 3495
f 3496 3497 3498
f 3499 3500 3501
f 3502 3503 3504
f 3505 3506 3507
f 3508 3509 3510
f 3511 3512 3513
f 3514 3515 3516
f 3517 3518 3519
f 3520 3521 3522
f 3523 3524 3525
f 3526 3527 3528
f 3529 3530 3531
f 3532 3533 3534
f 3535 3536 3537
f 3538 3539 3540
f 3541 3542 3543
f 3544 3545 3546
f 3547 3548 3549
f 3550 3551 3552
f 3553 3554 3555
f 3556 3557 3558
f 3559 3560 3561
f 3562 3563 3564
f 3565 3566 3567
f 3568 3569 3570
f 3571 3572 3573
f 3574 3575 3576
f 3577 3578 3579
f 3580 3581 3582
f 3583 3584 3585
f 3586 3587 3588
f 3589 3590 3591
f 3592 3593 3594
f 3595 3596 3597
f 3598 3599 3600
f 3601 3602 3603
f 3604 3605 3606
f 3607 3608 3609
f 3610 3611 3612
f 3613 3614 3615
f 3616 3617 3618
f 3619 3620 3621
f 3622 3623 3624
f 3625 3626 3627
f 3628 3629 3630
f 3631 3632 3633
f 3634 3635 3636
f 3637 3638 3639
f 3640 3641 3642
f 3643 3644 3645
f 3646 3647 3648
f 3649 3650 3651
f 3652 3653 3654
f 3655 3656 3657
f 3658 3659 3660
f 3661 3662 3663
f 3664 3665 3666
f 3667 3668 3669
f 3670 3671 3672
f 3673 3674 3675
f 3676 3677 3678
f 3679 3680 3681
f 3682 3683 3684
f 3685 3686 3687
f 3688 3689 3690
f 3691 3692 3693
f 3694 3695 3696
f 3697 3698 3699
f 3700 3701 3702
f 3703 3704 3705
f 3706 3707 3708
f 3709 3710 3711
f 3712 3713 3714
f 3715 3716 3717
f 3718 3719 3720
f 3721 3722 3723
f 3724 3725 3726
f 3727 3728 3729
f 3730 3731 3732
f 3733 3734 3735
f 3736 3737 3738
f 3739 3740 3741
f 3742 3743 3744
f 3745 3746 3747
f 3748 3749 3750
f 3751 3752 3753
f 3754 3755 3756
f 3757 3758 3759
f 3760 3761 3762
f 3763 3764 3765
f 3766 3767 3768
f 3769 3770 3771
f 3772 3773 3774
f 3775 3776 3777
f 3778 3779 3780
f 3781 3782 3783
f 3784 3785 3786
f 3787 3788 3789
f 3790 3791 3792
f 3793 3794 3795
f 3796 3797 3798
f 3799 3800 3801
f 3802 3803 3804
f 3805 3806 3807
f 3808 3809 3810
f 3811 3812 3813
f 3814 3815 3816
f 3817 3818 3819
f 3820 3821 3822
f 3823 3824 3825
f 3826 3827 3828
f 3829 3830 3831
f 3832 3833 3834
f 3835 3836 3837
f 3838 3839 3840
f 3841 3842 3843
f 3844 3845 3846
f 3847 3848 3849
f 3850 3851 3852
f 3853 3854 3855
f 3856 3857 3858
f 3859 3860 3861
f 3862 3863 3864
f 3865 3866 3867
f 3868 3869 3870
f 3871 3872 3873
f 3874 3875 3876
f 3877 3878 3879
f 3880 3881 3882
f 3883 3884 3885
f 3886 3887 3888
f 3889 3890 3891
f 3892 3893 3894
f 3895 3896 3897
f 3898 3899 3900
f 3901 3902 3903
f 3904 3905 3906
f 3907 3908 3909
f 3910 3911 3912
f 3913 3914 3915
f 3916 3917 3918
f 3919 3920 3921
f 3922 3923 3924
f 3925 3926 3927
f 3928 3929 3930
f 3931 3932 3933
f 3934 3935 3936
f 3937 3938 3939
f 3940 3941 3942
f 3943 3944 3945
f 3946 3947 3948
f 3949 3950 3951
f 3952 3953 3954
f 3955 3956 3957
f 3958 3959 3960
f 3961 3962 3963
f 3964 3965 3966
f 3967 3968 3969
f 3970 3971 3972
f 3973 3974 3975
f 3976 3977 3978
f 3979 3980 3981
f 3982 3983 3984
f 3985 3986 3987
f 3988 3989 3990
f 3991 3992 3993
f 3994 3995 3996
f 3997 3998 3999
f 4000 4001 4002
f 4003 4004 4005
f 4006 4007 4008
f 4009 4010 4011
f 4012 4013 4014
f 4015 4016 4017
f 4018 4019 4020
f 4021 4022 4023
f 4024 4025 4026
f 4027 4028 4029
f 4030 4031 4032
f 4033 4034 4035
f 4036 4037 4038
f 4039 4040 4041
f 4042 4043 4044
f 4045 4046 4047
f 4048 4049 4050
f 4051 4052 4053
f 4054 4055 4056
f 4057 4058 4059
f 4060 4061 4062
f 4063 4064 4065
f 4066 4067 4068
f 4069 4070 4071
f 4072 4073 4074
f 4075 4076 4077
f 4078 4079 4080
f 4081 4082 4083
f 4084 4085 4086
f 4087 4088 4089
f 4090 4091 4092
f 4093 4094 4095
f 4096 4097 4098
f 4099 4100 4101
f 4102 4103 4104
f 4105 4106 4107
f 4108 4109 4110
f 4111 4112 4113
f 4114 4115 4116
f 4117 4118 4119
f 4120 4121 4122
f 4123 4124 4125
f 4126 4127 4128
f 4129 4130 4131
f 4132 4133 4134
f 4135 4136 4137
f 4138 4139 4140
f 4141 4142 4143
f 4144 4145 4146
f 4147 4148 4149
f 4150 4151 4152
f 4153 4154 4155
f 4156 4157 4158
f 4159 4160 4161
f 4162 4163 4164
f 4165 4166 4167
f 4168 4169 4170
f 4171 4172 4173
f 4174 4175 4176
f 4177 4178 4179
f 4180 4181 4182
f 4183 4184 4185
f 4186 4187 4188
f 4189 4190 4191
f 4192 4193 4194
f 4195 4196 4197
f 4198 4199 4200
f 4201 4202 4203
f 4204 4205 4206
f 4207 4208 4209
f 4210 4211 4212
f 4213 4214 4215
f 4216 4217 4218
f 4219 4220 4221
f 4222 4223 4224
f 4225 4226 4227
f 4228 4229 4230
f 4231 4232 4233
f 4234 4235 4236
f 4237 4238 4239
f 4240 4241 4242
f 4243 4244 4245
f 4246 4247 4248
f 4249 4250 4251
f 4252 4253 4254
f 4255 4256 4257
f 4258 4259 4260
f 4261 4262 4263
f 4264 4265 4266
f 4267 4268 4269
f 4270 4271 4272
f 4273 4274 4275
f 4276 4277 4278
f 4279 4280 4281
f 4282 4283 4284
f 4285 4286 4287
f 4288 4289 4290
f 4291 4292 4293
f 4294 4295 4296
f 4297 4298 4299
f 4300 4301 4302
f 4303 4304 4305
f 4306 4307 4308
f 4309 4310 4311
f 4312 4313 4314
f 4315 4316 4317
f 4318 4319 4320
f 4321 4322 4323
f 4324 4325 4326
f 4327 4328 4329
f 4330 4331 4332
f 4333 4334 4335
f 4336 4337 4338
f 4339 4340 4341
f 4342 4343 4344
f 4345 4346 4347
f 4348 4349 4350
f 4351 4352 4353
f 4354 4355 4356
f 4357 4358 4359
f 4360 4361 4362
f 4363 4364 4365
f 4366 4367 4368
f 4369 4370 4371
f 4372 4373 4374
f 4375 4376 4377
f 4378 4379 4380
f 4381 4382 4383
f 4384 4385 4386
f 4387 4388 4389
f 4390 4391 4392
f 4393 4394 4395
f 4396 4397 4398
f 4399 4400 4401
f 4402 4403 4404
f 4405 4406 4407
f 4408 4409 4410
f 4411 4412 4413
f 4414 4415 4416
f 4417 4418 4419
f 4420 4421 4422
f 4423 4424 4425
f 4426 4427 4428
f 4429 4430 4431
f 4432 4433 4434
f 4435 4436 4437
f 4438 4439 4440
f 4441 4442 4443
f 4444 4445 4446
f 4447 4448 4449
f 4450 4451 4452
f 4453 4454 4455
f 4456 4457 4458
f 4459 4460 4461
f 4462 4463 4464
f 4465 4466 4467
f 4468 4469 4470
f 4471 4472 4473
f 4474 4475 4476
f 4477 4478 4479
f 4480 4481 4482
f 4483 4484 4485
f 4486 4487 4488
f 4489 4490 4491
f 4492 4493 4494
f 4495 4496 4497
f 4498 4499 4500
f 4501 4502 4503
f 4504 4505 4506
f 4507 4508 4509
f 4510 4511 4512
f 4513 4514 4515
f 4516 4517 4518
f 4519 4520 4521
f 4522 4523 4524
f 4525 4526 4527
f 4528 4529 4530
f 4531 4532 4533
f 4534 4535 4536
f 4537 4538 4539
f 4540 4541 4542
f 4543 4544 4545
f 4546 4547 4548
f 4549 4550 4551
f 4552 4553 4554
f 4555 4556 4557
f 4558 4559 4560
f 4561 4562 4563
f 4564 4565 4566
f 4567 4568 4569
f 4570 4571 4572
f 4573 4574 4575
f 4576 4577 4578
f 4579 4580 4581
f 4582 4583 4584
f 4585 4586 4587
f 4588 4589 4590
f 4591 4592 4593
f 4594 4595 4596
f 4597 4598 4599
f 4600 4601 4602
f 4603 4604 4605
f 4606 4607 4608
f 4609 4610 4611
f 4612 4613 4614
f 4615 4616 4617
f 4618 4619 4620
f 4621 4622 4623
f 4624 4625 4626
f 4627 4628 4629
f 4630 4631 4632
f 4633 4634 4635
f 4636 4637 4638
f 4639 4640 4641
f 4642 4643 4644
f 4645 4646 4647
f 4648 4649 4650
f 4651 4652 4653
f 4654 4655 4656
f 4657 4658 4659
f 4660 4661 4662
f 4663 4664 4665
f 4666 4667 4668
f 4669 4670 4671
f 4672 4673 4674
f 4675 4676 4677
f 4678 4679 4680
f 4681 4682 4683
f 4684 4685 4686
f 4687 4688 4689
f 4690 4691 4692
f 4693 4694 4695
f 4696 4697 4698
f 4699 4700 4701
f 4702 4703 4704
f 4705 4706 4707
f 4708 4709 4710
f 4711 4712 4713
f 4714 4715 4716
f 4717 4718 4719
f 4720 4721 4722
f 4723 4724 4725
f 4726 4727 4728
f 4729 4730 4731
f 4732 4733 4734
f 4735 4736 4737
f 4738 4739 4740
f 4741 4742 4743
f 4744 4745 4746
f 4747 4748 4749
f 4750 4751 4752
f 4753 4754 4755
f 4756 4757 4758
f 4759 4760 4761
f 4762 4763 4764
f 4765 4766 4767
f 4768 4769 4770
f 4771 4772 4773
f 4774 4775 4776
f 4777 4778 4779
f 4780 4781 4782
f 4783 4784 4785
f 4786 4787 4788
f 4789 4790 4791
f 4792 4793 4794
f 4795 4796 4797
f 4798 4799 4800
f 4801 4802 4803
f 4804 4805 4806
f 4807 4808 4809
f 4810 4811 4812
f 4813 4814 4815
f 4816 4817 4818
f 4819 4820 4821
f 4822 4823 4824
f 4825 4826 4827
f 4828 4829 4830
f 4831 4832 4833
f 4834 4835 4836
f 4837 4838 4839
f 4840 4841 4842
f 4843 4844 4845
f 4846 4847 4848
f 4849 4850 4851
f 4852 4853 4854
f 4855 4856 4857
f 4858 4859 4860
f 4861 4862 4863
f 4864 4865 4866
f 4867 4868 4869
f 4870 4871 4872
f 4873 4874 4875
f 4876 4877 4878
f 4879 4880 4881
f 4882 4883 4884
f 4885 4886 4887
f 4888 4889 4890
f 4891 4892 4893
f 4894 4895 4896
f 4897 4898 4899
f 4900 4901 4902
f 4903 4904 4905
f 4906 4907 4908
f 4909 4910 4911
f 4912 4913 4914
f 4915 4916 4917
f 4918 4919 4920
f 4921 4922 4923
f 4924 4925 4926
f 4927 4928 4929
f 4930 4931 4932
f 4933 4934 4935
f 4936 4937 4938
f 4939 4940 4941
f 4942 4943 4944
f 4945 4946 4947
f 4948 4949 4950
f 4951 4952 4953
f 4954 4955 4956
f 4957 4958 4959
f 4960 4961 4962
f 4963 4964 4965
f 4966 4967 4968
f 4969 4970 4971
f 4972 4973 4974
f 4975 4976 4977
f 4978 4979 4980
f 4981 4982 4983
f 4984 4985 4986
f 4987 4988 4989
f 4990 4991 4992
f 4993 4994 4995
f 4996 4997 4998
f 4999 5000 5001
f 5002 5003 5004
f 5005 5006 5007
f 5008 5009 5010
f 5011 5012 5013
f 5014 5015 5016
f 5017 5018 5019
f 5020 5021 5022
f 5023 5024 5025
f 5026 5027 5028
f 5029 5030 5031
f 5032 5033 5034
f 5035 5036 5037
f 5038 5039 5040
f 5041 5042 5043
f 5044 5045 5046
f 5047 5048 5049
f 5050 5051 5052
f 5053 5054 5055
f 5056 5057 5058
f 5059 5060 5061
f 5062 5063 5064
f 5065 5066 5067
f 5068 5069 5070
f 5071 5072 5073
f 5074 5075 5076
f 5077 5078 5079
f 5080 5081 5082
f 5083 5084 5085
f 5086 5087 5088
f 5089 5090 5091
f 5092 5093 5094
f 5095 5096 5097
f 5098 5099 5100
f 5101 5102 5103
f 5104 5105 5106
f 5107 5108 5109
f 5110 5111 5112
f 5113 5114 5115
f 5116 5117 5118
f 5119 5120 5121
f 5122 5123 5124
f 5125 5126 5127
f 5128 5129 5130
f 5131 5132 5133
f 5134 5135 5136
f 5137 5138 5139
f 5140 5141 5142
f 5143 5144 5145
f 5146 5147 5148
f 5149 5150 5151
f 5152 5153 5154
f 5155 5156 5157
f 5158 5159 5160
f 5161 5162 5163
f 5164 5165 5166
f 5167 5168 5169
f 5170 5171 5172
f 5173 5174 5175
f 5176 5177 5178
f 5179 5180 5181
f 5182 5183 5184
f 5185 5186 5187
f 5188 5189 5190
f 5191 5192 5193
f 5194 5195 5196
f 5197 5198 5199
f 5200 5201 5202
f 5203 5204 5205
f 5206 5207 5208
f 5209 5210 5211
f 5212 5213 5214
f 5215 5216 5217
f 5218 5219 5220
f 5221 5222 5223
f 5224 5225 5226
f 5227 5228 5229
f 5230 5231 5232
f 5233 5234 5235
f 5236 5237 5238
f 5239 5240 5241
f 5242 5243 5244
f 5245 5246 5247
f 5248 5249 5250
f 5251 5252 5253
f 5254 5255 5256
f 5257 5258 5259
f 5260 5261 5262
f 5263 5264 5265
f 5266 5267 5268
f 5269 5270 5271
f 5272 5273 5274
f 5275 5276 5277
f 5278 5279 5280
f 5281 5282 5283
f 5284 5285 5286
f 5287 5288 5289
f 5290 5291 5292
f 5293 5294 5295
f 5296 5297 5298
f 5299 5300 5301
f 5302 5303 5304
f 5305 5306 5307
f 5308 5309 5310
f 5311 5312 5313
f 5314 5315 5316
f 5317 5318 5319
f 5320 5321 5322
f 5323 5324 5325
f 5326 5327 5328
f 5329 5330 5331
f 5332 5333 5334
f 5335 5336 5337
f 5338 5339 5340
f 5341 5342 5343
f 5344 5345 5346
f 5347 5348 5349
f 5350 5351 5352
f 5353 5354 5355
f 5356 5357 5358
f 5359 5360 5361
f 5362 5363 5364
f 5365 5366 5367
f 5368 5369 5370
f 5371 5372 5373
f 5374 5375 5376
f 5377 5378 5379
f 5380 5381 5382
f 5383 5384 5385
f 5386 5387 5388
f 5389 5390 5391
f 5392 5393 5394
f 5395 5396 5397
f 5398 5399 5400
f 5401 5402 5403
f 5404 5405 5406
f 5407 5408 5409
f 5410 5411 5412
f 5413 5414 5415
f 5416 5417 5418
f 5419 5420 5421
f 5422 5423 5424
f 5425 5426 5427
f 5428 5429 5430
f 5431 5432 5433
f 5434 5435 5436
f 5437 5438 5439
f 5440 5441 5442
f 5443 5444 5445
f 5446 5447 5448
f 5449 5450 5451
f 5452 5453 5454
f 5455 5456 5457
f 5458 5459 5460
f 5461 5462 5463
f 5464 5465 5466
f 5467 5468 5469
f 5470 5471 5472
f 5473 5474 5475
f 5476 5477 5478
f 5479 5480 5481
f 5482 5483 5484
f 5485 5486 5487
f 5488 5489 5490
f 5491 5492 5493
f 5494 5495 5496
f 5497 5498 5499
f 5500 5501 5502
f 5503 5504 5505
f 5506 5507 5508
f 5509 5510 5511
f 5512 5513 5514
f 5515 5516 5517
f 5518 5519 5520
f 5521 5522 5523
f 5524 5525 5526
f 5527 5528 5529
f 5530 5531 5532
f 5533 5534 5535
f 5536 5537 5538
f 5539 5540 5541
f 5542 5543 5544
f 5545 5546 5547
f 5548 5549 5550
f 5551 5552 5553
f 5554 5555 5556
f 5557 5558 5559
f 5560 5561 5562
f 5563 5564 5565
f 5566 5567 5568
f 5569 5570 5571
f 5572 5573 5574
f 5575 5576 5577
f 5578 5579 5580
f 5581 5582 5583
f 5584 5585 5586
f 5587 5588 5589
f 5590 5591 5592
f 5593 5594 5595
f 5596 5597 5598
f 5599 5600 5601
f 5602 5603 5604
f 5605 5606 5607
f 5608 5609 5610
f 5611 5612 5613
f 5614 5615 5616
f 5617 5618 5619
f 5620 5621 5622
f 5623 5624 5625
f 5626 5627 5628
f 5629 5630 5631
f 5632 5633 5634
f 5635 5636 5637
f 5638 5639 5640
f 5641 5642 5643
f 5644 5645 5646
f 5647 5648 5649
f 5650 5651 5652
f 5653 5654 5655
f 5656 5657 5658
f 5659 5660 5661
f 5662 5663 5664
f 5665 5666 5667
f 5668 5669 5670
f 5671 5672 5673
f 5674 5675 5676
f 5677 5678 5679
f 5680 5681 5682
f 5683 5684 5685
f 5686 5687 5688
f 5689 5690 5691
f 5692 5693 5694
f 5695 5696 5697
f 5698 5699 5700
f 5701 5702 5703
f 5704 5705 5706
f 5707 5708 5709
f 5710 5711 5712
f 5713 5714 5715
f 5716 5717 5718
f 5719 5720 5721
f 5722 5723 5724
f 5725 5726 5727
f 5728 5729 5730
f 5731 5732 5733
f 5734 5735 5736
f 5737 5738 5739
f 5740 5741 5742
f 5743 5744 5745
f 5746 5747 5748
f 5749 5750 5751
f 5752 5753 5754
f 5755 5756 5757
f 5758 5759 5760
f 5761 5762 5763
f 5764 5765 5766
f 5767 5768 5769
f 5770 5771 5772
f 5773 5774 5775
f 5776 5777 5778
f 5779 5780 5781
f 5782 5783 5784
f 5785 5786 5787
f 5788 5789 5790
f 5791 5792 5793
f 5794 5795 5796
f 5797 5798 5799
f 5800 5801 5802
f 5803 5804 5805
f 5806 5807 5808
f 5809 5810 5811
f 5812 5813 5814
f 5815 5816 5817
f 5818 5819 5820
f 5821 5822 5823
f 5824 5825 5826
f 5827 5828 5829
f 5830 5831 5832
f 5833 5834 5835
f 5836 5837 5838
f 5839 5840 5841
f 5842 5843 5844
f 5845 5846 5847
f 5848 5849 5850
f 5851 5852 5853
f 5854 5855 5856
f 5857 5858 5859
f 5860 5861 5862
f 5863 5864 5865
f 5866 5867 5868
f 5869 5870 5871
f 5872 5873 5874
f 5875 5876 5877
f 5878 5879 5880
f 5881 5882 5883
f 5884 5885 5886
f 5887 5888 5889
f 5890 5891 5892
f 5893 5894 5895
f 5896 5897 5898
f 5899 5900 5901
f 5902 5903 5904
f 5905 5906 5907
f 5908 5909 5910
f 5911 5912 5913
f 5914 5915 5916
f 5917 5918 5919
f 5920 5921 5922
f 5923 5924 5925
f 5926 5927 5928
f 5929 5930 5931
f 5932 5933 5934
f 5935 5936 5937
f 5938 5939 5940
f 5941 5942 5943
f 5944 5945 5946
f 5947 5948 5949
f 5950 5951 5952
f 5953 5954 5955
f 5956 5957 5958
f 5959 5960 5961
f 5962 5963 5964
f 5965 5966 5967
f 5968 5969 5970
f 5971 5972 5973
f 5974 5975 5976
f 5977 5978 5979
f 5980 5981 5982
f 5983 5984 5985
f 5986 5987 5988
f 5989 5990 5991
f 5992 5993 5994
f 5995 5996 5997
f 5998 5999 6000
f 6001 6002 6003
f 6004 6005 6006
f 6007 6008 6009
f 6010 6011 6012
f 6013 6014 6015
f 6016 6017 6018
f 6019 6020 6021
f 6022 6023 6024
f 6025 6026 6027
f 6028 6029 6030
f 6031 6032 6033
f 6034 6035 6036
f 6037 6038 6039
f 6040 6041 6042
f 6043 6044 6045
f 6046 6047 6048
f 6049 6050 6051
f 6052 6053 6054
f 6055 6056 6057
f 6058 6059 6060
f 6061 6062 6063
f 6064 6065 6066
f 6067 6068 6069
f 6070 6071 6072
f 6073 6074 6075
f 6076 6077 6078
f 6079 6080 6081
f 6082 6083 6084
f 6085 6086 6087
f 6088 6089 6090
f 6091 6092 6093
f 6094 6095 6096
f 6097 6098 6099
f 6100 6101 6102
f 6103 6104 6105
f 6106 6107 6108
f 6109 6110 6111
f 6112 6113 6114
f 6115 6116 6117
f 6118 6119 6120
f 6121 6122 6123
f 6124 6125 6126
f 6127 6128 6129
f 6130 6131 6132
f 6133 6134 6135
f 6136 6137 6138
f 6139 6140 6141
f 6142 6143 6144
f 6145 6146 6147
f 6148 6149 6150
f 6151 6152 6153
f 6154 6155 6156
f 6157 6158 6159
f 6160 6161 6162
f 6163 6164 6165
f 6166 6167 6168
f 6169 6170 6171
f 6172 6173 6174
f 6175 6176 6177
f 6178 6179 6180
f 6181 6182 6183
f 6184 6185 6186
f 6187 6188 6189
f 6190 6191 6192
f 6193 6194 6195
f 6196 6197 6198
f 6199 6200 6201
f 6202 6203 6204
f 6205 6206 6207
f 6208 6209 6210
f 6211 6212 6213
f 6214 6215 6216
f 6217 6218 6219
f 6220 6221 6222
f 6223 6224 6225
f 6226 6227 6228
f 6229 6230 6231
f 6232 6233 6234
f 6235 6236 6237
f 6238 6239 6240
f 6241 6242 6243
f 6244 6245 6246
f 6247 6248 6249
f 6250 6251 6252
f 6253 6254 6255
f 6256 6257 6258
f 6259 6260 6261
f 6262 6263 6264
f 6265 6266 6267
f 6268 6269 6270
f 6271 6272 6273
f 6274 6275 6276
f 6277 6278 6279
f 6280 6281 6282
f 6283 6284 6285
f 6286 6287 6288
f 6289 6290 6291
f 6292 6293 6294
f 6295 6296 6297
f 6298 6299 6300
f 6301 6302 6303
f 6304 6305 6306
f 6307 6308 6309
f 6310 6311 6312
f 6313 6314 6315
f 6316 6317 6318
f 6319 6320 6321
f 6322 6323 6324
f 6325 6326 6327
f 6328 6329 6330
f 6331 6332 6333
f 6334 6335 6336
f 6337 6338 6339
f 6340 6341 6342
f 6343 6344 6345
f 6346 6347 6348
f 6349 6350 6351
f 6352 6353 6354
f 6355 6356 6357
f 6358 6359 6360
f 6361 6362 6363
f 6364 6365 6366
f 6367 6368 6369
f 6370 6371 6372
f 6373 6374 6375
f 6376 6377 6378
f 6379 6380 6381
f 6382 6383 6384
f 6385 6386 6387
f 6388 6389 6390
f 6391 6392 6393
f 6394 6395 6396
f 6397 6398 6399
f 6400 6401 6402
f 6403 6404 6405
f 6406 6407 6408
f 6409 6410 6411
f 6412 6413 6414
f 6415 6416 6417
f 6418 6419 6420
f 6421 6422 6423
f 6424 6425 6426
f 6427 6428 6429
f 6430 6431 6432
f 6433 6434 6435
f 6436 6437 6438
f 6439 6440 6441
f 6442 6443 6444
f 6445 6446 6447
f 6448 6449 6450
f 6451 6452 6453
f 6454 6455 6456
f 6457 6458 6459
f 6460 6461 6462
f 6463 6464 6465
f 6466 6467 6468
f 6469 6470 6471
f 6472 6473 6474
f 6475 6476 6477
f 6478 6479 6480
f 6481 6482 6483
f 6484 6485 6486
f 6487 6488 6489
f 6490 6491 6492
f 6493 6494 6495
f 6496 6497 6498
f 6499 6500 6501
f 6502 6503 6504
f 6505 6506 6507
f 6508 6509 6510
f 6511 6512 6513
f 6514 6515 6516
f 6517 6518 6519
f 6520 6521 6522
f 6523 6524 6525
f 6526 6527 6528
f 6529 6530 6531
f 6532 6533 6534
f 6535 6536 6537
f 6538 6539 6540
f 6541 6542 6543
f 6544 6545 6546
f 6547 6548 6549
f 6550 6551 6552
f 6553 6554 6555
f 6556 6557 6558
f 6559 6560 6561
f 6562 6563 6564
f 6565 6566 6567
f 6568 6569 6570
f 6571 6572 6573
f 6574 6575 6576
f 6577 6578 6579
f 6580 6581 6582
f 6583 6584 6585
f 6586 6587 6588
f 6589 6590 6591
f 6592 6593 6594
f 6595 6596 6597
f 6598 6599 6600
f 6601 6602 6603
f 6604 6605 6606
f 6607 6608 6609
f 6610 6611 6612
f 6613 6614 6615
f 6616 6617 6618
f 6619 6620 6621
f 6622 6623 6624
f 6625 6626 6627
f 6628 6629 6630
f 6631 6632 6633
f 6634 6635 6636
f 6637 6638 6639
f 6640 6641 6642
f 6643 6644 6645
f 6646 6647 6648
f 6649 6650 6651
f 6652 6653 6654
f 6655 6656 6657
f 6658 6659 6660
f 6661 6662 6663
f 6664 6665 6666
f 6667 6668 6669
f 6670 6671 6672
f 6673 6674 6675
f 6676 6677 6678
f 6679 6680 6681
f 6682 6683 6684
f 6685 6686 6687
f 6688 6689 6690
f 6691 6692 6693
f 6694 6695 6696
f 6697 6698 6699
f 6700 6701 6702
f 6703 6704 6705
f 6706 6707 6708
f 6709 6710 6711
f 6712 6713 6714
f 6715 6716 6717
f 6718 6719 6720
f 6721 6722 6723
f 6724 6725 6726
f 6727 6728 6729
f 6730 6731 6732
f 6733 6734 6735
f 6736 6737 6738
f 6739 6740 6741
f 6742 6743 6744
f 6745 6746 6747
f 6748 6749 6750
f 6751 6752 6753
f 6754 6755 6756
f 6757 6758 6759
f 6760 6761 6762
f 6763 6764 6765
f 6766 6767 6768
f 6769 6770 6771
f 6772 6773 6774
f 6775 6776 6777
f 6778 6779 6780
f 6781 6782 6783
f 6784 6785 6786
f 6787 6788 6789
f 6790 6791 6792
f 6793 6794 6795
f 6796 6797 6798
f 6799 6800 6801
f 6802 6803 6804
f 6805 6806 6807
f 6808 6809 6810
f 6811 6812 6813
f 6814 6815 6816
f 6817 6818 6819
f 6820 6821 6822
f 6823 6824 6825
f 6826 6827 6828
f 6829 6830 6831
f 6832 6833 6834
f 6835 6836 6837
f 6838 6839 6840
f 6841 6842 6843
f 6844 6845 6846
f 6847 6848 6849
f 6850 6851 6852
f 6853 6854 6855
f 6856 6857 6858
f 6859 6860 6861
f 6862 6863 6864
f 6865 6866 6867
f 6868 6869 6870
f 6871 6872 6873
f 6874 6875 6876
f 6877 6878 6879
f 6880 6881 6882
f 6883 6884 6885
f 6886 6887 6888
f 6889 6890 6891
f 6892 6893 6894
f 6895 6896 6897
f 6898 6899 6900
f 6901 6902 6903
f 6904 6905 6906
f 6907 6908 6909
f 6910 6911 6912
f 6913 6914 6915
f 6916 6917 6918
f 6919 6920 6921
f 6922 6923 6924
f 6925 6926 6927
f 6928 6929 6930
f 6931 6932 6933
f 6934 6935 6936
f 6937 6938 6939
f 6940 6941 6942
f 6943 6944 6945
f 6946 6947 6948
f 6949 6950 6951
f 6952 6953 6954
f 6955 6956 6957
f 6958 6959 6960
f 6961 6962 6963
f 6964 6965 6966
f 6967 6968 6969
f 6970 6971 6972
f 6973 6974 6975
f 6976 6977 6978
f 6979 6980 6981
f 6982 6983 6984
f 6985 6986 6987
f 6988 6989 6990
f 6991 6992 6993
f 6994 6995 6996
f 6997 6998 6999
f 7000 7001 7002
f 7003 7004 7005
f 7006 7007 7008
f 7009 7010 7011
f 7012 7013 7014
f 7015 7016 7017
f 7018 7019 7020
f 7021 7022 7023
f 7024 7025 7026
f 7027 7028 7029
f 7030 7031 7032
f 7033 7034 7035
f 7036 7037 7038
f 7039 7040 7041
f 7042 7043 7044
f 7045 7046 7047
f 7048 7049 7050
f 7051 7052 7053
f 7054 7055 7056
f 7057 7058 7059
f 7060 7061 7062
f 7063 7064 7065
f 7066 7067 7068
f 7069 7070 7071
f 7072 7073 7074
f 7075 7076 7077
f 7078 7079 7080
f 7081 7082 7083
f 7084 7085 7086
f 7087 7088 7089
f 7090 7091 7092
f 7093 7094 7095
f 7096 7097 7098
f 7099 7100 7101
f 7102 7103 7104
f 7105 7106 7107
f 7108 7109 7110
f 7111 7112 7113
f 7114 7115 7116
f 7117 7118 7119
f 7120 7121 7122
f 7123 7124 7125
f 7126 7127 7128
f 7129 7130 7131
f 7132 7133 7134
f 7135 7136 7137
f 7138 7139 7140
f 7141 7142 7143
f 7144 7145 7146
f 7147 7148 7149
f 7150 7151 7152
f 7153 7154 7155
f 7156 7157 7158
f 7159 7160 7161
f 7162 7163 7164
f 7165 7166 7167
f 7168 7169 7170
f 7171 7172 7173
f 7174 7175 7176
f 7177 7178 7179
f 7180 7181 7182
f 7183 7184 7185
f 7186 7187 7188
f 7189 7190 7191
f 7192 7193 7194
f 7195 7196 7197
f 7198 7199 7200
f 7201 7202 7203
f 7204 7205 7206
f 7207 7208 7209
f 7210 7211 7212
f 7213 7214 7215
f 7216 7217 7218
f 7219 7220 7221
f 7222 7223 7224
f 7225 7226 7227
f 7228 7229 7230
f 7231 7232 7233
f 7234 7235 7236
f 7237 7238 7239
f 7240 7241 7242
f 7243 7244 7245
f 7246 7247 7248
f 7249 7250 7251
f 7252 7253 7254
f 7255 7256 7257
f 7258 7259 7260
f 7261 7262 7263
f 7264 7265 7266
f 7267 7268 7269
f 7270 7271 7272
f 7273 7274 7275
f 7276 7277 7278
f 7279 7280 7281
f 7282 7283 7284
f 7285 7286 7287
f 7288 7289 7290
f 7291 7292 7293
f 7294 7295 7296
f 7297 7298 7299
f 7300 7301 7302
f 7303 7304 7305
f 7306 7307 7308
f 7309 7310 7311
f 7312 7313 7314
f 7315 7316 7317
f 7318 7319 7320
f 7321 7322 7323
f 7324 7325 7326
f 7327 7328 7329
f 7330 7331 7332
f 7333 7334 7335
f 7336 7337 7338
f 7339 7340 7341
f 7342 7343 7344
f 7345 7346 7347
f 7348 7349 7350
f 7351 7352 7353
f 7354 7355 7356
f 7357 7358 7359
f 7360 7361 7362
f 7363 7364 7365
f 7366 7367 7368
f 7369 7370 7371
f 7372 7373 7374
f 7375 7376 7377
f 7378 7379 7380
f 7381 7382 7383
f 7384 7385 7386
f 7387 7388 7389
f 7390 7391 7392
f 7393 7394 7395
f 7396 7397 7398
f 7399 7400 7401
f 7402 7403 7404
f 7405 7406 7407
f 7408 7409 7410
f 7411 7412 7413
f 7414 7415 7416
f 7417 7418 7419
f 7420 7421 7422
f 7423 7424 7425
f 7426 7427 7428
f 7429 7430 7431
f 7432 7433 7434
f 7435 7436 7437
f 7438 7439 7440
f 7441 7442 7443
f 7444 7445 7446
f 7447 7448 7449
f 7450 7451 7452
f 7453 7454 7455
f 7456 7457 7458
f 7459 7460 7461
f 7462 7463 7464
f 7465 7466 7467
f 7468 7469 7470
f 7471 7472 7473
f 7474 7475 7476
f 7477 7478 7479
f 7480 7481 7482
f 7483 7484 7485
f 7486 7487 7488
f 7489 7490 7491
f 7492 7493 7494
f 7495 7496 7497
f 7498 7499 7500
f 7501 7502 7503
f 7504 7505 7506
f 7507 7508 7509
f 7510 7511 7512
f 7513 7514 7515
f 7516 7517 7518
f 7519 7520 7521
f 7522 7523 7524
f 7525 7526 7527
f 7528 7529 7530
f 7531 7532 7533
f 7534 7535 7536
f 7537 7538 7539
f 7540 7541 7542
f 7543 7544 7545
f 7546 7547 7548
f 7549 7550 7551
f 7552 7553 7554
f 7555 7556 7557
f 7558 7559 7560
f 7561 7562 7563
f 7564 7565 7566
f 7567 7568 7569
f 7570 7571 7572
f 7573 7574 7575
f 7576 7577 7578
f 7579 7580 7581
f 7582 7583 7584
f 7585 7586 7587
f 7588 7589 7590
f 7591 7592 7593
f 7594 7595 7596
f 7597 7598 7599
f 7600 7601 7602
f 7603 7604 7605
f 7606 7607 7608
f 7609 7610 7611
f 7612 7613 7614
f 7615 7616 7617
f 7618 7619 7620
f 7621 7622 7623
f 7624 7625 7626
f 7627 7628 7629
f 7630 7631 7632
f 7633 7634 7635
f 7636 7637 7638
f 7639 7640 7641
f 7642 7643 7644
f 7645 7646 7647
f 7648 7649 7650
f 7651 7652 7653
f 7654 7655 7656
f 7657 7658 7659
f 7660 7661 7662
f 7663 7664 7665
f 7666 7667 7668
f 7669 7670 7671
f 7672 7673 7674
f 7675 7676 7677
f 7678 7679 7680
f 7681 7682 7683
f 7684 7685 7686
f 7687 7688 7689
f 7690 7691 7692
f 7693 7694 7695
f 7696 7697 7698
f 7699 7700 7701
f 7702 7703 7704
f 7705 7706 7707
f 7708 7709 7710
f 7711 7712 7713
f 7714 7715 7716
f 7717 7718 7719
f 7720 7721 7722
f 7723 7724 7725
f 7726 7727 7728
f 7729 7730 7731
f 7732 7733 7734
f 7735 7736 7737
f 7738 7739 7740
f 7741 7742 7743
f 7744 7745 7746
f 7747 7748 7749
f 7750 7751 7752
f 7753 7754 7755
f 7756 7757 7758
f 7759 7760 7761
f 7762 7763 7764
f 7765 7766 7767
f 7768 7769 7770
f 7771 7772 7773
f 7774 7775 7776
f 7777 7778 7779
f 7780 7781 7782
f 7783 7784 7785
f 7786 7787 7788
f 7789 7790 7791
f 7792 7793 7794
f 7795 7796 7797
f 7798 7799 7800
f 7801 7802 7803
f 7804 7805 7806
f 7807 7808 7809
f 7810 7811 7812
f 7813 7814 7815
f 7816 7817 7818
f 7819 7820 7821
f 7822 7823 7824
f 7825 7826 7827
f 7828 7829 7830
f 7831 7832 7833
f 7834 7835 7836
f 7837 7838 7839
f 7840 7841 7842
f 7843 7844 7845
f 7846 7847 7848
f 7849 7850 7851
f 7852 7853 7854
f 7855 7856 7857
f 7858 7859 7860
f 7861 7862 7863
f 7864 7865 7866
f 7867 7868 7869
f 7870 7871 7872
f 7873 7874 7875
f 7876 7877 7878
f 7879 7880 7881
f 7882 7883 7884
f 7885 7886 7887
f 7888 7889 7890
f 7891 7892 7893
f 7894 7895 7896
f 7897 7898 7899
f 7900 7901 7902
f 7903 7904 7905
f 7906 7907 7908
f 7909 7910 7911
f 7912 7913 7914
f 7915 7916 7917
f 7918 7919 7920
f 7921 7922 7923
f 7924 7925 7926
f 7927 7928 7929
f 7930 7931 7932
f 7933 7934 7935
f 7936 7937 7938
f 7939 7940 7941
f 7942 7943 7944
f 7945 7946 7947
f 7948 7949 7950
f 7951 7952 7953
f 7954 7955 7956
f 7957 7958 7959
f 7960 7961 7962
f 7963 7964 7965
f 7966 7967 7968
f 7969 7970 7971
f 7972 7973 7974
f 7975 7976 7977
f 7978 7979 7980
f 7981 7982 7983
f 7984 7985 7986
f 7987 7988 7989
f 7990 7991 7992
f 7993 7994 7995
f 7996 7997 7998
f 7999 8000 8001
f 8002 8003 8004
f 8005 8006 8007
f 8008 8009 8010
f 8011 8012 8013
f 8014 8015 8016
f 8017 8018 8019
f 8020 8021 8022
f 8023 8024 8025
f 8026 8027 8028
f 8029 8030 8031
f 8032 8033 8034
f 8035 8036 8037
f 8038 8039 8040
f 8041 8042 8043
f 8044 8045 8046
f 8047 8048 8049
f 8050 8051 8052
f 8053 8054 8055
f 8056 8057 8058
f 8059 8060 8061
f 8062 8063 8064
f 8065 8066 8067
f 8068 8069 8070
f 8071 8072 8073
f 8074 8075 8076
f 8077 8078 8079
f 8080 8081 8082
f 8083 8084 8085
f 8086 8087 8088
f 8089 8090 8091
f 8092 8093 8094
f 8095 8096 8097
f 8098 8099 8100
f 8101 8102 8103
f 8104 8105 8106
f 8107 8108 8109
f 8110 8111 8112
f 8113 8114 8115
f 8116 8117 8118
f 8119 8120 8121
f 8122 8123 8124
f 8125 8126 8127
f 8128 8129 8130
f 8131 8132 8133
f 8134 8135 8136
f 8137 8138 8139
f 8140 8141 8142
f 8143 8144 8145
f 8146 8147 8148
f 8149 8150 8151
f 8152 8153 8154
f 8155 8156 8157
f 8158 8159 8160
f 8161 8162 8163
f 8164 8165 8166
f 8167 8168 8169
f 8170 8171 8172
f 8173 8174 8175
f 8176 8177 8178
f 8179 8180 8181
f 8182 8183 8184
f 8185 8186 8187
f 8188 8189 8190
f 8191 8192 8193
f 8194 8195 8196
f 8197 8198 8199
f 8200 8201 8202
f 8203 8204 8205
f 8206 8207 8208
f 8209 8210 8211
f 8212 8213 8214
f 8215 8216 8217
f 8218 8219 8220
f 8221 8222 8223
f 8224 8225 8226
f 8227 8228 8229
f 8230 8231 8232
f 8233 8234 8235
f 8236 8237 8238
f 8239 8240 8241
f 8242 8243 8244
f 8245 8246 8247
f 8248 8249 8250
f 8251 8252 8253
f 8254 8255 8256
f 8257 8258 8259
f 8260 8261 8262
f 8263 8264 8265
f 8266 8267 8268
f 8269 8270 8271
f 8272 8273 8274
f 8275 8276 8277
f 8278 8279 8280
f 8281 8282 8283
f 8284 8285 8286
f 8287 8288 8289
f 8290 8291 8292
f 8293 8294 8295
f 8296 8297 8298
f 8299 8300 8301
f 8302 8303 8304
f 8305 8306 8307
f 8308 8309 8310
f 8311 8312 8313
f 8314 8315 8316
f 8317 8318 8319
f 8320 8321 8322
f 8323 8324 8325
f 8326 8327 8328
f 8329 8330 8331
f 8332 8333 8334
f 8335 8336 8337
f 8338 8339 8340
f 8341 8342 8343
f 8344 8345 8346
f 8347 8348 8349
f 8350 8351 8352
f 8353 8354 8355
f 8356 8357 8358
f 8359 8360 8361
f 8362 8363 8364
f 8365 8366 8367
f 8368 8369 8370
f 8371 8372 8373
f 8374 8375 8376
f 8377 8378 8379
f 8380 8381 8382
f 8383 8384 8385
f 8386 8387 8388
f 8389 8390 8391
f 8392 8393 8394
f 8395 8396 8397
f 8398 8399 8400
f 8401 8402 8403
f 8404 8405 8406
f 8407 8408 8409
f 8410 8411 8412
f 8413 8414 8415
f 8416 8417 8418
f 8419 8420 8421
f 8422 8423 8424
f 8425 8426 8427
f 8428 8429 8430
f 8431 8432 8433
f 8434 8435 8436
f 8437 8438 8439
f 8440 8441 8442
f 8443 8444 8445
f 8446 8447 8448
f 8449 8450 8451
f 8452 8453 8454
f 8455 8456 8457
f 8458 8459 8460
f 8461 8462 8463
f 8464 8465 8466
f 8467 8468 8469
f 8470 8471 8472
f 8473 8474 8475
f 8476 8477 8478
f 8479 8480 8481
f 8482 8483 8484
f 8485 8486 8487
f 8488 8489 8490
f 8491 8492 8493
f 8494 8495 8496
f 8497 8498 8499
f 8500 8501 8502
f 8503 8504 8505
f 8506 8507 8508
f 8509 8510 8511
f 8512 8513 8514
f 8515 8516 8517
f 8518 8519 8520
f 8521 8522 8523
f 8524 8525 8526
f 8527 8528 8529
f 8530 8531 8532
f 8533 8534 8535
f 8536 8537 8538
f 8539 8540 8541
f 8542 8543 8544
f 8545 8546 8547
f 8548 8549 8550
f 8551 8552 8553
f 8554 8555 8556
f 8557 8558 8559
f 8560 8561 8562
f 8563 8564 8565
f 8566 8567 8568
f 8569 8570 8571
f 8572 8573 8574
f 8575 8576 8577
f 8578 8579 8580
f 8581 8582 8583
f 8584 8585 8586
f 8587 8588 8589
f 8590 8591 8592
f 8593 8594 8595
f 8596 8597 8598
f 8599 8600 8601
f 8602 8603 8604
f 8605 8606 8607
f 8608 8609 8610
f 8611 8612 8613
f 8614 8615 8616
f 8617 8618 8619
f 8620 8621 8622
f 8623 8624 8625
f 8626 8627 8628
f 8629 8630 8631
f 8632 8633 8634
f 8635 8636 8637
f 8638 8639 8640
f 8641 8642 8643
f 8644 8645 8646
f 8647 8648 8649
f 8650 8651 8652
f 8653 8654 8655
f 8656 8657 8658
f 8659 8660 8661
f 8662 8663 8664
f 8665 8666 8667
f 8668 8669 8670
f 8671 8672 8673
f 8674 8675 8676
f 8677 8678 8679
f 8680 8681 8682
f 8683 8684 8685
f 8686 8687 8688
f 8689 8690 8691
f 8692 8693 8694
f 8695 8696 8697
f 8698 8699 8700
f 8701 8702 8703
f 8704 8705 8706
f 8707 8708 8709
f 8710 8711 8712
f 8713 8714 8715
f 8716 8717 8718
f 8719 8720 8721
f 8722 8723 8724
f 8725 8726 8727
f 8728 8729 8730
f 8731 8732 8733
f 8734 8735 8736
f 8737 8738 8739
f 8740 8741 8742
f 8743 8744 8745
f 8746 8747 8748
f 8749 8750 8751
f 8752 8753 8754
f 8755 8756 8757
f 8758 8759 8760
f 8761 8762 8763
f 8764 8765 8766
f 8767 8768 8769
f 8770 8771 8772
f 8773 8774 8775
f 8776 8777 8778
f 8779 8780 8781
f 8782 8783 8784
f 8785 8786 8787
f 8788 8789 8790
f 8791 8792 8793
f 8794 8795 8796
f 8797 8798 8799
f 8800 8801 8802
f 8803 8804 8805
f 8806 8807 8808
f 8809 8810 8811
f 8812 8813 8814
f 8815 8816 8817
f 8818 8819 8820
f 8821 8822 8823
f 8824 8825 8826
f 8827 8828 8829
f 8830 8831 8832
f 8833 8834 8835
f 8836 8837 8838
f 8839 8840 8841
f 8842 8843 8844
f 8845 8846 8847
f 8848 8849 8850
f 8851 8852 8853
f 8854 8855 8856
f 8857 8858 8859
f 8860 8861 8862
f 8863 8864 8865
f 8866 8867 8868
f 8869 8870 8871
f 8872 8873 8874
f 8875 8876 8877
f 8878 8879 8880
f 8881 8882 8883
f 8884 8885 8886
f 8887 8888 8889
f 8890 8891 8892
f 8893 8894 8895
f 8896 8897 8898
f 8899 8900 8901
f 8902 8903 8904
f 8905 8906 8907
f 8908 8909 8910
f 8911 8912 8913
f 8914 8915 8916
f 8917 8918 8919
f 8920 8921 8922
f 8923 8924 8925
f 8926 8927 8928
f 8929 8930 8931
f 8932 8933 8934
f 8935 8936 8937
f 8938 8939 8940
f 8941 8942 8943
f 8944 8945 8946
f 8947 8948 8949
f 8950 8951 8952
f 8953 8954 8955
f 8956 8957 8958
f 8959 8960 8961
f 8962 8963 8964
f 8965 8966 8967
f 8968 8969 8970
f 8971 8972 8973
f 8974 8975 8976
f 8977 8978 8979
f 8980 8981 8982
f 8983 8984 8985
f 8986 8987 8988
f 8989 8990 8991
f 8992 8993 8994
f 8995 8996 8997
f 8998 8999 9000
f 9001 9002 9003
f 9004 9005 9006
f 9007 9008 9009
f 9010 9011 9012
f 9013 9014 9015
f 9016 9017 9018
f 9019 9020 9021
f 9022 9023 9024
f 9025 9026 9027
f 9028 9029 9030
f 9031 9032 9033
f 9034 9035 9036
f 9037 9038 9039
f 9040 9041 9042
f 9043 9044 9045
f 9046 9047 9048
f 9049 9050 9051
f 9052 9053 9054
f 9055 9056 9057
f 9058 9059 9060
f 9061 9062 9063
f 9064 9065 9066
f 9067 9068 9069
f 9070 9071 9072
f 9073 9074 9075
f 9076 9077 9078
f 9079 9080 9081
f 9082 9083 9084
f 9085 9086 9087
f 9088 9089 9090
f 9091 9092 9093
f 9094 9095 9096
f 9097 9098 9099
f 9100 9101 9102
f 9103 9104 9105
f 9106 9107 9108
f 9109 9110 9111
f 9112 9113 9114
f 9115 9116 9117
f 9118 9119 9120
f 9121 9122 9123
f 9124 9125 9126
f 9127 9128 9129
f 9130 9131 9132
f 9133 9134 9135
f 9136 9137 9138
f 9139 9140 9141
f 9142 9143 9144
f 9145 9146 9147
f 9148 9149 9150
f 9151 9152 9153
f 9154 9155 9156
f 9157 9158 9159
f 9160 9161 9162
f 9163 9164 9165
f 9166 9167 9168
f 9169 9170 9171
f 9172 9173 9174
f 9175 9176 9177
f 9178 9179 9180
f 9181 9182 9183
f 9184 9185 9186
f 9187 9188 9189
f 9190 9191 9192
f 9193 9194 9195
f 9196 9197 9198
f 9199 9200 9201
f 9202 9203 9204
f 9205 9206 9207
f 9208 9209 9210
f 9211 9212 9213
f 9214 9215 9216
f 9217 9218 9219
f 9220 9221 9222
f 9223 9224 9225
f 9226 9227 9228
f 9229 9230 9231
f 9232 9233 9234
f 9235 9236 9237
f 9238 9239 9240
f 9241 9242 9243
f 9244 9245 9246
f 9247 9248 9249
f 9250 9251 9252
f 9253 9254 9255
f 9256 9257 9258
f 9259 9260 9261
f 9262 9263 9264
f 9265 9266 9267
f 9268 9269 9270
f 9271 9272 9273
f 9274 9275 9276
f 9277 9278 9279
f 9280 9281 9282
f 9283 9284 9285
f 9286 9287 9288
f 9289 9290 9291
f 9292 9293 9294
f 9295 9296 9297
f 9298 9299 9300
f 9301 9302 9303
f 9304 9305 9306
