mtllib R_middle_intermediate_collisions_Link18_R_mesh.mtl
v 0.0031356748659163726 -0.005322205834090709 -0.00805000029504299
v 0.0031356748659163726 -0.005322205834090709 -0.006550000049173831
v 0.003316394286230208 -0.005964838434010743 -0.00805000029504299
v 0.003316394286230208 -0.005964838434010743 -0.00805000029504299
v 0.0031356748659163726 -0.005322205834090709 -0.006550000049173831
v 0.003316394286230208 -0.005964838434010743 -0.006550000049173831
v 0.003316394286230208 -0.005964838434010743 -0.00805000029504299
v 0.003316394286230208 -0.005964838434010743 -0.006550000049173831
v 0.003758045844733717 -0.006465425714850425 -0.00805000029504299
v 0.003758045844733717 -0.006465425714850425 -0.00805000029504299
v 0.003316394286230208 -0.005964838434010743 -0.006550000049173831
v 0.003758045844733717 -0.006465425714850425 -0.006550000049173831
v 0.003758045844733717 -0.006465425714850425 -0.00805000029504299
v 0.003758045844733717 -0.006465425714850425 -0.006550000049173831
v 0.00437315506860614 -0.006724814418703317 -0.00805000029504299
v 0.00437315506860614 -0.006724814418703317 -0.00805000029504299
v 0.003758045844733717 -0.006465425714850425 -0.006550000049173831
v 0.00437315506860614 -0.006724814418703317 -0.006550000049173831
v 0.00437315506860614 -0.006724814418703317 -0.00805000029504299
v 0.00437315506860614 -0.006724814418703317 -0.006550000049173831
v 0.005039896350353959 -0.006691629532724618 -0.00805000029504299
v 0.005039896350353959 -0.006691629532724618 -0.00805000029504299
v 0.00437315506860614 -0.006724814418703317 -0.006550000049173831
v 0.005039896350353959 -0.006691629532724618 -0.006550000049173831
v 0.005039896350353959 -0.006691629532724618 -0.00805000029504299
v 0.005039896350353959 -0.006691629532724618 -0.006550000049173831
v 0.005626204423606398 -0.006372437346726655 -0.00805000029504299
v 0.005626204423606398 -0.006372437346726655 -0.00805000029504299
v 0.005039896350353959 -0.006691629532724618 -0.006550000049173831
v 0.005626204423606398 -0.006372437346726655 -0.006550000049173831
v 0.005626204423606398 -0.006372437346726655 -0.00805000029504299
v 0.005626204423606398 -0.006372437346726655 -0.006550000049173831
v 0.006015958264470103 -0.005830473266541957 -0.00805000029504299
v 0.006015958264470103 -0.005830473266541957 -0.00805000029504299
v 0.005626204423606398 -0.006372437346726655 -0.006550000049173831
v 0.006015958264470103 -0.005830473266541957 -0.006550000049173831
v 0.006015958264470103 -0.005830473266541957 -0.00805000029504299
v 0.006015958264470103 -0.005830473266541957 -0.006550000049173831
v 0.006131971720606091 -0.005173061974346637 -0.00805000029504299
v 0.006131971720606091 -0.005173061974346637 -0.00805000029504299
v 0.006015958264470103 -0.005830473266541957 -0.006550000049173831
v 0.006131971720606091 -0.005173061974346637 -0.006550000049173831
v 0.0014981471467763192 7.457312312908469e-05 -0.0019500000635161994
v 0.0014981471467763192 7.457312312908469e-05 -0.0034499999601393934
v 0.0013347191270440823 -0.0006844906602054833 -0.0019500000635161994
v 0.0013347191270440823 -0.0006844906602054833 -0.0019500000635161994
v 0.0014981471467763192 7.457312312908469e-05 -0.0034499999601393934
v 0.0013347191270440823 -0.0006844906602054833 -0.0034499999601393934
v 0.0013347191270440823 -0.0006844906602054833 -0.0019500000635161994
v 0.0013347191270440823 -0.0006844906602054833 -0.0034499999601393934
v 0.0008136518299579624 -0.0012601466150954364 -0.0019500000635161994
v 0.0008136518299579624 -0.0012601466150954364 -0.0019500000635161994
v 0.0013347191270440823 -0.0006844906602054833 -0.0034499999601393934
v 0.0008136518299579624 -0.0012601466150954364 -0.0034499999601393934
v 0.0008136518299579624 -0.0012601466150954364 -0.0019500000635161994
v 0.0008136518299579624 -0.0012601466150954364 -0.0034499999601393934
v 7.456780440406877e-05 -0.0014981430722400544 -0.0019500000635161994
v 7.456780440406877e-05 -0.0014981430722400544 -0.0019500000635161994
v 0.0008136518299579624 -0.0012601466150954364 -0.0034499999601393934
v 7.456780440406877e-05 -0.0014981430722400544 -0.0034499999601393934
v 7.456780440406877e-05 -0.0014981430722400544 -0.0019500000635161994
v 7.456780440406877e-05 -0.0014981430722400544 -0.0034499999601393934
v -0.0006844886229373518 -0.0013347164494916795 -0.0019500000635161994
v -0.0006844886229373518 -0.0013347164494916795 -0.0019500000635161994
v 7.456780440406877e-05 -0.0014981430722400544 -0.0034499999601393934
v -0.0006844886229373518 -0.0013347164494916795 -0.0034499999601393934
v -0.0006844886229373518 -0.0013347164494916795 -0.0019500000635161994
v -0.0006844886229373518 -0.0013347164494916795 -0.0034499999601393934
v -0.0012601459166035063 -0.0008136564283631741 -0.0019500000635161994
v -0.0012601459166035063 -0.0008136564283631741 -0.0019500000635161994
v -0.0006844886229373518 -0.0013347164494916795 -0.0034499999601393934
v -0.0012601459166035063 -0.0008136564283631741 -0.0034499999601393934
v -0.0012601459166035063 -0.0008136564283631741 -0.0019500000635161994
v -0.0012601459166035063 -0.0008136564283631741 -0.0034499999601393934
v -0.0014981424901634461 -7.457241736119612e-05 -0.0019500000635161994
v -0.0014981424901634461 -7.457241736119612e-05 -0.0019500000635161994
v -0.0012601459166035063 -0.0008136564283631741 -0.0034499999601393934
v -0.0014981424901634461 -7.457241736119612e-05 -0.0034499999601393934
v 0.0014981471467763192 7.457312312908469e-05 -0.006550000049173831
v 0.0014981471467763192 7.457312312908469e-05 -0.00805000029504299
v 0.0013347191270440823 -0.0006844906602054833 -0.006550000049173831
v 0.0013347191270440823 -0.0006844906602054833 -0.006550000049173831
v 0.0014981471467763192 7.457312312908469e-05 -0.00805000029504299
v 0.0013347191270440823 -0.0006844906602054833 -0.00805000029504299
v 0.0013347191270440823 -0.0006844906602054833 -0.006550000049173831
v 0.0013347191270440823 -0.0006844906602054833 -0.00805000029504299
v 0.0008136518299579624 -0.0012601466150954364 -0.006550000049173831
v 0.0008136518299579624 -0.0012601466150954364 -0.006550000049173831
v 0.0013347191270440823 -0.0006844906602054833 -0.00805000029504299
v 0.0008136518299579624 -0.0012601466150954364 -0.00805000029504299
v 0.0008136518299579624 -0.0012601466150954364 -0.006550000049173831
v 0.0008136518299579624 -0.0012601466150954364 -0.00805000029504299
v 7.456780440406877e-05 -0.0014981430722400544 -0.006550000049173831
v 7.456780440406877e-05 -0.0014981430722400544 -0.006550000049173831
v 0.0008136518299579624 -0.0012601466150954364 -0.00805000029504299
v 7.456780440406877e-05 -0.0014981430722400544 -0.00805000029504299
v 7.456780440406877e-05 -0.0014981430722400544 -0.006550000049173831
v 7.456780440406877e-05 -0.0014981430722400544 -0.00805000029504299
v -0.0006844886229373518 -0.0013347164494916795 -0.006550000049173831
v -0.0006844886229373518 -0.0013347164494916795 -0.006550000049173831
v 7.456780440406877e-05 -0.0014981430722400544 -0.00805000029504299
v -0.0006844886229373518 -0.0013347164494916795 -0.00805000029504299
v -0.0006844886229373518 -0.0013347164494916795 -0.006550000049173831
v -0.0006844886229373518 -0.0013347164494916795 -0.00805000029504299
v -0.0012601459166035063 -0.0008136564283631741 -0.006550000049173831
v -0.0012601459166035063 -0.0008136564283631741 -0.006550000049173831
v -0.0006844886229373518 -0.0013347164494916795 -0.00805000029504299
v -0.0012601459166035063 -0.0008136564283631741 -0.00805000029504299
v -0.0012601459166035063 -0.0008136564283631741 -0.006550000049173831
v -0.0012601459166035063 -0.0008136564283631741 -0.00805000029504299
v -0.0014981424901634461 -7.457241736119612e-05 -0.006550000049173831
v -0.0014981424901634461 -7.457241736119612e-05 -0.006550000049173831
v -0.0012601459166035063 -0.0008136564283631741 -0.00805000029504299
v -0.0014981424901634461 -7.457241736119612e-05 -0.00805000029504299
v 0.006131971720606091 -0.005173061974346637 -0.0019500000635161994
v 0.006131971720606091 -0.005173061974346637 -0.0034499999601393934
v 0.006015958264470103 -0.005830473266541957 -0.0019500000635161994
v 0.006015958264470103 -0.005830473266541957 -0.0019500000635161994
v 0.006131971720606091 -0.005173061974346637 -0.0034499999601393934
v 0.006015958264470103 -0.005830473266541957 -0.0034499999601393934
v 0.006015958264470103 -0.005830473266541957 -0.0019500000635161994
v 0.006015958264470103 -0.005830473266541957 -0.0034499999601393934
v 0.005626204423606398 -0.006372437346726655 -0.0019500000635161994
v 0.005626204423606398 -0.006372437346726655 -0.0019500000635161994
v 0.006015958264470103 -0.005830473266541957 -0.0034499999601393934
v 0.005626204423606398 -0.006372437346726655 -0.0034499999601393934
v 0.005626204423606398 -0.006372437346726655 -0.0019500000635161994
v 0.005626204423606398 -0.006372437346726655 -0.0034499999601393934
v 0.005039896350353959 -0.006691629532724618 -0.0019500000635161994
v 0.005039896350353959 -0.006691629532724618 -0.0019500000635161994
v 0.005626204423606398 -0.006372437346726655 -0.0034499999601393934
v 0.005039896350353959 -0.006691629532724618 -0.0034499999601393934
v 0.005039896350353959 -0.006691629532724618 -0.0019500000635161994
v 0.005039896350353959 -0.006691629532724618 -0.0034499999601393934
v 0.00437315506860614 -0.006724814418703317 -0.0019500000635161994
v 0.00437315506860614 -0.006724814418703317 -0.0019500000635161994
v 0.005039896350353959 -0.006691629532724618 -0.0034499999601393934
v 0.00437315506860614 -0.006724814418703317 -0.0034499999601393934
v 0.00437315506860614 -0.006724814418703317 -0.0019500000635161994
v 0.00437315506860614 -0.006724814418703317 -0.0034499999601393934
v 0.003758045844733717 -0.006465425714850425 -0.0019500000635161994
v 0.003758045844733717 -0.006465425714850425 -0.0019500000635161994
v 0.00437315506860614 -0.006724814418703317 -0.0034499999601393934
v 0.003758045844733717 -0.006465425714850425 -0.0034499999601393934
v 0.003758045844733717 -0.006465425714850425 -0.0019500000635161994
v 0.003758045844733717 -0.006465425714850425 -0.0034499999601393934
v 0.003316394286230208 -0.005964838434010743 -0.0019500000635161994
v 0.003316394286230208 -0.005964838434010743 -0.0019500000635161994
v 0.003758045844733717 -0.006465425714850425 -0.0034499999601393934
v 0.003316394286230208 -0.005964838434010743 -0.0034499999601393934
v 0.003316394286230208 -0.005964838434010743 -0.0019500000635161994
v 0.003316394286230208 -0.005964838434010743 -0.0034499999601393934
v 0.0031356748659163726 -0.005322205834090709 -0.0019500000635161994
v 0.0031356748659163726 -0.005322205834090709 -0.0019500000635161994
v 0.003316394286230208 -0.005964838434010743 -0.0034499999601393934
v 0.0031356748659163726 -0.005322205834090709 -0.0034499999601393934
v -0.003572901943698527 0.002173019107431173 -0.0025123371742665763
v -0.0035415822640061396 0.0022051371634006496 -0.0075582428835332385
v -0.0035415822640061396 0.0022051371634006496 -0.0024417620152235027
v -0.0036031678318977373 0.0021419145632535215 -0.0025840078014880414
v -0.0036031678318977373 0.0021419145632535215 -0.007415997330099343
v -0.003572901943698527 0.002173019107431173 -0.0025123371742665763
v -0.003572901943698527 0.002173019107431173 -0.0025123371742665763
v -0.0036031678318977373 0.0021419145632535215 -0.007415997330099343
v -0.0035729391966015118 0.0021729804575443263 -0.007487575989216565
v -0.003572901943698527 0.002173019107431173 -0.0025123371742665763
v -0.0035729391966015118 0.0021729804575443263 -0.007487575989216565
v -0.0035415822640061396 0.0022051371634006496 -0.0075582428835332385
v -0.002653435338288547 0.0030858351383358236 -0.008862595073878763
v -0.002653435338288547 0.0030858351383358236 -0.00805000029504299
v -0.003152812831103803 0.0025977895129472013 -0.008243030868470667
v -0.003152812831103803 0.0025977895129472013 -0.008243030868470667
v -0.002653435338288547 0.0030858351383358236 -0.00805000029504299
v -0.0032787877134978784 0.0024717065971344705 -0.00805000029504299
v -0.0019918095786124477 0.003595659043639898 -0.009481999091804026
v -0.0019779191352427014 0.0036041599232703443 -0.00949336215853691
v -0.0019777186680585155 0.003604684025049209 -0.00805000029504299
v 0.0013210395118221647 0.003990085329860448 -0.010973154567182062
v 0.0013779223663732416 0.003971473779529332 -0.01098415534943342
v 0.0013779223663732416 0.003971473779529332 -0.00805000029504299
v 0.0013210395118221647 0.003990085329860448 -0.010973154567182062
v 0.0013779223663732416 0.003971473779529332 -0.00805000029504299
v 0.0012639591004699475 0.004007854033261537 -0.010961826890707014
v 0.0012639591004699475 0.004007854033261537 -0.010961826890707014
v 0.0013779223663732416 0.003971473779529332 -0.00805000029504299
v 0.0005583380116149785 0.004156009759753942 -0.010801273398101328
v 0.0005583380116149785 0.004156009759753942 -0.010801273398101328
v 0.0013779223663732416 0.003971473779529332 -0.00805000029504299
v 0.0001529174915049226 0.004182593431323766 -0.00805000029504299
v 0.0005583380116149785 0.004156009759753942 -0.010801273398101328
v 0.0001529174915049226 0.004182593431323766 -0.00805000029504299
v 0.00015070075460243976 0.0041833571158349505 -0.010678801685571669
v -0.0013616062933579094 0.003909766674041747 -0.009943562559783457
v -0.0009694201289676134 0.004040421452373265 -0.01018095016479492
v -0.0009665489196777348 0.004040683154016732 -0.00805000029504299
v -0.0009665489196777348 0.004040683154016732 -0.00805000029504299
v -0.0009694201289676134 0.004040421452373265 -0.01018095016479492
v -0.0007049278938211504 0.004103834740817546 -0.010321647860109804
v -0.0009665489196777348 0.004040683154016732 -0.00805000029504299
v -0.0007049278938211504 0.004103834740817546 -0.010321647860109804
v 0.0001529174915049226 0.004182593431323766 -0.00805000029504299
v 0.0001529174915049226 0.004182593431323766 -0.00805000029504299
v -0.0007049278938211504 0.004103834740817546 -0.010321647860109804
v -6.637477054027843e-05 0.0041808406822383395 -0.010601681657135485
v 0.0001529174915049226 0.004182593431323766 -0.00805000029504299
v -6.637477054027843e-05 0.0041808406822383395 -0.010601681657135485
v 0.00015070075460243976 0.0041833571158349505 -0.010678801685571669
v -0.0019777186680585155 0.003604684025049209 -0.00805000029504299
v -0.0019779191352427014 0.0036041599232703443 -0.00949336215853691
v -0.0009665489196777348 0.004040683154016732 -0.00805000029504299
v -0.0009665489196777348 0.004040683154016732 -0.00805000029504299
v -0.0019779191352427014 0.0036041599232703443 -0.00949336215853691
v -0.0017253862461075195 0.0037456010468304153 -0.009690128266811369
v -0.0009665489196777348 0.004040683154016732 -0.00805000029504299
v -0.0017253862461075195 0.0037456010468304153 -0.009690128266811369
v -0.0013616062933579094 0.003909766674041747 -0.009943562559783457
v -0.002653435338288547 0.0030858351383358236 -0.00805000029504299
v -0.002653435338288547 0.0030858351383358236 -0.008862595073878763
v -0.0019777186680585155 0.003604684025049209 -0.00805000029504299
v -0.0019777186680585155 0.003604684025049209 -0.00805000029504299
v -0.002653435338288547 0.0030858351383358236 -0.008862595073878763
v -0.002526794327422978 0.003201683051884174 -0.008994853124022482
v -0.0019777186680585155 0.003604684025049209 -0.00805000029504299
v -0.002526794327422978 0.003201683051884174 -0.008994853124022482
v -0.0019918095786124477 0.003595659043639898 -0.009481999091804026
v 0.0036313787568360584 0.002148996805772185 -0.011258482001721857
v 0.0036313787568360584 0.002148996805772185 -0.00805000029504299
v 0.003628466511145236 0.0021538757719099517 -0.011258126236498354
v 0.003628466511145236 0.0021538757719099517 -0.011258126236498354
v 0.0036313787568360584 0.002148996805772185 -0.00805000029504299
v 0.003628466511145236 0.0021538757719099517 -0.00805000029504299
v 0.003628466511145236 0.0021538757719099517 -0.011258126236498354
v 0.003628466511145236 0.0021538757719099517 -0.00805000029504299
v 0.0031943093053996576 0.0027535245753824707 -0.011212245561182497
v 0.0031943093053996576 0.0027535245753824707 -0.011212245561182497
v 0.003628466511145236 0.0021538757719099517 -0.00805000029504299
v 0.002812026767060162 0.003139680484309792 -0.00805000029504299
v 0.0031943093053996576 0.0027535245753824707 -0.011212245561182497
v 0.002812026767060162 0.003139680484309792 -0.00805000029504299
v 0.0028119913768023265 0.0031397775746881957 -0.011175893247127531
v 0.0028119913768023265 0.0031397775746881957 -0.011175893247127531
v 0.002812026767060162 0.003139680484309792 -0.00805000029504299
v 0.002680041827261449 0.00325208599679172 -0.011162977665662764
v 0.002680041827261449 0.00325208599679172 -0.011162977665662764
v 0.002812026767060162 0.003139680484309792 -0.00805000029504299
v 0.0017393123125657448 0.003831073641777038 -0.00805000029504299
v 0.002680041827261449 0.00325208599679172 -0.011162977665662764
v 0.0017393123125657448 0.003831073641777038 -0.00805000029504299
v 0.0020482107065618047 0.0036769059952348466 -0.01109148934483528
v 0.0020482107065618047 0.0036769059952348466 -0.01109148934483528
v 0.0017393123125657448 0.003831073641777038 -0.00805000029504299
v 0.0013779223663732416 0.003971473779529332 -0.00805000029504299
v 0.0020482107065618047 0.0036769059952348466 -0.01109148934483528
v 0.0013779223663732416 0.003971473779529332 -0.00805000029504299
v 0.0013779223663732416 0.003971473779529332 -0.01098415534943342
v 0.007241390645504001 0.0007364977500401436 0.0008718775352463125
v 0.007241390645504001 0.0007364977500401436 -0.0019500000635161994
v 0.007893081754446033 0.0011773187434300778 0.0006027448689565061
v 0.007893081754446033 0.0011773187434300778 0.0006027448689565061
v 0.007241390645504001 0.0007364977500401436 -0.0019500000635161994
v 0.007502032909542326 0.0009013456292450427 -0.0019500000635161994
v 0.007893081754446033 0.0011773187434300778 0.0006027448689565061
v 0.007502032909542326 0.0009013456292450427 -0.0019500000635161994
v 0.007502032909542326 0.0009013456292450427 -0.00805000029504299
v 0.007241390645504001 0.0007364977500401436 -0.00805000029504299
v 0.007241390645504001 0.0007364977500401436 -0.010871877893805502
v 0.0074024964123964344 0.0008362063672393559 -0.01081542484462261
v 0.007241390645504001 0.0007364977500401436 -0.00805000029504299
v 0.0074024964123964344 0.0008362063672393559 -0.01081542484462261
v 0.007502032909542326 0.0009013456292450427 -0.00805000029504299
v 0.007502032909542326 0.0009013456292450427 -0.00805000029504299
v 0.0074024964123964344 0.0008362063672393559 -0.01081542484462261
v 0.007716998923569921 0.0010500447824597357 -0.010686469264328478
v 0.007502032909542326 0.0009013456292450427 -0.00805000029504299
v 0.007716998923569921 0.0010500447824597357 -0.010686469264328478
v 0.007893081754446033 0.0011773187434300778 0.0006027448689565061
v 0.007893081754446033 0.0011773187434300778 0.0006027448689565061
v 0.007716998923569921 0.0010500447824597357 -0.010686469264328478
v 0.008155706338584427 0.0013715174281969664 -0.010462347418069838
v 0.007893081754446033 0.0011773187434300778 0.0006027448689565061
v 0.008155706338584427 0.0013715174281969664 -0.010462347418069838
v 0.008155706338584427 0.0013715174281969664 0.0004623475251719355
v 0.007241390645504001 0.0007364977500401436 -0.010871877893805502
v 0.007241390645504001 0.0007364977500401436 -0.00805000029504299
v 0.007180780172348026 0.0007013237918727099 -0.010891592130064963
v 0.007180780172348026 0.0007013237918727099 -0.010891592130064963
v 0.007241390645504001 0.0007364977500401436 -0.00805000029504299
v 0.006502584554255011 0.0004343172186054289 -0.00805000029504299
v 0.007180780172348026 0.0007013237918727099 -0.010891592130064963
v 0.006502584554255011 0.0004343172186054289 -0.00805000029504299
v 0.007119404152035717 0.0006671964074485003 -0.010910784825682638
v 0.007119404152035717 0.0006671964074485003 -0.010910784825682638
v 0.006502584554255011 0.0004343172186054289 -0.00805000029504299
v 0.006961055565625433 0.0005870381137356161 -0.010957096703350542
v 0.005803438834846022 0.0004690337227657437 -0.011179404333233832
v 0.006084081251174214 0.00041753391269594426 -0.011140942573547362
v 0.005803162697702649 0.0004690986825153231 -0.00805000029504299
v 0.005803162697702649 0.0004690986825153231 -0.00805000029504299
v 0.006084081251174214 0.00041753391269594426 -0.011140942573547362
v 0.006502592936158183 0.00043432321399450297 -0.011067202314734457
v 0.005803162697702649 0.0004690986825153231 -0.00805000029504299
v 0.006502592936158183 0.00043432321399450297 -0.011067202314734457
v 0.006502584554255011 0.0004343172186054289 -0.00805000029504299
v 0.006502584554255011 0.0004343172186054289 -0.00805000029504299
v 0.006502592936158183 0.00043432321399450297 -0.011067202314734457
v 0.006961055565625433 0.0005870381137356161 -0.010957096703350542
v 0.005803438834846022 0.0004690337227657437 -0.011179404333233832
v 0.005803162697702649 0.0004690986825153231 -0.00805000029504299
v 0.005644321441650393 0.0005166914779692887 -0.011198115535080431
v 0.005644321441650393 0.0005166914779692887 -0.011198115535080431
v 0.005803162697702649 0.0004690986825153231 -0.00805000029504299
v 0.005052132066339257 0.0007826783112250267 -0.00805000029504299
v 0.005644321441650393 0.0005166914779692887 -0.011198115535080431
v 0.005052132066339257 0.0007826783112250267 -0.00805000029504299
v 0.005052132066339257 0.0007826783112250267 -0.011252530850470064
v 0.005052132066339257 0.0007826783112250267 -0.011252530850470064
v 0.005052132066339257 0.0007826783112250267 -0.00805000029504299
v 0.004805855918675663 0.0009288504952564834 -0.011268802918493746
v 0.004805855918675663 0.0009288504952564834 -0.011268802918493746
v 0.005052132066339257 0.0007826783112250267 -0.00805000029504299
v 0.004252013284713032 0.0013675522059202192 -0.00805000029504299
v 0.0036313787568360584 0.002148996805772185 -0.011258482001721857
v 0.003734839381650092 0.0019851468969136472 -0.01127008907496929
v 0.0036313787568360584 0.002148996805772185 -0.00805000029504299
v 0.0036313787568360584 0.002148996805772185 -0.00805000029504299
v 0.003734839381650092 0.0019851468969136472 -0.01127008907496929
v 0.0038466376718133705 0.0018268028507009146 -0.011280518956482409
v 0.0036313787568360584 0.002148996805772185 -0.00805000029504299
v 0.0038466376718133705 0.0018268028507009146 -0.011280518956482409
v 0.004252013284713032 0.0013675522059202192 -0.00805000029504299
v 0.004252013284713032 0.0013675522059202192 -0.00805000029504299
v 0.0038466376718133705 0.0018268028507009146 -0.011280518956482409
v 0.004264288116246464 0.0013558197533711789 -0.011289507150650023
v 0.004252013284713032 0.0013675522059202192 -0.00805000029504299
v 0.004264288116246464 0.0013558197533711789 -0.011289507150650023
v 0.004805855918675663 0.0009288504952564834 -0.011268802918493746
v -0.0029649585485458387 0.013695240952074526 -0.0022823219187557693
v -0.003178582759574057 0.011424679309129713 -0.0022638416849076744
v -0.0027820477262139333 0.011075790040194987 -0.0016680859262123702
v 0.00015088192594703292 0.004182892851531505 0.0006788837490603327
v 0.00031435143318958597 0.0041770441457629195 0.0007313237292692064
v 0.0004461487405933442 0.0056708892807364455 0.0006794178625568746
v -0.003727280534803869 0.007355091162025928 -0.0028660311363637443
v -0.003769497852772476 0.005874625407159328 -0.002863620640709996
v -0.0034517433959990757 0.006525601260364055 -0.002212168416008353
v -0.0034490965772420185 0.0022995392791926856 -0.002250927966088056
v -0.0034169440623372806 0.0023322035558521743 -0.0021897284314036365
v -0.003464324632659556 0.004177002701908349 -0.0021857712417840953
v -0.003738999832421543 0.0027698194608092304 -0.0028605111874639984
v -0.0037134084850549715 0.0021831039339303966 -0.0028603498358279462
v -0.003660632064566018 0.0021633866708725687 -0.0027209406252950426
v -0.003464324632659556 0.004177002701908349 -0.0021857712417840953
v -0.0037586332764476555 0.0033664298243820663 -0.002860814100131392
v -0.003738999832421543 0.0027698194608092304 -0.0028605111874639984
v -0.0034490965772420185 0.0022995392791926856 -0.002250927966088056
v -0.003464324632659556 0.004177002701908349 -0.0021857712417840953
v -0.0034812677185982483 0.0022667723242193456 -0.0023146413732320066
v -0.003572901943698527 0.002173019107431173 -0.0025123371742665763
v -0.0035415822640061396 0.0022051371634006496 -0.0024417620152235027
v -0.003464324632659556 0.004177002701908349 -0.0021857712417840953
v -0.003464324632659556 0.004177002701908349 -0.0021857712417840953
v -0.0035415822640061396 0.0022051371634006496 -0.0024417620152235027
v -0.00351235060952604 0.0022350428625941272 -0.002378812991082668
v -0.003464324632659556 0.004177002701908349 -0.0021857712417840953
v -0.00351235060952604 0.0022350428625941272 -0.002378812991082668
v -0.0034812677185982483 0.0022667723242193456 -0.0023146413732320066
v -0.003738999832421543 0.0027698194608092304 -0.0028605111874639984
v -0.003660632064566018 0.0021633866708725687 -0.0027209406252950426
v -0.003464324632659556 0.004177002701908349 -0.0021857712417840953
v -0.003464324632659556 0.004177002701908349 -0.0021857712417840953
v -0.003660632064566018 0.0021633866708725687 -0.0027209406252950426
v -0.0036031678318977373 0.0021419145632535215 -0.0025840078014880414
v -0.003464324632659556 0.004177002701908349 -0.0021857712417840953
v -0.0036031678318977373 0.0021419145632535215 -0.0025840078014880414
v -0.003572901943698527 0.002173019107431173 -0.0025123371742665763
v -0.003727280534803869 0.007355091162025928 -0.0028660311363637443
v -0.0034517433959990757 0.006525601260364055 -0.002212168416008353
v -0.0036303126253187674 0.009248960763216017 -0.002869140356779098
v -0.002934163669124247 0.015992952510714527 -0.0028665286954492326
v -0.003174727549776436 0.014262924902141092 -0.0028707748278975482
v -0.0029649585485458387 0.013695240952074526 -0.0022823219187557693
v -0.0029649585485458387 0.013695240952074526 -0.0022823219187557693
v -0.003174727549776436 0.014262924902141092 -0.0028707748278975482
v -0.003201030893251301 0.01404469273984432 -0.002871083794161677
v -0.0029649585485458387 0.013695240952074526 -0.0022823219187557693
v -0.003201030893251301 0.01404469273984432 -0.002871083794161677
v -0.003178582759574057 0.011424679309129713 -0.0022638416849076744
v -0.003178582759574057 0.011424679309129713 -0.0022638416849076744
v -0.003201030893251301 0.01404469273984432 -0.002871083794161677
v -0.0034051937982440008 0.012117411009967325 -0.0028719787951558824
v -0.003178582759574057 0.011424679309129713 -0.0022638416849076744
v -0.0034051937982440008 0.012117411009967325 -0.0028719787951558824
v -0.0034391700755804794 0.011748757213354109 -0.0028718367684632535
v -0.002868236275389792 0.01638950780034065 -0.002865118440240621
v -0.0029193887021392597 0.016084576025605198 -0.002866214839741587
v -0.0027243171352893127 0.01566698960959911 -0.0022950347047299142
v -0.0021142049226909885 0.01858791150152683 -0.002331501571461558
v -0.002298687584698201 0.018757272511720654 -0.0028602892998605962
v -0.002637692727148534 0.01754583418369293 -0.0028607493732124563
v -0.0017582542495802054 0.016664970666170117 -0.0012568606762215493
v -0.0019151840824633845 0.01842686720192432 -0.0019282525172457097
v -0.002155216410756112 0.016991194337606427 -0.0017653243849053977
v -0.002155216410756112 0.016991194337606427 -0.0017653243849053977
v -0.0019151840824633845 0.01842686720192432 -0.0019282525172457097
v -0.0021142049226909885 0.01858791150152683 -0.002331501571461558
v -0.002155216410756112 0.016991194337606427 -0.0017653243849053977
v -0.0021142049226909885 0.01858791150152683 -0.002331501571461558
v -0.002448979299515487 0.01729069650173187 -0.0023075984790921207
v -0.002448979299515487 0.01729069650173187 -0.0023075984790921207
v -0.0021142049226909885 0.01858791150152683 -0.002331501571461558
v -0.002637692727148534 0.01754583418369293 -0.0028607493732124563
v -0.0017582542495802054 0.016664970666170117 -0.0012568606762215493
v -0.0010720103746280078 0.017884895205497738 -0.0008376698242500423
v -0.0015002437867224223 0.018138123676180836 -0.0013138906797394154
v -0.0017582542495802054 0.016664970666170117 -0.0012568606762215493
v -0.0015002437867224223 0.018138123676180836 -0.0013138906797394154
v -0.0019151840824633845 0.01842686720192432 -0.0019282525172457097
v -0.0001231642381753773 0.015688890591263768 -3.0041317586437796e-05
v -0.0005728987162001433 0.01763065159320831 -0.00040299596730619664
v -0.0007147835567593578 0.01599783822894096 -0.00037662463728338475
v -0.0007147835567593578 0.01599783822894096 -0.00037662463728338475
v -0.0005728987162001433 0.01763065159320831 -0.00040299596730619664
v -0.0010720103746280078 0.017884895205497738 -0.0008376698242500423
v -0.0007147835567593578 0.01599783822894096 -0.00037662463728338475
v -0.0010720103746280078 0.017884895205497738 -0.0008376698242500423
v -0.0012701231753453619 0.016327710822224614 -0.0007899982156231998
v 0.0004233318322803827 0.01346127688884735 0.00027680292259901757
v 0.0005400786176323893 0.017183529213070866 0.00023036159109324214
v -0.0001231642381753773 0.015688890591263768 -3.0041317586437796e-05
v -0.0001231642381753773 0.015688890591263768 -3.0041317586437796e-05
v 0.0005400786176323893 0.017183529213070866 0.00023036159109324214
v -3.153664511046374e-05 0.017394425347447392 -4.203396019875071e-05
v -0.0001231642381753773 0.015688890591263768 -3.0041317586437796e-05
v -3.153664511046374e-05 0.017394425347447392 -4.203396019875071e-05
v -0.0005728987162001433 0.01763065159320831 -0.00040299596730619664
v 0.0010574609041213994 0.017024798318743702 0.0003823837032541632
v 0.0005400786176323893 0.017183529213070866 0.00023036159109324214
v 0.001008141785860062 0.013189262710511683 0.00044488848652690644
v 0.001008141785860062 0.013189262710511683 0.00044488848652690644
v 0.0005400786176323893 0.017183529213070866 0.00023036159109324214
v 0.0004233318322803827 0.01346127688884735 0.00027680292259901757
v 0.001008141785860062 0.013189262710511683 0.00044488848652690644
v 0.0004233318322803827 0.01346127688884735 0.00027680292259901757
v 0.0010095702018588786 0.011790703050792216 0.000489762402139604
v 0.0010095702018588786 0.011790703050792216 0.000489762402139604
v 0.0004233318322803827 0.01346127688884735 0.00027680292259901757
v 0.0010415174765512352 0.009288574568927286 0.0006015849066898226
v 0.0004461487405933442 0.0056708892807364455 0.0006794178625568746
v 0.00031435143318958597 0.0041770441457629195 0.0007313237292692064
v 0.0011830457951873545 0.0053838230669498435 0.0008550648344680666
v 0.0011830457951873545 0.0053838230669498435 0.0008550648344680666
v 0.00031435143318958597 0.0041770441457629195 0.0007313237292692064
v 0.0009522484615445141 0.004089317750185727 0.0008966618916019796
v 0.0011830457951873545 0.0053838230669498435 0.0008550648344680666
v 0.0009522484615445141 0.004089317750185727 0.0008966618916019796
v 0.0012639591004699475 0.004007854033261537 0.0009618232725188135
v 0.00015088192594703292 0.004182892851531505 0.0006788837490603327
v 0.0004461487405933442 0.0056708892807364455 0.0006794178625568746
v -0.00032878594356589036 0.004161251708865165 0.0004964972613379358
v -0.00032878594356589036 0.004161251708865165 0.0004964972613379358
v 0.0004461487405933442 0.0056708892807364455 0.0006794178625568746
v -0.0003173991863150151 0.005736749153584241 0.0004207602469250559
v -0.00032878594356589036 0.004161251708865165 0.0004964972613379358
v -0.0003173991863150151 0.005736749153584241 0.0004207602469250559
v -0.0009500971646048133 0.004045170731842517 0.00019175966735929248
v -0.0009500971646048133 0.004045170731842517 0.00019175966735929248
v -0.0003173991863150151 0.005736749153584241 0.0004207602469250559
v -0.0010651892516762023 0.005837854463607072 4.7475452447542914e-05
v -0.0009500971646048133 0.004045170731842517 0.00019175966735929248
v -0.0010651892516762023 0.005837854463607072 4.7475452447542914e-05
v -0.000966771447565407 0.0040406244806945315 0.00018245063256472346
v -0.001775588491000236 0.005973380990326404 -0.0004250925267115235
v -0.0015222862130030996 0.0038428243715316053 -0.00016423978377133605
v -0.0010651892516762023 0.005837854463607072 4.7475452447542914e-05
v -0.0010651892516762023 0.005837854463607072 4.7475452447542914e-05
v -0.0015222862130030996 0.0038428243715316053 -0.00016423978377133605
v -0.0010241273557767276 0.004024404101073741 0.00014995725359767673
v -0.0010651892516762023 0.005837854463607072 4.7475452447542914e-05
v -0.0010241273557767276 0.004024404101073741 0.00014995725359767673
v -0.000966771447565407 0.0040406244806945315 0.00018245063256472346
v -0.0024092637468129405 0.003937331959605216 -0.0008946825983002781
v -0.0021117704454809436 0.003519753692671656 -0.0006185952806845306
v -0.0017418852075934419 0.003855981398373842 -0.0003251285525038838
v -0.0017418852075934419 0.003855981398373842 -0.0003251285525038838
v -0.0021117704454809436 0.003519753692671656 -0.0006185952806845306
v -0.001978919608518482 0.0036042800638824697 -0.0005074735963717102
v -0.0034169440623372806 0.0023322035558521743 -0.0021897284314036365
v -0.003347864840179683 0.00240212888456881 -0.002065608277916908
v -0.003464324632659556 0.004177002701908349 -0.0021857712417840953
v -0.003464324632659556 0.004177002701908349 -0.0021857712417840953
v -0.003347864840179683 0.00240212888456881 -0.002065608277916908
v -0.0032787802629172815 0.0024717052001506086 -0.0019500000635161994
v -0.003464324632659556 0.004177002701908349 -0.0021857712417840953
v -0.0032787802629172815 0.0024717052001506086 -0.0019500000635161994
v -0.00299419858492911 0.004046675283461808 -0.0015197402099147437
v -0.00299419858492911 0.004046675283461808 -0.0015197402099147437
v -0.0032787802629172815 0.0024717052001506086 -0.0019500000635161994
v -0.0028299400582909597 0.00291541451588273 -0.001336063374765217
v -0.00299419858492911 0.004046675283461808 -0.0015197402099147437
v -0.0028299400582909597 0.00291541451588273 -0.001336063374765217
v -0.0026534267235547317 0.0030858411919325586 -0.0011374048190191386
v -0.001978919608518482 0.0036042800638824697 -0.0005074735963717102
v -0.0015222862130030996 0.0038428243715316053 -0.00016423978377133605
v -0.0017418852075934419 0.003855981398373842 -0.0003251285525038838
v -0.0017418852075934419 0.003855981398373842 -0.0003251285525038838
v -0.0015222862130030996 0.0038428243715316053 -0.00016423978377133605
v -0.001775588491000236 0.005973380990326404 -0.0004250925267115235
v -0.0017418852075934419 0.003855981398373842 -0.0003251285525038838
v -0.001775588491000236 0.005973380990326404 -0.0004250925267115235
v -0.0024092637468129405 0.003937331959605216 -0.0008946825983002781
v -0.0024092637468129405 0.003937331959605216 -0.0008946825983002781
v -0.001775588491000236 0.005973380990326404 -0.0004250925267115235
v -0.002426489023491741 0.006138467695564031 -0.0009732750477269291
v -0.00299419858492911 0.004046675283461808 -0.0015197402099147437
v -0.0029962526168674244 0.006325355265289544 -0.0015728086000308392
v -0.003464324632659556 0.004177002701908349 -0.0021857712417840953
v -0.003464324632659556 0.004177002701908349 -0.0021857712417840953
v -0.0029962526168674244 0.006325355265289544 -0.0015728086000308392
v -0.0034517433959990757 0.006525601260364055 -0.002212168416008353
v -0.003464324632659556 0.004177002701908349 -0.0021857712417840953
v -0.0034517433959990757 0.006525601260364055 -0.002212168416008353
v -0.0037586332764476555 0.0033664298243820663 -0.002860814100131392
v -0.0037586332764476555 0.0033664298243820663 -0.002860814100131392
v -0.0034517433959990757 0.006525601260364055 -0.002212168416008353
v -0.003769497852772476 0.005874625407159328 -0.002863620640709996
v -0.003444619011133911 0.011688036844134329 -0.0028718060348182912
v -0.0036303126253187674 0.009248960763216017 -0.002869140356779098
v -0.0033494036179035915 0.00898352451622486 -0.0022394419647753234
v -0.0033494036179035915 0.00898352451622486 -0.0022394419647753234
v -0.0036303126253187674 0.009248960763216017 -0.002869140356779098
v -0.0034517433959990757 0.006525601260364055 -0.002212168416008353
v -0.0033494036179035915 0.00898352451622486 -0.0022394419647753234
v -0.0034517433959990757 0.006525601260364055 -0.002212168416008353
v -0.0029196261893957866 0.008703366853296755 -0.0016234972281381486
v -0.0029196261893957866 0.008703366853296755 -0.0016234972281381486
v -0.0034517433959990757 0.006525601260364055 -0.002212168416008353
v -0.0029962526168674244 0.006325355265289544 -0.0015728086000308392
v -0.0029196261893957866 0.008703366853296755 -0.0016234972281381486
v -0.0029962526168674244 0.006325355265289544 -0.0015728086000308392
v -0.002426489023491741 0.006138467695564031 -0.0009732750477269291
v -0.002426489023491741 0.006138467695564031 -0.0009732750477269291
v -0.0029962526168674244 0.006325355265289544 -0.0015728086000308392
v -0.00299419858492911 0.004046675283461808 -0.0015197402099147437
v -0.002426489023491741 0.006138467695564031 -0.0009732750477269291
v -0.00299419858492911 0.004046675283461808 -0.0015197402099147437
v -0.0024092637468129405 0.003937331959605216 -0.0008946825983002781
v -0.0024092637468129405 0.003937331959605216 -0.0008946825983002781
v -0.00299419858492911 0.004046675283461808 -0.0015197402099147437
v -0.0026534267235547317 0.0030858411919325586 -0.0011374048190191386
v -0.0024092637468129405 0.003937331959605216 -0.0008946825983002781
v -0.0026534267235547317 0.0030858411919325586 -0.0011374048190191386
v -0.0021117704454809436 0.003519753692671656 -0.0006185952806845306
v -0.0014335246523842222 0.014520377852022646 -0.0007384057389572262
v -0.0017582542495802054 0.016664970666170117 -0.0012568606762215493
v -0.001963175367563964 0.014913042075932024 -0.0012116989819332955
v -0.001963175367563964 0.014913042075932024 -0.0012116989819332955
v -0.0017582542495802054 0.016664970666170117 -0.0012568606762215493
v -0.002155216410756112 0.016991194337606427 -0.0017653243849053977
v -0.001963175367563964 0.014913042075932024 -0.0012116989819332955
v -0.002155216410756112 0.016991194337606427 -0.0017653243849053977
v -0.0023987991735339173 0.015300309285521506 -0.0017339036567136643
v -0.0023987991735339173 0.015300309285521506 -0.0017339036567136643
v -0.002155216410756112 0.016991194337606427 -0.0017653243849053977
v -0.002448979299515487 0.01729069650173187 -0.0023075984790921207
v -0.0023987991735339173 0.015300309285521506 -0.0017339036567136643
v -0.002448979299515487 0.01729069650173187 -0.0023075984790921207
v -0.0027243171352893127 0.01566698960959911 -0.0022950347047299142
v -0.0027243171352893127 0.01566698960959911 -0.0022950347047299142
v -0.002448979299515487 0.01729069650173187 -0.0023075984790921207
v -0.002637692727148534 0.01754583418369293 -0.0028607493732124563
v -0.0027243171352893127 0.01566698960959911 -0.0022950347047299142
v -0.002637692727148534 0.01754583418369293 -0.0028607493732124563
v -0.002868236275389792 0.01638950780034065 -0.002865118440240621
v -0.0010720103746280078 0.017884895205497738 -0.0008376698242500423
v -0.0017582542495802054 0.016664970666170117 -0.0012568606762215493
v -0.0012701231753453619 0.016327710822224614 -0.0007899982156231998
v -0.0012701231753453619 0.016327710822224614 -0.0007899982156231998
v -0.0017582542495802054 0.016664970666170117 -0.0012568606762215493
v -0.0014335246523842222 0.014520377852022646 -0.0007384057389572262
v -0.0012701231753453619 0.016327710822224614 -0.0007899982156231998
v -0.0014335246523842222 0.014520377852022646 -0.0007384057389572262
v -0.0007147835567593578 0.01599783822894096 -0.00037662463728338475
v -0.0007147835567593578 0.01599783822894096 -0.00037662463728338475
v -0.0014335246523842222 0.014520377852022646 -0.0007384057389572262
v -0.0008378998027183119 0.01414042618125677 -0.0003251550951972603
v -0.0007147835567593578 0.01599783822894096 -0.00037662463728338475
v -0.0008378998027183119 0.01414042618125677 -0.0003251550951972603
v -0.0001231642381753773 0.015688890591263768 -3.0041317586437796e-05
v -0.0001231642381753773 0.015688890591263768 -3.0041317586437796e-05
v -0.0008378998027183119 0.01414042618125677 -0.0003251550951972603
v -0.00020947036682628103 0.013784964568912981 1.7241929526790042e-05
v -0.0001231642381753773 0.015688890591263768 -3.0041317586437796e-05
v -0.00020947036682628103 0.013784964568912981 1.7241929526790042e-05
v 0.0004233318322803827 0.01346127688884735 0.00027680292259901757
v -0.0029193887021392597 0.016084576025605198 -0.002866214839741587
v -0.002934163669124247 0.015992952510714527 -0.0028665286954492326
v -0.0027243171352893127 0.01566698960959911 -0.0022950347047299142
v -0.0027243171352893127 0.01566698960959911 -0.0022950347047299142
v -0.002934163669124247 0.015992952510714527 -0.0028665286954492326
v -0.0029649585485458387 0.013695240952074526 -0.0022823219187557693
v -0.0027243171352893127 0.01566698960959911 -0.0022950347047299142
v -0.0029649585485458387 0.013695240952074526 -0.0022823219187557693
v -0.0023987991735339173 0.015300309285521506 -0.0017339036567136643
v -0.0023987991735339173 0.015300309285521506 -0.0017339036567136643
v -0.0029649585485458387 0.013695240952074526 -0.0022823219187557693
v -0.0027820477262139333 0.011075790040194987 -0.0016680859262123702
v -0.0023987991735339173 0.015300309285521506 -0.0017339036567136643
v -0.0027820477262139333 0.011075790040194987 -0.0016680859262123702
v -0.001963175367563964 0.014913042075932024 -0.0012116989819332955
v -0.001963175367563964 0.014913042075932024 -0.0012116989819332955
v -0.0027820477262139333 0.011075790040194987 -0.0016680859262123702
v -0.0022736506070941695 0.010723673738539217 -0.0011113832006230948
v -0.001963175367563964 0.014913042075932024 -0.0012116989819332955
v -0.0022736506070941695 0.010723673738539217 -0.0011113832006230948
v -0.0014335246523842222 0.014520377852022646 -0.0007384057389572262
v -0.0014335246523842222 0.014520377852022646 -0.0007384057389572262
v -0.0022736506070941695 0.010723673738539217 -0.0011113832006230948
v -0.0016775828553363687 0.010379770770668982 -0.0006042314926162361
v -0.0014335246523842222 0.014520377852022646 -0.0007384057389572262
v -0.0016775828553363687 0.010379770770668982 -0.0006042314926162361
v -0.0008378998027183119 0.01414042618125677 -0.0003251550951972603
v -0.0008378998027183119 0.01414042618125677 -0.0003251550951972603
v -0.0016775828553363687 0.010379770770668982 -0.0006042314926162361
v -0.0010186387225985531 0.010056791827082632 -0.00016452802810817954
v -0.0008378998027183119 0.01414042618125677 -0.0003251550951972603
v -0.0010186387225985531 0.010056791827082632 -0.00016452802810817954
v -0.00020947036682628103 0.013784964568912981 1.7241929526790042e-05
v -0.00020947036682628103 0.013784964568912981 1.7241929526790042e-05
v -0.0010186387225985531 0.010056791827082632 -0.00016452802810817954
v -0.00032414036104455607 0.009763092733919619 0.00018945464398711917
v -0.00020947036682628103 0.013784964568912981 1.7241929526790042e-05
v -0.00032414036104455607 0.009763092733919619 0.00018945464398711917
v 0.0004233318322803827 0.01346127688884735 0.00027680292259901757
v 0.0004233318322803827 0.01346127688884735 0.00027680292259901757
v -0.00032414036104455607 0.009763092733919619 0.00018945464398711917
v 0.00038149327156133966 0.009502770379185675 0.0004411203553900122
v 0.0004233318322803827 0.01346127688884735 0.00027680292259901757
v 0.00038149327156133966 0.009502770379185675 0.0004411203553900122
v 0.0010415174765512352 0.009288574568927286 0.0006015849066898226
v 0.0010415174765512352 0.009288574568927286 0.0006015849066898226
v 0.00038149327156133966 0.009502770379185675 0.0004411203553900122
v 0.001118114218115807 0.006780173163861035 0.0007544894469901918
v -0.0034391700755804794 0.011748757213354109 -0.0028718367684632535
v -0.003444619011133911 0.011688036844134329 -0.0028718060348182912
v -0.003178582759574057 0.011424679309129713 -0.0022638416849076744
v -0.003178582759574057 0.011424679309129713 -0.0022638416849076744
v -0.003444619011133911 0.011688036844134329 -0.0028718060348182912
v -0.0033494036179035915 0.00898352451622486 -0.0022394419647753234
v -0.003178582759574057 0.011424679309129713 -0.0022638416849076744
v -0.0033494036179035915 0.00898352451622486 -0.0022394419647753234
v -0.0027820477262139333 0.011075790040194987 -0.0016680859262123702
v -0.0027820477262139333 0.011075790040194987 -0.0016680859262123702
v -0.0033494036179035915 0.00898352451622486 -0.0022394419647753234
v -0.0029196261893957866 0.008703366853296755 -0.0016234972281381486
v -0.0027820477262139333 0.011075790040194987 -0.0016680859262123702
v -0.0029196261893957866 0.008703366853296755 -0.0016234972281381486
v -0.0022736506070941695 0.010723673738539217 -0.0011113832006230948
v -0.0022736506070941695 0.010723673738539217 -0.0011113832006230948
v -0.0029196261893957866 0.008703366853296755 -0.0016234972281381486
v -0.002426489023491741 0.006138467695564031 -0.0009732750477269291
v -0.0022736506070941695 0.010723673738539217 -0.0011113832006230948
v -0.002426489023491741 0.006138467695564031 -0.0009732750477269291
v -0.0016775828553363687 0.010379770770668982 -0.0006042314926162361
v -0.0016775828553363687 0.010379770770668982 -0.0006042314926162361
v -0.002426489023491741 0.006138467695564031 -0.0009732750477269291
v -0.001775588491000236 0.005973380990326404 -0.0004250925267115235
v -0.0016775828553363687 0.010379770770668982 -0.0006042314926162361
v -0.001775588491000236 0.005973380990326404 -0.0004250925267115235
v -0.0010186387225985531 0.010056791827082632 -0.00016452802810817954
v -0.0010186387225985531 0.010056791827082632 -0.00016452802810817954
v -0.001775588491000236 0.005973380990326404 -0.0004250925267115235
v -0.0010651892516762023 0.005837854463607072 4.7475452447542914e-05
v -0.0010186387225985531 0.010056791827082632 -0.00016452802810817954
v -0.0010651892516762023 0.005837854463607072 4.7475452447542914e-05
v -0.00032414036104455607 0.009763092733919619 0.00018945464398711917
v -0.00032414036104455607 0.009763092733919619 0.00018945464398711917
v -0.0010651892516762023 0.005837854463607072 4.7475452447542914e-05
v -0.0003173991863150151 0.005736749153584241 0.0004207602469250559
v -0.00032414036104455607 0.009763092733919619 0.00018945464398711917
v -0.0003173991863150151 0.005736749153584241 0.0004207602469250559
v 0.00038149327156133966 0.009502770379185675 0.0004411203553900122
v 0.00038149327156133966 0.009502770379185675 0.0004411203553900122
v -0.0003173991863150151 0.005736749153584241 0.0004207602469250559
v 0.0004461487405933442 0.0056708892807364455 0.0006794178625568746
v 0.00038149327156133966 0.009502770379185675 0.0004411203553900122
v 0.0004461487405933442 0.0056708892807364455 0.0006794178625568746
v 0.001118114218115807 0.006780173163861035 0.0007544894469901918
v 0.001118114218115807 0.006780173163861035 0.0007544894469901918
v 0.0004461487405933442 0.0056708892807364455 0.0006794178625568746
v 0.0011830457951873545 0.0053838230669498435 0.0008550648344680666
v 0.005644321441650393 0.0005166914779692887 -0.011198115535080431
v 0.005052132066339257 0.0007826783112250267 -0.011252530850470064
v 0.005719124805182221 0.002037844387814402 -0.011091928929090498
v 0.005719124805182221 0.002037844387814402 -0.011091928929090498
v 0.005052132066339257 0.0007826783112250267 -0.011252530850470064
v 0.004805855918675663 0.0009288504952564834 -0.011268802918493746
v 0.005719124805182221 0.002037844387814402 -0.011091928929090498
v 0.004805855918675663 0.0009288504952564834 -0.011268802918493746
v 0.004325193352997305 0.001890641404315829 -0.011250664480030535
v 0.004325193352997305 0.001890641404315829 -0.011250664480030535
v 0.004805855918675663 0.0009288504952564834 -0.011268802918493746
v 0.004264288116246464 0.0013558197533711789 -0.011289507150650023
v 0.004325193352997305 0.001890641404315829 -0.011250664480030535
v 0.004264288116246464 0.0013558197533711789 -0.011289507150650023
v 0.0038466376718133705 0.0018268028507009146 -0.011280518956482409
v 0.005719124805182221 0.002037844387814402 -0.011091928929090498
v 0.007064932491630319 0.002107735257595777 -0.010799369774758814
v 0.007089776452630762 0.0015581920742988584 -0.010840654373168944
v 0.007089776452630762 0.0015581920742988584 -0.010840654373168944
v 0.007119404152035717 0.0006671964074485003 -0.010910784825682638
v 0.006961055565625433 0.0005870381137356161 -0.010957096703350542
v 0.007089776452630762 0.0015581920742988584 -0.010840654373168944
v 0.006961055565625433 0.0005870381137356161 -0.010957096703350542
v 0.005719124805182221 0.002037844387814402 -0.011091928929090498
v 0.005719124805182221 0.002037844387814402 -0.011091928929090498
v 0.006961055565625433 0.0005870381137356161 -0.010957096703350542
v 0.006502592936158183 0.00043432321399450297 -0.011067202314734457
v 0.006502592936158183 0.00043432321399450297 -0.011067202314734457
v 0.006084081251174214 0.00041753391269594426 -0.011140942573547362
v 0.005719124805182221 0.002037844387814402 -0.011091928929090498
v 0.005719124805182221 0.002037844387814402 -0.011091928929090498
v 0.006084081251174214 0.00041753391269594426 -0.011140942573547362
v 0.005803438834846022 0.0004690337227657437 -0.011179404333233832
v 0.005719124805182221 0.002037844387814402 -0.011091928929090498
v 0.005803438834846022 0.0004690337227657437 -0.011179404333233832
v 0.005644321441650393 0.0005166914779692887 -0.011198115535080431
v 0.007089776452630762 0.0015581920742988584 0.0008406530832871794
v 0.007064932491630319 0.002107735257595777 0.0007993698818609117
v 0.005719124805182221 0.002037844387814402 0.0010919285705313084
v 0.007119404152035717 0.0006671964074485003 0.0009107844671234487
v 0.007089776452630762 0.0015581920742988584 0.0008406530832871794
v 0.006651713512837889 0.000469441816676408 0.0010350829688832162
v 0.006651713512837889 0.000469441816676408 0.0010350829688832162
v 0.007089776452630762 0.0015581920742988584 0.0008406530832871794
v 0.005719124805182221 0.002037844387814402 0.0010919285705313084
v 0.006651713512837889 0.000469441816676408 0.0010350829688832162
v 0.005719124805182221 0.002037844387814402 0.0010919285705313084
v 0.006503038574010136 0.00043440173612907523 0.001067113480530679
v 0.006503038574010136 0.00043440173612907523 0.001067113480530679
v 0.005719124805182221 0.002037844387814402 0.0010919285705313084
v 0.006212865468114617 0.00041003446676768357 0.0011204433394595978
v 0.005162080284208062 0.0007245598826557397 0.001244086190126836
v 0.0057474761269986656 0.0004843974893447011 0.0011862068204209206
v 0.005719124805182221 0.002037844387814402 0.0010919285705313084
v 0.005719124805182221 0.002037844387814402 0.0010919285705313084
v 0.0057474761269986656 0.0004843974893447011 0.0011862068204209206
v 0.00580333033576608 0.00046906090574339027 0.0011794160818681119
v 0.005719124805182221 0.002037844387814402 0.0010919285705313084
v 0.00580333033576608 0.00046906090574339027 0.0011794160818681119
v 0.006212865468114617 0.00041003446676768357 0.0011204433394595978
v 0.004365563392639162 0.0018957250285893676 0.0012475725961849091
v 0.0038466376718133705 0.0018268028507009146 0.001280518597923219
v 0.0039924033917486685 0.0016436496516689656 0.0012884725583717225
v 0.0039924033917486685 0.0016436496516689656 0.0012884725583717225
v 0.0042520328424870985 0.001367533579468727 0.001289688399992883
v 0.004365563392639162 0.0018957250285893676 0.0012475725961849091
v 0.004365563392639162 0.0018957250285893676 0.0012475725961849091
v 0.0042520328424870985 0.001367533579468727 0.001289688399992883
v 0.004474197980016472 0.0011705438373610375 0.001284222933463752
v 0.004365563392639162 0.0018957250285893676 0.0012475725961849091
v 0.004474197980016472 0.0011705438373610375 0.001284222933463752
v 0.005719124805182221 0.002037844387814402 0.0010919285705313084
v 0.005719124805182221 0.002037844387814402 0.0010919285705313084
v 0.004474197980016472 0.0011705438373610375 0.001284222933463752
v 0.005052132066339257 0.0007826783112250267 0.001252530957572162
v 0.005719124805182221 0.002037844387814402 0.0010919285705313084
v 0.005052132066339257 0.0007826783112250267 0.001252530957572162
v 0.005162080284208062 0.0007245598826557397 0.001244086190126836
v 0.00413326406851411 0.005330675281584262 0.000978278345428407
v 0.004365563392639162 0.0018957250285893676 0.0012475725961849091
v 0.005719124805182221 0.002037844387814402 0.0010919285705313084
v 0.003580464283004405 0.013053000904619692 0.0005527440225705503
v 0.0026897597126662744 0.01676169596612453 0.00045988417696207756
v 0.0017524651484563955 0.01687071472406387 0.0004587963921949267
v 0.00413326406851411 0.005330675281584262 0.000978278345428407
v 0.002521669026464225 0.005189776420593261 0.0010123014217242596
v 0.002635627053678037 0.0032878434285521503 0.001158526982180774
v 0.002635627053678037 0.0032878434285521503 0.001158526982180774
v 0.0028119825292378677 0.0031397715210914607 0.0011758924229070542
v 0.00413326406851411 0.005330675281584262 0.000978278345428407
v 0.00413326406851411 0.005330675281584262 0.000978278345428407
v 0.0028119825292378677 0.0031397715210914607 0.0011758924229070542
v 0.0031544000376015915 0.0027987654320895668 0.0012084258487448094
v 0.00413326406851411 0.005330675281584262 0.000978278345428407
v 0.0031544000376015915 0.0027987654320895668 0.0012084258487448094
v 0.0035778437741100805 0.0022363162133842702 0.0012521011522039769
v 0.0035778437741100805 0.0022363162133842702 0.0012521011522039769
v 0.003628466511145236 0.0021538757719099517 0.0012581258779391644
v 0.00413326406851411 0.005330675281584262 0.000978278345428407
v 0.00413326406851411 0.005330675281584262 0.000978278345428407
v 0.003628466511145236 0.0021538757719099517 0.0012581258779391644
v 0.0036313787568360584 0.002148996805772185 0.0012584821088239548
v 0.00413326406851411 0.005330675281584262 0.000978278345428407
v 0.0036313787568360584 0.002148996805772185 0.0012584821088239548
v 0.004365563392639162 0.0018957250285893676 0.0012475725961849091
v 0.004365563392639162 0.0018957250285893676 0.0012475725961849091
v 0.0036313787568360584 0.002148996805772185 0.0012584821088239548
v 0.003734839381650092 0.0019851468969136472 0.0012700887164101002
v 0.004365563392639162 0.0018957250285893676 0.0012475725961849091
v 0.003734839381650092 0.0019851468969136472 0.0012700887164101002
v 0.0038466376718133705 0.0018268028507009146 0.001280518597923219
v 0.0013210395118221647 0.003990085329860448 0.0009731542086228727
v 0.0013779223663732416 0.003971473779529332 0.0009841549908742306
v 0.002521669026464225 0.005189776420593261 0.0010123014217242596
v 0.002521669026464225 0.005189776420593261 0.0010123014217242596
v 0.0013779223663732416 0.003971473779529332 0.0009841549908742306
v 0.0020233942195773133 0.0036904178559780117 0.0010881976922973988
v 0.002521669026464225 0.005189776420593261 0.0010123014217242596
v 0.0020233942195773133 0.0036904178559780117 0.0010881976922973988
v 0.002635627053678037 0.0032878434285521503 0.001158526982180774
v 0.0041745132766664046 0.01672251336276531 0.0003563956124708056
v 0.00497759832069278 0.013206537812948225 0.00042130926158279175
v 0.005321859847754243 0.01678018271923065 0.0001848771935328841
v 0.005321859847754243 0.01678018271923065 0.0001848771935328841
v 0.00497759832069278 0.013206537812948225 0.00042130926158279175
v 0.005917007103562358 0.013354589231312273 0.00025718600954860443
v 0.006829717196524146 0.005540160462260245 0.0005852597532793878
v 0.006556236650794747 0.00836870353668928 0.00044567778240889305
v 0.005391743499785664 0.009258799254894255 0.0005955690285190939
v 0.005391743499785664 0.009258799254894255 0.0005955690285190939
v 0.006556236650794747 0.00836870353668928 0.00044567778240889305
v 0.006444360129535201 0.009369137696921824 0.00040196615736931557
v 0.005391743499785664 0.009258799254894255 0.0005955690285190939
v 0.006444360129535201 0.009369137696921824 0.00040196615736931557
v 0.00497759832069278 0.013206537812948225 0.00042130926158279175
v 0.00497759832069278 0.013206537812948225 0.00042130926158279175
v 0.006444360129535201 0.009369137696921824 0.00040196615736931557
v 0.006159200798720124 0.01165270898491144 0.0003128632670268416
v 0.00497759832069278 0.013206537812948225 0.00042130926158279175
v 0.006159200798720124 0.01165270898491144 0.0003128632670268416
v 0.005917007103562358 0.013354589231312273 0.00025718600954860443
v 0.001008141785860062 0.013189262710511683 0.00044488848652690644
v 0.0010095702018588786 0.011790703050792216 0.000489762402139604
v 0.0021442065481096515 0.012951406650245188 0.0005831614835187792
v 0.0021442065481096515 0.012951406650245188 0.0005831614835187792
v 0.0010095702018588786 0.011790703050792216 0.000489762402139604
v 0.002323132939636708 0.00896112062036991 0.0007699517300352453
v 0.0021442065481096515 0.012951406650245188 0.0005831614835187792
v 0.002323132939636708 0.00896112062036991 0.0007699517300352453
v 0.0038747708313167113 0.009106619283556936 0.0007407747907564043
v 0.0010574609041213994 0.017024798318743702 0.0003823837032541632
v 0.001008141785860062 0.013189262710511683 0.00044488848652690644
v 0.0017524651484563955 0.01687071472406387 0.0004587963921949267
v 0.0017524651484563955 0.01687071472406387 0.0004587963921949267
v 0.001008141785860062 0.013189262710511683 0.00044488848652690644
v 0.0021442065481096515 0.012951406650245188 0.0005831614835187792
v 0.0017524651484563955 0.01687071472406387 0.0004587963921949267
v 0.0021442065481096515 0.012951406650245188 0.0005831614835187792
v 0.003580464283004405 0.013053000904619692 0.0005527440225705503
v 0.003580464283004405 0.013053000904619692 0.0005527440225705503
v 0.0021442065481096515 0.012951406650245188 0.0005831614835187792
v 0.0038747708313167113 0.009106619283556936 0.0007407747907564043
v 0.0012639591004699475 0.004007854033261537 0.0009618232725188135
v 0.0013210395118221647 0.003990085329860448 0.0009731542086228727
v 0.0011830457951873545 0.0053838230669498435 0.0008550648344680666
v 0.0011830457951873545 0.0053838230669498435 0.0008550648344680666
v 0.0013210395118221647 0.003990085329860448 0.0009731542086228727
v 0.002521669026464225 0.005189776420593261 0.0010123014217242596
v 0.0011830457951873545 0.0053838230669498435 0.0008550648344680666
v 0.002521669026464225 0.005189776420593261 0.0010123014217242596
v 0.001118114218115807 0.006780173163861035 0.0007544894469901918
v 0.001118114218115807 0.006780173163861035 0.0007544894469901918
v 0.002521669026464225 0.005189776420593261 0.0010123014217242596
v 0.0010415174765512352 0.009288574568927286 0.0006015849066898226
v 0.006967737805098299 0.003740241518244147 0.0006893634563311933
v 0.006829717196524146 0.005540160462260245 0.0005852597532793878
v 0.005718116182833913 0.005434859544038772 0.0008131418144330381
v 0.005718116182833913 0.005434859544038772 0.0008131418144330381
v 0.006829717196524146 0.005540160462260245 0.0005852597532793878
v 0.005391743499785664 0.009258799254894255 0.0005955690285190939
v 0.005718116182833913 0.005434859544038772 0.0008131418144330381
v 0.005391743499785664 0.009258799254894255 0.0005955690285190939
v 0.0038747708313167113 0.009106619283556936 0.0007407747907564043
v 0.0038747708313167113 0.009106619283556936 0.0007407747907564043
v 0.005391743499785664 0.009258799254894255 0.0005955690285190939
v 0.00497759832069278 0.013206537812948225 0.00042130926158279175
v 0.0038747708313167113 0.009106619283556936 0.0007407747907564043
v 0.00497759832069278 0.013206537812948225 0.00042130926158279175
v 0.003580464283004405 0.013053000904619692 0.0005527440225705503
v 0.003580464283004405 0.013053000904619692 0.0005527440225705503
v 0.00497759832069278 0.013206537812948225 0.00042130926158279175
v 0.0041745132766664046 0.01672251336276531 0.0003563956124708056
v 0.003580464283004405 0.013053000904619692 0.0005527440225705503
v 0.0041745132766664046 0.01672251336276531 0.0003563956124708056
v 0.0026897597126662744 0.01676169596612453 0.00045988417696207756
v 0.007064932491630319 0.002107735257595777 0.0007993698818609117
v 0.006967737805098299 0.003740241518244147 0.0006893634563311933
v 0.005719124805182221 0.002037844387814402 0.0010919285705313084
v 0.005719124805182221 0.002037844387814402 0.0010919285705313084
v 0.006967737805098299 0.003740241518244147 0.0006893634563311933
v 0.005718116182833913 0.005434859544038772 0.0008131418144330381
v 0.005719124805182221 0.002037844387814402 0.0010919285705313084
v 0.005718116182833913 0.005434859544038772 0.0008131418144330381
v 0.00413326406851411 0.005330675281584262 0.000978278345428407
v 0.00413326406851411 0.005330675281584262 0.000978278345428407
v 0.005718116182833913 0.005434859544038772 0.0008131418144330381
v 0.0038747708313167113 0.009106619283556936 0.0007407747907564043
v 0.00413326406851411 0.005330675281584262 0.000978278345428407
v 0.0038747708313167113 0.009106619283556936 0.0007407747907564043
v 0.002521669026464225 0.005189776420593261 0.0010123014217242596
v 0.002521669026464225 0.005189776420593261 0.0010123014217242596
v 0.0038747708313167113 0.009106619283556936 0.0007407747907564043
v 0.002323132939636708 0.00896112062036991 0.0007699517300352453
v 0.002521669026464225 0.005189776420593261 0.0010123014217242596
v 0.002323132939636708 0.00896112062036991 0.0007699517300352453
v 0.0010415174765512352 0.009288574568927286 0.0006015849066898226
v 0.0010415174765512352 0.009288574568927286 0.0006015849066898226
v 0.002323132939636708 0.00896112062036991 0.0007699517300352453
v 0.0010095702018588786 0.011790703050792216 0.000489762402139604
v 0.0013210395118221647 0.003990085329860448 -0.010973154567182062
v 0.0012639591004699475 0.004007854033261537 -0.010961826890707014
v 0.0011830457951873545 0.0053838230669498435 -0.010855068452656267
v 0.0010574596235528593 0.017024790868163105 -0.01038239151239395
v 0.0017524651484563955 0.01687071472406387 -0.010458804666996
v 0.001009076833724976 0.01345431338995695 -0.01043775677680969
v 0.001009076833724976 0.01345431338995695 -0.01043775677680969
v 0.0017524651484563955 0.01687071472406387 -0.010458804666996
v 0.002113070338964463 0.012949872761964796 -0.010582167655229567
v 0.001009076833724976 0.01345431338995695 -0.01043775677680969
v 0.002113070338964463 0.012949872761964796 -0.010582167655229567
v 0.0010095702018588786 0.011790703050792216 -0.010489766485989092
v 0.0010095702018588786 0.011790703050792216 -0.010489766485989092
v 0.002113070338964463 0.012949872761964796 -0.010582167655229567
v 0.002289194846525789 0.0089581161737442 -0.010768763720989226
v 0.0010095702018588786 0.011790703050792216 -0.010489766485989092
v 0.002289194846525789 0.0089581161737442 -0.010768763720989226
v 0.0010316810803487901 0.009798030368983744 -0.010575467720627783
v 0.0028119913768023265 0.0031397775746881957 -0.011175893247127531
v 0.002680041827261449 0.00325208599679172 -0.011162977665662764
v 0.002486411249265076 0.0051864651031792155 -0.011011144146323202
v 0.002486411249265076 0.0051864651031792155 -0.011011144146323202
v 0.002680041827261449 0.00325208599679172 -0.011162977665662764
v 0.0020482107065618047 0.0036769059952348466 -0.01109148934483528
v 0.002486411249265076 0.0051864651031792155 -0.011011144146323202
v 0.0020482107065618047 0.0036769059952348466 -0.01109148934483528
v 0.0013779223663732416 0.003971473779529332 -0.01098415534943342
v 0.0010316810803487901 0.009798030368983744 -0.010575467720627783
v 0.002289194846525789 0.0089581161737442 -0.010768763720989226
v 0.001118114218115807 0.006780173163861035 -0.010754497721791266
v 0.001118114218115807 0.006780173163861035 -0.010754497721791266
v 0.002289194846525789 0.0089581161737442 -0.010768763720989226
v 0.002486411249265076 0.0051864651031792155 -0.011011144146323202
v 0.001118114218115807 0.006780173163861035 -0.010754497721791266
v 0.002486411249265076 0.0051864651031792155 -0.011011144146323202
v 0.0011830457951873545 0.0053838230669498435 -0.010855068452656267
v 0.0011830457951873545 0.0053838230669498435 -0.010855068452656267
v 0.002486411249265076 0.0051864651031792155 -0.011011144146323202
v 0.0013779223663732416 0.003971473779529332 -0.01098415534943342
v 0.0011830457951873545 0.0053838230669498435 -0.010855068452656267
v 0.0013779223663732416 0.003971473779529332 -0.01098415534943342
v 0.0013210395118221647 0.003990085329860448 -0.010973154567182062
v 0.003628466511145236 0.0021538757719099517 -0.011258126236498354
v 0.0031943093053996576 0.0027535245753824707 -0.011212245561182497
v 0.00409321626648307 0.00532750179991126 -0.010980826802551745
v 0.003628466511145236 0.0021538757719099517 -0.011258126236498354
v 0.00409321626648307 0.00532750179991126 -0.010980826802551745
v 0.0036313787568360584 0.002148996805772185 -0.011258482001721857
v 0.0036313787568360584 0.002148996805772185 -0.011258482001721857
v 0.00409321626648307 0.00532750179991126 -0.010980826802551745
v 0.003734839381650092 0.0019851468969136472 -0.01127008907496929
v 0.003734839381650092 0.0019851468969136472 -0.01127008907496929
v 0.00409321626648307 0.00532750179991126 -0.010980826802551745
v 0.004325193352997305 0.001890641404315829 -0.011250664480030535
v 0.003734839381650092 0.0019851468969136472 -0.01127008907496929
v 0.004325193352997305 0.001890641404315829 -0.011250664480030535
v 0.0038466376718133705 0.0018268028507009146 -0.011280518956482409
v 0.0017524651484563955 0.01687071472406387 -0.010458804666996
v 0.0026897597126662744 0.01676169596612453 -0.010459892451763151
v 0.002113070338964463 0.012949872761964796 -0.010582167655229567
v 0.002113070338964463 0.012949872761964796 -0.010582167655229567
v 0.0026897597126662744 0.01676169596612453 -0.010459892451763151
v 0.00354473269544542 0.013049790635704992 -0.010554881766438482
v 0.002113070338964463 0.012949872761964796 -0.010582167655229567
v 0.00354473269544542 0.013049790635704992 -0.010554881766438482
v 0.002289194846525789 0.0089581161737442 -0.010768763720989226
v 0.002289194846525789 0.0089581161737442 -0.010768763720989226
v 0.00354473269544542 0.013049790635704992 -0.010554881766438482
v 0.0038362436462193745 0.009102853015065191 -0.010743048973381518
v 0.002289194846525789 0.0089581161737442 -0.010768763720989226
v 0.0038362436462193745 0.009102853015065191 -0.010743048973381518
v 0.002486411249265076 0.0051864651031792155 -0.011011144146323202
v 0.002486411249265076 0.0051864651031792155 -0.011011144146323202
v 0.0038362436462193745 0.009102853015065191 -0.010743048973381518
v 0.00409321626648307 0.00532750179991126 -0.010980826802551745
v 0.002486411249265076 0.0051864651031792155 -0.011011144146323202
v 0.00409321626648307 0.00532750179991126 -0.010980826802551745
v 0.0028119913768023265 0.0031397775746881957 -0.011175893247127531
v 0.0028119913768023265 0.0031397775746881957 -0.011175893247127531
v 0.00409321626648307 0.00532750179991126 -0.010980826802551745
v 0.0031943093053996576 0.0027535245753824707 -0.011212245561182497
v 0.005719124805182221 0.002037844387814402 -0.011091928929090498
v 0.004325193352997305 0.001890641404315829 -0.011250664480030535
v 0.005684300325810912 0.005433203186839818 -0.010818148031830786
v 0.005684300325810912 0.005433203186839818 -0.010818148031830786
v 0.004325193352997305 0.001890641404315829 -0.011250664480030535
v 0.00409321626648307 0.00532750179991126 -0.010980826802551745
v 0.005684300325810912 0.005433203186839818 -0.010818148031830786
v 0.00409321626648307 0.00532750179991126 -0.010980826802551745
v 0.005359607283025983 0.009255499579012392 -0.010599930770695208
v 0.005359607283025983 0.009255499579012392 -0.010599930770695208
v 0.00409321626648307 0.00532750179991126 -0.010980826802551745
v 0.0038362436462193745 0.009102853015065191 -0.010743048973381518
v 0.005359607283025983 0.009255499579012392 -0.010599930770695208
v 0.0038362436462193745 0.009102853015065191 -0.010743048973381518
v 0.0049483445473015334 0.013202680274844168 -0.01042515132576227
v 0.0049483445473015334 0.013202680274844168 -0.01042515132576227
v 0.0038362436462193745 0.009102853015065191 -0.010743048973381518
v 0.00354473269544542 0.013049790635704992 -0.010554881766438482
v 0.0049483445473015334 0.013202680274844168 -0.01042515132576227
v 0.00354473269544542 0.013049790635704992 -0.010554881766438482
v 0.004230413120239975 0.016723535954952237 -0.01035032421350479
v 0.004230413120239975 0.016723535954952237 -0.01035032421350479
v 0.00354473269544542 0.013049790635704992 -0.010554881766438482
v 0.0026897597126662744 0.01676169596612453 -0.010459892451763151
v 0.007064932491630319 0.002107735257595777 -0.010799369774758814
v 0.005719124805182221 0.002037844387814402 -0.011091928929090498
v 0.006836006883531812 0.00546582881361246 -0.010589286684989927
v 0.006836006883531812 0.00546582881361246 -0.010589286684989927
v 0.005719124805182221 0.002037844387814402 -0.011091928929090498
v 0.005684300325810912 0.005433203186839818 -0.010818148031830786
v 0.006836006883531812 0.00546582881361246 -0.010589286684989927
v 0.005684300325810912 0.005433203186839818 -0.010818148031830786
v 0.006444360129535201 0.009369137696921824 -0.010401969775557516
v 0.006444360129535201 0.009369137696921824 -0.010401969775557516
v 0.005684300325810912 0.005433203186839818 -0.010818148031830786
v 0.005359607283025983 0.009255499579012392 -0.010599930770695208
v 0.006444360129535201 0.009369137696921824 -0.010401969775557516
v 0.005359607283025983 0.009255499579012392 -0.010599930770695208
v 0.005917007103562358 0.013354589231312273 -0.010257190093398092
v 0.005917007103562358 0.013354589231312273 -0.010257190093398092
v 0.005359607283025983 0.009255499579012392 -0.010599930770695208
v 0.0049483445473015334 0.013202680274844168 -0.01042515132576227
v 0.005917007103562358 0.013354589231312273 -0.010257190093398092
v 0.0049483445473015334 0.013202680274844168 -0.01042515132576227
v 0.005321859847754243 0.01678018271923065 -0.01018488500267267
v 0.005321859847754243 0.01678018271923065 -0.01018488500267267
v 0.0049483445473015334 0.013202680274844168 -0.01042515132576227
v 0.004230413120239975 0.016723535954952237 -0.01035032421350479
v 0.007089776452630762 0.0015581920742988584 -0.010840654373168944
v 0.007064932491630319 0.002107735257595777 -0.010799369774758814
v 0.008066791109740738 0.0021104007028043266 -0.010415881872177122
v 0.0074024964123964344 0.0008362063672393559 -0.01081542484462261
v 0.007241390645504001 0.0007364977500401436 -0.010871877893805502
v 0.007089776452630762 0.0015581920742988584 -0.010840654373168944
v 0.007089776452630762 0.0015581920742988584 -0.010840654373168944
v 0.007241390645504001 0.0007364977500401436 -0.010871877893805502
v 0.007180780172348026 0.0007013237918727099 -0.010891592130064963
v 0.007089776452630762 0.0015581920742988584 -0.010840654373168944
v 0.007180780172348026 0.0007013237918727099 -0.010891592130064963
v 0.007119404152035717 0.0006671964074485003 -0.010910784825682638
v 0.009096636436879638 0.0020767233800143 -0.009816456586122511
v 0.00827881041914225 0.0014631178928539155 -0.010390247218310831
v 0.008066791109740738 0.0021104007028043266 -0.010415881872177122
v 0.008066791109740738 0.0021104007028043266 -0.010415881872177122
v 0.00827881041914225 0.0014631178928539155 -0.010390247218310831
v 0.008155706338584427 0.0013715174281969664 -0.010462347418069838
v 0.008066791109740738 0.0021104007028043266 -0.010415881872177122
v 0.008155706338584427 0.0013715174281969664 -0.010462347418069838
v 0.007089776452630762 0.0015581920742988584 -0.010840654373168944
v 0.007089776452630762 0.0015581920742988584 -0.010840654373168944
v 0.008155706338584427 0.0013715174281969664 -0.010462347418069838
v 0.007716998923569921 0.0010500447824597357 -0.010686469264328478
v 0.007089776452630762 0.0015581920742988584 -0.010840654373168944
v 0.007716998923569921 0.0010500447824597357 -0.010686469264328478
v 0.0074024964123964344 0.0008362063672393559 -0.01081542484462261
v 0.008911993354558948 0.0019374653929844496 -4.049215567647479e-05
v 0.009096636436879638 0.0020767233800143 -0.00018354330677539107
v 0.008066791109740738 0.0021104007028043266 0.00041588151361793274
v 0.008911993354558948 0.0019374653929844496 -4.049215567647479e-05
v 0.008066791109740738 0.0021104007028043266 0.00041588151361793274
v 0.008155706338584427 0.0013715174281969664 0.0004623475251719355
v 0.008155706338584427 0.0013715174281969664 0.0004623475251719355
v 0.008066791109740738 0.0021104007028043266 0.00041588151361793274
v 0.007064932491630319 0.002107735257595777 0.0007993698818609117
v 0.008155706338584427 0.0013715174281969664 0.0004623475251719355
v 0.007064932491630319 0.002107735257595777 0.0007993698818609117
v 0.007089776452630762 0.0015581920742988584 0.0008406530832871794
v 0.007089776452630762 0.0015581920742988584 0.0008406530832871794
v 0.007119404152035717 0.0006671964074485003 0.0009107844671234487
v 0.007180780172348026 0.0007013237918727099 0.000891591771505773
v 0.007180780172348026 0.0007013237918727099 0.000891591771505773
v 0.007241390645504001 0.0007364977500401436 0.0008718775352463125
v 0.007089776452630762 0.0015581920742988584 0.0008406530832871794
v 0.007089776452630762 0.0015581920742988584 0.0008406530832871794
v 0.007241390645504001 0.0007364977500401436 0.0008718775352463125
v 0.007893081754446033 0.0011773187434300778 0.0006027448689565061
v 0.007089776452630762 0.0015581920742988584 0.0008406530832871794
v 0.007893081754446033 0.0011773187434300778 0.0006027448689565061
v 0.008155706338584427 0.0013715174281969664 0.0004623475251719355
v 0.006967737805098299 0.003740241518244147 0.0006893634563311933
v 0.007064932491630319 0.002107735257595777 0.0007993698818609117
v 0.008066791109740738 0.0021104007028043266 0.00041588151361793274
v 0.006829717196524146 0.005540160462260245 0.0005852597532793878
v 0.006967737805098299 0.003740241518244147 0.0006893634563311933
v 0.007613758090883497 0.00579602550715208 0.0003030922962352633
v 0.007613758090883497 0.00579602550715208 0.0003030922962352633
v 0.006967737805098299 0.003740241518244147 0.0006893634563311933
v 0.008066791109740738 0.0021104007028043266 0.00041588151361793274
v 0.007613758090883497 0.00579602550715208 0.0003030922962352633
v 0.008066791109740738 0.0021104007028043266 0.00041588151361793274
v 0.007893159054219726 0.005886834580451249 0.00017397745978087184
v 0.007893159054219726 0.005886834580451249 0.00017397745978087184
v 0.008066791109740738 0.0021104007028043266 0.00041588151361793274
v 0.009096636436879638 0.0020767233800143 -0.00018354330677539107
v 0.007893159054219726 0.005886834580451249 0.00017397745978087184
v 0.009096636436879638 0.0020767233800143 -0.00018354330677539107
v 0.008416020311415199 0.006056323647499084 -0.00011570064089028163
v 0.008416020311415199 0.006056323647499084 -0.00011570064089028163
v 0.009096636436879638 0.0020767233800143 -0.00018354330677539107
v 0.00911153852939606 0.0020880170632153745 -0.00019543070811778304
v 0.008416020311415199 0.006056323647499084 -0.00011570064089028163
v 0.00911153852939606 0.0020880170632153745 -0.00019543070811778304
v 0.008996683172881607 0.006245677825063466 -0.0005354449385777115
v 0.00911153852939606 0.0020880170632153745 -0.00019543070811778304
v 0.009126405231654647 0.0020992867648601528 -0.00020737445447593925
v 0.008996683172881607 0.006245677825063466 -0.0005354449385777115
v 0.008996683172881607 0.006245677825063466 -0.0005354449385777115
v 0.009126405231654647 0.0020992867648601528 -0.00020737445447593925
v 0.009684870019555095 0.0025236010551452632 -0.0007310324581339954
v 0.008996683172881607 0.006245677825063466 -0.0005354449385777115
v 0.009684870019555095 0.0025236010551452632 -0.0007310324581339954
v 0.009451022371649746 0.00639002164825797 -0.000988031388260424
v 0.009451022371649746 0.00639002164825797 -0.000988031388260424
v 0.009684870019555095 0.0025236010551452632 -0.0007310324581339954
v 0.010074087418615823 0.0028159327339380975 -0.001245767227374017
v 0.009451022371649746 0.00639002164825797 -0.000988031388260424
v 0.010074087418615823 0.0028159327339380975 -0.001245767227374017
v 0.009811089374125009 0.006507448386400937 -0.0015279591316357253
v 0.009811089374125009 0.006507448386400937 -0.0015279591316357253
v 0.010074087418615823 0.0028159327339380975 -0.001245767227374017
v 0.010234411805868154 0.0029333771672099824 -0.001535587362013757
v 0.009811089374125009 0.006507448386400937 -0.0015279591316357253
v 0.010234411805868154 0.0029333771672099824 -0.001535587362013757
v 0.010481222532689577 0.003126872237771749 -0.002169653540477156
v 0.010481222532689577 0.003126872237771749 -0.002169653540477156
v 0.010497578419744974 0.0031390087679028507 -0.002221907721832394
v 0.009811089374125009 0.006507448386400937 -0.0015279591316357253
v 0.009811089374125009 0.006507448386400937 -0.0015279591316357253
v 0.010497578419744974 0.0031390087679028507 -0.002221907721832394
v 0.010302769020199781 0.004813362844288348 -0.0022218259982764717
v 0.009811089374125009 0.006507448386400937 -0.0015279591316357253
v 0.010302769020199781 0.004813362844288348 -0.0022218259982764717
v 0.01009071152657271 0.00660266913473606 -0.0022216283250600095
v 0.006836006883531812 0.00546582881361246 -0.010589286684989927
v 0.006444360129535201 0.009369137696921824 -0.010401969775557516
v 0.0075455317273736035 0.009366792626678942 -0.010034358128905295
v 0.009599956683814529 0.009257104247808455 -0.00821799226105213
v 0.008575718849897388 0.017118215560913082 -0.008216341026127337
v 0.008749269880354408 0.01714103668928146 -0.007780732121318578
v 0.009805027395486837 0.005389799363911151 -0.008706608787178991
v 0.010054795071482664 0.0053479005582630626 -0.008258033543825148
v 0.010249941609799867 0.002946132561191916 -0.008432053960859774
v 0.010497578419744974 0.0031390087679028507 -0.007778108119964599
v 0.010249941609799867 0.002946132561191916 -0.008432053960859774
v 0.010302769020199781 0.004813362844288348 -0.007778193801641463
v 0.010302769020199781 0.004813362844288348 -0.007778193801641463
v 0.010249941609799867 0.002946132561191916 -0.008432053960859774
v 0.010054795071482664 0.0053479005582630626 -0.008258033543825148
v 0.010302769020199781 0.004813362844288348 -0.007778193801641463
v 0.010054795071482664 0.0053479005582630626 -0.008258033543825148
v 0.01009071152657271 0.00660266913473606 -0.0077783907763659945
v 0.009540722705423835 0.0024139871820807453 -0.009421064518392084
v 0.009126405231654647 0.0020992867648601528 -0.00979262590408325
v 0.008509574458003048 0.005467962007969617 -0.009883121587336062
v 0.010249941609799867 0.002946132561191916 -0.008432053960859774
v 0.010234411805868154 0.0029333771672099824 -0.008464412763714789
v 0.009805027395486837 0.005389799363911151 -0.008706608787178991
v 0.009805027395486837 0.005389799363911151 -0.008706608787178991
v 0.010234411805868154 0.0029333771672099824 -0.008464412763714789
v 0.009920753538608556 0.0027015644591301675 -0.00898064114153385
v 0.009805027395486837 0.005389799363911151 -0.008706608787178991
v 0.009920753538608556 0.0027015644591301675 -0.00898064114153385
v 0.009464361704885963 0.00542540056630969 -0.009131333790719507
v 0.009464361704885963 0.00542540056630969 -0.009131333790719507
v 0.009920753538608556 0.0027015644591301675 -0.00898064114153385
v 0.009540722705423835 0.0024139871820807453 -0.009421064518392084
v 0.009464361704885963 0.00542540056630969 -0.009131333790719507
v 0.009540722705423835 0.0024139871820807453 -0.009421064518392084
v 0.009026809595525268 0.005451690405607223 -0.00952726788818836
v 0.009026809595525268 0.005451690405607223 -0.00952726788818836
v 0.009540722705423835 0.0024139871820807453 -0.009421064518392084
v 0.008509574458003048 0.005467962007969617 -0.009883121587336062
v 0.009126405231654647 0.0020992867648601528 -0.00979262590408325
v 0.00911153852939606 0.0020880170632153745 -0.009804569184780119
v 0.008509574458003048 0.005467962007969617 -0.009883121587336062
v 0.008509574458003048 0.005467962007969617 -0.009883121587336062
v 0.00911153852939606 0.0020880170632153745 -0.009804569184780119
v 0.009096636436879638 0.0020767233800143 -0.009816456586122511
v 0.008509574458003048 0.005467962007969617 -0.009883121587336062
v 0.009096636436879638 0.0020767233800143 -0.009816456586122511
v 0.00794437620788813 0.005474797450006007 -0.010185107588768004
v 0.00794437620788813 0.005474797450006007 -0.010185107588768004
v 0.009096636436879638 0.0020767233800143 -0.009816456586122511
v 0.008066791109740738 0.0021104007028043266 -0.010415881872177122
v 0.00794437620788813 0.005474797450006007 -0.010185107588768004
v 0.008066791109740738 0.0021104007028043266 -0.010415881872177122
v 0.007064932491630319 0.002107735257595777 -0.010799369774758814
v 0.005917007103562358 0.013354589231312273 -0.010257190093398092
v 0.005321859847754243 0.01678018271923065 -0.01018488500267267
v 0.0070341913960874115 0.013355977833271025 -0.009913383983075617
v 0.0070341913960874115 0.013355977833271025 -0.009913383983075617
v 0.005321859847754243 0.01678018271923065 -0.01018488500267267
v 0.006476705428212884 0.016880948096513745 -0.009859988465905188
v 0.0070341913960874115 0.013355977833271025 -0.009913383983075617
v 0.006476705428212884 0.016880948096513745 -0.009859988465905188
v 0.007583141792565588 0.013357026502490042 -0.009652099572122095
v 0.007583141792565588 0.013357026502490042 -0.009652099572122095
v 0.006476705428212884 0.016880948096513745 -0.009859988465905188
v 0.0068690865300595795 0.016920285299420353 -0.009695238433778284
v 0.007583141792565588 0.013357026502490042 -0.009652099572122095
v 0.0068690865300595795 0.016920285299420353 -0.009695238433778284
v 0.008089886046946052 0.013355239294469355 -0.009335695765912531
v 0.008089886046946052 0.013355239294469355 -0.009335695765912531
v 0.0068690865300595795 0.016920285299420353 -0.009695238433778284
v 0.0075583332218229805 0.016995392739772793 -0.009309048764407633
v 0.008089886046946052 0.013355239294469355 -0.009335695765912531
v 0.0075583332218229805 0.016995392739772793 -0.009309048764407633
v 0.00852321553975344 0.013347034342586992 -0.008976180106401442
v 0.00852321553975344 0.013347034342586992 -0.008976180106401442
v 0.0075583332218229805 0.016995392739772793 -0.009309048764407633
v 0.008000194095075134 0.017047079280018803 -0.008962232619524
v 0.00852321553975344 0.013347034342586992 -0.008976180106401442
v 0.008000194095075134 0.017047079280018803 -0.008962232619524
v 0.0088610053062439 0.013329728506505488 -0.008588120341300963
v 0.0088610053062439 0.013329728506505488 -0.008588120341300963
v 0.008000194095075134 0.017047079280018803 -0.008962232619524
v 0.008359607309103016 0.017090966925024983 -0.008566294796764849
v 0.0088610053062439 0.013329728506505488 -0.008588120341300963
v 0.008359607309103016 0.017090966925024983 -0.008566294796764849
v 0.008366545662283901 0.01709182560443878 -0.008556908927857874
v 0.008749269880354408 0.01714103668928146 -0.007780732121318578
v 0.01009071152657271 0.00660266913473606 -0.0077783907763659945
v 0.009599956683814529 0.009257104247808455 -0.00821799226105213
v 0.009599956683814529 0.009257104247808455 -0.00821799226105213
v 0.01009071152657271 0.00660266913473606 -0.0077783907763659945
v 0.010054795071482664 0.0053479005582630626 -0.008258033543825148
v 0.009599956683814529 0.009257104247808455 -0.00821799226105213
v 0.010054795071482664 0.0053479005582630626 -0.008258033543825148
v 0.009362808428704742 0.00929546821862459 -0.008641816675662993
v 0.009362808428704742 0.00929546821862459 -0.008641816675662993
v 0.010054795071482664 0.0053479005582630626 -0.008258033543825148
v 0.009805027395486837 0.005389799363911151 -0.008706608787178991
v 0.009362808428704742 0.00929546821862459 -0.008641816675662993
v 0.009805027395486837 0.005389799363911151 -0.008706608787178991
v 0.009031557478010658 0.009326100349426268 -0.00904678553342819
v 0.009031557478010658 0.009326100349426268 -0.00904678553342819
v 0.009805027395486837 0.005389799363911151 -0.008706608787178991
v 0.009464361704885963 0.00542540056630969 -0.009131333790719507
v 0.009031557478010658 0.009326100349426268 -0.00904678553342819
v 0.009464361704885963 0.00542540056630969 -0.009131333790719507
v 0.008602907881140712 0.009347307495772837 -0.009422420524060724
v 0.008602907881140712 0.009347307495772837 -0.009422420524060724
v 0.009464361704885963 0.00542540056630969 -0.009131333790719507
v 0.009026809595525268 0.005451690405607223 -0.00952726788818836
v 0.008602907881140712 0.009347307495772837 -0.009422420524060724
v 0.009026809595525268 0.005451690405607223 -0.00952726788818836
v 0.00809687748551369 0.009360141120851038 -0.009755806997418402
v 0.00809687748551369 0.009360141120851038 -0.009755806997418402
v 0.009026809595525268 0.005451690405607223 -0.00952726788818836
v 0.008509574458003048 0.005467962007969617 -0.009883121587336062
v 0.00809687748551369 0.009360141120851038 -0.009755806997418402
v 0.008509574458003048 0.005467962007969617 -0.009883121587336062
v 0.0075455317273736035 0.009366792626678942 -0.010034358128905295
v 0.0075455317273736035 0.009366792626678942 -0.010034358128905295
v 0.008509574458003048 0.005467962007969617 -0.009883121587336062
v 0.00794437620788813 0.005474797450006007 -0.010185107588768004
v 0.0075455317273736035 0.009366792626678942 -0.010034358128905295
v 0.00794437620788813 0.005474797450006007 -0.010185107588768004
v 0.006836006883531812 0.00546582881361246 -0.010589286684989927
v 0.006836006883531812 0.00546582881361246 -0.010589286684989927
v 0.00794437620788813 0.005474797450006007 -0.010185107588768004
v 0.007064932491630319 0.002107735257595777 -0.010799369774758814
v 0.006444360129535201 0.009369137696921824 -0.010401969775557516
v 0.005917007103562358 0.013354589231312273 -0.010257190093398092
v 0.0075455317273736035 0.009366792626678942 -0.010034358128905295
v 0.0075455317273736035 0.009366792626678942 -0.010034358128905295
v 0.005917007103562358 0.013354589231312273 -0.010257190093398092
v 0.0070341913960874115 0.013355977833271025 -0.009913383983075617
v 0.0075455317273736035 0.009366792626678942 -0.010034358128905295
v 0.0070341913960874115 0.013355977833271025 -0.009913383983075617
v 0.00809687748551369 0.009360141120851038 -0.009755806997418402
v 0.00809687748551369 0.009360141120851038 -0.009755806997418402
v 0.0070341913960874115 0.013355977833271025 -0.009913383983075617
v 0.007583141792565588 0.013357026502490042 -0.009652099572122095
v 0.00809687748551369 0.009360141120851038 -0.009755806997418402
v 0.007583141792565588 0.013357026502490042 -0.009652099572122095
v 0.008602907881140712 0.009347307495772837 -0.009422420524060724
v 0.008602907881140712 0.009347307495772837 -0.009422420524060724
v 0.007583141792565588 0.013357026502490042 -0.009652099572122095
v 0.008089886046946052 0.013355239294469355 -0.009335695765912531
v 0.008602907881140712 0.009347307495772837 -0.009422420524060724
v 0.008089886046946052 0.013355239294469355 -0.009335695765912531
v 0.009031557478010658 0.009326100349426268 -0.00904678553342819
v 0.009031557478010658 0.009326100349426268 -0.00904678553342819
v 0.008089886046946052 0.013355239294469355 -0.009335695765912531
v 0.00852321553975344 0.013347034342586992 -0.008976180106401442
v 0.009031557478010658 0.009326100349426268 -0.00904678553342819
v 0.00852321553975344 0.013347034342586992 -0.008976180106401442
v 0.009362808428704742 0.00929546821862459 -0.008641816675662993
v 0.009362808428704742 0.00929546821862459 -0.008641816675662993
v 0.00852321553975344 0.013347034342586992 -0.008976180106401442
v 0.0088610053062439 0.013329728506505488 -0.008588120341300963
v 0.009362808428704742 0.00929546821862459 -0.008641816675662993
v 0.0088610053062439 0.013329728506505488 -0.008588120341300963
v 0.009599956683814529 0.009257104247808455 -0.00821799226105213
v 0.009599956683814529 0.009257104247808455 -0.00821799226105213
v 0.0088610053062439 0.013329728506505488 -0.008588120341300963
v 0.008366545662283901 0.01709182560443878 -0.008556908927857874
v 0.009599956683814529 0.009257104247808455 -0.00821799226105213
v 0.008366545662283901 0.01709182560443878 -0.008556908927857874
v 0.008575718849897388 0.017118215560913082 -0.008216341026127337
v -0.0013616062933579094 0.003909766674041747 -0.009943562559783457
v -0.0017253862461075195 0.0037456010468304153 -0.009690128266811369
v -0.0017438898794353017 0.004569250624626874 -0.009652642533183096
v -0.0035729391966015118 0.0021729804575443263 -0.007487575989216565
v -0.0036031678318977373 0.0021419145632535215 -0.007415997330099343
v -0.003660639282315971 0.0021633880678564306 -0.007279053796082734
v -0.0033478720579296363 0.002402130281552672 -0.007934392429888247
v -0.003382408292964102 0.0023672084789723154 -0.007873503491282461
v -0.003560019889846446 0.0035088823642581697 -0.007616778835654258
v -0.003560019889846446 0.0035088823642581697 -0.007616778835654258
v -0.003382408292964102 0.0023672084789723154 -0.007873503491282461
v -0.0034169440623372806 0.0023322035558521743 -0.007810273673385381
v -0.0034169440623372806 0.0023322035558521743 -0.007810273673385381
v -0.0034812677185982483 0.0022667723242193456 -0.007685361895710229
v -0.003560019889846446 0.0035088823642581697 -0.007616778835654258
v -0.003560019889846446 0.0035088823642581697 -0.007616778835654258
v -0.0034812677185982483 0.0022667723242193456 -0.007685361895710229
v -0.00351235060952604 0.0022350428625941272 -0.007621191442012786
v -0.003560019889846446 0.0035088823642581697 -0.007616778835654258
v -0.00351235060952604 0.0022350428625941272 -0.007621191442012786
v -0.0035415822640061396 0.0022051371634006496 -0.0075582428835332385
v -0.0037134073209017533 0.0021831113845109935 -0.007139657624065875
v -0.0037586332764476555 0.0033664298243820663 -0.007139193359762429
v -0.003660639282315971 0.0021633880678564306 -0.007279053796082734
v -0.003660639282315971 0.0021633880678564306 -0.007279053796082734
v -0.0037586332764476555 0.0033664298243820663 -0.007139193359762429
v -0.003560019889846446 0.0035088823642581697 -0.007616778835654258
v -0.003660639282315971 0.0021633880678564306 -0.007279053796082734
v -0.003560019889846446 0.0035088823642581697 -0.007616778835654258
v -0.0035729391966015118 0.0021729804575443263 -0.007487575989216565
v -0.0035729391966015118 0.0021729804575443263 -0.007487575989216565
v -0.003560019889846446 0.0035088823642581697 -0.007616778835654258
v -0.0035415822640061396 0.0022051371634006496 -0.0075582428835332385
v -0.0032172461505979313 0.003752421354874968 -0.00818851590156555
v -0.003152812831103803 0.0025977895129472013 -0.008243030868470667
v -0.0032787877134978784 0.0024717065971344705 -0.00805000029504299
v -0.0032172461505979313 0.003752421354874968 -0.00818851590156555
v -0.0032787877134978784 0.0024717065971344705 -0.00805000029504299
v -0.003560019889846446 0.0035088823642581697 -0.007616778835654258
v -0.003560019889846446 0.0035088823642581697 -0.007616778835654258
v -0.0032787877134978784 0.0024717065971344705 -0.00805000029504299
v -0.0033127015922218574 0.002437588525936007 -0.007994213141500948
v -0.003560019889846446 0.0035088823642581697 -0.007616778835654258
v -0.0033127015922218574 0.002437588525936007 -0.007994213141500948
v -0.0033478720579296363 0.002402130281552672 -0.007934392429888247
v -0.003152812831103803 0.0025977895129472013 -0.008243030868470667
v -0.0032172461505979313 0.003752421354874968 -0.00818851590156555
v -0.002653435338288547 0.0030858351383358236 -0.008862595073878763
v -0.002653435338288547 0.0030858351383358236 -0.008862595073878763
v -0.0032172461505979313 0.003752421354874968 -0.00818851590156555
v -0.002682449994608761 0.004123877268284558 -0.008830253966152666
v -0.002653435338288547 0.0030858351383358236 -0.008862595073878763
v -0.002682449994608761 0.004123877268284558 -0.008830253966152666
v -0.002526794327422978 0.003201683051884174 -0.008994853124022482
v -0.002526794327422978 0.003201683051884174 -0.008994853124022482
v -0.002682449994608761 0.004123877268284558 -0.008830253966152666
v -0.0019918095786124477 0.003595659043639898 -0.009481999091804026
v -0.0019918095786124477 0.003595659043639898 -0.009481999091804026
v -0.002682449994608761 0.004123877268284558 -0.008830253966152666
v -0.002045686589553953 0.004565969575196504 -0.009414751082658766
v -0.0019918095786124477 0.003595659043639898 -0.009481999091804026
v -0.002045686589553953 0.004565969575196504 -0.009414751082658766
v -0.0019779191352427014 0.0036041599232703443 -0.00949336215853691
v -0.0013616062933579094 0.003909766674041747 -0.009943562559783457
v -0.0017438898794353017 0.004569250624626874 -0.009652642533183096
v -0.0009694201289676134 0.004040421452373265 -0.01018095016479492
v -0.0009694201289676134 0.004040421452373265 -0.01018095016479492
v -0.0017438898794353017 0.004569250624626874 -0.009652642533183096
v -0.0010251043131574993 0.004495072178542613 -0.010130867362022398
v -0.0009694201289676134 0.004040421452373265 -0.01018095016479492
v -0.0010251043131574993 0.004495072178542613 -0.010130867362022398
v -0.0007049278938211504 0.004103834740817546 -0.010321647860109804
v -0.0007049278938211504 0.004103834740817546 -0.010321647860109804
v -0.0010251043131574993 0.004495072178542613 -0.010130867362022398
v -0.00026997661916539084 0.004456844646483659 -0.01050695776939392
v -0.0007049278938211504 0.004103834740817546 -0.010321647860109804
v -0.00026997661916539084 0.004456844646483659 -0.01050695776939392
v -6.637477054027843e-05 0.0041808406822383395 -0.010601681657135485
v -6.637477054027843e-05 0.0041808406822383395 -0.010601681657135485
v -0.00026997661916539084 0.004456844646483659 -0.01050695776939392
v 0.00015070075460243976 0.0041833571158349505 -0.010678801685571669
v 0.00015070075460243976 0.0041833571158349505 -0.010678801685571669
v -0.00026997661916539084 0.004456844646483659 -0.01050695776939392
v 0.00050088856369257 0.004454085137695073 -0.010768041014671324
v 0.00015070075460243976 0.0041833571158349505 -0.010678801685571669
v 0.00050088856369257 0.004454085137695073 -0.010768041014671324
v 0.0005583380116149785 0.004156009759753942 -0.010801273398101328
v 0.00015528185758739718 0.006109658628702163 -0.010570539161562918
v 0.001118114218115807 0.006780173163861035 -0.010754497721791266
v 0.0011830457951873545 0.0053838230669498435 -0.010855068452656267
v 0.0012639591004699475 0.004007854033261537 -0.010961826890707014
v 0.0005583380116149785 0.004156009759753942 -0.010801273398101328
v 0.0011830457951873545 0.0053838230669498435 -0.010855068452656267
v 0.0011830457951873545 0.0053838230669498435 -0.010855068452656267
v 0.0005583380116149785 0.004156009759753942 -0.010801273398101328
v 0.00050088856369257 0.004454085137695073 -0.010768041014671324
v 0.0011830457951873545 0.0053838230669498435 -0.010855068452656267
v 0.00050088856369257 0.004454085137695073 -0.010768041014671324
v 0.00015528185758739718 0.006109658628702163 -0.010570539161562918
v 0.00015528185758739718 0.006109658628702163 -0.010570539161562918
v 0.00050088856369257 0.004454085137695073 -0.010768041014671324
v -0.00026997661916539084 0.004456844646483659 -0.01050695776939392
v 0.00015528185758739718 0.006109658628702163 -0.010570539161562918
v -0.00026997661916539084 0.004456844646483659 -0.01050695776939392
v -0.0005500491242855789 0.005612471140921115 -0.010325524955987929
v -0.0005500491242855789 0.005612471140921115 -0.010325524955987929
v -0.00026997661916539084 0.004456844646483659 -0.01050695776939392
v -0.0010251043131574993 0.004495072178542613 -0.010130867362022398
v -0.0005500491242855789 0.005612471140921115 -0.010325524955987929
v -0.0010251043131574993 0.004495072178542613 -0.010130867362022398
v -0.0012968194205313927 0.005089807324111461 -0.009941694326698778
v -0.0012968194205313927 0.005089807324111461 -0.009941694326698778
v -0.0010251043131574993 0.004495072178542613 -0.010130867362022398
v -0.0017438898794353017 0.004569250624626874 -0.009652642533183096
v -0.0012968194205313927 0.005089807324111461 -0.009941694326698778
v -0.0017438898794353017 0.004569250624626874 -0.009652642533183096
v -0.002045686589553953 0.004565969575196504 -0.009414751082658766
v -0.002045686589553953 0.004565969575196504 -0.009414751082658766
v -0.0017438898794353017 0.004569250624626874 -0.009652642533183096
v -0.0017253862461075195 0.0037456010468304153 -0.009690128266811369
v -0.002045686589553953 0.004565969575196504 -0.009414751082658766
v -0.0017253862461075195 0.0037456010468304153 -0.009690128266811369
v -0.0019779191352427014 0.0036041599232703443 -0.00949336215853691
v 0.010234411805868154 0.0029333771672099824 -0.001535587362013757
v 0.010234411805868154 0.0029333771672099824 -0.008464412763714789
v 0.010481222532689577 0.003126872237771749 -0.002169653540477156
v 0.010481222532689577 0.003126872237771749 -0.002169653540477156
v 0.010234411805868154 0.0029333771672099824 -0.008464412763714789
v 0.010249941609799867 0.002946132561191916 -0.008432053960859774
v 0.010481222532689577 0.003126872237771749 -0.002169653540477156
v 0.010249941609799867 0.002946132561191916 -0.008432053960859774
v 0.010497578419744974 0.0031390087679028507 -0.002221907721832394
v 0.010249941609799867 0.002946132561191916 -0.008432053960859774
v 0.010497578419744974 0.0031390087679028507 -0.007778108119964599
v 0.010497578419744974 0.0031390087679028507 -0.002221907721832394
v 0.010497578419744974 0.0031390087679028507 -0.002221907721832394
v 0.010497578419744974 0.0031390087679028507 -0.007778108119964599
v 0.010653451085090642 0.003252297872677445 -0.004227165132761001
v 0.010497578419744974 0.0031390087679028507 -0.002221907721832394
v 0.010653451085090642 0.003252297872677445 -0.004227165132761001
v 0.010659272782504564 0.003256531665101647 -0.0028220405802130695
v 0.010497578419744974 0.0031390087679028507 -0.007778108119964599
v 0.010728315450251108 0.003307256149128079 -0.006848989985883235
v 0.010653451085090642 0.003252297872677445 -0.004227165132761001
v 0.010653451085090642 0.003252297872677445 -0.004227165132761001
v 0.010728315450251108 0.003307256149128079 -0.006848989985883235
v 0.010824503377079969 0.0033801393583416934 -0.006232422310858964
v 0.010653451085090642 0.003252297872677445 -0.004227165132761001
v 0.010824503377079969 0.0033801393583416934 -0.006232422310858964
v 0.010861892253160482 0.0034092690329998727 -0.005876044742763042
v 0.010861892253160482 0.0034092690329998727 -0.005876044742763042
v 0.0108972080051899 0.003437183098867535 -0.00480842450633645
v 0.010653451085090642 0.003252297872677445 -0.004227165132761001
v 0.010653451085090642 0.003252297872677445 -0.004227165132761001
v 0.0108972080051899 0.003437183098867535 -0.00480842450633645
v 0.01083010900765658 0.0033844800200313325 -0.0038139352109283205
v 0.010653451085090642 0.003252297872677445 -0.004227165132761001
v 0.01083010900765658 0.0033844800200313325 -0.0038139352109283205
v 0.010659272782504564 0.003256531665101647 -0.0028220405802130695
v 0.010728315450251108 0.003307256149128079 -0.006848989985883235
v 0.010188034735620027 0.006061862222850322 -0.0076783113181591025
v 0.010520411655306821 0.005972669925540685 -0.006231364328414201
v 0.010728315450251108 0.003307256149128079 -0.006848989985883235
v 0.010497578419744974 0.0031390087679028507 -0.007778108119964599
v 0.010302769020199781 0.004813362844288348 -0.007778193801641463
v 0.0108972080051899 0.003437183098867535 -0.00480842450633645
v 0.010861892253160482 0.0034092690329998727 -0.005876044742763042
v 0.010520411655306821 0.005972669925540685 -0.006231364328414201
v 0.010520411655306821 0.005972669925540685 -0.006231364328414201
v 0.010861892253160482 0.0034092690329998727 -0.005876044742763042
v 0.010824503377079969 0.0033801393583416934 -0.006232422310858964
v 0.010520411655306821 0.005972669925540685 -0.006231364328414201
v 0.010824503377079969 0.0033801393583416934 -0.006232422310858964
v 0.010728315450251108 0.003307256149128079 -0.006848989985883235
v 0.010415520519018178 0.006000841036438941 -0.0031661745160818096
v 0.01009071152657271 0.00660266913473606 -0.0022216283250600095
v 0.010302769020199781 0.004813362844288348 -0.0022218259982764717
v 0.010520411655306821 0.005972669925540685 -0.006231364328414201
v 0.01060123927891255 0.0059509403072297564 -0.0047731916420161715
v 0.0108972080051899 0.003437183098867535 -0.00480842450633645
v 0.0108972080051899 0.003437183098867535 -0.00480842450633645
v 0.01060123927891255 0.0059509403072297564 -0.0047731916420161715
v 0.01054579950869084 0.005965846125036477 -0.00397040182724595
v 0.0108972080051899 0.003437183098867535 -0.00480842450633645
v 0.01054579950869084 0.005965846125036477 -0.00397040182724595
v 0.01083010900765658 0.0033844800200313325 -0.0038139352109283205
v 0.01083010900765658 0.0033844800200313325 -0.0038139352109283205
v 0.01054579950869084 0.005965846125036477 -0.00397040182724595
v 0.010415520519018178 0.006000841036438941 -0.0031661745160818096
v 0.01083010900765658 0.0033844800200313325 -0.0038139352109283205
v 0.010415520519018178 0.006000841036438941 -0.0031661745160818096
v 0.010659272782504564 0.003256531665101647 -0.0028220405802130695
v 0.010659272782504564 0.003256531665101647 -0.0028220405802130695
v 0.010415520519018178 0.006000841036438941 -0.0031661745160818096
v 0.010302769020199781 0.004813362844288348 -0.0022218259982764717
v 0.010659272782504564 0.003256531665101647 -0.0028220405802130695
v 0.010302769020199781 0.004813362844288348 -0.0022218259982764717
v 0.010497578419744974 0.0031390087679028507 -0.002221907721832394
v 0.00876559037715197 0.0188334546983242 -0.00316546531394124
v 0.008749427273869518 0.017141068354248997 -0.002219221321865916
v 0.01009071152657271 0.00660266913473606 -0.0022216283250600095
v 0.00811147224158049 0.023309601470828053 -0.003165640868246555
v 0.007916054688394073 0.02294821664690971 -0.0022196965292096134
v 0.008749427273869518 0.017141068354248997 -0.002219221321865916
v 0.007694276049733165 0.025821173563599583 -0.0031661491375416513
v 0.007428339682519439 0.025871433317661282 -0.0022218637168407436
v 0.007916054688394073 0.02294821664690971 -0.0022196965292096134
v 0.007404499687254432 0.025994662195444104 -0.0022219107486307617
v 0.007428339682519439 0.025871433317661282 -0.0022218637168407436
v 0.007670748978853229 0.025945678353309628 -0.0031661638058722015
v 0.007670748978853229 0.025945678353309628 -0.0031661638058722015
v 0.007428339682519439 0.025871433317661282 -0.0022218637168407436
v 0.007694276049733165 0.025821173563599583 -0.0031661491375416513
v 0.007670748978853229 0.025945678353309628 -0.0031661638058722015
v 0.007694276049733165 0.025821173563599583 -0.0031661491375416513
v 0.007751580327749256 0.025930806994438168 -0.0035955524072051044
v 0.007751580327749256 0.025930806994438168 -0.0035955524072051044
v 0.007694276049733165 0.025821173563599583 -0.0031661491375416513
v 0.007826934568583969 0.02579609118402004 -0.003970352467149495
v 0.007751580327749256 0.025930806994438168 -0.0035955524072051044
v 0.007826934568583969 0.02579609118402004 -0.003970352467149495
v 0.007790387142449621 0.025923665612936016 -0.0038629551418125625
v 0.007790387142449621 0.025923665612936016 -0.0038629551418125625
v 0.007826934568583969 0.02579609118402004 -0.003970352467149495
v 0.007883409969508651 0.025785412639379498 -0.004773170221596955
v 0.007790387142449621 0.025923665612936016 -0.0038629551418125625
v 0.007883409969508651 0.025785412639379498 -0.004773170221596955
v 0.00786012411117554 0.025910833850502964 -0.004773170687258243
v 0.007751578930765394 0.02593079954385757 -0.006404455751180648
v 0.007777680177241567 0.025925997644662854 -0.006231390871107577
v 0.007801075000315908 0.025800971314311024 -0.006231394596397876
v 0.007801075000315908 0.025800971314311024 -0.006231394596397876
v 0.007777680177241567 0.025925997644662854 -0.006231390871107577
v 0.007847453467547897 0.025913160294294354 -0.005528189241886138
v 0.007801075000315908 0.025800971314311024 -0.006231394596397876
v 0.007847453467547897 0.025913160294294354 -0.005528189241886138
v 0.007883409969508651 0.025785412639379498 -0.004773170221596955
v 0.007883409969508651 0.025785412639379498 -0.004773170221596955
v 0.007847453467547897 0.025913160294294354 -0.005528189241886138
v 0.00786298140883446 0.025910302996635434 -0.005000004079192876
v 0.007883409969508651 0.025785412639379498 -0.004773170221596955
v 0.00786298140883446 0.025910302996635434 -0.005000004079192876
v 0.00786012411117554 0.025910833850502964 -0.004773170687258243
v 0.007751578930765394 0.02593079954385757 -0.006404455751180648
v 0.007801075000315908 0.025800971314311024 -0.006231394596397876
v 0.0076011195778846775 0.025958474725484845 -0.007129432633519172
v 0.0076011195778846775 0.025958474725484845 -0.007129432633519172
v 0.007801075000315908 0.025800971314311024 -0.006231394596397876
v 0.0074627902358770405 0.025864904746413227 -0.007678161840885877
v 0.0076011195778846775 0.025958474725484845 -0.007129432633519172
v 0.0074627902358770405 0.025864904746413227 -0.007678161840885877
v 0.00740450527518988 0.025994654744863507 -0.007778097409754991
v 0.008540689013898376 0.018890088424086567 -0.007680663373321294
v 0.008507177233695987 0.01889850758016109 -0.007780977990478276
v 0.007850622758269313 0.02336996793746948 -0.007780077401548623
v 0.010728315450251108 0.003307256149128079 -0.006848989985883235
v 0.010302769020199781 0.004813362844288348 -0.007778193801641463
v 0.010188034735620027 0.006061862222850322 -0.0076783113181591025
v 0.010188034735620027 0.006061862222850322 -0.0076783113181591025
v 0.010302769020199781 0.004813362844288348 -0.007778193801641463
v 0.01009071152657271 0.00660266913473606 -0.0077783907763659945
v 0.010188034735620027 0.006061862222850322 -0.0076783113181591025
v 0.01009071152657271 0.00660266913473606 -0.0077783907763659945
v 0.008749269880354408 0.01714103668928146 -0.007780732121318578
v 0.007916054688394073 0.02294821664690971 -0.0022196965292096134
v 0.00811147224158049 0.023309601470828053 -0.003165640868246555
v 0.007694276049733165 0.025821173563599583 -0.0031661491375416513
v 0.007694276049733165 0.025821173563599583 -0.0031661491375416513
v 0.00811147224158049 0.023309601470828053 -0.003165640868246555
v 0.008241452276706699 0.0232794526964426 -0.003970271907746791
v 0.007694276049733165 0.025821173563599583 -0.0031661491375416513
v 0.008241452276706699 0.0232794526964426 -0.003970271907746791
v 0.007826934568583969 0.02579609118402004 -0.003970352467149495
v 0.007826934568583969 0.02579609118402004 -0.003970352467149495
v 0.008241452276706699 0.0232794526964426 -0.003970271907746791
v 0.008296757936477665 0.0232666153460741 -0.0047731674276292315
v 0.007826934568583969 0.02579609118402004 -0.003970352467149495
v 0.008296757936477665 0.0232666153460741 -0.0047731674276292315
v 0.007883409969508651 0.025785412639379498 -0.004773170221596955
v 0.007883409969508651 0.025785412639379498 -0.004773170221596955
v 0.008296757936477665 0.0232666153460741 -0.0047731674276292315
v 0.008216121233999733 0.023285334929823872 -0.006231526844203471
v 0.007883409969508651 0.025785412639379498 -0.004773170221596955
v 0.008216121233999733 0.023285334929823872 -0.006231526844203471
v 0.007801075000315908 0.025800971314311024 -0.006231394596397876
v 0.007801075000315908 0.025800971314311024 -0.006231394596397876
v 0.008216121233999733 0.023285334929823872 -0.006231526844203471
v 0.00788443256169558 0.023362152278423306 -0.007679878268390893
v 0.007801075000315908 0.025800971314311024 -0.006231394596397876
v 0.00788443256169558 0.023362152278423306 -0.007679878268390893
v 0.0074627902358770405 0.025864904746413227 -0.007678161840885877
v 0.0074627902358770405 0.025864904746413227 -0.007678161840885877
v 0.00788443256169558 0.023362152278423306 -0.007679878268390893
v 0.007428344339132312 0.025871418416500088 -0.007778139319270848
v 0.0074627902358770405 0.025864904746413227 -0.007678161840885877
v 0.007428344339132312 0.025871418416500088 -0.007778139319270848
v 0.00740450527518988 0.025994654744863507 -0.007778097409754991
v 0.008749427273869518 0.017141068354248997 -0.002219221321865916
v 0.00876559037715197 0.0188334546983242 -0.00316546531394124
v 0.00811147224158049 0.023309601470828053 -0.003165640868246555
v 0.00811147224158049 0.023309601470828053 -0.003165640868246555
v 0.00876559037715197 0.0188334546983242 -0.00316546531394124
v 0.008894254453480247 0.018800962716341015 -0.003970278427004813
v 0.00811147224158049 0.023309601470828053 -0.003165640868246555
v 0.008894254453480247 0.018800962716341015 -0.003970278427004813
v 0.008241452276706699 0.0232794526964426 -0.003970271907746791
v 0.008241452276706699 0.0232794526964426 -0.003970271907746791
v 0.008894254453480247 0.018800962716341015 -0.003970278427004813
v 0.008948976173996929 0.01878711767494678 -0.004773178603500127
v 0.008241452276706699 0.0232794526964426 -0.003970271907746791
v 0.008948976173996929 0.01878711767494678 -0.004773178603500127
v 0.008296757936477665 0.0232666153460741 -0.0047731674276292315
v 0.008296757936477665 0.0232666153460741 -0.0047731674276292315
v 0.008948976173996929 0.01878711767494678 -0.004773178603500127
v 0.008869187906384472 0.018807305023074147 -0.006231544539332389
v 0.008296757936477665 0.0232666153460741 -0.0047731674276292315
v 0.008869187906384472 0.018807305023074147 -0.006231544539332389
v 0.008216121233999733 0.023285334929823872 -0.006231526844203471
v 0.008216121233999733 0.023285334929823872 -0.006231526844203471
v 0.008869187906384472 0.018807305023074147 -0.006231544539332389
v 0.008540689013898376 0.018890088424086567 -0.007680663373321294
v 0.008216121233999733 0.023285334929823872 -0.006231526844203471
v 0.008540689013898376 0.018890088424086567 -0.007680663373321294
v 0.00788443256169558 0.023362152278423306 -0.007679878268390893
v 0.00788443256169558 0.023362152278423306 -0.007679878268390893
v 0.008540689013898376 0.018890088424086567 -0.007680663373321294
v 0.007850622758269313 0.02336996793746948 -0.007780077401548623
v 0.00788443256169558 0.023362152278423306 -0.007679878268390893
v 0.007850622758269313 0.02336996793746948 -0.007780077401548623
v 0.007428344339132312 0.025871418416500088 -0.007778139319270848
v 0.01009071152657271 0.00660266913473606 -0.0022216283250600095
v 0.010415520519018178 0.006000841036438941 -0.0031661745160818096
v 0.00876559037715197 0.0188334546983242 -0.00316546531394124
v 0.00876559037715197 0.0188334546983242 -0.00316546531394124
v 0.010415520519018178 0.006000841036438941 -0.0031661745160818096
v 0.01054579950869084 0.005965846125036477 -0.00397040182724595
v 0.00876559037715197 0.0188334546983242 -0.00316546531394124
v 0.01054579950869084 0.005965846125036477 -0.00397040182724595
v 0.008894254453480247 0.018800962716341015 -0.003970278427004813
v 0.008894254453480247 0.018800962716341015 -0.003970278427004813
v 0.01054579950869084 0.005965846125036477 -0.00397040182724595
v 0.01060123927891255 0.0059509403072297564 -0.0047731916420161715
v 0.008894254453480247 0.018800962716341015 -0.003970278427004813
v 0.01060123927891255 0.0059509403072297564 -0.0047731916420161715
v 0.008948976173996929 0.01878711767494678 -0.004773178603500127
v 0.008948976173996929 0.01878711767494678 -0.004773178603500127
v 0.01060123927891255 0.0059509403072297564 -0.0047731916420161715
v 0.010520411655306821 0.005972669925540685 -0.006231364328414201
v 0.008948976173996929 0.01878711767494678 -0.004773178603500127
v 0.010520411655306821 0.005972669925540685 -0.006231364328414201
v 0.008869187906384472 0.018807305023074147 -0.006231544539332389
v 0.008869187906384472 0.018807305023074147 -0.006231544539332389
v 0.010520411655306821 0.005972669925540685 -0.006231364328414201
v 0.010188034735620027 0.006061862222850322 -0.0076783113181591025
v 0.008869187906384472 0.018807305023074147 -0.006231544539332389
v 0.010188034735620027 0.006061862222850322 -0.0076783113181591025
v 0.008540689013898376 0.018890088424086567 -0.007680663373321294
v 0.008540689013898376 0.018890088424086567 -0.007680663373321294
v 0.010188034735620027 0.006061862222850322 -0.0076783113181591025
v 0.008749269880354408 0.01714103668928146 -0.007780732121318578
v 0.008540689013898376 0.018890088424086567 -0.007680663373321294
v 0.008749269880354408 0.01714103668928146 -0.007780732121318578
v 0.008507177233695987 0.01889850758016109 -0.007780977990478276
v -0.004069638904184105 0.003148727351799607 -0.0050002438947558394
v -0.004061492625623943 0.003155229147523641 -0.005378490313887595
v -0.004053827840834858 0.002926117507740855 -0.005378074944019317
v -0.003992940299212934 0.003205080749467015 -0.006135151255875825
v -0.00394297204911709 0.0032396393362432714 -0.006436304654926061
v -0.00399173377081752 0.002881641965359449 -0.006066747941076755
v -0.003738999832421543 0.0027698194608092304 -0.0028605111874639984
v -0.003901954274624588 0.0028247414156794544 -0.0034323476720601316
v -0.0037134084850549715 0.0021831039339303966 -0.0028603498358279462
v -0.0037134084850549715 0.0021831039339303966 -0.0028603498358279462
v -0.003901954274624588 0.0028247414156794544 -0.0034323476720601316
v -0.003913815133273603 0.0022579981014132495 -0.0036080935969948764
v -0.0037134073209017533 0.0021831113845109935 -0.007139657624065875
v -0.0037673038896173256 0.0022032505366951223 -0.006979428231716155
v -0.0038664247840642946 0.00280451844446361 -0.0067163235507905475
v -0.0038664247840642946 0.00280451844446361 -0.0067163235507905475
v -0.0037673038896173256 0.0022032505366951223 -0.006979428231716155
v -0.0039414186030626314 0.0022683183196932073 -0.006234006024897098
v -0.0038664247840642946 0.00280451844446361 -0.0067163235507905475
v -0.0039414186030626314 0.0022683183196932073 -0.006234006024897098
v -0.00399173377081752 0.002881641965359449 -0.006066747941076755
v -0.00399173377081752 0.002881641965359449 -0.006066747941076755
v -0.0039414186030626314 0.0022683183196932073 -0.006234006024897098
v -0.004029359202831985 0.0023011818993836637 -0.005349169485270976
v -0.00399173377081752 0.002881641965359449 -0.006066747941076755
v -0.004029359202831985 0.0023011818993836637 -0.005349169485270976
v -0.004053827840834858 0.002926117507740855 -0.005378074944019317
v -0.004053827840834858 0.002926117507740855 -0.005378074944019317
v -0.004029359202831985 0.0023011818993836637 -0.005349169485270976
v -0.004015706945210697 0.0022960752248764034 -0.004410662688314914
v -0.004053827840834858 0.002926117507740855 -0.005378074944019317
v -0.004015706945210697 0.0022960752248764034 -0.004410662688314914
v -0.00400665868073702 0.0028919449541717763 -0.004048516042530536
v -0.00399173377081752 0.002881641965359449 -0.006066747941076755
v -0.00394297204911709 0.0032396393362432714 -0.006436304654926061
v -0.0038664247840642946 0.00280451844446361 -0.0067163235507905475
v -0.0038664247840642946 0.00280451844446361 -0.0067163235507905475
v -0.00394297204911709 0.0032396393362432714 -0.006436304654926061
v -0.0037586332764476555 0.0033664298243820663 -0.007139193359762429
v -0.0038664247840642946 0.00280451844446361 -0.0067163235507905475
v -0.0037586332764476555 0.0033664298243820663 -0.007139193359762429
v -0.0037134073209017533 0.0021831113845109935 -0.007139657624065875
v -0.004053827840834858 0.002926117507740855 -0.005378074944019317
v -0.004061492625623943 0.003155229147523641 -0.005378490313887595
v -0.00399173377081752 0.002881641965359449 -0.006066747941076755
v -0.00399173377081752 0.002881641965359449 -0.006066747941076755
v -0.004061492625623943 0.003155229147523641 -0.005378490313887595
v -0.004042335320264103 0.0031697142403572793 -0.005688372068107127
v -0.00399173377081752 0.002881641965359449 -0.006066747941076755
v -0.004042335320264103 0.0031697142403572793 -0.005688372068107127
v -0.003992940299212934 0.003205080749467015 -0.006135151255875825
v -0.0038460523355752247 0.003305924823507666 -0.0031442106701433654
v -0.003992596641182901 0.0032053063623607154 -0.0038624722510576244
v -0.00400665868073702 0.0028919449541717763 -0.004048516042530536
v -0.00400665868073702 0.0028919449541717763 -0.004048516042530536
v -0.003992596641182901 0.0032053063623607154 -0.0038624722510576244
v -0.004016467835754158 0.003188446862623095 -0.004047657828778028
v -0.00400665868073702 0.0028919449541717763 -0.004048516042530536
v -0.004016467835754158 0.003188446862623095 -0.004047657828778028
v -0.004053827840834858 0.002926117507740855 -0.005378074944019317
v -0.004053827840834858 0.002926117507740855 -0.005378074944019317
v -0.004016467835754158 0.003188446862623095 -0.004047657828778028
v -0.004067836795002224 0.0031501965131610628 -0.004821527283638715
v -0.004053827840834858 0.002926117507740855 -0.005378074944019317
v -0.004067836795002224 0.0031501965131610628 -0.004821527283638715
v -0.004069638904184105 0.003148727351799607 -0.0050002438947558394
v -0.004015706945210697 0.0022960752248764034 -0.004410662688314914
v -0.003913815133273603 0.0022579981014132495 -0.0036080935969948764
v -0.00400665868073702 0.0028919449541717763 -0.004048516042530536
v -0.00400665868073702 0.0028919449541717763 -0.004048516042530536
v -0.003913815133273603 0.0022579981014132495 -0.0036080935969948764
v -0.003901954274624588 0.0028247414156794544 -0.0034323476720601316
v -0.00400665868073702 0.0028919449541717763 -0.004048516042530536
v -0.003901954274624588 0.0028247414156794544 -0.0034323476720601316
v -0.0038460523355752247 0.003305924823507666 -0.0031442106701433654
v -0.0038460523355752247 0.003305924823507666 -0.0031442106701433654
v -0.003901954274624588 0.0028247414156794544 -0.0034323476720601316
v -0.003738999832421543 0.0027698194608092304 -0.0028605111874639984
v -0.0038460523355752247 0.003305924823507666 -0.0031442106701433654
v -0.003738999832421543 0.0027698194608092304 -0.0028605111874639984
v -0.0037586332764476555 0.0033664298243820663 -0.002860814100131392
v 0.0064614568836987045 0.016879476606845852 -0.00013421627227216956
v 0.006430105771869424 0.016876459121704098 -0.00012254400644451377
v 0.006895687431097034 0.01430381555110216 -0.00010821420437423511
v 0.01009071152657271 0.00660266913473606 -0.0022216283250600095
v 0.009352350607514385 0.011290746740996836 -0.0017995598027482627
v 0.009811089374125009 0.006507448386400937 -0.0015279591316357253
v 0.009352350607514385 0.011290746740996836 -0.0017995598027482627
v 0.009115662425756458 0.011326672509312628 -0.001387389958836138
v 0.009811089374125009 0.006507448386400937 -0.0015279591316357253
v 0.009811089374125009 0.006507448386400937 -0.0015279591316357253
v 0.009115662425756458 0.011326672509312628 -0.001387389958836138
v 0.008782789111137394 0.011354061774909495 -0.0009918153518810866
v 0.009811089374125009 0.006507448386400937 -0.0015279591316357253
v 0.008782789111137394 0.011354061774909495 -0.0009918153518810866
v 0.009451022371649746 0.00639002164825797 -0.000988031388260424
v 0.006556236650794747 0.00836870353668928 0.00044567778240889305
v 0.006829717196524146 0.005540160462260245 0.0005852597532793878
v 0.007613758090883497 0.00579602550715208 0.0003030922962352633
v 0.006556236650794747 0.00836870353668928 0.00044567778240889305
v 0.007613758090883497 0.00579602550715208 0.0003030922962352633
v 0.007656950503587726 0.008370490744709967 7.003115752013399e-05
v 0.007656950503587726 0.008370490744709967 7.003115752013399e-05
v 0.008210665546357635 0.00836446415632963 -0.00021379406098276374
v 0.0078485356643796 0.011382876895368097 -0.00030106969643384213
v 0.007558404467999939 0.016995411366224285 -0.0006908458890393375
v 0.007036651484668258 0.01693787798285484 -0.0003858759300783276
v 0.007445934694260362 0.014312807470560072 -0.0003658883506432175
v 0.007558404467999939 0.016995411366224285 -0.0006908458890393375
v 0.007445934694260362 0.014312807470560072 -0.0003658883506432175
v 0.007954855449497703 0.014319802634418009 -0.0006790385814383625
v 0.007954855449497703 0.014319802634418009 -0.0006790385814383625
v 0.007445934694260362 0.014312807470560072 -0.0003658883506432175
v 0.0078485356643796 0.011382876895368097 -0.00030106969643384213
v 0.007954855449497703 0.014319802634418009 -0.0006790385814383625
v 0.0078485356643796 0.011382876895368097 -0.00030106969643384213
v 0.008353414013981823 0.011372174136340616 -0.0006251336308196186
v 0.008353414013981823 0.011372174136340616 -0.0006251336308196186
v 0.0078485356643796 0.011382876895368097 -0.00030106969643384213
v 0.008210665546357635 0.00836446415632963 -0.00021379406098276374
v 0.008353414013981823 0.011372174136340616 -0.0006251336308196186
v 0.008210665546357635 0.00836446415632963 -0.00021379406098276374
v 0.008718362078070644 0.008351428434252737 -0.0005523423897102474
v 0.0064614568836987045 0.016879476606845852 -0.00013421627227216956
v 0.006895687431097034 0.01430381555110216 -0.00010821420437423511
v 0.00702882464975119 0.01693705096840858 -0.0003819220000877976
v 0.007656950503587726 0.008370490744709967 7.003115752013399e-05
v 0.0078485356643796 0.011382876895368097 -0.00030106969643384213
v 0.007299839984625581 0.011389065533876417 -3.191653740941546e-05
v 0.007299839984625581 0.011389065533876417 -3.191653740941546e-05
v 0.0078485356643796 0.011382876895368097 -0.00030106969643384213
v 0.007445934694260362 0.014312807470560072 -0.0003658883506432175
v 0.007299839984625581 0.011389065533876417 -3.191653740941546e-05
v 0.007445934694260362 0.014312807470560072 -0.0003658883506432175
v 0.006895687431097034 0.01430381555110216 -0.00010821420437423511
v 0.006895687431097034 0.01430381555110216 -0.00010821420437423511
v 0.007445934694260362 0.014312807470560072 -0.0003658883506432175
v 0.007036651484668258 0.01693787798285484 -0.0003858759300783276
v 0.006895687431097034 0.01430381555110216 -0.00010821420437423511
v 0.007036651484668258 0.01693787798285484 -0.0003858759300783276
v 0.00702882464975119 0.01693705096840858 -0.0003819220000877976
v 0.008008901029825214 0.01704812794923782 -0.0010455684969201682
v 0.008782789111137394 0.011354061774909495 -0.0009918153518810866
v 0.008369420655071739 0.017092192545533177 -0.0014466162538155911
v 0.008369420655071739 0.017092192545533177 -0.0014466162538155911
v 0.008782789111137394 0.011354061774909495 -0.0009918153518810866
v 0.009115662425756458 0.011326672509312628 -0.001387389958836138
v 0.008369420655071739 0.017092192545533177 -0.0014466162538155911
v 0.009115662425756458 0.011326672509312628 -0.001387389958836138
v 0.008600197732448581 0.01712136901915073 -0.0018331165192648766
v 0.008600197732448581 0.01712136901915073 -0.0018331165192648766
v 0.009115662425756458 0.011326672509312628 -0.001387389958836138
v 0.009352350607514385 0.011290746740996836 -0.0017995598027482627
v 0.008600197732448581 0.01712136901915073 -0.0018331165192648766
v 0.009352350607514385 0.011290746740996836 -0.0017995598027482627
v 0.008749427273869518 0.017141068354248997 -0.002219221321865916
v 0.008749427273869518 0.017141068354248997 -0.002219221321865916
v 0.009352350607514385 0.011290746740996836 -0.0017995598027482627
v 0.01009071152657271 0.00660266913473606 -0.0022216283250600095
v 0.006430105771869424 0.016876459121704098 -0.00012254400644451377
v 0.005321859847754243 0.01678018271923065 0.0001848771935328841
v 0.006895687431097034 0.01430381555110216 -0.00010821420437423511
v 0.006895687431097034 0.01430381555110216 -0.00010821420437423511
v 0.005321859847754243 0.01678018271923065 0.0001848771935328841
v 0.005917007103562358 0.013354589231312273 0.00025718600954860443
v 0.006895687431097034 0.01430381555110216 -0.00010821420437423511
v 0.005917007103562358 0.013354589231312273 0.00025718600954860443
v 0.007299839984625581 0.011389065533876417 -3.191653740941546e-05
v 0.007299839984625581 0.011389065533876417 -3.191653740941546e-05
v 0.005917007103562358 0.013354589231312273 0.00025718600954860443
v 0.006159200798720124 0.01165270898491144 0.0003128632670268416
v 0.007299839984625581 0.011389065533876417 -3.191653740941546e-05
v 0.006159200798720124 0.01165270898491144 0.0003128632670268416
v 0.007656950503587726 0.008370490744709967 7.003115752013399e-05
v 0.007656950503587726 0.008370490744709967 7.003115752013399e-05
v 0.006159200798720124 0.01165270898491144 0.0003128632670268416
v 0.006444360129535201 0.009369137696921824 0.00040196615736931557
v 0.007656950503587726 0.008370490744709967 7.003115752013399e-05
v 0.006444360129535201 0.009369137696921824 0.00040196615736931557
v 0.006556236650794747 0.00836870353668928 0.00044567778240889305
v 0.007613758090883497 0.00579602550715208 0.0003030922962352633
v 0.007893159054219726 0.005886834580451249 0.00017397745978087184
v 0.007656950503587726 0.008370490744709967 7.003115752013399e-05
v 0.007656950503587726 0.008370490744709967 7.003115752013399e-05
v 0.007893159054219726 0.005886834580451249 0.00017397745978087184
v 0.008416020311415199 0.006056323647499084 -0.00011570064089028163
v 0.007656950503587726 0.008370490744709967 7.003115752013399e-05
v 0.008416020311415199 0.006056323647499084 -0.00011570064089028163
v 0.008210665546357635 0.00836446415632963 -0.00021379406098276374
v 0.008210665546357635 0.00836446415632963 -0.00021379406098276374
v 0.008416020311415199 0.006056323647499084 -0.00011570064089028163
v 0.008996683172881607 0.006245677825063466 -0.0005354449385777115
v 0.008210665546357635 0.00836446415632963 -0.00021379406098276374
v 0.008996683172881607 0.006245677825063466 -0.0005354449385777115
v 0.008718362078070644 0.008351428434252737 -0.0005523423897102474
v 0.008718362078070644 0.008351428434252737 -0.0005523423897102474
v 0.008996683172881607 0.006245677825063466 -0.0005354449385777115
v 0.009451022371649746 0.00639002164825797 -0.000988031388260424
v 0.008718362078070644 0.008351428434252737 -0.0005523423897102474
v 0.009451022371649746 0.00639002164825797 -0.000988031388260424
v 0.008353414013981823 0.011372174136340616 -0.0006251336308196186
v 0.008353414013981823 0.011372174136340616 -0.0006251336308196186
v 0.009451022371649746 0.00639002164825797 -0.000988031388260424
v 0.008782789111137394 0.011354061774909495 -0.0009918153518810866
v 0.008353414013981823 0.011372174136340616 -0.0006251336308196186
v 0.008782789111137394 0.011354061774909495 -0.0009918153518810866
v 0.007954855449497703 0.014319802634418009 -0.0006790385814383625
v 0.007954855449497703 0.014319802634418009 -0.0006790385814383625
v 0.008782789111137394 0.011354061774909495 -0.0009918153518810866
v 0.008008901029825214 0.01704812794923782 -0.0010455684969201682
v 0.007954855449497703 0.014319802634418009 -0.0006790385814383625
v 0.008008901029825214 0.01704812794923782 -0.0010455684969201682
v 0.007558404467999939 0.016995411366224285 -0.0006908458890393375
v 0.007780530955642465 0.022828876972198483 -0.00818039197474718
v 0.007850622758269313 0.02336996793746948 -0.007780077401548623
v 0.008507177233695987 0.01889850758016109 -0.007780977990478276
v 0.007850622758269313 0.02336996793746948 -0.007780077401548623
v 0.007780530955642465 0.022828876972198483 -0.00818039197474718
v 0.007428344339132312 0.025871418416500088 -0.007778139319270848
v 0.007428344339132312 0.025871418416500088 -0.007778139319270848
v 0.007780530955642465 0.022828876972198483 -0.00818039197474718
v 0.007221439387649301 0.02602552622556686 -0.00822520814836025
v 0.007428344339132312 0.025871418416500088 -0.007778139319270848
v 0.007221439387649301 0.02602552622556686 -0.00822520814836025
v 0.00740450527518988 0.025994654744863507 -0.007778097409754991
v 0.002911476651206614 0.025292554870247837 -0.010350551456212996
v 0.0029748827219009412 0.0253003928810358 -0.010340837761759756
v 0.0030094778630882515 0.025037059560418125 -0.010339513421058653
v 0.0030094778630882515 0.025037059560418125 -0.010339513421058653
v 0.0029748827219009412 0.0253003928810358 -0.010340837761759756
v 0.003607450984418394 0.0233396403491497 -0.010274781845510004
v 0.0029748827219009412 0.0253003928810358 -0.010340837761759756
v 0.0029893945902585996 0.025305373594164845 -0.01033855229616165
v 0.003607450984418394 0.0233396403491497 -0.010274781845510004
v 0.003607450984418394 0.0233396403491497 -0.010274781845510004
v 0.0029893945902585996 0.025305373594164845 -0.01033855229616165
v 0.003005338599905373 0.025310823693871495 -0.010336033068597315
v 0.003607450984418394 0.0233396403491497 -0.010274781845510004
v 0.003005338599905373 0.025310823693871495 -0.010336033068597315
v 0.003022710327059032 0.025316758081316944 -0.010333280079066752
v 0.003022710327059032 0.025316758081316944 -0.010333280079066752
v 0.003041511401534082 0.025323146954178807 -0.010330290533602236
v 0.003607450984418394 0.0233396403491497 -0.010274781845510004
v 0.003607450984418394 0.0233396403491497 -0.010274781845510004
v 0.003041511401534082 0.025323146954178807 -0.010330290533602236
v 0.003538984805345537 0.02548398450016975 -0.010246129706501959
v 0.003607450984418394 0.0233396403491497 -0.010274781845510004
v 0.003538984805345537 0.02548398450016975 -0.010246129706501959
v 0.004424387589097025 0.023695955052971836 -0.010112538933753966
v 0.006107117515057328 0.019332429394125935 -0.009846253320574759
v 0.004870695993304254 0.018828235566616055 -0.010180636309087275
v 0.0042634224519133585 0.021171662956476208 -0.010214556008577345
v 0.0072360495105385815 0.024678431451320645 -0.008617001585662363
v 0.007572335191071037 0.022659929469227787 -0.008586138486862181
v 0.006908199749886993 0.024560142308473584 -0.009003175422549246
v 0.006908199749886993 0.024560142308473584 -0.009003175422549246
v 0.007572335191071037 0.022659929469227787 -0.008586138486862181
v 0.007258368190377954 0.022475104779005047 -0.00896860286593437
v 0.0042634224519133585 0.021171662956476208 -0.010214556008577345
v 0.003607450984418394 0.0233396403491497 -0.010274781845510004
v 0.004987651482224467 0.021460067480802533 -0.010060835629701613
v 0.004987651482224467 0.021460067480802533 -0.010060835629701613
v 0.003607450984418394 0.0233396403491497 -0.010274781845510004
v 0.004424387589097025 0.023695955052971836 -0.010112538933753966
v 0.004987651482224467 0.021460067480802533 -0.010060835629701613
v 0.004424387589097025 0.023695955052971836 -0.010112538933753966
v 0.005676100030541423 0.021765168756246563 -0.009861779399216173
v 0.005676100030541423 0.021765168756246563 -0.009861779399216173
v 0.004424387589097025 0.023695955052971836 -0.010112538933753966
v 0.005203047301620248 0.023990374058485028 -0.009906760416924952
v 0.005676100030541423 0.021765168756246563 -0.009861779399216173
v 0.005203047301620248 0.023990374058485028 -0.009906760416924952
v 0.0062961010262370136 0.022032655775547024 -0.009614025242626665
v 0.0062961010262370136 0.022032655775547024 -0.009614025242626665
v 0.005203047301620248 0.023990374058485028 -0.009906760416924952
v 0.0058857211843133 0.024226114153861996 -0.009654398076236246
v 0.0062961010262370136 0.022032655775547024 -0.009614025242626665
v 0.0058857211843133 0.024226114153861996 -0.009654398076236246
v 0.006829758640378716 0.02226774394512176 -0.009314822964370249
v 0.006829758640378716 0.02226774394512176 -0.009314822964370249
v 0.0058857211843133 0.024226114153861996 -0.009654398076236246
v 0.00645788945257664 0.024412784725427624 -0.009351965971291063
v 0.0042634224519133585 0.021171662956476208 -0.010214556008577345
v 0.004987651482224467 0.021460067480802533 -0.010060835629701613
v 0.006107117515057328 0.019332429394125935 -0.009846253320574759
v 0.006107117515057328 0.019332429394125935 -0.009846253320574759
v 0.004987651482224467 0.021460067480802533 -0.010060835629701613
v 0.005676100030541423 0.021765168756246563 -0.009861779399216173
v 0.006107117515057328 0.019332429394125935 -0.009846253320574759
v 0.005676100030541423 0.021765168756246563 -0.009861779399216173
v 0.006686642765998843 0.019544504582881924 -0.00959881395101547
v 0.006686642765998843 0.019544504582881924 -0.00959881395101547
v 0.005676100030541423 0.021765168756246563 -0.009861779399216173
v 0.0062961010262370136 0.022032655775547024 -0.009614025242626665
v 0.006686642765998843 0.019544504582881924 -0.00959881395101547
v 0.0062961010262370136 0.022032655775547024 -0.009614025242626665
v 0.007203493267297748 0.019740713760256764 -0.009296548552811144
v 0.007203493267297748 0.019740713760256764 -0.009296548552811144
v 0.0062961010262370136 0.022032655775547024 -0.009614025242626665
v 0.006829758640378716 0.02226774394512176 -0.009314822964370249
v 0.007203493267297748 0.019740713760256764 -0.009296548552811144
v 0.006829758640378716 0.02226774394512176 -0.009314822964370249
v 0.007258368190377954 0.022475104779005047 -0.00896860286593437
v 0.007258368190377954 0.022475104779005047 -0.00896860286593437
v 0.006829758640378716 0.02226774394512176 -0.009314822964370249
v 0.00645788945257664 0.024412784725427624 -0.009351965971291063
v 0.007258368190377954 0.022475104779005047 -0.00896860286593437
v 0.00645788945257664 0.024412784725427624 -0.009351965971291063
v 0.006908199749886993 0.024560142308473584 -0.009003175422549246
v 0.003538984805345537 0.02548398450016975 -0.010246129706501959
v 0.003859756514430048 0.025579044595360752 -0.0101848728954792
v 0.004424387589097025 0.023695955052971836 -0.010112538933753966
v 0.004424387589097025 0.023695955052971836 -0.010112538933753966
v 0.003859756514430048 0.025579044595360752 -0.0101848728954792
v 0.0051193810068070915 0.025881530717015263 -0.009851491078734396
v 0.004424387589097025 0.023695955052971836 -0.010112538933753966
v 0.0051193810068070915 0.025881530717015263 -0.009851491078734396
v 0.005203047301620248 0.023990374058485028 -0.009906760416924952
v 0.005203047301620248 0.023990374058485028 -0.009906760416924952
v 0.0051193810068070915 0.025881530717015263 -0.009851491078734396
v 0.005499297287315133 0.025948153808712956 -0.009705979377031325
v 0.005203047301620248 0.023990374058485028 -0.009906760416924952
v 0.005499297287315133 0.025948153808712956 -0.009705979377031325
v 0.0058857211843133 0.024226114153861996 -0.009654398076236246
v 0.0058857211843133 0.024226114153861996 -0.009654398076236246
v 0.005499297287315133 0.025948153808712956 -0.009705979377031325
v 0.006283853668719533 0.026040703058242794 -0.00928623881191015
v 0.0058857211843133 0.024226114153861996 -0.009654398076236246
v 0.006283853668719533 0.026040703058242794 -0.00928623881191015
v 0.00645788945257664 0.024412784725427624 -0.009351965971291063
v 0.00645788945257664 0.024412784725427624 -0.009351965971291063
v 0.006283853668719533 0.026040703058242794 -0.00928623881191015
v 0.006606585811823609 0.02605623938143253 -0.009035581722855566
v 0.00645788945257664 0.024412784725427624 -0.009351965971291063
v 0.006606585811823609 0.02605623938143253 -0.009035581722855566
v 0.006908199749886993 0.024560142308473584 -0.009003175422549246
v 0.006908199749886993 0.024560142308473584 -0.009003175422549246
v 0.006606585811823609 0.02605623938143253 -0.009035581722855566
v 0.00697451597079635 0.0260502565652132 -0.00863517355173826
v 0.006908199749886993 0.024560142308473584 -0.009003175422549246
v 0.00697451597079635 0.0260502565652132 -0.00863517355173826
v 0.0072360495105385815 0.024678431451320645 -0.008617001585662363
v 0.0072360495105385815 0.024678431451320645 -0.008617001585662363
v 0.00697451597079635 0.0260502565652132 -0.00863517355173826
v 0.007221439387649301 0.02602552622556686 -0.00822520814836025
v 0.0072360495105385815 0.024678431451320645 -0.008617001585662363
v 0.007221439387649301 0.02602552622556686 -0.00822520814836025
v 0.007572335191071037 0.022659929469227787 -0.008586138486862181
v 0.007572335191071037 0.022659929469227787 -0.008586138486862181
v 0.007221439387649301 0.02602552622556686 -0.00822520814836025
v 0.007780530955642465 0.022828876972198483 -0.00818039197474718
v 0.007572335191071037 0.022659929469227787 -0.008586138486862181
v 0.007780530955642465 0.022828876972198483 -0.00818039197474718
v 0.008575718849897388 0.017118215560913082 -0.008216341026127337
v 0.008575718849897388 0.017118215560913082 -0.008216341026127337
v 0.007780530955642465 0.022828876972198483 -0.00818039197474718
v 0.008507177233695987 0.01889850758016109 -0.007780977990478276
v 0.008575718849897388 0.017118215560913082 -0.008216341026127337
v 0.008507177233695987 0.01889850758016109 -0.007780977990478276
v 0.008749269880354408 0.01714103668928146 -0.007780732121318578
v 0.008575718849897388 0.017118215560913082 -0.008216341026127337
v 0.008366545662283901 0.01709182560443878 -0.008556908927857874
v 0.007572335191071037 0.022659929469227787 -0.008586138486862181
v 0.007572335191071037 0.022659929469227787 -0.008586138486862181
v 0.008366545662283901 0.01709182560443878 -0.008556908927857874
v 0.008359607309103016 0.017090966925024983 -0.008566294796764849
v 0.007572335191071037 0.022659929469227787 -0.008586138486862181
v 0.008359607309103016 0.017090966925024983 -0.008566294796764849
v 0.007258368190377954 0.022475104779005047 -0.00896860286593437
v 0.007258368190377954 0.022475104779005047 -0.00896860286593437
v 0.008359607309103016 0.017090966925024983 -0.008566294796764849
v 0.008000194095075134 0.017047079280018803 -0.008962232619524
v 0.007258368190377954 0.022475104779005047 -0.00896860286593437
v 0.008000194095075134 0.017047079280018803 -0.008962232619524
v 0.007203493267297748 0.019740713760256764 -0.009296548552811144
v 0.007203493267297748 0.019740713760256764 -0.009296548552811144
v 0.008000194095075134 0.017047079280018803 -0.008962232619524
v 0.0075583332218229805 0.016995392739772793 -0.009309048764407633
v 0.007203493267297748 0.019740713760256764 -0.009296548552811144
v 0.0075583332218229805 0.016995392739772793 -0.009309048764407633
v 0.006686642765998843 0.019544504582881924 -0.00959881395101547
v 0.006686642765998843 0.019544504582881924 -0.00959881395101547
v 0.0075583332218229805 0.016995392739772793 -0.009309048764407633
v 0.0068690865300595795 0.016920285299420353 -0.009695238433778284
v 0.006686642765998843 0.019544504582881924 -0.00959881395101547
v 0.0068690865300595795 0.016920285299420353 -0.009695238433778284
v 0.006107117515057328 0.019332429394125935 -0.009846253320574759
v 0.006107117515057328 0.019332429394125935 -0.009846253320574759
v 0.0068690865300595795 0.016920285299420353 -0.009695238433778284
v 0.006476705428212884 0.016880948096513745 -0.009859988465905188
v 0.006107117515057328 0.019332429394125935 -0.009846253320574759
v 0.006476705428212884 0.016880948096513745 -0.009859988465905188
v 0.004870695993304254 0.018828235566616055 -0.010180636309087275
v 0.004870695993304254 0.018828235566616055 -0.010180636309087275
v 0.006476705428212884 0.016880948096513745 -0.009859988465905188
v 0.005321859847754243 0.01678018271923065 -0.01018488500267267
v 0.006775635294616225 0.028358023613691326 -0.002231914550065994
v 0.00705925049260259 0.027463229373097416 -0.0022242213599383827
v 0.007413399871438745 0.02743001654744148 -0.0035965198185294862
v 0.006294040940701964 0.029938744381070134 -0.002908286871388554
v 0.0061656869947910335 0.029768276959657666 -0.002265469171106815
v 0.006416503340005877 0.029254516586661335 -0.002249113284051418
v 0.0066780564375221755 0.028623450547456738 -0.0022358121350407596
v 0.007043001241981987 0.028628861531615254 -0.0036016653757542367
v 0.006416503340005877 0.029254516586661335 -0.002249113284051418
v 0.006416503340005877 0.029254516586661335 -0.002249113284051418
v 0.007043001241981987 0.028628861531615254 -0.0036016653757542367
v 0.006445825565606358 0.02996765077114105 -0.003618948860093951
v 0.006416503340005877 0.029254516586661335 -0.002249113284051418
v 0.006445825565606358 0.02996765077114105 -0.003618948860093951
v 0.006294040940701964 0.029938744381070134 -0.002908286871388554
v 0.006294040940701964 0.029938744381070134 -0.007091719657182693
v 0.006445825565606358 0.02996765077114105 -0.006381059531122445
v 0.007043001241981987 0.028628861531615254 -0.006398343015462159
v 0.007043001241981987 0.028628861531615254 -0.006398343015462159
v 0.006445825565606358 0.02996765077114105 -0.006381059531122445
v 0.006455234251916411 0.02996944263577461 -0.006323078181594609
v 0.007043001241981987 0.028628861531615254 -0.006398343015462159
v 0.006455234251916411 0.02996944263577461 -0.006323078181594609
v 0.007160502485930923 0.028630871325731274 -0.005000004079192876
v 0.007160502485930923 0.028630871325731274 -0.005000004079192876
v 0.006455234251916411 0.02996944263577461 -0.006323078181594609
v 0.006558368448168042 0.0299890823662281 -0.005000004079192876
v 0.007160502485930923 0.028630871325731274 -0.005000004079192876
v 0.006558368448168042 0.0299890823662281 -0.005000004079192876
v 0.006549304816871884 0.029987355694174763 -0.004604778718203305
v 0.0061656869947910335 0.029768276959657666 -0.007734538987278937
v 0.006294040940701964 0.029938744381070134 -0.007091719657182693
v 0.0066780564375221755 0.028623450547456738 -0.007764196023344993
v 0.0066780564375221755 0.028623450547456738 -0.007764196023344993
v 0.006294040940701964 0.029938744381070134 -0.007091719657182693
v 0.007043001241981987 0.028628861531615254 -0.006398343015462159
v 0.0066780564375221755 0.028623450547456738 -0.007764196023344993
v 0.007043001241981987 0.028628861531615254 -0.006398343015462159
v 0.006747009232640269 0.02843779511749744 -0.007767013739794492
v 0.006747009232640269 0.02843779511749744 -0.007767013739794492
v 0.007043001241981987 0.028628861531615254 -0.006398343015462159
v 0.007059249095618728 0.02746322192251682 -0.00777578679844737
v 0.00740450527518988 0.025994654744863507 -0.007778097409754991
v 0.007092586718499664 0.02734298817813396 -0.007776320446282624
v 0.0076011195778846775 0.025958474725484845 -0.007129432633519172
v 0.0076011195778846775 0.025958474725484845 -0.007129432633519172
v 0.007092586718499664 0.02734298817813396 -0.007776320446282624
v 0.007413399871438745 0.02743001654744148 -0.00640348857268691
v 0.0076011195778846775 0.025958474725484845 -0.007129432633519172
v 0.007413399871438745 0.02743001654744148 -0.00640348857268691
v 0.007751578930765394 0.02593079954385757 -0.006404455751180648
v 0.00786012411117554 0.025910833850502964 -0.004773170687258243
v 0.00786298140883446 0.025910302996635434 -0.005000004079192876
v 0.007527372334152464 0.027419565245509144 -0.005000004079192876
v 0.007527372334152464 0.027419565245509144 -0.005000004079192876
v 0.00786298140883446 0.025910302996635434 -0.005000004079192876
v 0.007847453467547897 0.025913160294294354 -0.005528189241886138
v 0.007527372334152464 0.027419565245509144 -0.005000004079192876
v 0.007847453467547897 0.025913160294294354 -0.005528189241886138
v 0.007413399871438745 0.02743001654744148 -0.00640348857268691
v 0.007413399871438745 0.02743001654744148 -0.00640348857268691
v 0.007847453467547897 0.025913160294294354 -0.005528189241886138
v 0.007777680177241567 0.025925997644662854 -0.006231390871107577
v 0.007413399871438745 0.02743001654744148 -0.00640348857268691
v 0.007777680177241567 0.025925997644662854 -0.006231390871107577
v 0.007751578930765394 0.02593079954385757 -0.006404455751180648
v 0.007413399871438745 0.02743001654744148 -0.0035965198185294862
v 0.007751580327749256 0.025930806994438168 -0.0035955524072051044
v 0.007790387142449621 0.025923665612936016 -0.0038629551418125625
v 0.007751580327749256 0.025930806994438168 -0.0035955524072051044
v 0.007413399871438745 0.02743001654744148 -0.0035965198185294862
v 0.007670748978853229 0.025945678353309628 -0.0031661638058722015
v 0.007670748978853229 0.025945678353309628 -0.0031661638058722015
v 0.007413399871438745 0.02743001654744148 -0.0035965198185294862
v 0.00705925049260259 0.027463229373097416 -0.0022242213599383827
v 0.007670748978853229 0.025945678353309628 -0.0031661638058722015
v 0.00705925049260259 0.027463229373097416 -0.0022242213599383827
v 0.007404499687254432 0.025994662195444104 -0.0022219107486307617
v 0.0066780564375221755 0.028623450547456738 -0.0022358121350407596
v 0.006775635294616225 0.028358023613691326 -0.002231914550065994
v 0.007043001241981987 0.028628861531615254 -0.0036016653757542367
v 0.007043001241981987 0.028628861531615254 -0.0036016653757542367
v 0.006775635294616225 0.028358023613691326 -0.002231914550065994
v 0.007413399871438745 0.02743001654744148 -0.0035965198185294862
v 0.007043001241981987 0.028628861531615254 -0.0036016653757542367
v 0.007413399871438745 0.02743001654744148 -0.0035965198185294862
v 0.007527372334152464 0.027419565245509144 -0.005000004079192876
v 0.007527372334152464 0.027419565245509144 -0.005000004079192876
v 0.007413399871438745 0.02743001654744148 -0.0035965198185294862
v 0.007790387142449621 0.025923665612936016 -0.0038629551418125625
v 0.007527372334152464 0.027419565245509144 -0.005000004079192876
v 0.007790387142449621 0.025923665612936016 -0.0038629551418125625
v 0.00786012411117554 0.025910833850502964 -0.004773170687258243
v 0.007092586718499664 0.02734298817813396 -0.007776320446282624
v 0.007059249095618728 0.02746322192251682 -0.00777578679844737
v 0.007413399871438745 0.02743001654744148 -0.00640348857268691
v 0.007413399871438745 0.02743001654744148 -0.00640348857268691
v 0.007059249095618728 0.02746322192251682 -0.00777578679844737
v 0.007043001241981987 0.028628861531615254 -0.006398343015462159
v 0.007413399871438745 0.02743001654744148 -0.00640348857268691
v 0.007043001241981987 0.028628861531615254 -0.006398343015462159
v 0.007527372334152464 0.027419565245509144 -0.005000004079192876
v 0.007527372334152464 0.027419565245509144 -0.005000004079192876
v 0.007043001241981987 0.028628861531615254 -0.006398343015462159
v 0.007160502485930923 0.028630871325731274 -0.005000004079192876
v 0.007527372334152464 0.027419565245509144 -0.005000004079192876
v 0.007160502485930923 0.028630871325731274 -0.005000004079192876
v 0.007043001241981987 0.028628861531615254 -0.0036016653757542367
v 0.007043001241981987 0.028628861531615254 -0.0036016653757542367
v 0.007160502485930923 0.028630871325731274 -0.005000004079192876
v 0.006549304816871884 0.029987355694174763 -0.004604778718203305
v 0.007043001241981987 0.028628861531615254 -0.0036016653757542367
v 0.006549304816871884 0.029987355694174763 -0.004604778718203305
v 0.006445825565606358 0.02996765077114105 -0.003618948860093951
v 0.007558404467999939 0.016995411366224285 -0.0006908458890393375
v 0.008008901029825214 0.01704812794923782 -0.0010455684969201682
v 0.007223641034215692 0.019747056066989895 -0.0007042294600978493
v 0.006707929074764254 0.01955304108560085 -0.0004045810783281922
v 0.006126926280558112 0.019341420382261273 -0.00015851308126002547
v 0.0064614568836987045 0.016879476606845852 -0.00013421627227216956
v 0.0064614568836987045 0.016879476606845852 -0.00013421627227216956
v 0.006126926280558112 0.019341420382261273 -0.00015851308126002547
v 0.006430105771869424 0.016876459121704098 -0.00012254400644451377
v 0.007458135019987825 0.024776984006166455 -0.0017948980676010249
v 0.007428339682519439 0.025871433317661282 -0.0022218637168407436
v 0.007404499687254432 0.025994662195444104 -0.0022219107486307617
v 0.004861529916524889 0.018866624683141705 0.0001808757660910487
v 0.005321859847754243 0.01678018271923065 0.0001848771935328841
v 0.006430105771869424 0.016876459121704098 -0.00012254400644451377
v 0.006430105771869424 0.016876459121704098 -0.00012254400644451377
v 0.006126926280558112 0.019341420382261273 -0.00015851308126002547
v 0.004861529916524889 0.018866624683141705 0.0001808757660910487
v 0.004861529916524889 0.018866624683141705 0.0001808757660910487
v 0.006126926280558112 0.019341420382261273 -0.00015851308126002547
v 0.005045831203460696 0.02148647420108318 4.668941619456745e-05
v 0.004861529916524889 0.018866624683141705 0.0001808757660910487
v 0.005045831203460696 0.02148647420108318 4.668941619456745e-05
v 0.0042835022322833555 0.02109982259571552 0.00021299568470567462
v 0.0029902658425271524 0.025305671617388722 0.000338406185619533
v 0.0029091718606650842 0.02528905682265758 0.00035094225313514466
v 0.0029407264664769186 0.02521800063550472 0.0003472258104011416
v 0.007404499687254432 0.025994662195444104 -0.0022219107486307617
v 0.0071618286892771756 0.026033388450741764 -0.001659206231124699
v 0.007458135019987825 0.024776984006166455 -0.0017948980676010249
v 0.007458135019987825 0.024776984006166455 -0.0017948980676010249
v 0.0071618286892771756 0.026033388450741764 -0.001659206231124699
v 0.006965475622564558 0.026050798594951626 -0.001352669554762542
v 0.007458135019987825 0.024776984006166455 -0.0017948980676010249
v 0.006965475622564558 0.026050798594951626 -0.001352669554762542
v 0.007246524561196569 0.024679712951183316 -0.0013931492576375602
v 0.007246524561196569 0.024679712951183316 -0.0013931492576375602
v 0.006965475622564558 0.026050798594951626 -0.001352669554762542
v 0.006566259544342759 0.026055214926600453 -0.000929247704334557
v 0.007246524561196569 0.024679712951183316 -0.0013931492576375602
v 0.006566259544342759 0.026055214926600453 -0.000929247704334557
v 0.006942881736904386 0.024569530040025708 -0.001024454948492348
v 0.006942881736904386 0.024569530040025708 -0.001024454948492348
v 0.006566259544342759 0.026055214926600453 -0.000929247704334557
v 0.006120291538536551 0.026027163490653035 -0.0006083982298150658
v 0.006942881736904386 0.024569530040025708 -0.001024454948492348
v 0.006120291538536551 0.026027163490653035 -0.0006083982298150658
v 0.006524532567709687 0.024434989318251606 -0.0006873292149975895
v 0.006524532567709687 0.024434989318251606 -0.0006873292149975895
v 0.006120291538536551 0.026027163490653035 -0.0006083982298150658
v 0.005619002971798184 0.025966444984078404 -0.0003462081076577305
v 0.006524532567709687 0.024434989318251606 -0.0006873292149975895
v 0.005619002971798184 0.025966444984078404 -0.0003462081076577305
v 0.005979967303574088 0.024261651560664173 -0.000385971856303513
v 0.005979967303574088 0.024261651560664173 -0.000385971856303513
v 0.005619002971798184 0.025966444984078404 -0.0003462081076577305
v 0.004740708041936161 0.025803130120038983 -2.81642369373003e-05
v 0.005979967303574088 0.024261651560664173 -0.000385971856303513
v 0.004740708041936161 0.025803130120038983 -2.81642369373003e-05
v 0.00530393095687032 0.024031436070799824 -0.00012452399823814628
v 0.00530393095687032 0.024031436070799824 -0.00012452399823814628
v 0.004740708041936161 0.025803130120038983 -2.81642369373003e-05
v 0.00405818782746792 0.02563434280455112 0.0001433136640116572
v 0.00530393095687032 0.024031436070799824 -0.00012452399823814628
v 0.00405818782746792 0.02563434280455112 0.0001433136640116572
v 0.004494735039770605 0.023725343868136402 9.667955600889398e-05
v 0.004494735039770605 0.023725343868136402 9.667955600889398e-05
v 0.00405818782746792 0.02563434280455112 0.0001433136640116572
v 0.0031888061203062547 0.025372434407472607 0.00030644692014902825
v 0.004494735039770605 0.023725343868136402 9.667955600889398e-05
v 0.0031888061203062547 0.025372434407472607 0.00030644692014902825
v 0.0036039748229086416 0.02335024625062942 0.0002751307329162955
v 0.0036039748229086416 0.02335024625062942 0.0002751307329162955
v 0.0031888061203062547 0.025372434407472607 0.00030644692014902825
v 0.0029902658425271524 0.025305671617388722 0.000338406185619533
v 0.0036039748229086416 0.02335024625062942 0.0002751307329162955
v 0.0029902658425271524 0.025305671617388722 0.000338406185619533
v 0.002963984385132791 0.02515705674886703 0.00034461112227290863
v 0.002963984385132791 0.02515705674886703 0.00034461112227290863
v 0.0029902658425271524 0.025305671617388722 0.000338406185619533
v 0.0029407264664769186 0.02521800063550472 0.0003472258104011416
v 0.008749427273869518 0.017141068354248997 -0.002219221321865916
v 0.007916054688394073 0.02294821664690971 -0.0022196965292096134
v 0.008600197732448581 0.01712136901915073 -0.0018331165192648766
v 0.008600197732448581 0.01712136901915073 -0.0018331165192648766
v 0.007916054688394073 0.02294821664690971 -0.0022196965292096134
v 0.007781963329762224 0.02282762713730335 -0.0018168232636526225
v 0.008600197732448581 0.01712136901915073 -0.0018331165192648766
v 0.007781963329762224 0.02282762713730335 -0.0018168232636526225
v 0.008369420655071739 0.017092192545533177 -0.0014466162538155911
v 0.008369420655071739 0.017092192545533177 -0.0014466162538155911
v 0.007781963329762224 0.02282762713730335 -0.0018168232636526225
v 0.007588297128677372 0.022662628442049023 -0.0014192754169926045
v 0.008369420655071739 0.017092192545533177 -0.0014466162538155911
v 0.007588297128677372 0.022662628442049023 -0.0014192754169926045
v 0.008008901029825214 0.01704812794923782 -0.0010455684969201682
v 0.008008901029825214 0.01704812794923782 -0.0010455684969201682
v 0.007588297128677372 0.022662628442049023 -0.0014192754169926045
v 0.007296857424080375 0.02248600125312805 -0.0010482758516445754
v 0.008008901029825214 0.01704812794923782 -0.0010455684969201682
v 0.007296857424080375 0.02248600125312805 -0.0010482758516445754
v 0.007223641034215692 0.019747056066989895 -0.0007042294600978493
v 0.007223641034215692 0.019747056066989895 -0.0007042294600978493
v 0.007296857424080375 0.02248600125312805 -0.0010482758516445754
v 0.006892262026667598 0.022290168330073353 -0.0007114257896319031
v 0.007223641034215692 0.019747056066989895 -0.0007042294600978493
v 0.006892262026667598 0.022290168330073353 -0.0007114257896319031
v 0.006707929074764254 0.01955304108560085 -0.0004045810783281922
v 0.006707929074764254 0.01955304108560085 -0.0004045810783281922
v 0.006892262026667598 0.022290168330073353 -0.0007114257896319031
v 0.006377542857080701 0.022066507488489148 -0.00041567545849829907
v 0.006707929074764254 0.01955304108560085 -0.0004045810783281922
v 0.006377542857080701 0.022066507488489148 -0.00041567545849829907
v 0.006126926280558112 0.019341420382261273 -0.00015851308126002547
v 0.006126926280558112 0.019341420382261273 -0.00015851308126002547
v 0.006377542857080701 0.022066507488489148 -0.00041567545849829907
v 0.005760386586189273 0.02180303446948528 -0.000163688906468451
v 0.006126926280558112 0.019341420382261273 -0.00015851308126002547
v 0.005760386586189273 0.02180303446948528 -0.000163688906468451
v 0.005045831203460696 0.02148647420108318 4.668941619456745e-05
v 0.0064614568836987045 0.016879476606845852 -0.00013421627227216956
v 0.00702882464975119 0.01693705096840858 -0.0003819220000877976
v 0.006707929074764254 0.01955304108560085 -0.0004045810783281922
v 0.006707929074764254 0.01955304108560085 -0.0004045810783281922
v 0.00702882464975119 0.01693705096840858 -0.0003819220000877976
v 0.007036651484668258 0.01693787798285484 -0.0003858759300783276
v 0.006707929074764254 0.01955304108560085 -0.0004045810783281922
v 0.007036651484668258 0.01693787798285484 -0.0003858759300783276
v 0.007223641034215692 0.019747056066989895 -0.0007042294600978493
v 0.007223641034215692 0.019747056066989895 -0.0007042294600978493
v 0.007036651484668258 0.01693787798285484 -0.0003858759300783276
v 0.007558404467999939 0.016995411366224285 -0.0006908458890393375
v 0.0036039748229086416 0.02335024625062942 0.0002751307329162955
v 0.0042835022322833555 0.02109982259571552 0.00021299568470567462
v 0.004494735039770605 0.023725343868136402 9.667955600889398e-05
v 0.004494735039770605 0.023725343868136402 9.667955600889398e-05
v 0.0042835022322833555 0.02109982259571552 0.00021299568470567462
v 0.005045831203460696 0.02148647420108318 4.668941619456745e-05
v 0.004494735039770605 0.023725343868136402 9.667955600889398e-05
v 0.005045831203460696 0.02148647420108318 4.668941619456745e-05
v 0.00530393095687032 0.024031436070799824 -0.00012452399823814628
v 0.00530393095687032 0.024031436070799824 -0.00012452399823814628
v 0.005045831203460696 0.02148647420108318 4.668941619456745e-05
v 0.005760386586189273 0.02180303446948528 -0.000163688906468451
v 0.00530393095687032 0.024031436070799824 -0.00012452399823814628
v 0.005760386586189273 0.02180303446948528 -0.000163688906468451
v 0.005979967303574088 0.024261651560664173 -0.000385971856303513
v 0.005979967303574088 0.024261651560664173 -0.000385971856303513
v 0.005760386586189273 0.02180303446948528 -0.000163688906468451
v 0.006377542857080701 0.022066507488489148 -0.00041567545849829907
v 0.005979967303574088 0.024261651560664173 -0.000385971856303513
v 0.006377542857080701 0.022066507488489148 -0.00041567545849829907
v 0.006524532567709687 0.024434989318251606 -0.0006873292149975895
v 0.006524532567709687 0.024434989318251606 -0.0006873292149975895
v 0.006377542857080701 0.022066507488489148 -0.00041567545849829907
v 0.006892262026667598 0.022290168330073353 -0.0007114257896319031
v 0.006524532567709687 0.024434989318251606 -0.0006873292149975895
v 0.006892262026667598 0.022290168330073353 -0.0007114257896319031
v 0.006942881736904386 0.024569530040025708 -0.001024454948492348
v 0.006942881736904386 0.024569530040025708 -0.001024454948492348
v 0.006892262026667598 0.022290168330073353 -0.0007114257896319031
v 0.007296857424080375 0.02248600125312805 -0.0010482758516445754
v 0.006942881736904386 0.024569530040025708 -0.001024454948492348
v 0.007296857424080375 0.02248600125312805 -0.0010482758516445754
v 0.007246524561196569 0.024679712951183316 -0.0013931492576375602
v 0.007246524561196569 0.024679712951183316 -0.0013931492576375602
v 0.007296857424080375 0.02248600125312805 -0.0010482758516445754
v 0.007588297128677372 0.022662628442049023 -0.0014192754169926045
v 0.007246524561196569 0.024679712951183316 -0.0013931492576375602
v 0.007588297128677372 0.022662628442049023 -0.0014192754169926045
v 0.007458135019987825 0.024776984006166455 -0.0017948980676010249
v 0.007458135019987825 0.024776984006166455 -0.0017948980676010249
v 0.007588297128677372 0.022662628442049023 -0.0014192754169926045
v 0.007781963329762224 0.02282762713730335 -0.0018168232636526225
v 0.007458135019987825 0.024776984006166455 -0.0017948980676010249
v 0.007781963329762224 0.02282762713730335 -0.0018168232636526225
v 0.007428339682519439 0.025871433317661282 -0.0022218637168407436
v 0.007428339682519439 0.025871433317661282 -0.0022218637168407436
v 0.007781963329762224 0.02282762713730335 -0.0018168232636526225
v 0.007916054688394073 0.02294821664690971 -0.0022196965292096134
v 0.0023996445816010245 0.02412891201674938 -0.010427224449813364
v 0.0028047212399542345 0.023314854130148884 -0.01038822717964649
v 0.0021842080168426046 0.02329550869762897 -0.010449253022670744
v 0.0021842080168426046 0.02329550869762897 -0.010449253022670744
v 0.0028047212399542345 0.023314854130148884 -0.01038822717964649
v 0.0020709140226244935 0.022395135834813115 -0.010456877760589121
v 0.0020709140226244935 0.022395135834813115 -0.010456877760589121
v 0.0028047212399542345 0.023314854130148884 -0.01038822717964649
v 0.003359780646860601 0.02104236744344234 -0.010346417315304278
v 0.0020709140226244935 0.022395135834813115 -0.010456877760589121
v 0.003359780646860601 0.02104236744344234 -0.010346417315304278
v 0.002068672329187394 0.021437311545014378 -0.010454062372446058
v 0.002068672329187394 0.021437311545014378 -0.010454062372446058
v 0.003359780646860601 0.02104236744344234 -0.010346417315304278
v 0.002206411678344012 0.020191056653857228 -0.010443750768899916
v 0.002206411678344012 0.020191056653857228 -0.010443750768899916
v 0.003359780646860601 0.02104236744344234 -0.010346417315304278
v 0.003834456671029331 0.018679356202483174 -0.010332348756492136
v 0.002206411678344012 0.020191056653857228 -0.010443750768899916
v 0.003834456671029331 0.018679356202483174 -0.010332348756492136
v 0.0024031007196754226 0.01882469095289707 -0.010437384247779844
v 0.004870695993304254 0.018828235566616055 -0.010180636309087275
v 0.005321859847754243 0.01678018271923065 -0.01018488500267267
v 0.004230413120239975 0.016723535954952237 -0.01035032421350479
v 0.0026897597126662744 0.01676169596612453 -0.010459892451763151
v 0.0024031007196754226 0.01882469095289707 -0.010437384247779844
v 0.004230413120239975 0.016723535954952237 -0.01035032421350479
v 0.004230413120239975 0.016723535954952237 -0.01035032421350479
v 0.0024031007196754226 0.01882469095289707 -0.010437384247779844
v 0.003834456671029331 0.018679356202483174 -0.010332348756492136
v 0.004230413120239975 0.016723535954952237 -0.01035032421350479
v 0.003834456671029331 0.018679356202483174 -0.010332348756492136
v 0.004870695993304254 0.018828235566616055 -0.010180636309087275
v 0.004870695993304254 0.018828235566616055 -0.010180636309087275
v 0.003834456671029331 0.018679356202483174 -0.010332348756492136
v 0.003359780646860601 0.02104236744344234 -0.010346417315304278
v 0.004870695993304254 0.018828235566616055 -0.010180636309087275
v 0.003359780646860601 0.02104236744344234 -0.010346417315304278
v 0.0042634224519133585 0.021171662956476208 -0.010214556008577345
v 0.0042634224519133585 0.021171662956476208 -0.010214556008577345
v 0.003359780646860601 0.02104236744344234 -0.010346417315304278
v 0.0028047212399542345 0.023314854130148884 -0.01038822717964649
v 0.0042634224519133585 0.021171662956476208 -0.010214556008577345
v 0.0028047212399542345 0.023314854130148884 -0.01038822717964649
v 0.003607450984418394 0.0233396403491497 -0.010274781845510004
v 0.003607450984418394 0.0233396403491497 -0.010274781845510004
v 0.0028047212399542345 0.023314854130148884 -0.01038822717964649
v 0.0023996445816010245 0.02412891201674938 -0.010427224449813364
v 0.003607450984418394 0.0233396403491497 -0.010274781845510004
v 0.0023996445816010245 0.02412891201674938 -0.010427224449813364
v 0.0030094778630882515 0.025037059560418125 -0.010339513421058653
v 0.0030094778630882515 0.025037059560418125 -0.010339513421058653
v 0.0023996445816010245 0.02412891201674938 -0.010427224449813364
v 0.002749423496425153 0.02497608587145805 -0.010378422215580939
v 0.0030094778630882515 0.025037059560418125 -0.010339513421058653
v 0.002749423496425153 0.02497608587145805 -0.010378422215580939
v 0.002911476651206614 0.025292554870247837 -0.010350551456212996
v 0.007059249095618728 0.02746322192251682 -0.00777578679844737
v 0.007092586718499664 0.02734298817813396 -0.007776320446282624
v 0.006901720538735393 0.02733262069523334 -0.008249911479651926
v 0.005986185278743508 0.029522703960537907 -0.008365460671484469
v 0.0061656869947910335 0.029768276959657666 -0.007734538987278937
v 0.0066780564375221755 0.028623450547456738 -0.007764196023344993
v 0.006249632686376574 0.028360372409224507 -0.008733428083360193
v 0.005986185278743508 0.029522703960537907 -0.008365460671484469
v 0.006541911512613299 0.02840793505311012 -0.008264665491878985
v 0.006541911512613299 0.02840793505311012 -0.008264665491878985
v 0.005986185278743508 0.029522703960537907 -0.008365460671484469
v 0.0066780564375221755 0.028623450547456738 -0.007764196023344993
v 0.006541911512613299 0.02840793505311012 -0.008264665491878985
v 0.0066780564375221755 0.028623450547456738 -0.007764196023344993
v 0.006747009232640269 0.02843779511749744 -0.007767013739794492
v 0.005669215694069865 0.02910877019166946 -0.009001304395496844
v 0.005756192374974492 0.029224365949630734 -0.008860987611114977
v 0.005885222461074593 0.029152506962418553 -0.008757910691201685
v 0.005885222461074593 0.029152506962418553 -0.008757910691201685
v 0.005756192374974492 0.029224365949630734 -0.008860987611114977
v 0.005810026545077565 0.0292958989739418 -0.00876316614449024
v 0.0048883021809160735 0.02807258069515228 -0.00974697060883045
v 0.005146023817360404 0.028414141386747357 -0.009568480774760245
v 0.005307145882397893 0.028168382123112675 -0.009532055817544459
v 0.005307145882397893 0.028168382123112675 -0.009532055817544459
v 0.005146023817360404 0.028414141386747357 -0.009568480774760245
v 0.005482265260070565 0.028860474005341526 -0.009247639216482638
v 0.005307145882397893 0.028168382123112675 -0.009532055817544459
v 0.005482265260070565 0.028860474005341526 -0.009247639216482638
v 0.0058427844196558025 0.028283543884754177 -0.009156753309071062
v 0.0058427844196558025 0.028283543884754177 -0.009156753309071062
v 0.005482265260070565 0.028860474005341526 -0.009247639216482638
v 0.005669215694069865 0.02910877019166946 -0.009001304395496844
v 0.0058427844196558025 0.028283543884754177 -0.009156753309071062
v 0.005669215694069865 0.02910877019166946 -0.009001304395496844
v 0.006249632686376574 0.028360372409224507 -0.008733428083360193
v 0.006249632686376574 0.028360372409224507 -0.008733428083360193
v 0.005669215694069865 0.02910877019166946 -0.009001304395496844
v 0.005885222461074593 0.029152506962418553 -0.008757910691201685
v 0.006249632686376574 0.028360372409224507 -0.008733428083360193
v 0.005885222461074593 0.029152506962418553 -0.008757910691201685
v 0.005986185278743508 0.029522703960537907 -0.008365460671484469
v 0.005986185278743508 0.029522703960537907 -0.008365460671484469
v 0.005885222461074593 0.029152506962418553 -0.008757910691201685
v 0.005810026545077565 0.0292958989739418 -0.00876316614449024
v 0.003538984805345537 0.02548398450016975 -0.010246129706501959
v 0.003041511401534082 0.025323146954178807 -0.010330290533602236
v 0.003007839666679503 0.02546262554824352 -0.010333454236388205
v 0.003007839666679503 0.02546262554824352 -0.010333454236388205
v 0.003041511401534082 0.025323146954178807 -0.010330290533602236
v 0.003022710327059032 0.025316758081316944 -0.010333280079066752
v 0.003007839666679503 0.02546262554824352 -0.010333454236388205
v 0.003022710327059032 0.025316758081316944 -0.010333280079066752
v 0.003005338599905373 0.025310823693871495 -0.010336033068597315
v 0.003005338599905373 0.025310823693871495 -0.010336033068597315
v 0.0029893945902585996 0.025305373594164845 -0.01033855229616165
v 0.003007839666679503 0.02546262554824352 -0.010333454236388205
v 0.003007839666679503 0.02546262554824352 -0.010333454236388205
v 0.0029893945902585996 0.025305373594164845 -0.01033855229616165
v 0.0029748827219009412 0.0253003928810358 -0.010340837761759756
v 0.003007839666679503 0.02546262554824352 -0.010333454236388205
v 0.0029748827219009412 0.0253003928810358 -0.010340837761759756
v 0.002911476651206614 0.025292554870247837 -0.010350551456212996
v 0.003859756514430048 0.025579044595360752 -0.0101848728954792
v 0.004314897581934931 0.026853123679757115 -0.010043335147202013
v 0.0051193810068070915 0.025881530717015263 -0.009851491078734396
v 0.0051193810068070915 0.025881530717015263 -0.009851491078734396
v 0.004314897581934931 0.026853123679757115 -0.010043335147202013
v 0.005084775853902104 0.02704324014484882 -0.009784607216715811
v 0.0051193810068070915 0.025881530717015263 -0.009851491078734396
v 0.005084775853902104 0.02704324014484882 -0.009784607216715811
v 0.005499297287315133 0.025948153808712956 -0.009705979377031325
v 0.005499297287315133 0.025948153808712956 -0.009705979377031325
v 0.005084775853902104 0.02704324014484882 -0.009784607216715811
v 0.005731119774281981 0.027176031842827793 -0.009468495845794676
v 0.005499297287315133 0.025948153808712956 -0.009705979377031325
v 0.005731119774281981 0.027176031842827793 -0.009468495845794676
v 0.006283853668719533 0.026040703058242794 -0.00928623881191015
v 0.006283853668719533 0.026040703058242794 -0.00928623881191015
v 0.005731119774281981 0.027176031842827793 -0.009468495845794676
v 0.0062450896948576 0.02726120129227638 -0.00910296756774187
v 0.006283853668719533 0.026040703058242794 -0.00928623881191015
v 0.0062450896948576 0.02726120129227638 -0.00910296756774187
v 0.006606585811823609 0.02605623938143253 -0.009035581722855566
v 0.006606585811823609 0.02605623938143253 -0.009035581722855566
v 0.0062450896948576 0.02726120129227638 -0.00910296756774187
v 0.0066291885450482394 0.027309475466608998 -0.00869630742818117
v 0.006606585811823609 0.02605623938143253 -0.009035581722855566
v 0.0066291885450482394 0.027309475466608998 -0.00869630742818117
v 0.00697451597079635 0.0260502565652132 -0.00863517355173826
v 0.00697451597079635 0.0260502565652132 -0.00863517355173826
v 0.0066291885450482394 0.027309475466608998 -0.00869630742818117
v 0.006901720538735393 0.02733262069523334 -0.008249911479651926
v 0.00697451597079635 0.0260502565652132 -0.00863517355173826
v 0.006901720538735393 0.02733262069523334 -0.008249911479651926
v 0.007221439387649301 0.02602552622556686 -0.00822520814836025
v 0.007221439387649301 0.02602552622556686 -0.00822520814836025
v 0.006901720538735393 0.02733262069523334 -0.008249911479651926
v 0.007092586718499664 0.02734298817813396 -0.007776320446282624
v 0.007221439387649301 0.02602552622556686 -0.00822520814836025
v 0.007092586718499664 0.02734298817813396 -0.007776320446282624
v 0.00740450527518988 0.025994654744863507 -0.007778097409754991
v 0.003007839666679503 0.02546262554824352 -0.010333454236388205
v 0.0031474051065742983 0.025690546259284016 -0.010308381170034407
v 0.003538984805345537 0.02548398450016975 -0.010246129706501959
v 0.003538984805345537 0.02548398450016975 -0.010246129706501959
v 0.0031474051065742983 0.025690546259284016 -0.010308381170034407
v 0.003854182548820974 0.02669825032353401 -0.010159085504710673
v 0.003538984805345537 0.02548398450016975 -0.010246129706501959
v 0.003854182548820974 0.02669825032353401 -0.010159085504710673
v 0.003859756514430048 0.025579044595360752 -0.0101848728954792
v 0.003859756514430048 0.025579044595360752 -0.0101848728954792
v 0.003854182548820974 0.02669825032353401 -0.010159085504710673
v 0.0040776613168418425 0.026995439082384106 -0.010097129270434378
v 0.003859756514430048 0.025579044595360752 -0.0101848728954792
v 0.0040776613168418425 0.026995439082384106 -0.010097129270434378
v 0.004314897581934931 0.026853123679757115 -0.010043335147202013
v 0.004314897581934931 0.026853123679757115 -0.010043335147202013
v 0.0040776613168418425 0.026995439082384106 -0.010097129270434378
v 0.004666082095354797 0.027777919545769688 -0.009869035333395003
v 0.004314897581934931 0.026853123679757115 -0.010043335147202013
v 0.004666082095354797 0.027777919545769688 -0.009869035333395003
v 0.005084775853902104 0.02704324014484882 -0.009784607216715811
v 0.005084775853902104 0.02704324014484882 -0.009784607216715811
v 0.004666082095354797 0.027777919545769688 -0.009869035333395003
v 0.0048883021809160735 0.02807258069515228 -0.00974697060883045
v 0.005084775853902104 0.02704324014484882 -0.009784607216715811
v 0.0048883021809160735 0.02807258069515228 -0.00974697060883045
v 0.005731119774281981 0.027176031842827793 -0.009468495845794676
v 0.005731119774281981 0.027176031842827793 -0.009468495845794676
v 0.0048883021809160735 0.02807258069515228 -0.00974697060883045
v 0.005307145882397893 0.028168382123112675 -0.009532055817544459
v 0.005731119774281981 0.027176031842827793 -0.009468495845794676
v 0.005307145882397893 0.028168382123112675 -0.009532055817544459
v 0.0062450896948576 0.02726120129227638 -0.00910296756774187
v 0.0062450896948576 0.02726120129227638 -0.00910296756774187
v 0.005307145882397893 0.028168382123112675 -0.009532055817544459
v 0.0058427844196558025 0.028283543884754177 -0.009156753309071062
v 0.0062450896948576 0.02726120129227638 -0.00910296756774187
v 0.0058427844196558025 0.028283543884754177 -0.009156753309071062
v 0.0066291885450482394 0.027309475466608998 -0.00869630742818117
v 0.0066291885450482394 0.027309475466608998 -0.00869630742818117
v 0.0058427844196558025 0.028283543884754177 -0.009156753309071062
v 0.006249632686376574 0.028360372409224507 -0.008733428083360193
v 0.0066291885450482394 0.027309475466608998 -0.00869630742818117
v 0.006249632686376574 0.028360372409224507 -0.008733428083360193
v 0.006901720538735393 0.02733262069523334 -0.008249911479651926
v 0.006901720538735393 0.02733262069523334 -0.008249911479651926
v 0.006249632686376574 0.028360372409224507 -0.008733428083360193
v 0.006541911512613299 0.02840793505311012 -0.008264665491878985
v 0.006901720538735393 0.02733262069523334 -0.008249911479651926
v 0.006541911512613299 0.02840793505311012 -0.008264665491878985
v 0.007059249095618728 0.02746322192251682 -0.00777578679844737
v 0.007059249095618728 0.02746322192251682 -0.00777578679844737
v 0.006541911512613299 0.02840793505311012 -0.008264665491878985
v 0.006747009232640269 0.02843779511749744 -0.007767013739794492
v 0.0066780564375221755 0.028623450547456738 -0.0022358121350407596
v 0.006416503340005877 0.029254516586661335 -0.002249113284051418
v 0.006195892579853537 0.029214004054665562 -0.0017302631167694924
v 0.006195892579853537 0.029214004054665562 -0.0017302631167694924
v 0.006416503340005877 0.029254516586661335 -0.002249113284051418
v 0.0061656869947910335 0.029768276959657666 -0.002265469171106815
v 0.0071618286892771756 0.026033388450741764 -0.001659206231124699
v 0.007404499687254432 0.025994662195444104 -0.0022219107486307617
v 0.00705925049260259 0.027463229373097416 -0.0022242213599383827
v 0.00705925049260259 0.027463229373097416 -0.0022242213599383827
v 0.0069015817716717755 0.027332857251167294 -0.0017499391688033936
v 0.0071618286892771756 0.026033388450741764 -0.001659206231124699
v 0.0071618286892771756 0.026033388450741764 -0.001659206231124699
v 0.0069015817716717755 0.027332857251167294 -0.0017499391688033936
v 0.006628901232033971 0.02730968594551086 -0.001303405384533107
v 0.0071618286892771756 0.026033388450741764 -0.001659206231124699
v 0.006628901232033971 0.02730968594551086 -0.001303405384533107
v 0.006965475622564558 0.026050798594951626 -0.001352669554762542
v 0.006965475622564558 0.026050798594951626 -0.001352669554762542
v 0.006628901232033971 0.02730968594551086 -0.001303405384533107
v 0.006244557444006207 0.027261359617114064 -0.0008966341847553848
v 0.006965475622564558 0.026050798594951626 -0.001352669554762542
v 0.006244557444006207 0.027261359617114064 -0.0008966341847553848
v 0.006566259544342759 0.026055214926600453 -0.000929247704334557
v 0.006566259544342759 0.026055214926600453 -0.000929247704334557
v 0.006244557444006207 0.027261359617114064 -0.0008966341847553848
v 0.005730246193706992 0.027176098898053166 -0.0005310300039127468
v 0.006566259544342759 0.026055214926600453 -0.000929247704334557
v 0.005730246193706992 0.027176098898053166 -0.0005310300039127468
v 0.006120291538536551 0.026027163490653035 -0.0006083982298150658
v 0.006120291538536551 0.026027163490653035 -0.0006083982298150658
v 0.005730246193706992 0.027176098898053166 -0.0005310300039127468
v 0.005083476193249228 0.0270431712269783 -0.0002148925559595227
v 0.006120291538536551 0.026027163490653035 -0.0006083982298150658
v 0.005083476193249228 0.0270431712269783 -0.0002148925559595227
v 0.005619002971798184 0.025966444984078404 -0.0003462081076577305
v 0.005619002971798184 0.025966444984078404 -0.0003462081076577305
v 0.005083476193249228 0.0270431712269783 -0.0002148925559595227
v 0.004313108976930382 0.02685286477208137 4.381162943900562e-05
v 0.005619002971798184 0.025966444984078404 -0.0003462081076577305
v 0.004313108976930382 0.02685286477208137 4.381162943900562e-05
v 0.004740708041936161 0.025803130120038983 -2.81642369373003e-05
v 0.0029091718606650842 0.02528905682265758 0.00035094225313514466
v 0.0029902658425271524 0.025305671617388722 0.000338406185619533
v 0.0030293860472738756 0.02550246566534042 0.0003295595524832606
v 0.0030293860472738756 0.02550246566534042 0.0003295595524832606
v 0.0029902658425271524 0.025305671617388722 0.000338406185619533
v 0.0031888061203062547 0.025372434407472607 0.00030644692014902825
v 0.0030293860472738756 0.02550246566534042 0.0003295595524832606
v 0.0031888061203062547 0.025372434407472607 0.00030644692014902825
v 0.00367316114716232 0.02645444869995117 0.00020272785332053897
v 0.00367316114716232 0.02645444869995117 0.00020272785332053897
v 0.0031888061203062547 0.025372434407472607 0.00030644692014902825
v 0.00405818782746792 0.02563434280455112 0.0001433136640116572
v 0.00367316114716232 0.02645444869995117 0.00020272785332053897
v 0.00405818782746792 0.02563434280455112 0.0001433136640116572
v 0.0038541897665709274 0.02669824846088886 0.0001590767642483115
v 0.006249352358281615 0.028360452502965924 -0.0012662758817896245
v 0.005705022253096106 0.029156347736716267 -0.0010540821822360156
v 0.005842259153723719 0.028283569961786267 -0.0008428409928455948
v 0.005842259153723719 0.028283569961786267 -0.0008428409928455948
v 0.005705022253096106 0.029156347736716267 -0.0010540821822360156
v 0.005413962062448266 0.02876980789005756 -0.0006766222650185226
v 0.005842259153723719 0.028283569961786267 -0.0008428409928455948
v 0.005413962062448266 0.02876980789005756 -0.0006766222650185226
v 0.005306270439177754 0.028168313205242154 -0.0004674691008403897
v 0.005306270439177754 0.028168313205242154 -0.0004674691008403897
v 0.005413962062448266 0.02876980789005756 -0.0006766222650185226
v 0.005058168433606627 0.02829765900969505 -0.0003654361935332417
v 0.005306270439177754 0.028168313205242154 -0.0004674691008403897
v 0.005058168433606627 0.02829765900969505 -0.0003654361935332417
v 0.004580834880471231 0.02766473032534122 -9.035050607053562e-05
v 0.0061656869947910335 0.029768276959657666 -0.002265469171106815
v 0.006082579027861359 0.029654398560523983 -0.0019380898447707293
v 0.006195892579853537 0.029214004054665562 -0.0017302631167694924
v 0.006195892579853537 0.029214004054665562 -0.0017302631167694924
v 0.006082579027861359 0.029654398560523983 -0.0019380898447707293
v 0.005897905211895707 0.029407562687993046 -0.0014159990241751073
v 0.006195892579853537 0.029214004054665562 -0.0017302631167694924
v 0.005897905211895707 0.029407562687993046 -0.0014159990241751073
v 0.005884955171495679 0.029152493923902508 -0.0012417846592143176
v 0.005897905211895707 0.029407562687993046 -0.0014159990241751073
v 0.005705022253096106 0.029156347736716267 -0.0010540821822360156
v 0.005884955171495679 0.029152493923902508 -0.0012417846592143176
v 0.005884955171495679 0.029152493923902508 -0.0012417846592143176
v 0.005705022253096106 0.029156347736716267 -0.0010540821822360156
v 0.006249352358281615 0.028360452502965924 -0.0012662758817896245
v 0.005884955171495679 0.029152493923902508 -0.0012417846592143176
v 0.006249352358281615 0.028360452502965924 -0.0012662758817896245
v 0.006195892579853537 0.029214004054665562 -0.0017302631167694924
v 0.006195892579853537 0.029214004054665562 -0.0017302631167694924
v 0.006249352358281615 0.028360452502965924 -0.0012662758817896245
v 0.006541780661791566 0.02840805053710937 -0.0017351802671328185
v 0.006195892579853537 0.029214004054665562 -0.0017302631167694924
v 0.006541780661791566 0.02840805053710937 -0.0017351802671328185
v 0.0066780564375221755 0.028623450547456738 -0.0022358121350407596
v 0.0066780564375221755 0.028623450547456738 -0.0022358121350407596
v 0.006541780661791566 0.02840805053710937 -0.0017351802671328185
v 0.006775635294616225 0.028358023613691326 -0.002231914550065994
v 0.00405818782746792 0.02563434280455112 0.0001433136640116572
v 0.004740708041936161 0.025803130120038983 -2.81642369373003e-05
v 0.0038541897665709274 0.02669824846088886 0.0001590767642483115
v 0.0038541897665709274 0.02669824846088886 0.0001590767642483115
v 0.004740708041936161 0.025803130120038983 -2.81642369373003e-05
v 0.004313108976930382 0.02685286477208137 4.381162943900562e-05
v 0.0038541897665709274 0.02669824846088886 0.0001590767642483115
v 0.004313108976930382 0.02685286477208137 4.381162943900562e-05
v 0.004580834880471231 0.02766473032534122 -9.035050607053562e-05
v 0.004580834880471231 0.02766473032534122 -9.035050607053562e-05
v 0.004313108976930382 0.02685286477208137 4.381162943900562e-05
v 0.005083476193249228 0.0270431712269783 -0.0002148925559595227
v 0.004580834880471231 0.02766473032534122 -9.035050607053562e-05
v 0.005083476193249228 0.0270431712269783 -0.0002148925559595227
v 0.005306270439177754 0.028168313205242154 -0.0004674691008403897
v 0.005306270439177754 0.028168313205242154 -0.0004674691008403897
v 0.005083476193249228 0.0270431712269783 -0.0002148925559595227
v 0.005730246193706992 0.027176098898053166 -0.0005310300039127468
v 0.005306270439177754 0.028168313205242154 -0.0004674691008403897
v 0.005730246193706992 0.027176098898053166 -0.0005310300039127468
v 0.005842259153723719 0.028283569961786267 -0.0008428409928455948
v 0.005842259153723719 0.028283569961786267 -0.0008428409928455948
v 0.005730246193706992 0.027176098898053166 -0.0005310300039127468
v 0.006244557444006207 0.027261359617114064 -0.0008966341847553848
v 0.005842259153723719 0.028283569961786267 -0.0008428409928455948
v 0.006244557444006207 0.027261359617114064 -0.0008966341847553848
v 0.006249352358281615 0.028360452502965924 -0.0012662758817896245
v 0.006249352358281615 0.028360452502965924 -0.0012662758817896245
v 0.006244557444006207 0.027261359617114064 -0.0008966341847553848
v 0.006628901232033971 0.02730968594551086 -0.001303405384533107
v 0.006249352358281615 0.028360452502965924 -0.0012662758817896245
v 0.006628901232033971 0.02730968594551086 -0.001303405384533107
v 0.006541780661791566 0.02840805053710937 -0.0017351802671328185
v 0.006541780661791566 0.02840805053710937 -0.0017351802671328185
v 0.006628901232033971 0.02730968594551086 -0.001303405384533107
v 0.0069015817716717755 0.027332857251167294 -0.0017499391688033936
v 0.006541780661791566 0.02840805053710937 -0.0017351802671328185
v 0.0069015817716717755 0.027332857251167294 -0.0017499391688033936
v 0.006775635294616225 0.028358023613691326 -0.002231914550065994
v 0.006775635294616225 0.028358023613691326 -0.002231914550065994
v 0.0069015817716717755 0.027332857251167294 -0.0017499391688033936
v 0.00705925049260259 0.027463229373097416 -0.0022242213599383827
v 0.005689514335244897 0.03073610924184322 -0.0023035069461911912
v 0.006095221266150477 0.029900884255766865 -0.0022706429008394475
v 0.006202550604939463 0.029921326786279675 -0.0025894651189446445
v 0.006030214950442317 0.030777748674154278 -0.006372366100549697
v 0.005689514335244897 0.03073610924184322 -0.007696501445025205
v 0.005220181774348023 0.031909100711345666 -0.007651322521269321
v 0.006030214950442317 0.030777748674154278 -0.006372366100549697
v 0.006294040940701964 0.029938744381070134 -0.007091719657182693
v 0.005689514335244897 0.03073610924184322 -0.007696501445025205
v 0.005689514335244897 0.03073610924184322 -0.007696501445025205
v 0.006294040940701964 0.029938744381070134 -0.007091719657182693
v 0.006202550604939463 0.029921326786279675 -0.0074105425737798205
v 0.005689514335244897 0.03073610924184322 -0.007696501445025205
v 0.006202550604939463 0.029921326786279675 -0.0074105425737798205
v 0.006095221266150477 0.029900884255766865 -0.007729365024715661
v 0.006141229066997769 0.0307912565767765 -0.005016181152313947
v 0.006455234251916411 0.02996944263577461 -0.006323078181594609
v 0.006030214950442317 0.030777748674154278 -0.006372366100549697
v 0.006030214950442317 0.030777748674154278 -0.006372366100549697
v 0.006455234251916411 0.02996944263577461 -0.006323078181594609
v 0.006445825565606358 0.02996765077114105 -0.006381059531122445
v 0.006030214950442317 0.030777748674154278 -0.006372366100549697
v 0.006445825565606358 0.02996765077114105 -0.006381059531122445
v 0.006294040940701964 0.029938744381070134 -0.007091719657182693
v 0.006294040940701964 0.029938744381070134 -0.002908286871388554
v 0.006445825565606358 0.02996765077114105 -0.003618948860093951
v 0.00603548623621464 0.030778387561440464 -0.0036599999293684955
v 0.00603548623621464 0.030778387561440464 -0.0036599999293684955
v 0.006445825565606358 0.02996765077114105 -0.003618948860093951
v 0.006549304816871884 0.029987355694174763 -0.004604778718203305
v 0.00603548623621464 0.030778387561440464 -0.0036599999293684955
v 0.006549304816871884 0.029987355694174763 -0.004604778718203305
v 0.006141229066997769 0.0307912565767765 -0.005016181152313947
v 0.006141229066997769 0.0307912565767765 -0.005016181152313947
v 0.006549304816871884 0.029987355694174763 -0.004604778718203305
v 0.006558368448168042 0.0299890823662281 -0.005000004079192876
v 0.006141229066997769 0.0307912565767765 -0.005016181152313947
v 0.006558368448168042 0.0299890823662281 -0.005000004079192876
v 0.006455234251916411 0.02996944263577461 -0.006323078181594609
v 0.0048838504590094116 0.03300463035702705 -0.007611304987221955
v 0.004703866783529522 0.03381692618131637 -0.007584196515381335
v 0.005195990670472386 0.03297780454158782 -0.00632895529270172
v 0.005195990670472386 0.03297780454158782 -0.00632895529270172
v 0.004703866783529522 0.03381692618131637 -0.007584196515381335
v 0.005012182518839839 0.033766776323318475 -0.006315358448773622
v 0.005195990670472386 0.03297780454158782 -0.00632895529270172
v 0.005012182518839839 0.033766776323318475 -0.006315358448773622
v 0.00529824569821358 0.032968960702419274 -0.005015669390559196
v 0.00529824569821358 0.032968960702419274 -0.005015669390559196
v 0.005012182518839839 0.033766776323318475 -0.006315358448773622
v 0.0051134177483618285 0.03375031054019927 -0.005015509668737649
v 0.00529824569821358 0.032968960702419274 -0.005015669390559196
v 0.0051134177483618285 0.03375031054019927 -0.005015509668737649
v 0.005200829822570088 0.03297739475965499 -0.0037023881450295444
v 0.005200829822570088 0.03297739475965499 -0.0037023881450295444
v 0.0051134177483618285 0.03375031054019927 -0.005015509668737649
v 0.005016977898776534 0.0337659940123558 -0.0037156625185161825
v 0.005215188022702935 0.031923249363899224 -0.0023492197506129737
v 0.005200829822570088 0.03297739475965499 -0.0037023881450295444
v 0.0048838504590094116 0.03300463035702705 -0.002388703171163797
v 0.0048838504590094116 0.03300463035702705 -0.002388703171163797
v 0.005200829822570088 0.03297739475965499 -0.0037023881450295444
v 0.005016977898776534 0.0337659940123558 -0.0037156625185161825
v 0.0048838504590094116 0.03300463035702705 -0.002388703171163797
v 0.005016977898776534 0.0337659940123558 -0.0037156625185161825
v 0.004703866783529522 0.03381692618131637 -0.0024158114101737733
v 0.0048838504590094116 0.03300463035702705 -0.007611304987221955
v 0.005195990670472386 0.03297780454158782 -0.00632895529270172
v 0.00554435979574919 0.03191817551851272 -0.006349220406264066
v 0.00554435979574919 0.03191817551851272 -0.006349220406264066
v 0.005195990670472386 0.03297780454158782 -0.00632895529270172
v 0.00529824569821358 0.032968960702419274 -0.005015669390559196
v 0.00554435979574919 0.03191817551851272 -0.006349220406264066
v 0.00529824569821358 0.032968960702419274 -0.005015669390559196
v 0.005650158040225508 0.03192103281617164 -0.005015907809138297
v 0.005650158040225508 0.03192103281617164 -0.005015907809138297
v 0.00529824569821358 0.032968960702419274 -0.005015669390559196
v 0.005200829822570088 0.03297739475965499 -0.0037023881450295444
v 0.005650158040225508 0.03192103281617164 -0.005015907809138297
v 0.005200829822570088 0.03297739475965499 -0.0037023881450295444
v 0.00554937403649092 0.03191831707954406 -0.0036826021969318386
v 0.00554937403649092 0.03191831707954406 -0.0036826021969318386
v 0.005200829822570088 0.03297739475965499 -0.0037023881450295444
v 0.005215188022702935 0.031923249363899224 -0.0023492197506129737
v 0.00554937403649092 0.03191831707954406 -0.0036826021969318386
v 0.005215188022702935 0.031923249363899224 -0.0023492197506129737
v 0.005689514335244897 0.03073610924184322 -0.0023035069461911912
v 0.006202550604939463 0.029921326786279675 -0.0025894651189446445
v 0.006294040940701964 0.029938744381070134 -0.002908286871388554
v 0.005689514335244897 0.03073610924184322 -0.0023035069461911912
v 0.005689514335244897 0.03073610924184322 -0.0023035069461911912
v 0.006294040940701964 0.029938744381070134 -0.002908286871388554
v 0.00603548623621464 0.030778387561440464 -0.0036599999293684955
v 0.005689514335244897 0.03073610924184322 -0.0023035069461911912
v 0.00603548623621464 0.030778387561440464 -0.0036599999293684955
v 0.00554937403649092 0.03191831707954406 -0.0036826021969318386
v 0.00554937403649092 0.03191831707954406 -0.0036826021969318386
v 0.00603548623621464 0.030778387561440464 -0.0036599999293684955
v 0.006141229066997769 0.0307912565767765 -0.005016181152313947
v 0.00554937403649092 0.03191831707954406 -0.0036826021969318386
v 0.006141229066997769 0.0307912565767765 -0.005016181152313947
v 0.005650158040225508 0.03192103281617164 -0.005015907809138297
v 0.005650158040225508 0.03192103281617164 -0.005015907809138297
v 0.006141229066997769 0.0307912565767765 -0.005016181152313947
v 0.006030214950442317 0.030777748674154278 -0.006372366100549697
v 0.005650158040225508 0.03192103281617164 -0.005015907809138297
v 0.006030214950442317 0.030777748674154278 -0.006372366100549697
v 0.00554435979574919 0.03191817551851272 -0.006349220406264066
v 0.00554435979574919 0.03191817551851272 -0.006349220406264066
v 0.006030214950442317 0.030777748674154278 -0.006372366100549697
v 0.005220181774348023 0.031909100711345666 -0.007651322521269321
v 0.00554435979574919 0.03191817551851272 -0.006349220406264066
v 0.005220181774348023 0.031909100711345666 -0.007651322521269321
v 0.0048838504590094116 0.03300463035702705 -0.007611304987221955
v 0.0041745132766664046 0.01672251336276531 0.0003563956124708056
v 0.003826478263363244 0.01871799305081367 0.0003323288401588797
v 0.0026897597126662744 0.01676169596612453 0.00045988417696207756
v 0.0026897597126662744 0.01676169596612453 0.00045988417696207756
v 0.003826478263363244 0.01871799305081367 0.0003323288401588797
v 0.0024031007196754226 0.01882469095289707 0.0004373759729787707
v 0.0024031007196754226 0.01882469095289707 0.0004373759729787707
v 0.003826478263363244 0.01871799305081367 0.0003323288401588797
v 0.002206411678344012 0.020191056653857228 0.0004437429597601294
v 0.002206411678344012 0.020191056653857228 0.0004437429597601294
v 0.003826478263363244 0.01871799305081367 0.0003323288401588797
v 0.0033531216904521 0.02106952108442783 0.0003468476934358477
v 0.002206411678344012 0.020191056653857228 0.0004437429597601294
v 0.0033531216904521 0.02106952108442783 0.0003468476934358477
v 0.002068672329187394 0.021437311545014378 0.000454054563306272
v 0.002749412786215545 0.02497611008584499 0.00037841487210243935
v 0.0023996136151254186 0.024128697812557217 0.0004272203659638762
v 0.0028012890834361328 0.023324990645051 0.0003885308979079127
v 0.0028012890834361328 0.023324990645051 0.0003885308979079127
v 0.0023996136151254186 0.024128697812557217 0.0004272203659638762
v 0.0021842087153345355 0.023295469582080838 0.00044924474786967034
v 0.0028012890834361328 0.023324990645051 0.0003885308979079127
v 0.0021842087153345355 0.023295469582080838 0.00044924474786967034
v 0.0033531216904521 0.02106952108442783 0.0003468476934358477
v 0.0033531216904521 0.02106952108442783 0.0003468476934358477
v 0.0021842087153345355 0.023295469582080838 0.00044924474786967034
v 0.0020709140226244935 0.022395135834813115 0.00045686948578804726
v 0.0033531216904521 0.02106952108442783 0.0003468476934358477
v 0.0020709140226244935 0.022395135834813115 0.00045686948578804726
v 0.002068672329187394 0.021437311545014378 0.000454054563306272
v 0.0029091718606650842 0.02528905682265758 0.00035094225313514466
v 0.002749412786215545 0.02497611008584499 0.00037841487210243935
v 0.0029407264664769186 0.02521800063550472 0.0003472258104011416
v 0.0029407264664769186 0.02521800063550472 0.0003472258104011416
v 0.002749412786215545 0.02497611008584499 0.00037841487210243935
v 0.002963984385132791 0.02515705674886703 0.00034461112227290863
v 0.002963984385132791 0.02515705674886703 0.00034461112227290863
v 0.002749412786215545 0.02497611008584499 0.00037841487210243935
v 0.0036039748229086416 0.02335024625062942 0.0002751307329162955
v 0.0036039748229086416 0.02335024625062942 0.0002751307329162955
v 0.002749412786215545 0.02497611008584499 0.00037841487210243935
v 0.0028012890834361328 0.023324990645051 0.0003885308979079127
v 0.0036039748229086416 0.02335024625062942 0.0002751307329162955
v 0.0028012890834361328 0.023324990645051 0.0003885308979079127
v 0.0033531216904521 0.02106952108442783 0.0003468476934358477
v 0.0036039748229086416 0.02335024625062942 0.0002751307329162955
v 0.0033531216904521 0.02106952108442783 0.0003468476934358477
v 0.0042835022322833555 0.02109982259571552 0.00021299568470567462
v 0.0042835022322833555 0.02109982259571552 0.00021299568470567462
v 0.0033531216904521 0.02106952108442783 0.0003468476934358477
v 0.003826478263363244 0.01871799305081367 0.0003323288401588797
v 0.0042835022322833555 0.02109982259571552 0.00021299568470567462
v 0.003826478263363244 0.01871799305081367 0.0003323288401588797
v 0.004861529916524889 0.018866624683141705 0.0001808757660910487
v 0.004861529916524889 0.018866624683141705 0.0001808757660910487
v 0.003826478263363244 0.01871799305081367 0.0003323288401588797
v 0.0041745132766664046 0.01672251336276531 0.0003563956124708056
v 0.004861529916524889 0.018866624683141705 0.0001808757660910487
v 0.0041745132766664046 0.01672251336276531 0.0003563956124708056
v 0.005321859847754243 0.01678018271923065 0.0001848771935328841
v 0.002749423496425153 0.02497608587145805 -0.010378422215580939
v 0.0017236310523003348 0.024853667244315144 -0.010489911772310732
v 0.002911476651206614 0.025292554870247837 -0.010350551456212996
v 0.0009267384884878997 0.021067548543214795 -0.0104364613071084
v 0.0007320610457099977 0.023279026150703427 -0.010493612848222254
v 0.0012959260493516929 0.023236831650137898 -0.010499984025955198
v 0.0012959260493516929 0.023236831650137898 -0.010499984025955198
v 0.0007320610457099977 0.023279026150703427 -0.010493612848222254
v 0.0007311495137400928 0.02328739687800407 -0.01049385219812393
v 0.0012959260493516929 0.023236831650137898 -0.010499984025955198
v 0.0007311495137400928 0.02328739687800407 -0.01049385219812393
v 0.0005751884309574964 0.02442272566258907 -0.010528573766350744
v 0.0017524651484563955 0.01687071472406387 -0.010458804666996
v 0.0010574596235528593 0.017024790868163105 -0.01038239151239395
v 0.0018438129918649801 0.018588794395327565 -0.010447855107486246
v 0.0018438129918649801 0.018588794395327565 -0.010447855107486246
v 0.0010574596235528593 0.017024790868163105 -0.01038239151239395
v 0.0010552612366154794 0.018646577373147007 -0.010390222072601317
v 0.0026897597126662744 0.01676169596612453 -0.010459892451763151
v 0.0017524651484563955 0.01687071472406387 -0.010458804666996
v 0.0024031007196754226 0.01882469095289707 -0.010437384247779844
v 0.0024031007196754226 0.01882469095289707 -0.010437384247779844
v 0.0017524651484563955 0.01687071472406387 -0.010458804666996
v 0.0018438129918649801 0.018588794395327565 -0.010447855107486246
v 0.0024031007196754226 0.01882469095289707 -0.010437384247779844
v 0.0018438129918649801 0.018588794395327565 -0.010447855107486246
v 0.002206411678344012 0.020191056653857228 -0.010443750768899916
v 0.002206411678344012 0.020191056653857228 -0.010443750768899916
v 0.0018438129918649801 0.018588794395327565 -0.010447855107486246
v 0.0016055210726335651 0.02099782787263393 -0.010466478765010832
v 0.002206411678344012 0.020191056653857228 -0.010443750768899916
v 0.0016055210726335651 0.02099782787263393 -0.010466478765010832
v 0.002068672329187394 0.021437311545014378 -0.010454062372446058
v 0.002068672329187394 0.021437311545014378 -0.010454062372446058
v 0.0016055210726335651 0.02099782787263393 -0.010466478765010832
v 0.0020709140226244935 0.022395135834813115 -0.010456877760589121
v 0.0023996445816010245 0.02412891201674938 -0.010427224449813364
v 0.0021842080168426046 0.02329550869762897 -0.010449253022670744
v 0.0021501339506357917 0.023272540420293805 -0.010452028363943098
v 0.0021501339506357917 0.023272540420293805 -0.010452028363943098
v 0.0021842080168426046 0.02329550869762897 -0.010449253022670744
v 0.0020709140226244935 0.022395135834813115 -0.010456877760589121
v 0.0021501339506357917 0.023272540420293805 -0.010452028363943098
v 0.0020709140226244935 0.022395135834813115 -0.010456877760589121
v 0.0012959260493516929 0.023236831650137898 -0.010499984025955198
v 0.0012959260493516929 0.023236831650137898 -0.010499984025955198
v 0.0020709140226244935 0.022395135834813115 -0.010456877760589121
v 0.0016055210726335651 0.02099782787263393 -0.010466478765010832
v 0.0012959260493516929 0.023236831650137898 -0.010499984025955198
v 0.0016055210726335651 0.02099782787263393 -0.010466478765010832
v 0.0009267384884878997 0.021067548543214795 -0.0104364613071084
v 0.0009267384884878997 0.021067548543214795 -0.0104364613071084
v 0.0016055210726335651 0.02099782787263393 -0.010466478765010832
v 0.0018438129918649801 0.018588794395327565 -0.010447855107486246
v 0.0009267384884878997 0.021067548543214795 -0.0104364613071084
v 0.0018438129918649801 0.018588794395327565 -0.010447855107486246
v 0.0010551610030233864 0.01864996366202831 -0.010390266776084898
v 0.0010551610030233864 0.01864996366202831 -0.010390266776084898
v 0.0018438129918649801 0.018588794395327565 -0.010447855107486246
v 0.0010552612366154794 0.018646577373147007 -0.010390222072601317
v 0.002749423496425153 0.02497608587145805 -0.010378422215580939
v 0.0023996445816010245 0.02412891201674938 -0.010427224449813364
v 0.0017236310523003348 0.024853667244315144 -0.010489911772310732
v 0.0017236310523003348 0.024853667244315144 -0.010489911772310732
v 0.0023996445816010245 0.02412891201674938 -0.010427224449813364
v 0.0021501339506357917 0.023272540420293805 -0.010452028363943098
v 0.0017236310523003348 0.024853667244315144 -0.010489911772310732
v 0.0021501339506357917 0.023272540420293805 -0.010452028363943098
v 0.0010273607913404707 0.024595495313405987 -0.01052889786660671
v 0.0010273607913404707 0.024595495313405987 -0.01052889786660671
v 0.0021501339506357917 0.023272540420293805 -0.010452028363943098
v 0.0012959260493516929 0.023236831650137898 -0.010499984025955198
v 0.0010273607913404707 0.024595495313405987 -0.01052889786660671
v 0.0012959260493516929 0.023236831650137898 -0.010499984025955198
v 0.0010123485699296002 0.024589838460087773 -0.010529349558055399
v 0.0010123485699296002 0.024589838460087773 -0.010529349558055399
v 0.0012959260493516929 0.023236831650137898 -0.010499984025955198
v 0.0005751884309574964 0.02442272566258907 -0.010528573766350744
v -0.0025654057972133173 0.013733623549342154 -0.008289375342428682
v -0.0023692178074270496 0.015541776083409784 -0.008262319490313528
v -0.0019384404877200731 0.015159744769334791 -0.008782524615526198
v -0.0023692178074270496 0.015541776083409784 -0.008262319490313528
v -0.0025654057972133173 0.013733623549342154 -0.008289375342428682
v -0.002690322929993273 0.015902200713753697 -0.007703494746237992
v -0.0019384404877200731 0.015159744769334791 -0.008782524615526198
v -0.001413660938851536 0.01477151084691286 -0.009254321455955504
v -0.001651380211114884 0.010965525172650812 -0.009374896995723246
v -0.0024394707288593062 0.01830652169883251 -0.00714070489630103
v -0.0022986961994320163 0.018757265061140057 -0.007139728870242833
v -0.0021142049226909885 0.01858791150152683 -0.007668506819754838
v -0.001071486272849143 0.017884610220789906 -0.009162854403257368
v -0.0012582608032971627 0.016438052058219906 -0.009206843562424181
v -0.0017431713640689859 0.016770211979746815 -0.00873991660773754
v 0.0010095702018588786 0.011790703050792216 -0.010489766485989092
v 0.0010316810803487901 0.009798030368983744 -0.010575467720627783
v 0.0003816889366135003 0.010030600242316721 -0.010413876734673975
v 0.00015528185758739718 0.006109658628702163 -0.010570539161562918
v 0.00042278901673853414 0.006430184002965688 -0.010627227835357187
v 0.001118114218115807 0.006780173163861035 -0.010754497721791266
v -0.002045686589553953 0.004565969575196504 -0.009414751082658766
v -0.002682449994608761 0.004123877268284558 -0.008830253966152666
v -0.0024262391962111005 0.004962715320289134 -0.009067783132195471
v -0.0024262391962111005 0.004962715320289134 -0.009067783132195471
v -0.002682449994608761 0.004123877268284558 -0.008830253966152666
v -0.0032172461505979313 0.003752421354874968 -0.00818851590156555
v -0.0024262391962111005 0.004962715320289134 -0.009067783132195471
v -0.0032172461505979313 0.003752421354874968 -0.00818851590156555
v -0.003005627775564791 0.005106391385197639 -0.008455124683678148
v -0.003005627775564791 0.005106391385197639 -0.008455124683678148
v -0.0032172461505979313 0.003752421354874968 -0.00818851590156555
v -0.003560019889846446 0.0035088823642581697 -0.007616778835654258
v -0.003005627775564791 0.005106391385197639 -0.008455124683678148
v -0.003560019889846446 0.0035088823642581697 -0.007616778835654258
v -0.003470317460596563 0.005267505068331956 -0.007802063133567571
v 0.00042278901673853414 0.006430184002965688 -0.010627227835357187
v 0.00015528185758739718 0.006109658628702163 -0.010570539161562918
v -0.00033147420617751793 0.006537371315062045 -0.010371146723628042
v 0.0010095702018588786 0.011790703050792216 -0.010489766485989092
v 0.0003816889366135003 0.010030600242316721 -0.010413876734673975
v 0.001009076833724976 0.01345431338995695 -0.01043775677680969
v 0.0005434054182842376 0.017182413488626477 -0.010231638327240942
v 0.0010574596235528593 0.017024790868163105 -0.01038239151239395
v 0.001009076833724976 0.01345431338995695 -0.01043775677680969
v -0.0005635075503960254 0.017626224085688588 -0.009604186750948427
v -2.2973712475504736e-05 0.01739098690450191 -0.009962854906916617
v -0.00019895868899766364 0.014043342322111128 -0.010009123012423514
v -0.00019895868899766364 0.014043342322111128 -0.010009123012423514
v -2.2973712475504736e-05 0.01739098690450191 -0.009962854906916617
v 0.0005400786176323893 0.017183529213070866 -0.010230369865894316
v -0.00019895868899766364 0.014043342322111128 -0.010009123012423514
v 0.0005400786176323893 0.017183529213070866 -0.010230369865894316
v 0.0004290705255698415 0.013722992502152918 -0.010269530117511748
v -0.0005635075503960254 0.017626224085688588 -0.009604186750948427
v -0.00019895868899766364 0.014043342322111128 -0.010009123012423514
v -0.0005728987162001433 0.01763065159320831 -0.009597012773156164
v -0.0005728987162001433 0.01763065159320831 -0.009597012773156164
v -0.00019895868899766364 0.014043342322111128 -0.010009123012423514
v -0.0008227756479755047 0.014395374804735182 -0.009666754864156244
v -0.0005728987162001433 0.01763065159320831 -0.009597012773156164
v -0.0008227756479755047 0.014395374804735182 -0.009666754864156244
v -0.001413660938851536 0.01477151084691286 -0.009254321455955504
v -0.001071486272849143 0.017884610220789906 -0.009162854403257368
v -0.0017431713640689859 0.016770211979746815 -0.00873991660773754
v -0.0015002437867224223 0.018138123676180836 -0.008686117827892302
v -0.0015002437867224223 0.018138123676180836 -0.008686117827892302
v -0.0017431713640689859 0.016770211979746815 -0.00873991660773754
v -0.0021373338531702766 0.017091015353798863 -0.008232216350734232
v -0.0015002437867224223 0.018138123676180836 -0.008686117827892302
v -0.0021373338531702766 0.017091015353798863 -0.008232216350734232
v -0.0018190423725172886 0.018355092033743855 -0.008234317414462565
v -0.0018190423725172886 0.018355092033743855 -0.008234317414462565
v -0.0021373338531702766 0.017091015353798863 -0.008232216350734232
v -0.0021047224290668973 0.01857979595661163 -0.007690540514886378
v -0.0021047224290668973 0.01857979595661163 -0.007690540514886378
v -0.0021373338531702766 0.017091015353798863 -0.008232216350734232
v -0.0024291591253131637 0.017384853214025494 -0.0076913321390748015
v -0.0021047224290668973 0.01857979595661163 -0.007690540514886378
v -0.0024291591253131637 0.017384853214025494 -0.0076913321390748015
v -0.0021142049226909885 0.01858791150152683 -0.007668506819754838
v -0.0021142049226909885 0.01858791150152683 -0.007668506819754838
v -0.0024291591253131637 0.017384853214025494 -0.0076913321390748015
v -0.0027551501989364637 0.016998993232846257 -0.007137248292565345
v -0.0021142049226909885 0.01858791150152683 -0.007668506819754838
v -0.0027551501989364637 0.016998993232846257 -0.007137248292565345
v -0.0024394707288593062 0.01830652169883251 -0.00714070489630103
v -0.003560019889846446 0.0035088823642581697 -0.007616778835654258
v -0.0037586332764476555 0.0033664298243820663 -0.007139193359762429
v -0.003470317460596563 0.005267505068331956 -0.007802063133567571
v -0.003470317460596563 0.005267505068331956 -0.007802063133567571
v -0.0037586332764476555 0.0033664298243820663 -0.007139193359762429
v -0.00376541609875858 0.006089078728109597 -0.007136058993637561
v -0.003470317460596563 0.005267505068331956 -0.007802063133567571
v -0.00376541609875858 0.006089078728109597 -0.007136058993637561
v -0.0036448736209422367 0.009011224843561648 -0.0071312342770397654
v -0.001651380211114884 0.010965525172650812 -0.009374896995723246
v -0.001413660938851536 0.01477151084691286 -0.009254321455955504
v -0.0010004369542002682 0.01062372326850891 -0.00981024745851755
v -0.0010004369542002682 0.01062372326850891 -0.00981024745851755
v -0.001413660938851536 0.01477151084691286 -0.009254321455955504
v -0.0008227756479755047 0.014395374804735182 -0.009666754864156244
v -0.0010004369542002682 0.01062372326850891 -0.00981024745851755
v -0.0008227756479755047 0.014395374804735182 -0.009666754864156244
v -0.0003144453803543003 0.010310580953955649 -0.01016193628311157
v -0.0003144453803543003 0.010310580953955649 -0.01016193628311157
v -0.0008227756479755047 0.014395374804735182 -0.009666754864156244
v -0.00019895868899766364 0.014043342322111128 -0.010009123012423514
v -0.0003144453803543003 0.010310580953955649 -0.01016193628311157
v -0.00019895868899766364 0.014043342322111128 -0.010009123012423514
v 0.0003816889366135003 0.010030600242316721 -0.010413876734673975
v 0.0003816889366135003 0.010030600242316721 -0.010413876734673975
v -0.00019895868899766364 0.014043342322111128 -0.010009123012423514
v 0.0004290705255698415 0.013722992502152918 -0.010269530117511748
v 0.0003816889366135003 0.010030600242316721 -0.010413876734673975
v 0.0004290705255698415 0.013722992502152918 -0.010269530117511748
v 0.001009076833724976 0.01345431338995695 -0.01043775677680969
v 0.001009076833724976 0.01345431338995695 -0.01043775677680969
v 0.0004290705255698415 0.013722992502152918 -0.010269530117511748
v 0.0005400786176323893 0.017183529213070866 -0.010230369865894316
v 0.001009076833724976 0.01345431338995695 -0.01043775677680969
v 0.0005400786176323893 0.017183529213070866 -0.010230369865894316
v 0.0005434054182842376 0.017182413488626477 -0.010231638327240942
v -0.00273753027431667 0.011695101857185362 -0.008321343921124933
v -0.0031244654674083007 0.012057453393936155 -0.0077305473387241355
v -0.0029186715837568058 0.014117834158241747 -0.007714756298810243
v -0.001651380211114884 0.010965525172650812 -0.009374896995723246
v -0.00223891786299646 0.011327156797051428 -0.008872987702488897
v -0.0019384404877200731 0.015159744769334791 -0.008782524615526198
v -0.0019384404877200731 0.015159744769334791 -0.008782524615526198
v -0.00223891786299646 0.011327156797051428 -0.008872987702488897
v -0.00273753027431667 0.011695101857185362 -0.008321343921124933
v -0.0019384404877200731 0.015159744769334791 -0.008782524615526198
v -0.00273753027431667 0.011695101857185362 -0.008321343921124933
v -0.0025654057972133173 0.013733623549342154 -0.008289375342428682
v -0.0025654057972133173 0.013733623549342154 -0.008289375342428682
v -0.00273753027431667 0.011695101857185362 -0.008321343921124933
v -0.0029186715837568058 0.014117834158241747 -0.007714756298810243
v -0.0025654057972133173 0.013733623549342154 -0.008289375342428682
v -0.0029186715837568058 0.014117834158241747 -0.007714756298810243
v -0.002690322929993273 0.015902200713753697 -0.007703494746237992
v -0.001071486272849143 0.017884610220789906 -0.009162854403257368
v -0.0005728987162001433 0.01763065159320831 -0.009597012773156164
v -0.0012582608032971627 0.016438052058219906 -0.009206843562424181
v -0.0012582608032971627 0.016438052058219906 -0.009206843562424181
v -0.0005728987162001433 0.01763065159320831 -0.009597012773156164
v -0.001413660938851536 0.01477151084691286 -0.009254321455955504
v -0.0012582608032971627 0.016438052058219906 -0.009206843562424181
v -0.001413660938851536 0.01477151084691286 -0.009254321455955504
v -0.0017431713640689859 0.016770211979746815 -0.00873991660773754
v -0.0017431713640689859 0.016770211979746815 -0.00873991660773754
v -0.001413660938851536 0.01477151084691286 -0.009254321455955504
v -0.0019384404877200731 0.015159744769334791 -0.008782524615526198
v -0.0017431713640689859 0.016770211979746815 -0.00873991660773754
v -0.0019384404877200731 0.015159744769334791 -0.008782524615526198
v -0.0021373338531702766 0.017091015353798863 -0.008232216350734232
v -0.0021373338531702766 0.017091015353798863 -0.008232216350734232
v -0.0019384404877200731 0.015159744769334791 -0.008782524615526198
v -0.0023692178074270496 0.015541776083409784 -0.008262319490313528
v -0.0021373338531702766 0.017091015353798863 -0.008232216350734232
v -0.0023692178074270496 0.015541776083409784 -0.008262319490313528
v -0.0024291591253131637 0.017384853214025494 -0.0076913321390748015
v -0.0024291591253131637 0.017384853214025494 -0.0076913321390748015
v -0.0023692178074270496 0.015541776083409784 -0.008262319490313528
v -0.002690322929993273 0.015902200713753697 -0.007703494746237992
v -0.0024291591253131637 0.017384853214025494 -0.0076913321390748015
v -0.002690322929993273 0.015902200713753697 -0.007703494746237992
v -0.0027551501989364637 0.016998993232846257 -0.007137248292565345
v -0.0027551501989364637 0.016998993232846257 -0.007137248292565345
v -0.002690322929993273 0.015902200713753697 -0.007703494746237992
v -0.0029186715837568058 0.014117834158241747 -0.007714756298810243
v -0.0027551501989364637 0.016998993232846257 -0.007137248292565345
v -0.0029186715837568058 0.014117834158241747 -0.007714756298810243
v -0.0030598829034715904 0.01514651160687208 -0.007130998652428388
v -0.0030598829034715904 0.01514651160687208 -0.007130998652428388
v -0.0029186715837568058 0.014117834158241747 -0.007714756298810243
v -0.0031244654674083007 0.012057453393936155 -0.0077305473387241355
v -0.0030598829034715904 0.01514651160687208 -0.007130998652428388
v -0.0031244654674083007 0.012057453393936155 -0.0077305473387241355
v -0.0034048960078507675 0.012120529077947138 -0.00712803192436695
v 0.00015528185758739718 0.006109658628702163 -0.010570539161562918
v -0.0005500491242855789 0.005612471140921115 -0.010325524955987929
v -0.00033147420617751793 0.006537371315062045 -0.010371146723628042
v -0.00033147420617751793 0.006537371315062045 -0.010371146723628042
v -0.0005500491242855789 0.005612471140921115 -0.010325524955987929
v -0.0012968194205313927 0.005089807324111461 -0.009941694326698778
v -0.00033147420617751793 0.006537371315062045 -0.010371146723628042
v -0.0012968194205313927 0.005089807324111461 -0.009941694326698778
v -0.0010704689193516974 0.006679399870336055 -0.01000193879008293
v -0.0010704689193516974 0.006679399870336055 -0.01000193879008293
v -0.0012968194205313927 0.005089807324111461 -0.009941694326698778
v -0.002045686589553953 0.004565969575196504 -0.009414751082658766
v -0.0010704689193516974 0.006679399870336055 -0.01000193879008293
v -0.002045686589553953 0.004565969575196504 -0.009414751082658766
v -0.0017721332842484125 0.00685471761971712 -0.009535901248455046
v -0.0017721332842484125 0.00685471761971712 -0.009535901248455046
v -0.002045686589553953 0.004565969575196504 -0.009414751082658766
v -0.0024262391962111005 0.004962715320289134 -0.009067783132195471
v -0.0017721332842484125 0.00685471761971712 -0.009535901248455046
v -0.0024262391962111005 0.004962715320289134 -0.009067783132195471
v -0.0024138700682669887 0.007057777140289544 -0.008996211923658846
v -0.0024138700682669887 0.007057777140289544 -0.008996211923658846
v -0.0024262391962111005 0.004962715320289134 -0.009067783132195471
v -0.003005627775564791 0.005106391385197639 -0.008455124683678148
v -0.0024138700682669887 0.007057777140289544 -0.008996211923658846
v -0.003005627775564791 0.005106391385197639 -0.008455124683678148
v -0.0029739548917859806 0.0072800377383828154 -0.008406191132962702
v -0.0029739548917859806 0.0072800377383828154 -0.008406191132962702
v -0.003005627775564791 0.005106391385197639 -0.008455124683678148
v -0.003470317460596563 0.005267505068331956 -0.007802063133567571
v -0.0029739548917859806 0.0072800377383828154 -0.008406191132962702
v -0.003470317460596563 0.005267505068331956 -0.007802063133567571
v -0.003420235356315972 0.00751243345439434 -0.007776712998747825
v -0.003420235356315972 0.00751243345439434 -0.007776712998747825
v -0.003470317460596563 0.005267505068331956 -0.007802063133567571
v -0.0036448736209422367 0.009011224843561648 -0.0071312342770397654
v -0.0036448736209422367 0.009011224843561648 -0.0071312342770397654
v -0.0034048960078507675 0.012120529077947138 -0.00712803192436695
v -0.003420235356315972 0.00751243345439434 -0.007776712998747825
v -0.003420235356315972 0.00751243345439434 -0.007776712998747825
v -0.0034048960078507675 0.012120529077947138 -0.00712803192436695
v -0.0031244654674083007 0.012057453393936155 -0.0077305473387241355
v -0.003420235356315972 0.00751243345439434 -0.007776712998747825
v -0.0031244654674083007 0.012057453393936155 -0.0077305473387241355
v -0.0029739548917859806 0.0072800377383828154 -0.008406191132962702
v -0.0029739548917859806 0.0072800377383828154 -0.008406191132962702
v -0.0031244654674083007 0.012057453393936155 -0.0077305473387241355
v -0.00273753027431667 0.011695101857185362 -0.008321343921124933
v -0.0029739548917859806 0.0072800377383828154 -0.008406191132962702
v -0.00273753027431667 0.011695101857185362 -0.008321343921124933
v -0.0024138700682669887 0.007057777140289544 -0.008996211923658846
v -0.0024138700682669887 0.007057777140289544 -0.008996211923658846
v -0.00273753027431667 0.011695101857185362 -0.008321343921124933
v -0.00223891786299646 0.011327156797051428 -0.008872987702488897
v -0.0024138700682669887 0.007057777140289544 -0.008996211923658846
v -0.00223891786299646 0.011327156797051428 -0.008872987702488897
v -0.0017721332842484125 0.00685471761971712 -0.009535901248455046
v -0.0017721332842484125 0.00685471761971712 -0.009535901248455046
v -0.00223891786299646 0.011327156797051428 -0.008872987702488897
v -0.001651380211114884 0.010965525172650812 -0.009374896995723246
v -0.0017721332842484125 0.00685471761971712 -0.009535901248455046
v -0.001651380211114884 0.010965525172650812 -0.009374896995723246
v -0.0010704689193516974 0.006679399870336055 -0.01000193879008293
v -0.0010704689193516974 0.006679399870336055 -0.01000193879008293
v -0.001651380211114884 0.010965525172650812 -0.009374896995723246
v -0.0010004369542002682 0.01062372326850891 -0.00981024745851755
v -0.0010704689193516974 0.006679399870336055 -0.01000193879008293
v -0.0010004369542002682 0.01062372326850891 -0.00981024745851755
v -0.00033147420617751793 0.006537371315062045 -0.010371146723628042
v -0.00033147420617751793 0.006537371315062045 -0.010371146723628042
v -0.0010004369542002682 0.01062372326850891 -0.00981024745851755
v -0.0003144453803543003 0.010310580953955649 -0.01016193628311157
v -0.00033147420617751793 0.006537371315062045 -0.010371146723628042
v -0.0003144453803543003 0.010310580953955649 -0.01016193628311157
v 0.00042278901673853414 0.006430184002965688 -0.010627227835357187
v 0.00042278901673853414 0.006430184002965688 -0.010627227835357187
v -0.0003144453803543003 0.010310580953955649 -0.01016193628311157
v 0.0003816889366135003 0.010030600242316721 -0.010413876734673975
v 0.00042278901673853414 0.006430184002965688 -0.010627227835357187
v 0.0003816889366135003 0.010030600242316721 -0.010413876734673975
v 0.001118114218115807 0.006780173163861035 -0.010754497721791266
v 0.001118114218115807 0.006780173163861035 -0.010754497721791266
v 0.0003816889366135003 0.010030600242316721 -0.010413876734673975
v 0.0010316810803487901 0.009798030368983744 -0.010575467720627783
v 0.0017205991316586742 0.024852473288774487 0.0004901405191048979
v 0.002749412786215545 0.02497611008584499 0.00037841487210243935
v 0.0029091718606650842 0.02528905682265758 0.00035094225313514466
v 0.0016057329485192901 0.020996274426579472 0.0004664509324356913
v 0.001843898440711201 0.018588135018944737 0.0004478472983464598
v 0.0024031007196754226 0.01882469095289707 0.0004373759729787707
v 0.000995936337858439 0.0199932474642992 0.0004131350433453917
v 0.0010574609041213994 0.017024798318743702 0.0003823837032541632
v 0.0017524651484563955 0.01687071472406387 0.0004587963921949267
v 0.0026897597126662744 0.01676169596612453 0.00045988417696207756
v 0.0024031007196754226 0.01882469095289707 0.0004373759729787707
v 0.0017524651484563955 0.01687071472406387 0.0004587963921949267
v 0.0017524651484563955 0.01687071472406387 0.0004587963921949267
v 0.0024031007196754226 0.01882469095289707 0.0004373759729787707
v 0.001843898440711201 0.018588135018944737 0.0004478472983464598
v 0.0017524651484563955 0.01687071472406387 0.0004587963921949267
v 0.001843898440711201 0.018588135018944737 0.0004478472983464598
v 0.000995936337858439 0.0199932474642992 0.0004131350433453917
v 0.000995936337858439 0.0199932474642992 0.0004131350433453917
v 0.001843898440711201 0.018588135018944737 0.0004478472983464598
v 0.0016057329485192901 0.020996274426579472 0.0004664509324356913
v 0.000995936337858439 0.0199932474642992 0.0004131350433453917
v 0.0016057329485192901 0.020996274426579472 0.0004664509324356913
v 0.0007320610457099977 0.023279026150703427 0.0004936045734211801
v 0.0007320610457099977 0.023279026150703427 0.0004936045734211801
v 0.0016057329485192901 0.020996274426579472 0.0004664509324356913
v 0.00129623874090612 0.023235125467181202 0.0004999459488317369
v 0.0007320610457099977 0.023279026150703427 0.0004936045734211801
v 0.00129623874090612 0.023235125467181202 0.0004999459488317369
v 0.0007313227979466322 0.02328579872846603 0.0004937982885167002
v 0.0007313227979466322 0.02328579872846603 0.0004937982885167002
v 0.00129623874090612 0.023235125467181202 0.0004999459488317369
v 0.0006372092175297442 0.02404096722602844 0.000516344211064279
v 0.0005751884309574964 0.02442272566258907 0.0005285659572109579
v 0.0006372092175297442 0.02404096722602844 0.000516344211064279
v 0.0010123719694092874 0.02458984218537807 0.0005293412832543253
v 0.0010123719694092874 0.02458984218537807 0.0005293412832543253
v 0.0006372092175297442 0.02404096722602844 0.000516344211064279
v 0.00129623874090612 0.023235125467181202 0.0004999459488317369
v 0.0010123719694092874 0.02458984218537807 0.0005293412832543253
v 0.00129623874090612 0.023235125467181202 0.0004999459488317369
v 0.0021505835466086873 0.02327071130275726 0.0004519846988841891
v 0.0010123719694092874 0.02458984218537807 0.0005293412832543253
v 0.0021505835466086873 0.02327071130275726 0.0004519846988841891
v 0.0017205991316586742 0.024852473288774487 0.0004901405191048979
v 0.0024031007196754226 0.01882469095289707 0.0004373759729787707
v 0.002206411678344012 0.020191056653857228 0.0004437429597601294
v 0.0016057329485192901 0.020996274426579472 0.0004664509324356913
v 0.0016057329485192901 0.020996274426579472 0.0004664509324356913
v 0.002206411678344012 0.020191056653857228 0.0004437429597601294
v 0.002068672329187394 0.021437311545014378 0.000454054563306272
v 0.0016057329485192901 0.020996274426579472 0.0004664509324356913
v 0.002068672329187394 0.021437311545014378 0.000454054563306272
v 0.00129623874090612 0.023235125467181202 0.0004999459488317369
v 0.00129623874090612 0.023235125467181202 0.0004999459488317369
v 0.002068672329187394 0.021437311545014378 0.000454054563306272
v 0.0020709140226244935 0.022395135834813115 0.00045686948578804726
v 0.00129623874090612 0.023235125467181202 0.0004999459488317369
v 0.0020709140226244935 0.022395135834813115 0.00045686948578804726
v 0.0021505835466086873 0.02327071130275726 0.0004519846988841891
v 0.0021505835466086873 0.02327071130275726 0.0004519846988841891
v 0.0020709140226244935 0.022395135834813115 0.00045686948578804726
v 0.0021842087153345355 0.023295469582080838 0.00044924474786967034
v 0.0021505835466086873 0.02327071130275726 0.0004519846988841891
v 0.0021842087153345355 0.023295469582080838 0.00044924474786967034
v 0.0017205991316586742 0.024852473288774487 0.0004901405191048979
v 0.0017205991316586742 0.024852473288774487 0.0004901405191048979
v 0.0021842087153345355 0.023295469582080838 0.00044924474786967034
v 0.0023996136151254186 0.024128697812557217 0.0004272203659638762
v 0.0017205991316586742 0.024852473288774487 0.0004901405191048979
v 0.0023996136151254186 0.024128697812557217 0.0004272203659638762
v 0.002749412786215545 0.02497611008584499 0.00037841487210243935
v -0.003201030893251301 0.01404469273984432 -0.002871083794161677
v -0.003174727549776436 0.014262924902141092 -0.0028707748278975482
v -0.0032867400441318763 0.014468315988779066 -0.003309985855594277
v -0.002637692727148534 0.01754583418369293 -0.0028607493732124563
v -0.003023483091965319 0.01627637073397636 -0.0033141749445348974
v -0.002868236275389792 0.01638950780034065 -0.002865118440240621
v -0.002868236275389792 0.01638950780034065 -0.002865118440240621
v -0.003023483091965319 0.01627637073397636 -0.0033141749445348974
v -0.0029193887021392597 0.016084576025605198 -0.002866214839741587
v -0.0032867400441318763 0.014468315988779066 -0.003309985855594277
v -0.003174727549776436 0.014262924902141092 -0.0028707748278975482
v -0.003023483091965319 0.01627637073397636 -0.0033141749445348974
v -0.003023483091965319 0.01627637073397636 -0.0033141749445348974
v -0.003174727549776436 0.014262924902141092 -0.0028707748278975482
v -0.002934163669124247 0.015992952510714527 -0.0028665286954492326
v -0.003023483091965319 0.01627637073397636 -0.0033141749445348974
v -0.002934163669124247 0.015992952510714527 -0.0028665286954492326
v -0.0029193887021392597 0.016084576025605198 -0.002866214839741587
v -0.0038179429247975367 0.010084825567901133 -0.0038416055031120773
v -0.003958549816161396 0.007610695902258157 -0.003855192800983786
v -0.003727280534803869 0.007355091162025928 -0.0028660311363637443
v -0.0036303126253187674 0.009248960763216017 -0.002869140356779098
v -0.003444619011133911 0.011688036844134329 -0.0028718060348182912
v -0.0036133262328803557 0.012484244070947169 -0.0038289336953312154
v -0.0036133262328803557 0.012484244070947169 -0.0038289336953312154
v -0.003444619011133911 0.011688036844134329 -0.0028718060348182912
v -0.0034391700755804794 0.011748757213354109 -0.0028718367684632535
v -0.003201030893251301 0.01404469273984432 -0.002871083794161677
v -0.0032867400441318763 0.014468315988779066 -0.003309985855594277
v -0.0034051937982440008 0.012117411009967325 -0.0028719787951558824
v -0.0034051937982440008 0.012117411009967325 -0.0028719787951558824
v -0.0032867400441318763 0.014468315988779066 -0.003309985855594277
v -0.003525709733366968 0.012314449064433573 -0.0033134226687252517
v -0.0034051937982440008 0.012117411009967325 -0.0028719787951558824
v -0.003525709733366968 0.012314449064433573 -0.0033134226687252517
v -0.0034391700755804794 0.011748757213354109 -0.0028718367684632535
v -0.0037586332764476555 0.0033664298243820663 -0.002860814100131392
v -0.003769497852772476 0.005874625407159328 -0.002863620640709996
v -0.0038460523355752247 0.003305924823507666 -0.0031442106701433654
v -0.0038460523355752247 0.003305924823507666 -0.0031442106701433654
v -0.003769497852772476 0.005874625407159328 -0.002863620640709996
v -0.004016879014670851 0.00521497381851077 -0.0038635672535747285
v -0.0038460523355752247 0.003305924823507666 -0.0031442106701433654
v -0.004016879014670851 0.00521497381851077 -0.0038635672535747285
v -0.003992596641182901 0.0032053063623607154 -0.0038624722510576244
v -0.003992596641182901 0.0032053063623607154 -0.0038624722510576244
v -0.004016879014670851 0.00521497381851077 -0.0038635672535747285
v -0.004016467835754158 0.003188446862623095 -0.004047657828778028
v -0.004061492625623943 0.003155229147523641 -0.005378490313887595
v -0.004069638904184105 0.003148727351799607 -0.0050002438947558394
v -0.004095633514225485 0.005294739268720149 -0.005000002682209014
v -0.004095633514225485 0.005294739268720149 -0.005000002682209014
v -0.004069638904184105 0.003148727351799607 -0.0050002438947558394
v -0.004067836795002224 0.0031501965131610628 -0.004821527283638715
v -0.004061492625623943 0.003155229147523641 -0.005378490313887595
v -0.004095633514225485 0.005294739268720149 -0.005000002682209014
v -0.004042335320264103 0.0031697142403572793 -0.005688372068107127
v -0.004042335320264103 0.0031697142403572793 -0.005688372068107127
v -0.004095633514225485 0.005294739268720149 -0.005000002682209014
v -0.004016879014670851 0.00521497381851077 -0.006136443931609391
v -0.004042335320264103 0.0031697142403572793 -0.005688372068107127
v -0.004016879014670851 0.00521497381851077 -0.006136443931609391
v -0.003992940299212934 0.003205080749467015 -0.006135151255875825
v -0.00376541609875858 0.006089078728109597 -0.007136058993637561
v -0.0037586332764476555 0.0033664298243820663 -0.007139193359762429
v -0.004016879014670851 0.00521497381851077 -0.006136443931609391
v -0.004016879014670851 0.00521497381851077 -0.006136443931609391
v -0.0037586332764476555 0.0033664298243820663 -0.007139193359762429
v -0.00394297204911709 0.0032396393362432714 -0.006436304654926061
v -0.004016879014670851 0.00521497381851077 -0.006136443931609391
v -0.00394297204911709 0.0032396393362432714 -0.006436304654926061
v -0.003992940299212934 0.003205080749467015 -0.006135151255875825
v -0.0030960422009229673 0.01643915474414825 -0.006166646257042884
v -0.0028077184688299907 0.017836008220911023 -0.006146935746073722
v -0.0027551501989364637 0.016998993232846257 -0.007137248292565345
v -0.0028077184688299907 0.017836008220911023 -0.006146935746073722
v -0.0024886676110327257 0.018944159150123593 -0.006129220593720674
v -0.0023377793841063985 0.01879571750760078 -0.006990627851337194
v -0.0027551501989364637 0.016998993232846257 -0.007137248292565345
v -0.0028077184688299907 0.017836008220911023 -0.006146935746073722
v -0.0024394707288593062 0.01830652169883251 -0.00714070489630103
v -0.0024394707288593062 0.01830652169883251 -0.00714070489630103
v -0.0028077184688299907 0.017836008220911023 -0.006146935746073722
v -0.0023377793841063985 0.01879571750760078 -0.006990627851337194
v -0.0024394707288593062 0.01830652169883251 -0.00714070489630103
v -0.0023377793841063985 0.01879571750760078 -0.006990627851337194
v -0.0022986961994320163 0.018757265061140057 -0.007139728870242833
v -0.0036448736209422367 0.009011224843561648 -0.0071312342770397654
v -0.00376541609875858 0.006089078728109597 -0.007136058993637561
v -0.003958549816161396 0.007610695902258157 -0.006144819315522908
v -0.003958549816161396 0.007610695902258157 -0.006144819315522908
v -0.00376541609875858 0.006089078728109597 -0.007136058993637561
v -0.004016879014670851 0.00521497381851077 -0.006136443931609391
v -0.003958549816161396 0.007610695902258157 -0.006144819315522908
v -0.004016879014670851 0.00521497381851077 -0.006136443931609391
v -0.004016132559627296 0.007689683698117732 -0.005582733079791068
v -0.004016132559627296 0.007689683698117732 -0.005582733079791068
v -0.004016879014670851 0.00521497381851077 -0.006136443931609391
v -0.004095633514225485 0.005294739268720149 -0.005000002682209014
v -0.004016132559627296 0.007689683698117732 -0.005582733079791068
v -0.004095633514225485 0.005294739268720149 -0.005000002682209014
v -0.004035135731101038 0.00771719729527831 -0.005000003613531589
v -0.0025506559759378446 0.019005158916115757 -0.005000010132789611
v -0.0025297550018876804 0.0189845934510231 -0.005665366537868976
v -0.0028597044292837394 0.017946714535355564 -0.005000008270144462
v -0.0028597044292837394 0.017946714535355564 -0.005000008270144462
v -0.0025297550018876804 0.0189845934510231 -0.005665366537868976
v -0.0028470358811318887 0.01791845820844173 -0.0055836657993495456
v -0.0028597044292837394 0.017946714535355564 -0.005000008270144462
v -0.0028470358811318887 0.01791845820844173 -0.0055836657993495456
v -0.003150335280224682 0.01658053137362003 -0.0050000068731606
v -0.003150335280224682 0.01658053137362003 -0.0050000068731606
v -0.0028470358811318887 0.01791845820844173 -0.0055836657993495456
v -0.0031370774377137436 0.016544258221983906 -0.005598088726401328
v -0.003150335280224682 0.01658053137362003 -0.0050000068731606
v -0.0031370774377137436 0.016544258221983906 -0.005598088726401328
v -0.003427775343880059 0.014797417446970938 -0.005000005941838025
v -0.003427775343880059 0.014797417446970938 -0.005000005941838025
v -0.0031370774377137436 0.016544258221983906 -0.005598088726401328
v -0.0034127440303564085 0.01475800760090351 -0.005604683887213468
v -0.003427775343880059 0.014797417446970938 -0.005000005941838025
v -0.0034127440303564085 0.01475800760090351 -0.005604683887213468
v -0.003681317903101446 0.012633113190531729 -0.0050000050105154506
v -0.003681317903101446 0.012633113190531729 -0.0050000050105154506
v -0.0034127440303564085 0.01475800760090351 -0.005604683887213468
v -0.0036644968204200285 0.012594810687005518 -0.005601765122264623
v -0.0025297550018876804 0.0189845934510231 -0.005665366537868976
v -0.0024886676110327257 0.018944159150123593 -0.006129220593720674
v -0.0028470358811318887 0.01791845820844173 -0.0055836657993495456
v -0.0028470358811318887 0.01791845820844173 -0.0055836657993495456
v -0.0024886676110327257 0.018944159150123593 -0.006129220593720674
v -0.0028077184688299907 0.017836008220911023 -0.006146935746073722
v -0.0028470358811318887 0.01791845820844173 -0.0055836657993495456
v -0.0028077184688299907 0.017836008220911023 -0.006146935746073722
v -0.0031370774377137436 0.016544258221983906 -0.005598088726401328
v -0.0031370774377137436 0.016544258221983906 -0.005598088726401328
v -0.0028077184688299907 0.017836008220911023 -0.006146935746073722
v -0.0030960422009229673 0.01643915474414825 -0.006166646257042884
v -0.0031370774377137436 0.016544258221983906 -0.005598088726401328
v -0.0030960422009229673 0.01643915474414825 -0.006166646257042884
v -0.0034127440303564085 0.01475800760090351 -0.005604683887213468
v -0.0034127440303564085 0.01475800760090351 -0.005604683887213468
v -0.0030960422009229673 0.01643915474414825 -0.006166646257042884
v -0.003366691526025535 0.014644040726125239 -0.006175394169986247
v -0.0034127440303564085 0.01475800760090351 -0.005604683887213468
v -0.003366691526025535 0.014644040726125239 -0.006175394169986247
v -0.0036644968204200285 0.012594810687005518 -0.005601765122264623
v -0.0036644968204200285 0.012594810687005518 -0.005601765122264623
v -0.003366691526025535 0.014644040726125239 -0.006175394169986247
v -0.003613333450630309 0.012484245002269743 -0.0061710807494819156
v -0.0034391700755804794 0.011748757213354109 -0.0028718367684632535
v -0.003525709733366968 0.012314449064433573 -0.0033134226687252517
v -0.0036133262328803557 0.012484244070947169 -0.0038289336953312154
v -0.0036133262328803557 0.012484244070947169 -0.0038289336953312154
v -0.003525709733366968 0.012314449064433573 -0.0033134226687252517
v -0.0032867400441318763 0.014468315988779066 -0.003309985855594277
v -0.0036133262328803557 0.012484244070947169 -0.0038289336953312154
v -0.0032867400441318763 0.014468315988779066 -0.003309985855594277
v -0.0033666843082755817 0.014644039794802664 -0.0038246216718107458
v -0.0033666843082755817 0.014644039794802664 -0.0038246216718107458
v -0.0032867400441318763 0.014468315988779066 -0.003309985855594277
v -0.003023483091965319 0.01627637073397636 -0.0033141749445348974
v -0.0033666843082755817 0.014644039794802664 -0.0038246216718107458
v -0.003023483091965319 0.01627637073397636 -0.0033141749445348974
v -0.0030960347503423704 0.0164391528815031 -0.0038333712145686145
v -0.0030960347503423704 0.0164391528815031 -0.0038333712145686145
v -0.003023483091965319 0.01627637073397636 -0.0033141749445348974
v -0.002637692727148534 0.01754583418369293 -0.0028607493732124563
v -0.0030960347503423704 0.0164391528815031 -0.0038333712145686145
v -0.002637692727148534 0.01754583418369293 -0.0028607493732124563
v -0.0028076951857656253 0.017836010083556172 -0.0038530835881829257
v -0.0028076951857656253 0.017836010083556172 -0.0038530835881829257
v -0.002637692727148534 0.01754583418369293 -0.0028607493732124563
v -0.002298687584698201 0.018757272511720654 -0.0028602892998605962
v -0.0028076951857656253 0.017836010083556172 -0.0038530835881829257
v -0.002298687584698201 0.018757272511720654 -0.0028602892998605962
v -0.0024886440951377166 0.01894416287541389 -0.003870801534503698
v -0.003023499157279731 0.016276365146040913 -0.006685845088213681
v -0.0030598829034715904 0.01514651160687208 -0.007130998652428388
v -0.003286754479631783 0.01446831878274679 -0.00669003278017044
v -0.003286754479631783 0.01446831878274679 -0.00669003278017044
v -0.0030598829034715904 0.01514651160687208 -0.007130998652428388
v -0.0034048960078507675 0.012120529077947138 -0.00712803192436695
v -0.003286754479631783 0.01446831878274679 -0.00669003278017044
v -0.0034048960078507675 0.012120529077947138 -0.00712803192436695
v -0.0035257255658507364 0.0123144444078207 -0.006686595268547534
v -0.0035257255658507364 0.0123144444078207 -0.006686595268547534
v -0.0034048960078507675 0.012120529077947138 -0.00712803192436695
v -0.0036448736209422367 0.009011224843561648 -0.0071312342770397654
v -0.0035257255658507364 0.0123144444078207 -0.006686595268547534
v -0.0036448736209422367 0.009011224843561648 -0.0071312342770397654
v -0.0038179429247975367 0.010084825567901133 -0.0061584077775478354
v -0.0038179429247975367 0.010084825567901133 -0.0061584077775478354
v -0.0036448736209422367 0.009011224843561648 -0.0071312342770397654
v -0.003958549816161396 0.007610695902258157 -0.006144819315522908
v -0.0038179429247975367 0.010084825567901133 -0.0061584077775478354
v -0.003958549816161396 0.007610695902258157 -0.006144819315522908
v -0.003872996428981425 0.010182481259107588 -0.0055926539935171595
v -0.003872996428981425 0.010182481259107588 -0.0055926539935171595
v -0.003958549816161396 0.007610695902258157 -0.006144819315522908
v -0.004016132559627296 0.007689683698117732 -0.005582733079791068
v -0.003872996428981425 0.010182481259107588 -0.0055926539935171595
v -0.004016132559627296 0.007689683698117732 -0.005582733079791068
v -0.003891146974638106 0.01021639723330736 -0.005000004079192876
v -0.003891146974638106 0.01021639723330736 -0.005000004079192876
v -0.004016132559627296 0.007689683698117732 -0.005582733079791068
v -0.004035135731101038 0.00771719729527831 -0.005000003613531589
v -0.003891146974638106 0.01021639723330736 -0.005000004079192876
v -0.004035135731101038 0.00771719729527831 -0.005000003613531589
v -0.004016132559627296 0.007689683698117732 -0.004417275078594684
v -0.004016132559627296 0.007689683698117732 -0.004417275078594684
v -0.004035135731101038 0.00771719729527831 -0.005000003613531589
v -0.004095633514225485 0.005294739268720149 -0.005000002682209014
v -0.004016132559627296 0.007689683698117732 -0.004417275078594684
v -0.004095633514225485 0.005294739268720149 -0.005000002682209014
v -0.004016879014670851 0.00521497381851077 -0.0038635672535747285
v -0.004016879014670851 0.00521497381851077 -0.0038635672535747285
v -0.004095633514225485 0.005294739268720149 -0.005000002682209014
v -0.004067836795002224 0.0031501965131610628 -0.004821527283638715
v -0.004016879014670851 0.00521497381851077 -0.0038635672535747285
v -0.004067836795002224 0.0031501965131610628 -0.004821527283638715
v -0.004016467835754158 0.003188446862623095 -0.004047657828778028
v -0.0028470212128013385 0.01791845634579658 -0.0044163516722619525
v -0.00251907459460199 0.018974093720316883 -0.004185453057289123
v -0.0025476587470620884 0.01900221779942512 -0.00474664894863963
v -0.003958549816161396 0.007610695902258157 -0.003855192800983786
v -0.0038179429247975367 0.010084825567901133 -0.0038416055031120773
v -0.003872989211231472 0.010182479396462439 -0.004407356027513742
v -0.003872989211231472 0.010182479396462439 -0.004407356027513742
v -0.0038179429247975367 0.010084825567901133 -0.0038416055031120773
v -0.0036644896026700752 0.012594809755682944 -0.00439824629575014
v -0.003872989211231472 0.010182479396462439 -0.004407356027513742
v -0.0036644896026700752 0.012594809755682944 -0.00439824629575014
v -0.003681317903101446 0.012633113190531729 -0.0050000050105154506
v -0.003681317903101446 0.012633113190531729 -0.0050000050105154506
v -0.0036644896026700752 0.012594809755682944 -0.00439824629575014
v -0.003412736812606455 0.01475800573825836 -0.004395329393446445
v -0.003681317903101446 0.012633113190531729 -0.0050000050105154506
v -0.003412736812606455 0.01475800573825836 -0.004395329393446445
v -0.003427775343880059 0.014797417446970938 -0.005000005941838025
v -0.003427775343880059 0.014797417446970938 -0.005000005941838025
v -0.003412736812606455 0.01475800573825836 -0.004395329393446445
v -0.0031370699871331466 0.016544256359338757 -0.004401926416903733
v -0.003427775343880059 0.014797417446970938 -0.005000005941838025
v -0.0031370699871331466 0.016544256359338757 -0.004401926416903733
v -0.003150335280224682 0.01658053137362003 -0.0050000068731606
v -0.003150335280224682 0.01658053137362003 -0.0050000068731606
v -0.0031370699871331466 0.016544256359338757 -0.004401926416903733
v -0.0028470212128013385 0.01791845634579658 -0.0044163516722619525
v -0.003150335280224682 0.01658053137362003 -0.0050000068731606
v -0.0028470212128013385 0.01791845634579658 -0.0044163516722619525
v -0.0028597044292837394 0.017946714535355564 -0.005000008270144462
v -0.0028597044292837394 0.017946714535355564 -0.005000008270144462
v -0.0028470212128013385 0.01791845634579658 -0.0044163516722619525
v -0.0025476587470620884 0.01900221779942512 -0.00474664894863963
v -0.0028597044292837394 0.017946714535355564 -0.005000008270144462
v -0.0025476587470620884 0.01900221779942512 -0.00474664894863963
v -0.0025506559759378446 0.019005158916115757 -0.005000010132789611
v -0.003727280534803869 0.007355091162025928 -0.0028660311363637443
v -0.0036303126253187674 0.009248960763216017 -0.002869140356779098
v -0.0038179429247975367 0.010084825567901133 -0.0038416055031120773
v -0.0038179429247975367 0.010084825567901133 -0.0038416055031120773
v -0.0036303126253187674 0.009248960763216017 -0.002869140356779098
v -0.0036133262328803557 0.012484244070947169 -0.0038289336953312154
v -0.0038179429247975367 0.010084825567901133 -0.0038416055031120773
v -0.0036133262328803557 0.012484244070947169 -0.0038289336953312154
v -0.0036644896026700752 0.012594809755682944 -0.00439824629575014
v -0.0036644896026700752 0.012594809755682944 -0.00439824629575014
v -0.0036133262328803557 0.012484244070947169 -0.0038289336953312154
v -0.0033666843082755817 0.014644039794802664 -0.0038246216718107458
v -0.0036644896026700752 0.012594809755682944 -0.00439824629575014
v -0.0033666843082755817 0.014644039794802664 -0.0038246216718107458
v -0.003412736812606455 0.01475800573825836 -0.004395329393446445
v -0.003412736812606455 0.01475800573825836 -0.004395329393446445
v -0.0033666843082755817 0.014644039794802664 -0.0038246216718107458
v -0.0030960347503423704 0.0164391528815031 -0.0038333712145686145
v -0.003412736812606455 0.01475800573825836 -0.004395329393446445
v -0.0030960347503423704 0.0164391528815031 -0.0038333712145686145
v -0.0031370699871331466 0.016544256359338757 -0.004401926416903733
v -0.0031370699871331466 0.016544256359338757 -0.004401926416903733
v -0.0030960347503423704 0.0164391528815031 -0.0038333712145686145
v -0.0028076951857656253 0.017836010083556172 -0.0038530835881829257
v -0.0031370699871331466 0.016544256359338757 -0.004401926416903733
v -0.0028076951857656253 0.017836010083556172 -0.0038530835881829257
v -0.0028470212128013385 0.01791845634579658 -0.0044163516722619525
v -0.0028470212128013385 0.01791845634579658 -0.0044163516722619525
v -0.0028076951857656253 0.017836010083556172 -0.0038530835881829257
v -0.0024886440951377166 0.01894416287541389 -0.003870801534503698
v -0.0028470212128013385 0.01791845634579658 -0.0044163516722619525
v -0.0024886440951377166 0.01894416287541389 -0.003870801534503698
v -0.00251907459460199 0.018974093720316883 -0.004185453057289123
v -0.003769497852772476 0.005874625407159328 -0.002863620640709996
v -0.003727280534803869 0.007355091162025928 -0.0028660311363637443
v -0.004016879014670851 0.00521497381851077 -0.0038635672535747285
v -0.004016879014670851 0.00521497381851077 -0.0038635672535747285
v -0.003727280534803869 0.007355091162025928 -0.0028660311363637443
v -0.003958549816161396 0.007610695902258157 -0.003855192800983786
v -0.004016879014670851 0.00521497381851077 -0.0038635672535747285
v -0.003958549816161396 0.007610695902258157 -0.003855192800983786
v -0.004016132559627296 0.007689683698117732 -0.004417275078594684
v -0.004016132559627296 0.007689683698117732 -0.004417275078594684
v -0.003958549816161396 0.007610695902258157 -0.003855192800983786
v -0.003872989211231472 0.010182479396462439 -0.004407356027513742
v -0.004016132559627296 0.007689683698117732 -0.004417275078594684
v -0.003872989211231472 0.010182479396462439 -0.004407356027513742
v -0.003891146974638106 0.01021639723330736 -0.005000004079192876
v -0.003891146974638106 0.01021639723330736 -0.005000004079192876
v -0.003872989211231472 0.010182479396462439 -0.004407356027513742
v -0.003681317903101446 0.012633113190531729 -0.0050000050105154506
v -0.003891146974638106 0.01021639723330736 -0.005000004079192876
v -0.003681317903101446 0.012633113190531729 -0.0050000050105154506
v -0.003872996428981425 0.010182481259107588 -0.0055926539935171595
v -0.003872996428981425 0.010182481259107588 -0.0055926539935171595
v -0.003681317903101446 0.012633113190531729 -0.0050000050105154506
v -0.0036644968204200285 0.012594810687005518 -0.005601765122264623
v -0.003872996428981425 0.010182481259107588 -0.0055926539935171595
v -0.0036644968204200285 0.012594810687005518 -0.005601765122264623
v -0.0038179429247975367 0.010084825567901133 -0.0061584077775478354
v -0.0038179429247975367 0.010084825567901133 -0.0061584077775478354
v -0.0036644968204200285 0.012594810687005518 -0.005601765122264623
v -0.003613333450630309 0.012484245002269743 -0.0061710807494819156
v -0.0038179429247975367 0.010084825567901133 -0.0061584077775478354
v -0.003613333450630309 0.012484245002269743 -0.0061710807494819156
v -0.0035257255658507364 0.0123144444078207 -0.006686595268547534
v -0.0035257255658507364 0.0123144444078207 -0.006686595268547534
v -0.003613333450630309 0.012484245002269743 -0.0061710807494819156
v -0.003366691526025535 0.014644040726125239 -0.006175394169986247
v -0.0035257255658507364 0.0123144444078207 -0.006686595268547534
v -0.003366691526025535 0.014644040726125239 -0.006175394169986247
v -0.003286754479631783 0.01446831878274679 -0.00669003278017044
v -0.003286754479631783 0.01446831878274679 -0.00669003278017044
v -0.003366691526025535 0.014644040726125239 -0.006175394169986247
v -0.0030960422009229673 0.01643915474414825 -0.006166646257042884
v -0.003286754479631783 0.01446831878274679 -0.00669003278017044
v -0.0030960422009229673 0.01643915474414825 -0.006166646257042884
v -0.003023499157279731 0.016276365146040913 -0.006685845088213681
v -0.003023499157279731 0.016276365146040913 -0.006685845088213681
v -0.0030960422009229673 0.01643915474414825 -0.006166646257042884
v -0.0027551501989364637 0.016998993232846257 -0.007137248292565345
v -0.003023499157279731 0.016276365146040913 -0.006685845088213681
v -0.0027551501989364637 0.016998993232846257 -0.007137248292565345
v -0.0030598829034715904 0.01514651160687208 -0.007130998652428388
v -0.0021047224290668973 0.01857979595661163 -0.007690540514886378
v -0.0018452343065291652 0.019499240443110463 -0.007627198472619056
v -0.0016002499032765633 0.019370995461940762 -0.00813574157655239
v -0.0021142049226909885 0.01858791150152683 -0.007668506819754838
v -0.0022986961994320163 0.018757265061140057 -0.007139728870242833
v -0.0018849724438041457 0.020166460424661633 -0.007139442488551139
v 0.0010551610030233864 0.01864996366202831 -0.010390266776084898
v 0.0010552612366154794 0.018646577373147007 -0.010390222072601317
v 0.0005857691867277028 0.018718341365456578 -0.01025442313402891
v 0.0005857691867277028 0.018718341365456578 -0.01025442313402891
v 0.0010552612366154794 0.018646577373147007 -0.010390222072601317
v 0.0010574596235528593 0.017024790868163105 -0.01038239151239395
v 7.727333286311481e-05 0.02423230372369289 -0.010341793298721312
v 0.0005751884309574964 0.02442272566258907 -0.010528573766350744
v 0.0007311495137400928 0.02328739687800407 -0.01049385219812393
v -0.0008356524049304429 0.022610502317547795 -0.009165179915726183
v -0.0006674142787232998 0.023949885740876194 -0.009641773998737333
v -0.00047145923599600814 0.022762948647141453 -0.009679790586233137
v -0.00047145923599600814 0.022762948647141453 -0.009679790586233137
v -0.0006674142787232998 0.023949885740876194 -0.009641773998737333
v -0.00020295631838962444 0.024125957861542698 -0.010137775912880896
v -0.00047145923599600814 0.022762948647141453 -0.009679790586233137
v -0.00020295631838962444 0.024125957861542698 -0.010137775912880896
v -5.830480949953201e-05 0.022932171821594235 -0.010090048424899576
v -5.830480949953201e-05 0.022932171821594235 -0.010090048424899576
v -0.00020295631838962444 0.024125957861542698 -0.010137775912880896
v 7.727333286311481e-05 0.02423230372369289 -0.010341793298721312
v -5.830480949953201e-05 0.022932171821594235 -0.010090048424899576
v 7.727333286311481e-05 0.02423230372369289 -0.010341793298721312
v 0.00036712401197291927 0.023111427202820774 -0.010368919000029562
v 0.00036712401197291927 0.023111427202820774 -0.010368919000029562
v 7.727333286311481e-05 0.02423230372369289 -0.010341793298721312
v 0.0007311495137400928 0.02328739687800407 -0.01049385219812393
v 0.00036712401197291927 0.023111427202820774 -0.010368919000029562
v 0.0007311495137400928 0.02328739687800407 -0.01049385219812393
v 0.0007320610457099977 0.023279026150703427 -0.010493612848222254
v -0.0015468852361664182 0.023616148158907887 -0.007972817867994307
v -0.001267663086764515 0.023721903562545773 -0.008623693138360975
v -0.0008356524049304429 0.022610502317547795 -0.009165179915726183
v -0.0008356524049304429 0.022610502317547795 -0.009165179915726183
v -0.001267663086764515 0.023721903562545773 -0.008623693138360975
v -0.0009818758117035036 0.02383051812648773 -0.009170440025627611
v -0.0008356524049304429 0.022610502317547795 -0.009165179915726183
v -0.0009818758117035036 0.02383051812648773 -0.009170440025627611
v -0.0006674142787232998 0.023949885740876194 -0.009641773998737333
v -0.0018632166320458063 0.023498918861150738 -0.00713942851871252
v -0.0015468852361664182 0.023616148158907887 -0.007972817867994307
v -0.0017248078947886833 0.022558018565177914 -0.0071393661201000205
v -0.0017248078947886833 0.022558018565177914 -0.0071393661201000205
v -0.0015468852361664182 0.023616148158907887 -0.007972817867994307
v -0.001374621293507517 0.022351192310452458 -0.008017251268029211
v -0.0017248078947886833 0.022558018565177914 -0.0071393661201000205
v -0.001374621293507517 0.022351192310452458 -0.008017251268029211
v -0.001700940425507725 0.022136608138680455 -0.0071393479593098155
v -0.001401584479026497 0.020811999216675755 -0.008070762269198893
v -0.0017760224873200068 0.020778911188244816 -0.007139372639358043
v -0.001374621293507517 0.022351192310452458 -0.008017251268029211
v -0.001374621293507517 0.022351192310452458 -0.008017251268029211
v -0.0017760224873200068 0.020778911188244816 -0.007139372639358043
v -0.0016984291141852743 0.021777994930744168 -0.007139340508729219
v -0.001374621293507517 0.022351192310452458 -0.008017251268029211
v -0.0016984291141852743 0.021777994930744168 -0.007139340508729219
v -0.001700940425507725 0.022136608138680455 -0.0071393479593098155
v -0.0016002499032765633 0.019370995461940762 -0.00813574157655239
v -0.0018452343065291652 0.019499240443110463 -0.007627198472619056
v -0.001401584479026497 0.020811999216675755 -0.008070762269198893
v -0.0021047224290668973 0.01857979595661163 -0.007690540514886378
v -0.0021142049226909885 0.01858791150152683 -0.007668506819754838
v -0.0018452343065291652 0.019499240443110463 -0.007627198472619056
v -0.0018452343065291652 0.019499240443110463 -0.007627198472619056
v -0.0021142049226909885 0.01858791150152683 -0.007668506819754838
v -0.0018849724438041457 0.020166460424661633 -0.007139442488551139
v -0.0018452343065291652 0.019499240443110463 -0.007627198472619056
v -0.0018849724438041457 0.020166460424661633 -0.007139442488551139
v -0.001401584479026497 0.020811999216675755 -0.008070762269198893
v -0.001401584479026497 0.020811999216675755 -0.008070762269198893
v -0.0018849724438041457 0.020166460424661633 -0.007139442488551139
v -0.0018599447794258603 0.020286401733756062 -0.007139425259083509
v -0.001401584479026497 0.020811999216675755 -0.008070762269198893
v -0.0018599447794258603 0.020286401733756062 -0.007139425259083509
v -0.0017760224873200068 0.020778911188244816 -0.007139372639358043
v 6.391620263457301e-05 0.018820514902472493 -0.00998917408287525
v -0.0005635075503960254 0.017626224085688588 -0.009604186750948427
v -0.00044002936920151136 0.018945977091789242 -0.009613367728888987
v -0.00044002936920151136 0.018945977091789242 -0.009613367728888987
v -0.0005635075503960254 0.017626224085688588 -0.009604186750948427
v -0.0005728987162001433 0.01763065159320831 -0.009597012773156164
v -0.00044002936920151136 0.018945977091789242 -0.009613367728888987
v -0.0005728987162001433 0.01763065159320831 -0.009597012773156164
v -0.0008949564653448765 0.019086180254817006 -0.009156716056168078
v -0.0008949564653448765 0.019086180254817006 -0.009156716056168078
v -0.0005728987162001433 0.01763065159320831 -0.009597012773156164
v -0.001071486272849143 0.017884610220789906 -0.009162854403257368
v -0.0008949564653448765 0.019086180254817006 -0.009156716056168078
v -0.001071486272849143 0.017884610220789906 -0.009162854403257368
v -0.0015002437867224223 0.018138123676180836 -0.008686117827892302
v 0.0010574596235528593 0.017024790868163105 -0.01038239151239395
v 0.0005434054182842376 0.017182413488626477 -0.010231638327240942
v 0.0005857691867277028 0.018718341365456578 -0.01025442313402891
v 0.0005857691867277028 0.018718341365456578 -0.01025442313402891
v 0.0005434054182842376 0.017182413488626477 -0.010231638327240942
v 0.0005400786176323893 0.017183529213070866 -0.010230369865894316
v 0.0005857691867277028 0.018718341365456578 -0.01025442313402891
v 0.0005400786176323893 0.017183529213070866 -0.010230369865894316
v 6.391620263457301e-05 0.018820514902472493 -0.00998917408287525
v 6.391620263457301e-05 0.018820514902472493 -0.00998917408287525
v 0.0005400786176323893 0.017183529213070866 -0.010230369865894316
v -2.2973712475504736e-05 0.01739098690450191 -0.009962854906916617
v 6.391620263457301e-05 0.018820514902472493 -0.00998917408287525
v -2.2973712475504736e-05 0.01739098690450191 -0.009962854906916617
v -0.0005635075503960254 0.017626224085688588 -0.009604186750948427
v -0.0008020405657589439 0.020852204412221905 -0.009156975895166395
v -0.0008356524049304429 0.022610502317547795 -0.009165179915726183
v -0.00040127112879417853 0.020884323865175244 -0.009642215445637701
v -0.00040127112879417853 0.020884323865175244 -0.009642215445637701
v -0.0008356524049304429 0.022610502317547795 -0.009165179915726183
v -0.00047145923599600814 0.022762948647141453 -0.009679790586233137
v -0.00040127112879417853 0.020884323865175244 -0.009642215445637701
v -0.00047145923599600814 0.022762948647141453 -0.009679790586233137
v 4.9280482926405987e-05 0.02093168720602989 -0.010035187005996702
v 4.9280482926405987e-05 0.02093168720602989 -0.010035187005996702
v -0.00047145923599600814 0.022762948647141453 -0.009679790586233137
v -5.830480949953201e-05 0.022932171821594235 -0.010090048424899576
v 4.9280482926405987e-05 0.02093168720602989 -0.010035187005996702
v -5.830480949953201e-05 0.022932171821594235 -0.010090048424899576
v 0.0005157642299309375 0.020995546132326123 -0.010307059623301027
v 0.0005157642299309375 0.020995546132326123 -0.010307059623301027
v -5.830480949953201e-05 0.022932171821594235 -0.010090048424899576
v 0.00036712401197291927 0.023111427202820774 -0.010368919000029562
v 0.0005157642299309375 0.020995546132326123 -0.010307059623301027
v 0.00036712401197291927 0.023111427202820774 -0.010368919000029562
v 0.0009267384884878997 0.021067548543214795 -0.0104364613071084
v 0.0009267384884878997 0.021067548543214795 -0.0104364613071084
v 0.00036712401197291927 0.023111427202820774 -0.010368919000029562
v 0.0007320610457099977 0.023279026150703427 -0.010493612848222254
v -0.0015468852361664182 0.023616148158907887 -0.007972817867994307
v -0.0008356524049304429 0.022610502317547795 -0.009165179915726183
v -0.001374621293507517 0.022351192310452458 -0.008017251268029211
v -0.001374621293507517 0.022351192310452458 -0.008017251268029211
v -0.0008356524049304429 0.022610502317547795 -0.009165179915726183
v -0.0008020405657589439 0.020852204412221905 -0.009156975895166395
v -0.001374621293507517 0.022351192310452458 -0.008017251268029211
v -0.0008020405657589439 0.020852204412221905 -0.009156975895166395
v -0.001401584479026497 0.020811999216675755 -0.008070762269198893
v -0.001401584479026497 0.020811999216675755 -0.008070762269198893
v -0.0008020405657589439 0.020852204412221905 -0.009156975895166395
v -0.0012839217670261866 0.019230976700782772 -0.008653599768877028
v -0.001401584479026497 0.020811999216675755 -0.008070762269198893
v -0.0012839217670261866 0.019230976700782772 -0.008653599768877028
v -0.0016002499032765633 0.019370995461940762 -0.00813574157655239
v -0.0016002499032765633 0.019370995461940762 -0.00813574157655239
v -0.0012839217670261866 0.019230976700782772 -0.008653599768877028
v -0.0018190423725172886 0.018355092033743855 -0.008234317414462565
v -0.0016002499032765633 0.019370995461940762 -0.00813574157655239
v -0.0018190423725172886 0.018355092033743855 -0.008234317414462565
v -0.0021047224290668973 0.01857979595661163 -0.007690540514886378
v 0.0009267384884878997 0.021067548543214795 -0.0104364613071084
v 0.0010551610030233864 0.01864996366202831 -0.010390266776084898
v 0.0005157642299309375 0.020995546132326123 -0.010307059623301027
v 0.0005157642299309375 0.020995546132326123 -0.010307059623301027
v 0.0010551610030233864 0.01864996366202831 -0.010390266776084898
v 0.0005857691867277028 0.018718341365456578 -0.01025442313402891
v 0.0005157642299309375 0.020995546132326123 -0.010307059623301027
v 0.0005857691867277028 0.018718341365456578 -0.01025442313402891
v 4.9280482926405987e-05 0.02093168720602989 -0.010035187005996702
v 4.9280482926405987e-05 0.02093168720602989 -0.010035187005996702
v 0.0005857691867277028 0.018718341365456578 -0.01025442313402891
v 6.391620263457301e-05 0.018820514902472493 -0.00998917408287525
v 4.9280482926405987e-05 0.02093168720602989 -0.010035187005996702
v 6.391620263457301e-05 0.018820514902472493 -0.00998917408287525
v -0.00040127112879417853 0.020884323865175244 -0.009642215445637701
v -0.00040127112879417853 0.020884323865175244 -0.009642215445637701
v 6.391620263457301e-05 0.018820514902472493 -0.00998917408287525
v -0.00044002936920151136 0.018945977091789242 -0.009613367728888987
v -0.00040127112879417853 0.020884323865175244 -0.009642215445637701
v -0.00044002936920151136 0.018945977091789242 -0.009613367728888987
v -0.0008020405657589439 0.020852204412221905 -0.009156975895166395
v -0.0008020405657589439 0.020852204412221905 -0.009156975895166395
v -0.00044002936920151136 0.018945977091789242 -0.009613367728888987
v -0.0008949564653448765 0.019086180254817006 -0.009156716056168078
v -0.0008020405657589439 0.020852204412221905 -0.009156975895166395
v -0.0008949564653448765 0.019086180254817006 -0.009156716056168078
v -0.0012839217670261866 0.019230976700782772 -0.008653599768877028
v -0.0012839217670261866 0.019230976700782772 -0.008653599768877028
v -0.0008949564653448765 0.019086180254817006 -0.009156716056168078
v -0.0015002437867224223 0.018138123676180836 -0.008686117827892302
v -0.0012839217670261866 0.019230976700782772 -0.008653599768877028
v -0.0015002437867224223 0.018138123676180836 -0.008686117827892302
v -0.0018190423725172886 0.018355092033743855 -0.008234317414462565
v 0.0010123485699296002 0.024589838460087773 -0.010529349558055399
v 0.0005751884309574964 0.02442272566258907 -0.010528573766350744
v 9.426229371456433e-05 0.026601253077387806 -0.010588871315121649
v 0.0010123485699296002 0.024589838460087773 -0.010529349558055399
v 9.426229371456433e-05 0.026601253077387806 -0.010588871315121649
v 0.0010273607913404707 0.024595495313405987 -0.01052889786660671
v 0.0006010535289533438 0.028340512886643406 -0.010580361820757387
v 0.0014663592446595437 0.028680207207798954 -0.010483655147254465
v 0.0020415433682501325 0.0274159200489521 -0.010444193147122858
v 0.0020415433682501325 0.0274159200489521 -0.010444193147122858
v 0.0010626089060679082 0.02709109708666801 -0.010555249638855456
v 0.0006010535289533438 0.028340512886643406 -0.010580361820757387
v 0.0006010535289533438 0.028340512886643406 -0.010580361820757387
v 0.0010626089060679082 0.02709109708666801 -0.010555249638855456
v 0.000515775987878442 0.026852224022150036 -0.010589190758764742
v 0.0006010535289533438 0.028340512886643406 -0.010580361820757387
v 0.000515775987878442 0.026852224022150036 -0.010589190758764742
v 0.00017778106848709293 0.028060672804713246 -0.01060280669480562
v -0.00025409075897187005 0.02766655012965202 -0.010601298883557318
v 0.00017778106848709293 0.028060672804713246 -0.01060280669480562
v 9.426229371456433e-05 0.026601253077387806 -0.010588871315121649
v 9.426229371456433e-05 0.026601253077387806 -0.010588871315121649
v 0.00017778106848709293 0.028060672804713246 -0.01060280669480562
v 0.000515775987878442 0.026852224022150036 -0.010589190758764742
v 9.426229371456433e-05 0.026601253077387806 -0.010588871315121649
v 0.000515775987878442 0.026852224022150036 -0.010589190758764742
v 0.0010273607913404707 0.024595495313405987 -0.01052889786660671
v 0.0010273607913404707 0.024595495313405987 -0.01052889786660671
v 0.000515775987878442 0.026852224022150036 -0.010589190758764742
v 0.0010626089060679082 0.02709109708666801 -0.010555249638855456
v 0.0010273607913404707 0.024595495313405987 -0.01052889786660671
v 0.0010626089060679082 0.02709109708666801 -0.010555249638855456
v 0.0017236310523003348 0.024853667244315144 -0.010489911772310732
v 0.0017236310523003348 0.024853667244315144 -0.010489911772310732
v 0.0010626089060679082 0.02709109708666801 -0.010555249638855456
v 0.0020415433682501325 0.0274159200489521 -0.010444193147122858
v 0.0017236310523003348 0.024853667244315144 -0.010489911772310732
v 0.0020415433682501325 0.0274159200489521 -0.010444193147122858
v 0.002911476651206614 0.025292554870247837 -0.010350551456212996
v 0.006127832457423213 0.029839707538485524 -0.007731785997748374
v 0.0061656869947910335 0.029768276959657666 -0.007734538987278937
v 0.005986185278743508 0.029522703960537907 -0.008365460671484469
v 0.003854182548820974 0.02669825032353401 -0.010159085504710673
v 0.0031474051065742983 0.025690546259284016 -0.010308381170034407
v 0.0020415433682501325 0.0274159200489521 -0.010444193147122858
v 0.0020415433682501325 0.0274159200489521 -0.010444193147122858
v 0.0031474051065742983 0.025690546259284016 -0.010308381170034407
v 0.003007839666679503 0.02546262554824352 -0.010333454236388205
v 0.0020415433682501325 0.0274159200489521 -0.010444193147122858
v 0.003007839666679503 0.02546262554824352 -0.010333454236388205
v 0.002911476651206614 0.025292554870247837 -0.010350551456212996
v 0.0045603029429912584 0.028177177533507344 -0.009862087666988371
v 0.0040776613168418425 0.026995439082384106 -0.010097129270434378
v 0.0037874046247452515 0.02796680852770805 -0.010116972029209135
v 0.0037874046247452515 0.02796680852770805 -0.010116972029209135
v 0.0040776613168418425 0.026995439082384106 -0.010097129270434378
v 0.003854182548820974 0.02669825032353401 -0.010159085504710673
v 0.0037874046247452515 0.02796680852770805 -0.010116972029209135
v 0.003854182548820974 0.02669825032353401 -0.010159085504710673
v 0.002926141256466509 0.02770675905048847 -0.010307920165359972
v 0.005146023817360404 0.028414141386747357 -0.009568480774760245
v 0.0048883021809160735 0.02807258069515228 -0.00974697060883045
v 0.0045603029429912584 0.028177177533507344 -0.009862087666988371
v 0.0045603029429912584 0.028177177533507344 -0.009862087666988371
v 0.0048883021809160735 0.02807258069515228 -0.00974697060883045
v 0.004666082095354797 0.027777919545769688 -0.009869035333395003
v 0.0045603029429912584 0.028177177533507344 -0.009862087666988371
v 0.004666082095354797 0.027777919545769688 -0.009869035333395003
v 0.0040776613168418425 0.026995439082384106 -0.010097129270434378
v 0.005363728851079943 0.029231674969196316 -0.00920465588569641
v 0.005482265260070565 0.028860474005341526 -0.009247639216482638
v 0.005146023817360404 0.028414141386747357 -0.009568480774760245
v 0.005810026545077565 0.0292958989739418 -0.00876316614449024
v 0.005756192374974492 0.029224365949630734 -0.008860987611114977
v 0.005363728851079943 0.029231674969196316 -0.00920465588569641
v 0.005363728851079943 0.029231674969196316 -0.00920465588569641
v 0.005756192374974492 0.029224365949630734 -0.008860987611114977
v 0.005669215694069865 0.02910877019166946 -0.009001304395496844
v 0.005363728851079943 0.029231674969196316 -0.00920465588569641
v 0.005669215694069865 0.02910877019166946 -0.009001304395496844
v 0.005482265260070565 0.028860474005341526 -0.009247639216482638
v 0.005986185278743508 0.029522703960537907 -0.008365460671484469
v 0.005810026545077565 0.0292958989739418 -0.00876316614449024
v 0.005793353077024224 0.029328141361474987 -0.008763636462390421
v 0.006095221266150477 0.029900884255766865 -0.007729365024715661
v 0.006127832457423213 0.029839707538485524 -0.007731785997748374
v 0.005973469465970996 0.029877467080950734 -0.008037585765123366
v 0.005973469465970996 0.029877467080950734 -0.008037585765123366
v 0.006127832457423213 0.029839707538485524 -0.007731785997748374
v 0.005986185278743508 0.029522703960537907 -0.008365460671484469
v 0.005973469465970996 0.029877467080950734 -0.008037585765123366
v 0.005986185278743508 0.029522703960537907 -0.008365460671484469
v 0.005861066747456792 0.029854964464902874 -0.008274526335299013
v 0.005861066747456792 0.029854964464902874 -0.008274526335299013
v 0.005986185278743508 0.029522703960537907 -0.008365460671484469
v 0.005793353077024224 0.029328141361474987 -0.008763636462390421
v 0.005861066747456792 0.029854964464902874 -0.008274526335299013
v 0.005793353077024224 0.029328141361474987 -0.008763636462390421
v 0.005393201485276225 0.029751282185316082 -0.008943174965679644
v 0.005810026545077565 0.0292958989739418 -0.00876316614449024
v 0.005363728851079943 0.029231674969196316 -0.00920465588569641
v 0.005793353077024224 0.029328141361474987 -0.008763636462390421
v 0.005793353077024224 0.029328141361474987 -0.008763636462390421
v 0.005363728851079943 0.029231674969196316 -0.00920465588569641
v 0.005083359777927401 0.029676506295800206 -0.009235261939465998
v 0.005793353077024224 0.029328141361474987 -0.008763636462390421
v 0.005083359777927401 0.029676506295800206 -0.009235261939465998
v 0.005393201485276225 0.029751282185316082 -0.008943174965679644
v 0.004515706561505796 0.029532296583056446 -0.00962274335324764
v 0.004810141865164043 0.02909697778522968 -0.00958940479904413
v 0.0038395836018025892 0.029352685436606404 -0.009940699674189089
v 0.0038395836018025892 0.029352685436606404 -0.009940699674189089
v 0.004810141865164043 0.02909697778522968 -0.00958940479904413
v 0.004140470176935198 0.028922533616423603 -0.009910072200000284
v 0.0020415433682501325 0.0274159200489521 -0.010444193147122858
v 0.0014663592446595437 0.028680207207798954 -0.010483655147254465
v 0.0025359906721860183 0.02846119552850723 -0.01034477539360523
v 0.0025359906721860183 0.02846119552850723 -0.01034477539360523
v 0.0014663592446595437 0.028680207207798954 -0.010483655147254465
v 0.0022615494672209033 0.028911899775266644 -0.010362282395362852
v 0.0025359906721860183 0.02846119552850723 -0.01034477539360523
v 0.0022615494672209033 0.028911899775266644 -0.010362282395362852
v 0.003374117193743588 0.028709711506962773 -0.010160995647311209
v 0.0022615494672209033 0.028911899775266644 -0.010362282395362852
v 0.003079965710639955 0.029143789783120152 -0.010185202583670614
v 0.003374117193743588 0.028709711506962773 -0.010160995647311209
v 0.003374117193743588 0.028709711506962773 -0.010160995647311209
v 0.003079965710639955 0.029143789783120152 -0.010185202583670614
v 0.003266334999352695 0.029195638373494145 -0.01013371907174587
v 0.003374117193743588 0.028709711506962773 -0.010160995647311209
v 0.003266334999352695 0.029195638373494145 -0.01013371907174587
v 0.004140470176935198 0.028922533616423603 -0.009910072200000284
v 0.004140470176935198 0.028922533616423603 -0.009910072200000284
v 0.003266334999352695 0.029195638373494145 -0.01013371907174587
v 0.0038269902579486387 0.029349273070693013 -0.009945587255060671
v 0.004140470176935198 0.028922533616423603 -0.009910072200000284
v 0.0038269902579486387 0.029349273070693013 -0.009945587255060671
v 0.0038395836018025892 0.029352685436606404 -0.009940699674189089
v 0.003854182548820974 0.02669825032353401 -0.010159085504710673
v 0.0020415433682501325 0.0274159200489521 -0.010444193147122858
v 0.002926141256466509 0.02770675905048847 -0.010307920165359972
v 0.002926141256466509 0.02770675905048847 -0.010307920165359972
v 0.0020415433682501325 0.0274159200489521 -0.010444193147122858
v 0.0025359906721860183 0.02846119552850723 -0.01034477539360523
v 0.002926141256466509 0.02770675905048847 -0.010307920165359972
v 0.0025359906721860183 0.02846119552850723 -0.01034477539360523
v 0.0037874046247452515 0.02796680852770805 -0.010116972029209135
v 0.0037874046247452515 0.02796680852770805 -0.010116972029209135
v 0.0025359906721860183 0.02846119552850723 -0.01034477539360523
v 0.003374117193743588 0.028709711506962773 -0.010160995647311209
v 0.0037874046247452515 0.02796680852770805 -0.010116972029209135
v 0.003374117193743588 0.028709711506962773 -0.010160995647311209
v 0.0045603029429912584 0.028177177533507344 -0.009862087666988371
v 0.0045603029429912584 0.028177177533507344 -0.009862087666988371
v 0.003374117193743588 0.028709711506962773 -0.010160995647311209
v 0.004140470176935198 0.028922533616423603 -0.009910072200000284
v 0.0045603029429912584 0.028177177533507344 -0.009862087666988371
v 0.004140470176935198 0.028922533616423603 -0.009910072200000284
v 0.005146023817360404 0.028414141386747357 -0.009568480774760245
v 0.005146023817360404 0.028414141386747357 -0.009568480774760245
v 0.004140470176935198 0.028922533616423603 -0.009910072200000284
v 0.004810141865164043 0.02909697778522968 -0.00958940479904413
v 0.005146023817360404 0.028414141386747357 -0.009568480774760245
v 0.004810141865164043 0.02909697778522968 -0.00958940479904413
v 0.005363728851079943 0.029231674969196316 -0.00920465588569641
v 0.005363728851079943 0.029231674969196316 -0.00920465588569641
v 0.004810141865164043 0.02909697778522968 -0.00958940479904413
v 0.004515706561505796 0.029532296583056446 -0.00962274335324764
v 0.005363728851079943 0.029231674969196316 -0.00920465588569641
v 0.004515706561505796 0.029532296583056446 -0.00962274335324764
v 0.005083359777927401 0.029676506295800206 -0.009235261939465998
v 0.0033966491464525474 0.028728546574711796 0.00015375379007309673
v 0.0025662728585302843 0.028483120724558827 0.00033869023900479073
v 0.0029585678130388273 0.027729364112019535 0.000301624066196382
v 0.005058168433606627 0.02829765900969505 -0.0003654361935332417
v 0.004576386883854868 0.028193429112434384 -0.00014588853809982536
v 0.004580834880471231 0.02766473032534122 -9.035050607053562e-05
v 0.006127832457423213 0.029839707538485524 -0.002268223790451884
v 0.006095221266150477 0.029900884255766865 -0.0022706429008394475
v 0.005862742662429812 0.02985531464219093 -0.0017287234077230094
v 0.004009907599538566 0.02939856611192226 -0.00012869026977568862
v 0.004155499394983055 0.028938854113221165 -9.787326416699214e-05
v 0.004818351007997991 0.02911133505403995 -0.00041841820348054165
v 0.0025662728585302843 0.028483120724558827 0.00033869023900479073
v 0.0025740244891494526 0.029001219198107716 0.0003028566716238856
v 0.0014663592446595437 0.028680207207798954 0.0004836464067921042
v 0.0025740244891494526 0.029001219198107716 0.0003028566716238856
v 0.0025662728585302843 0.028483120724558827 0.00033869023900479073
v 0.003080308670178057 0.029143886640667912 0.00018510257359594104
v 0.003080308670178057 0.029143886640667912 0.00018510257359594104
v 0.0025662728585302843 0.028483120724558827 0.00033869023900479073
v 0.0033966491464525474 0.028728546574711796 0.00015375379007309673
v 0.003080308670178057 0.029143886640667912 0.00018510257359594104
v 0.0033966491464525474 0.028728546574711796 0.00015375379007309673
v 0.003108428092673422 0.029151733964681622 0.00017764221411198375
v 0.005861090030521157 0.029854968190193173 -0.0017255287384614346
v 0.005560280755162242 0.029789881780743595 -0.0012535651912912724
v 0.005791828967630866 0.029340166598558422 -0.001241602119989693
v 0.005791828967630866 0.029340166598558422 -0.001241602119989693
v 0.005560280755162242 0.029789881780743595 -0.0012535651912912724
v 0.005092487670481208 0.029678758233785626 -0.0007723198505118488
v 0.005791828967630866 0.029340166598558422 -0.001241602119989693
v 0.005092487670481208 0.029678758233785626 -0.0007723198505118488
v 0.00536630488932133 0.02924460172653198 -0.0008022092515602707
v 0.00536630488932133 0.02924460172653198 -0.0008022092515602707
v 0.005092487670481208 0.029678758233785626 -0.0007723198505118488
v 0.005083470139652493 0.029676532372832295 -0.0007648380706086754
v 0.00536630488932133 0.02924460172653198 -0.0008022092515602707
v 0.005083470139652493 0.029676532372832295 -0.0007648380706086754
v 0.004818351007997991 0.02911133505403995 -0.00041841820348054165
v 0.004818351007997991 0.02911133505403995 -0.00041841820348054165
v 0.005083470139652493 0.029676532372832295 -0.0007648380706086754
v 0.004670755937695505 0.029572408646345135 -0.00046926003415137524
v 0.004818351007997991 0.02911133505403995 -0.00041841820348054165
v 0.004670755937695505 0.029572408646345135 -0.00046926003415137524
v 0.004009907599538566 0.02939856611192226 -0.00012869026977568862
v 0.0061656869947910335 0.029768276959657666 -0.002265469171106815
v 0.006127832457423213 0.029839707538485524 -0.002268223790451884
v 0.006082579027861359 0.029654398560523983 -0.0019380898447707293
v 0.006082579027861359 0.029654398560523983 -0.0019380898447707293
v 0.006127832457423213 0.029839707538485524 -0.002268223790451884
v 0.005862742662429812 0.02985531464219093 -0.0017287234077230094
v 0.006082579027861359 0.029654398560523983 -0.0019380898447707293
v 0.005862742662429812 0.02985531464219093 -0.0017287234077230094
v 0.005897905211895707 0.029407562687993046 -0.0014159990241751073
v 0.0024699016939848674 0.026403985917568203 0.0003999414620921015
v 0.0029091718606650842 0.02528905682265758 0.00035094225313514466
v 0.0030293860472738756 0.02550246566534042 0.0003295595524832606
v 0.004009907599538566 0.02939856611192226 -0.00012869026977568862
v 0.003108428092673422 0.029151733964681622 0.00017764221411198375
v 0.004155499394983055 0.028938854113221165 -9.787326416699214e-05
v 0.004155499394983055 0.028938854113221165 -9.787326416699214e-05
v 0.003108428092673422 0.029151733964681622 0.00017764221411198375
v 0.0033966491464525474 0.028728546574711796 0.00015375379007309673
v 0.004155499394983055 0.028938854113221165 -9.787326416699214e-05
v 0.0033966491464525474 0.028728546574711796 0.00015375379007309673
v 0.0038114297203719633 0.02798582054674625 0.0001096049163606949
v 0.0038114297203719633 0.02798582054674625 0.0001096049163606949
v 0.0033966491464525474 0.028728546574711796 0.00015375379007309673
v 0.0029585678130388273 0.027729364112019535 0.000301624066196382
v 0.0038114297203719633 0.02798582054674625 0.0001096049163606949
v 0.0029585678130388273 0.027729364112019535 0.000301624066196382
v 0.0038541897665709274 0.02669824846088886 0.0001590767642483115
v 0.0038541897665709274 0.02669824846088886 0.0001590767642483115
v 0.0029585678130388273 0.027729364112019535 0.000301624066196382
v 0.003424321999773385 0.026727806776762005 0.00024381547700613734
v 0.0038541897665709274 0.02669824846088886 0.0001590767642483115
v 0.003424321999773385 0.026727806776762005 0.00024381547700613734
v 0.00367316114716232 0.02645444869995117 0.00020272785332053897
v 0.005862742662429812 0.02985531464219093 -0.0017287234077230094
v 0.005861090030521157 0.029854968190193173 -0.0017255287384614346
v 0.005897905211895707 0.029407562687993046 -0.0014159990241751073
v 0.005897905211895707 0.029407562687993046 -0.0014159990241751073
v 0.005861090030521157 0.029854968190193173 -0.0017255287384614346
v 0.005791828967630866 0.029340166598558422 -0.001241602119989693
v 0.005897905211895707 0.029407562687993046 -0.0014159990241751073
v 0.005791828967630866 0.029340166598558422 -0.001241602119989693
v 0.005705022253096106 0.029156347736716267 -0.0010540821822360156
v 0.005705022253096106 0.029156347736716267 -0.0010540821822360156
v 0.005791828967630866 0.029340166598558422 -0.001241602119989693
v 0.00536630488932133 0.02924460172653198 -0.0008022092515602707
v 0.005705022253096106 0.029156347736716267 -0.0010540821822360156
v 0.00536630488932133 0.02924460172653198 -0.0008022092515602707
v 0.005413962062448266 0.02876980789005756 -0.0006766222650185226
v 0.005413962062448266 0.02876980789005756 -0.0006766222650185226
v 0.00536630488932133 0.02924460172653198 -0.0008022092515602707
v 0.004818351007997991 0.02911133505403995 -0.00041841820348054165
v 0.005413962062448266 0.02876980789005756 -0.0006766222650185226
v 0.004818351007997991 0.02911133505403995 -0.00041841820348054165
v 0.005058168433606627 0.02829765900969505 -0.0003654361935332417
v 0.005058168433606627 0.02829765900969505 -0.0003654361935332417
v 0.004818351007997991 0.02911133505403995 -0.00041841820348054165
v 0.004155499394983055 0.028938854113221165 -9.787326416699214e-05
v 0.005058168433606627 0.02829765900969505 -0.0003654361935332417
v 0.004155499394983055 0.028938854113221165 -9.787326416699214e-05
v 0.004576386883854868 0.028193429112434384 -0.00014588853809982536
v 0.004576386883854868 0.028193429112434384 -0.00014588853809982536
v 0.004155499394983055 0.028938854113221165 -9.787326416699214e-05
v 0.0038114297203719633 0.02798582054674625 0.0001096049163606949
v 0.004576386883854868 0.028193429112434384 -0.00014588853809982536
v 0.0038114297203719633 0.02798582054674625 0.0001096049163606949
v 0.004580834880471231 0.02766473032534122 -9.035050607053562e-05
v 0.004580834880471231 0.02766473032534122 -9.035050607053562e-05
v 0.0038114297203719633 0.02798582054674625 0.0001096049163606949
v 0.0038541897665709274 0.02669824846088886 0.0001590767642483115
v 0.0014663592446595437 0.028680207207798954 0.0004836464067921042
v 0.0016885770019143826 0.028204973787069317 0.0004729911452159285
v 0.0025662728585302843 0.028483120724558827 0.00033869023900479073
v 0.0025662728585302843 0.028483120724558827 0.00033869023900479073
v 0.0016885770019143826 0.028204973787069317 0.0004729911452159285
v 0.002038995036855341 0.027421807870268818 0.00044442515354603524
v 0.0025662728585302843 0.028483120724558827 0.00033869023900479073
v 0.002038995036855341 0.027421807870268818 0.00044442515354603524
v 0.0029585678130388273 0.027729364112019535 0.000301624066196382
v 0.0029585678130388273 0.027729364112019535 0.000301624066196382
v 0.002038995036855341 0.027421807870268818 0.00044442515354603524
v 0.0024699016939848674 0.026403985917568203 0.0003999414620921015
v 0.0029585678130388273 0.027729364112019535 0.000301624066196382
v 0.0024699016939848674 0.026403985917568203 0.0003999414620921015
v 0.003424321999773385 0.026727806776762005 0.00024381547700613734
v 0.003424321999773385 0.026727806776762005 0.00024381547700613734
v 0.0024699016939848674 0.026403985917568203 0.0003999414620921015
v 0.0030293860472738756 0.02550246566534042 0.0003295595524832606
v 0.003424321999773385 0.026727806776762005 0.00024381547700613734
v 0.0030293860472738756 0.02550246566534042 0.0003295595524832606
v 0.00367316114716232 0.02645444869995117 0.00020272785332053897
v 0.001049033948220313 0.027086187154054638 0.0005563915474340319
v 0.002038995036855341 0.027421807870268818 0.00044442515354603524
v 0.0016885770019143826 0.028204973787069317 0.0004729911452159285
v -0.00025409075897187005 0.02766655012965202 0.0006012906087562441
v 9.383513679495085e-05 0.026602828875184056 0.0005888956366106867
v 0.0001676185056567193 0.028052734211087223 0.000603069900535047
v 0.0001676185056567193 0.028052734211087223 0.000603069900535047
v 9.383513679495085e-05 0.026602828875184056 0.0005888956366106867
v 0.000503594637848437 0.026846563443541523 0.0005895973881706594
v 0.0001676185056567193 0.028052734211087223 0.000603069900535047
v 0.000503594637848437 0.026846563443541523 0.0005895973881706594
v 0.00017778106848709293 0.028060672804713246 0.0006027988856658338
v 0.00017778106848709293 0.028060672804713246 0.0006027988856658338
v 0.000503594637848437 0.026846563443541523 0.0005895973881706594
v 0.001049033948220313 0.027086187154054638 0.0005563915474340319
v 0.00017778106848709293 0.028060672804713246 0.0006027988856658338
v 0.001049033948220313 0.027086187154054638 0.0005563915474340319
v 0.000550439232029021 0.028311938047409054 0.0005840900121256708
v 0.000550439232029021 0.028311938047409054 0.0005840900121256708
v 0.001049033948220313 0.027086187154054638 0.0005563915474340319
v 0.0016885770019143826 0.028204973787069317 0.0004729911452159285
v 0.000550439232029021 0.028311938047409054 0.0005840900121256708
v 0.0016885770019143826 0.028204973787069317 0.0004729911452159285
v 0.0014663592446595437 0.028680207207798954 0.0004836464067921042
v 0.002038995036855341 0.027421807870268818 0.00044442515354603524
v 0.001049033948220313 0.027086187154054638 0.0005563915474340319
v 0.0024699016939848674 0.026403985917568203 0.0003999414620921015
v 0.0024699016939848674 0.026403985917568203 0.0003999414620921015
v 0.001049033948220313 0.027086187154054638 0.0005563915474340319
v 0.0017205991316586742 0.024852473288774487 0.0004901405191048979
v 0.0024699016939848674 0.026403985917568203 0.0003999414620921015
v 0.0017205991316586742 0.024852473288774487 0.0004901405191048979
v 0.0029091718606650842 0.02528905682265758 0.00035094225313514466
v 9.383513679495085e-05 0.026602828875184056 0.0005888956366106867
v 0.0005751884309574964 0.02442272566258907 0.0005285659572109579
v 0.000503594637848437 0.026846563443541523 0.0005895973881706594
v 0.000503594637848437 0.026846563443541523 0.0005895973881706594
v 0.0005751884309574964 0.02442272566258907 0.0005285659572109579
v 0.0010123719694092874 0.02458984218537807 0.0005293412832543253
v 0.000503594637848437 0.026846563443541523 0.0005895973881706594
v 0.0010123719694092874 0.02458984218537807 0.0005293412832543253
v 0.001049033948220313 0.027086187154054638 0.0005563915474340319
v 0.001049033948220313 0.027086187154054638 0.0005563915474340319
v 0.0010123719694092874 0.02458984218537807 0.0005293412832543253
v 0.0017205991316586742 0.024852473288774487 0.0004901405191048979
v -0.0013821762986481196 0.022346960380673405 -0.0020025316625833507
v -0.001409920281730593 0.020811369642615315 -0.0019484200747683642
v -0.0008108296315185729 0.020851580426096913 -0.0008554268861189484
v 0.0006372092175297442 0.02404096722602844 0.000516344211064279
v 0.0005751884309574964 0.02442272566258907 0.0005285659572109579
v 0.0001710814540274442 0.024267973378300663 0.00039519078563898796
v -0.0015468852361664182 0.023616148158907887 -0.0020271891262382265
v -0.0015549361705780036 0.02361311204731464 -0.002047491259872913
v -0.0013821762986481196 0.022346960380673405 -0.0020025316625833507
v -0.000905048160348088 0.019089622423052784 -0.0008548890473321079
v -0.0005728987162001433 0.01763065159320831 -0.00040299596730619664
v -0.0004486723046284171 0.018948385491967198 -0.00039420102257281536
v -0.0004486723046284171 0.018948385491967198 -0.00039420102257281536
v -0.0005728987162001433 0.01763065159320831 -0.00040299596730619664
v -3.153664511046374e-05 0.017394425347447392 -4.203396019875071e-05
v -0.0004486723046284171 0.018948385491967198 -0.00039420102257281536
v -3.153664511046374e-05 0.017394425347447392 -4.203396019875071e-05
v 5.772160147898833e-05 0.018821889534592625 -1.471454288548557e-05
v 5.772160147898833e-05 0.018821889534592625 -1.471454288548557e-05
v -3.153664511046374e-05 0.017394425347447392 -4.203396019875071e-05
v 0.0005400786176323893 0.017183529213070866 0.00023036159109324214
v 5.772160147898833e-05 0.018821889534592625 -1.471454288548557e-05
v 0.0005400786176323893 0.017183529213070866 0.00023036159109324214
v 0.0005826917476952078 0.01871886663138866 0.0002532022772356867
v 0.0005826917476952078 0.01871886663138866 0.0002532022772356867
v 0.0005400786176323893 0.017183529213070866 0.00023036159109324214
v 0.0010574609041213994 0.017024798318743702 0.0003823837032541632
v -0.001853993861004711 0.019504273310303685 -0.0023936091456562276
v -0.0019151840824633845 0.01842686720192432 -0.0019282525172457097
v -0.0016102213412523276 0.01937581598758697 -0.0018827378517016766
v -0.0016102213412523276 0.01937581598758697 -0.0018827378517016766
v -0.0019151840824633845 0.01842686720192432 -0.0019282525172457097
v -0.0015002437867224223 0.018138123676180836 -0.0013138906797394154
v -0.0016102213412523276 0.01937581598758697 -0.0018827378517016766
v -0.0015002437867224223 0.018138123676180836 -0.0013138906797394154
v -0.0012944209156557924 0.019235264509916302 -0.0013617804506793616
v -0.0012944209156557924 0.019235264509916302 -0.0013617804506793616
v -0.0015002437867224223 0.018138123676180836 -0.0013138906797394154
v -0.0010720103746280078 0.017884895205497738 -0.0008376698242500423
v -0.0012944209156557924 0.019235264509916302 -0.0013617804506793616
v -0.0010720103746280078 0.017884895205497738 -0.0008376698242500423
v -0.000905048160348088 0.019089622423052784 -0.0008548890473321079
v -0.000905048160348088 0.019089622423052784 -0.0008548890473321079
v -0.0010720103746280078 0.017884895205497738 -0.0008376698242500423
v -0.0005728987162001433 0.01763065159320831 -0.00040299596730619664
v -0.0018576779402792462 0.020297659561038014 -0.0028605971019715066
v -0.002298687584698201 0.018757272511720654 -0.0028602892998605962
v -0.0021142049226909885 0.01858791150152683 -0.002331501571461558
v -0.0017009330913424498 0.022136608138680455 -0.0028606739360839124
v -0.0016974584432318813 0.021899970248341557 -0.0028606797568500038
v -0.0013821762986481196 0.022346960380673405 -0.0020025316625833507
v -0.0013821762986481196 0.022346960380673405 -0.0020025316625833507
v -0.0016974584432318813 0.021899970248341557 -0.0028606797568500038
v -0.0016987040871754295 0.02176091074943542 -0.0028606813866645093
v -0.0013821762986481196 0.022346960380673405 -0.0020025316625833507
v -0.0016987040871754295 0.02176091074943542 -0.0028606813866645093
v -0.001409920281730593 0.020811369642615315 -0.0019484200747683642
v -0.001409920281730593 0.020811369642615315 -0.0019484200747683642
v -0.0016987040871754295 0.02176091074943542 -0.0028606813866645093
v -0.0017760092159733185 0.02077890187501907 -0.002860648790374398
v -0.001409920281730593 0.020811369642615315 -0.0019484200747683642
v -0.0017760092159733185 0.02077890187501907 -0.002860648790374398
v -0.0018576779402792462 0.020297659561038014 -0.0028605971019715066
v -0.0017009330913424498 0.022136608138680455 -0.0028606739360839124
v -0.0013821762986481196 0.022346960380673405 -0.0020025316625833507
v -0.0018333689076825985 0.023351090028882023 -0.0028606031555682416
v -0.0018333689076825985 0.023351090028882023 -0.0028606031555682416
v -0.0013821762986481196 0.022346960380673405 -0.0020025316625833507
v -0.0015549361705780036 0.02361311204731464 -0.002047491259872913
v -0.0018333689076825985 0.023351090028882023 -0.0028606031555682416
v -0.0015549361705780036 0.02361311204731464 -0.002047491259872913
v -0.0018632092978805312 0.023498918861150738 -0.002860591514036059
v 0.00036465236917138116 0.023110359907150265 0.0003676664782688021
v 0.0007320610457099977 0.023279026150703427 0.0004936045734211801
v 0.0007313227979466322 0.02328579872846603 0.0004937982885167002
v -0.0012622245121747262 0.02372397296130657 -0.0013647548621520398
v -0.0008435762720182541 0.022607080638408657 -0.0008480303222313522
v -0.0009899639990180735 0.023827442899346348 -0.0008434077026322483
v -0.0009899639990180735 0.023827442899346348 -0.0008434077026322483
v -0.0008435762720182541 0.022607080638408657 -0.0008480303222313522
v -0.0004784827760886403 0.022760068997740742 -0.00032862101215869183
v -0.0009899639990180735 0.023827442899346348 -0.0008434077026322483
v -0.0004784827760886403 0.022760068997740742 -0.00032862101215869183
v -0.0005351678119041028 0.02400002814829349 -0.00019497994799166915
v -0.0005351678119041028 0.02400002814829349 -0.00019497994799166915
v -0.0004784827760886403 0.022760068997740742 -0.00032862101215869183
v -6.340078107314187e-05 0.022930070757865902 8.588925265939905e-05
v -0.0005351678119041028 0.02400002814829349 -0.00019497994799166915
v -6.340078107314187e-05 0.022930070757865902 8.588925265939905e-05
v -0.0002080192061839626 0.02412403933703899 0.0001334630651399493
v -0.0002080192061839626 0.02412403933703899 0.0001334630651399493
v -6.340078107314187e-05 0.022930070757865902 8.588925265939905e-05
v 0.00036465236917138116 0.023110359907150265 0.0003676664782688021
v -0.0002080192061839626 0.02412403933703899 0.0001334630651399493
v 0.00036465236917138116 0.023110359907150265 0.0003676664782688021
v 0.0001710814540274442 0.024267973378300663 0.00039519078563898796
v 0.0001710814540274442 0.024267973378300663 0.00039519078563898796
v 0.00036465236917138116 0.023110359907150265 0.0003676664782688021
v 0.0007313227979466322 0.02328579872846603 0.0004937982885167002
v 0.0001710814540274442 0.024267973378300663 0.00039519078563898796
v 0.0007313227979466322 0.02328579872846603 0.0004937982885167002
v 0.0006372092175297442 0.02404096722602844 0.000516344211064279
v 0.000995936337858439 0.0199932474642992 0.0004131350433453917
v 0.0007320610457099977 0.023279026150703427 0.0004936045734211801
v 0.0005130291683599355 0.02099511586129665 0.00030582759063690895
v 0.0005130291683599355 0.02099511586129665 0.00030582759063690895
v 0.0007320610457099977 0.023279026150703427 0.0004936045734211801
v 0.00036465236917138116 0.023110359907150265 0.0003676664782688021
v 0.0005130291683599355 0.02099511586129665 0.00030582759063690895
v 0.00036465236917138116 0.023110359907150265 0.0003676664782688021
v 4.372487455839293e-05 0.020931024104356762 3.116147490800358e-05
v 4.372487455839293e-05 0.020931024104356762 3.116147490800358e-05
v 0.00036465236917138116 0.023110359907150265 0.0003676664782688021
v -6.340078107314187e-05 0.022930070757865902 8.588925265939905e-05
v 4.372487455839293e-05 0.020931024104356762 3.116147490800358e-05
v -6.340078107314187e-05 0.022930070757865902 8.588925265939905e-05
v -0.0004089525318704547 0.02088362909853458 -0.0003657682100310921
v -0.0004089525318704547 0.02088362909853458 -0.0003657682100310921
v -6.340078107314187e-05 0.022930070757865902 8.588925265939905e-05
v -0.0004784827760886403 0.022760068997740742 -0.00032862101215869183
v -0.0004089525318704547 0.02088362909853458 -0.0003657682100310921
v -0.0004784827760886403 0.022760068997740742 -0.00032862101215869183
v -0.0008108296315185729 0.020851580426096913 -0.0008554268861189484
v -0.0008108296315185729 0.020851580426096913 -0.0008554268861189484
v -0.0004784827760886403 0.022760068997740742 -0.00032862101215869183
v -0.0008435762720182541 0.022607080638408657 -0.0008480303222313522
v -0.0008108296315185729 0.020851580426096913 -0.0008554268861189484
v -0.0008435762720182541 0.022607080638408657 -0.0008480303222313522
v -0.0013821762986481196 0.022346960380673405 -0.0020025316625833507
v -0.0013821762986481196 0.022346960380673405 -0.0020025316625833507
v -0.0008435762720182541 0.022607080638408657 -0.0008480303222313522
v -0.0012622245121747262 0.02372397296130657 -0.0013647548621520398
v -0.0013821762986481196 0.022346960380673405 -0.0020025316625833507
v -0.0012622245121747262 0.02372397296130657 -0.0013647548621520398
v -0.0015468852361664182 0.023616148158907887 -0.0020271891262382265
v 0.0010574609041213994 0.017024798318743702 0.0003823837032541632
v 0.000995936337858439 0.0199932474642992 0.0004131350433453917
v 0.0005826917476952078 0.01871886663138866 0.0002532022772356867
v 0.0005826917476952078 0.01871886663138866 0.0002532022772356867
v 0.000995936337858439 0.0199932474642992 0.0004131350433453917
v 0.0005130291683599355 0.02099511586129665 0.00030582759063690895
v 0.0005826917476952078 0.01871886663138866 0.0002532022772356867
v 0.0005130291683599355 0.02099511586129665 0.00030582759063690895
v 5.772160147898833e-05 0.018821889534592625 -1.471454288548557e-05
v 5.772160147898833e-05 0.018821889534592625 -1.471454288548557e-05
v 0.0005130291683599355 0.02099511586129665 0.00030582759063690895
v 4.372487455839293e-05 0.020931024104356762 3.116147490800358e-05
v 5.772160147898833e-05 0.018821889534592625 -1.471454288548557e-05
v 4.372487455839293e-05 0.020931024104356762 3.116147490800358e-05
v -0.0004486723046284171 0.018948385491967198 -0.00039420102257281536
v -0.0004486723046284171 0.018948385491967198 -0.00039420102257281536
v 4.372487455839293e-05 0.020931024104356762 3.116147490800358e-05
v -0.0004089525318704547 0.02088362909853458 -0.0003657682100310921
v -0.0004486723046284171 0.018948385491967198 -0.00039420102257281536
v -0.0004089525318704547 0.02088362909853458 -0.0003657682100310921
v -0.000905048160348088 0.019089622423052784 -0.0008548890473321079
v -0.000905048160348088 0.019089622423052784 -0.0008548890473321079
v -0.0004089525318704547 0.02088362909853458 -0.0003657682100310921
v -0.0008108296315185729 0.020851580426096913 -0.0008554268861189484
v -0.000905048160348088 0.019089622423052784 -0.0008548890473321079
v -0.0008108296315185729 0.020851580426096913 -0.0008554268861189484
v -0.0012944209156557924 0.019235264509916302 -0.0013617804506793616
v -0.0012944209156557924 0.019235264509916302 -0.0013617804506793616
v -0.0008108296315185729 0.020851580426096913 -0.0008554268861189484
v -0.001409920281730593 0.020811369642615315 -0.0019484200747683642
v -0.0012944209156557924 0.019235264509916302 -0.0013617804506793616
v -0.001409920281730593 0.020811369642615315 -0.0019484200747683642
v -0.0016102213412523276 0.01937581598758697 -0.0018827378517016766
v -0.0016102213412523276 0.01937581598758697 -0.0018827378517016766
v -0.001409920281730593 0.020811369642615315 -0.0019484200747683642
v -0.0018576779402792462 0.020297659561038014 -0.0028605971019715066
v -0.0016102213412523276 0.01937581598758697 -0.0018827378517016766
v -0.0018576779402792462 0.020297659561038014 -0.0028605971019715066
v -0.001853993861004711 0.019504273310303685 -0.0023936091456562276
v -0.001853993861004711 0.019504273310303685 -0.0023936091456562276
v -0.0018576779402792462 0.020297659561038014 -0.0028605971019715066
v -0.0021142049226909885 0.01858791150152683 -0.002331501571461558
v -0.001853993861004711 0.019504273310303685 -0.0023936091456562276
v -0.0021142049226909885 0.01858791150152683 -0.002331501571461558
v -0.0019151840824633845 0.01842686720192432 -0.0019282525172457097
v -0.002073261886835099 0.022636288776993748 -0.004746581427752971
v -0.0020307246595621118 0.021879928186535832 -0.004746577236801385
v -0.0018788789166137585 0.021826338022947308 -0.0034822879824787374
v -0.003209692193195225 0.026021184399724003 -0.005802375264465808
v -0.0031845865305513157 0.026025632396340367 -0.006009603384882211
v -0.003130064578726889 0.025926249101758 -0.006009618286043405
v -0.003130064578726889 0.025926249101758 -0.006009618286043405
v -0.0031845865305513157 0.026025632396340367 -0.006009603384882211
v -0.003169108880683781 0.026028372347354885 -0.006116234697401523
v -0.0030389109160751117 0.02594259940087795 -0.003482448402792215
v -0.003169107483699919 0.026028379797935482 -0.003883796744048595
v -0.003220594720914961 0.0260192546993494 -0.0043089878745377055
v -0.0023242223542183646 0.02493277937173843 -0.0028604646213352676
v -0.002909328788518907 0.02607440575957298 -0.0028602892998605962
v -0.0030935325194150222 0.026041766628623005 -0.0034824595786631103
v -0.001700940425507725 0.022136608138680455 -0.0071393479593098155
v -0.0018613799475133428 0.0218200609087944 -0.006594088859856128
v -0.001895667635835708 0.022597037255764004 -0.006594080477952956
v -0.001700940425507725 0.022136608138680455 -0.0071393479593098155
v -0.001895667635835708 0.022597037255764004 -0.006594080477952956
v -0.0017248078947886833 0.022558018565177914 -0.0071393661201000205
v -0.0017248078947886833 0.022558018565177914 -0.0071393661201000205
v -0.001895667635835708 0.022597037255764004 -0.006594080477952956
v -0.0020089438185095796 0.023370239883661267 -0.006594062317162751
v -0.0017248078947886833 0.022558018565177914 -0.0071393661201000205
v -0.0020089438185095796 0.023370239883661267 -0.006594062317162751
v -0.0018632166320458063 0.023498918861150738 -0.00713942851871252
v -0.0018632166320458063 0.023498918861150738 -0.00713942851871252
v -0.0020089438185095796 0.023370239883661267 -0.006594062317162751
v -0.0024159380700439223 0.024722857400774952 -0.006594018079340457
v -0.0018632166320458063 0.023498918861150738 -0.00713942851871252
v -0.0024159380700439223 0.024722857400774952 -0.006594018079340457
v -0.002241757232695819 0.024736249819397923 -0.007139538880437612
v -0.002241757232695819 0.024736249819397923 -0.007139538880437612
v -0.0024159380700439223 0.024722857400774952 -0.006594018079340457
v -0.00232423096895218 0.024932773783802983 -0.007139557972550391
v -0.00232423096895218 0.024932773783802983 -0.007139557972550391
v -0.0024159380700439223 0.024722857400774952 -0.006594018079340457
v -0.0030210961122065796 0.025945788249373433 -0.006593956146389245
v -0.00232423096895218 0.024932773783802983 -0.007139557972550391
v -0.0030210961122065796 0.025945788249373433 -0.006593956146389245
v -0.002909328788518907 0.02607440575957298 -0.0071397307328879825
v -0.0016987040871754295 0.02176091074943542 -0.0028606813866645093
v -0.0016974584432318813 0.021899970248341557 -0.0028606797568500038
v -0.0019140249351039538 0.0226011611521244 -0.0034822979941964145
v -0.0017009330913424498 0.022136608138680455 -0.0028606739360839124
v -0.0018333689076825985 0.023351090028882023 -0.0028606031555682416
v -0.002027787500992418 0.023372255265712735 -0.0034823203459382053
v -0.002027787500992418 0.023372255265712735 -0.0034823203459382053
v -0.0018333689076825985 0.023351090028882023 -0.0028606031555682416
v -0.0018632092978805312 0.023498918861150738 -0.002860591514036059
v -0.002027787500992418 0.023372255265712735 -0.0034823203459382053
v -0.0018632092978805312 0.023498918861150738 -0.002860591514036059
v -0.002434604102745653 0.024721410125494 -0.003482373664155602
v -0.002434604102745653 0.024721410125494 -0.003482373664155602
v -0.0018632092978805312 0.023498918861150738 -0.002860591514036059
v -0.002059111138805748 0.024233136326074597 -0.0028605291154235597
v -0.002059111138805748 0.024233136326074597 -0.0028605291154235597
v -0.002241755835711957 0.02473625726997852 -0.0028604834806174036
v -0.002434604102745653 0.024721410125494 -0.003482373664155602
v -0.002434604102745653 0.024721410125494 -0.003482373664155602
v -0.002241755835711957 0.02473625726997852 -0.0028604834806174036
v -0.0023242223542183646 0.02493277937173843 -0.0028604646213352676
v -0.002434604102745653 0.024721410125494 -0.003482373664155602
v -0.0023242223542183646 0.02493277937173843 -0.0028604646213352676
v -0.0030389109160751117 0.02594259940087795 -0.003482448402792215
v -0.0030389109160751117 0.02594259940087795 -0.003482448402792215
v -0.0023242223542183646 0.02493277937173843 -0.0028604646213352676
v -0.0030935325194150222 0.026041766628623005 -0.0034824595786631103
v -0.0030389109160751117 0.02594259940087795 -0.003482448402792215
v -0.0030935325194150222 0.026041766628623005 -0.0034824595786631103
v -0.003169107483699919 0.026028379797935482 -0.003883796744048595
v -0.0025506559759378446 0.019005158916115757 -0.005000010132789611
v -0.0025476587470620884 0.01900221779942512 -0.00474664894863963
v -0.002509242156520487 0.019117772579193112 -0.004746645223349332
v -0.002509242156520487 0.019117772579193112 -0.004746645223349332
v -0.0025476587470620884 0.01900221779942512 -0.00474664894863963
v -0.00251907459460199 0.018974093720316883 -0.004185453057289123
v -0.002509242156520487 0.019117772579193112 -0.004746645223349332
v -0.00251907459460199 0.018974093720316883 -0.004185453057289123
v -0.002395725343376399 0.01900636218488216 -0.003482451662421226
v -0.002395725343376399 0.01900636218488216 -0.003482451662421226
v -0.00251907459460199 0.018974093720316883 -0.004185453057289123
v -0.0024886440951377166 0.01894416287541389 -0.003870801534503698
v -0.002395725343376399 0.01900636218488216 -0.003482451662421226
v -0.0024886440951377166 0.01894416287541389 -0.003870801534503698
v -0.002298687584698201 0.018757272511720654 -0.0028602892998605962
v -0.0016974584432318813 0.021899970248341557 -0.0028606797568500038
v -0.0017009330913424498 0.022136608138680455 -0.0028606739360839124
v -0.0019140249351039538 0.0226011611521244 -0.0034822979941964145
v -0.0019140249351039538 0.0226011611521244 -0.0034822979941964145
v -0.0017009330913424498 0.022136608138680455 -0.0028606739360839124
v -0.002027787500992418 0.023372255265712735 -0.0034823203459382053
v -0.0019140249351039538 0.0226011611521244 -0.0034822979941964145
v -0.002027787500992418 0.023372255265712735 -0.0034823203459382053
v -0.002191089093685151 0.023389225825667378 -0.004746591206640004
v -0.002191089093685151 0.023389225825667378 -0.004746591206640004
v -0.002027787500992418 0.023372255265712735 -0.0034823203459382053
v -0.002434604102745653 0.024721410125494 -0.003482373664155602
v -0.002191089093685151 0.023389225825667378 -0.004746591206640004
v -0.002434604102745653 0.024721410125494 -0.003482373664155602
v -0.0025961042847484363 0.02470864355564117 -0.004746613092720508
v -0.0025961042847484363 0.02470864355564117 -0.004746613092720508
v -0.002434604102745653 0.024721410125494 -0.003482373664155602
v -0.0030389109160751117 0.02594259940087795 -0.003482448402792215
v -0.0025961042847484363 0.02470864355564117 -0.004746613092720508
v -0.0030389109160751117 0.02594259940087795 -0.003482448402792215
v -0.0031927311792969717 0.025914998725056645 -0.004746644292026757
v -0.0031927311792969717 0.025914998725056645 -0.004746644292026757
v -0.0030389109160751117 0.02594259940087795 -0.003482448402792215
v -0.003220594720914961 0.0260192546993494 -0.0043089878745377055
v -0.0031927311792969717 0.025914998725056645 -0.004746644292026757
v -0.003220594720914961 0.0260192546993494 -0.0043089878745377055
v -0.003247171407565476 0.026014542207121846 -0.00474664894863963
v -0.0025506559759378446 0.019005158916115757 -0.005000010132789611
v -0.002509242156520487 0.019117772579193112 -0.004746645223349332
v -0.0025297550018876804 0.0189845934510231 -0.005665366537868976
v -0.0025297550018876804 0.0189845934510231 -0.005665366537868976
v -0.002509242156520487 0.019117772579193112 -0.004746645223349332
v -0.0024629980325698866 0.019072396680712696 -0.006009614095091819
v -0.0025297550018876804 0.0189845934510231 -0.005665366537868976
v -0.0024629980325698866 0.019072396680712696 -0.006009614095091819
v -0.0024886676110327257 0.018944159150123593 -0.006129220593720674
v -0.002298687584698201 0.018757272511720654 -0.0028602892998605962
v -0.0018576779402792462 0.020297659561038014 -0.0028605971019715066
v -0.002395725343376399 0.01900636218488216 -0.003482451662421226
v -0.002395725343376399 0.01900636218488216 -0.003482451662421226
v -0.0018576779402792462 0.020297659561038014 -0.0028605971019715066
v -0.0020162384025752553 0.020392399281263348 -0.0034823270980268712
v -0.002395725343376399 0.01900636218488216 -0.003482451662421226
v -0.0020162384025752553 0.020392399281263348 -0.0034823270980268712
v -0.002509242156520487 0.019117772579193112 -0.004746645223349332
v -0.002509242156520487 0.019117772579193112 -0.004746645223349332
v -0.0020162384025752553 0.020392399281263348 -0.0034823270980268712
v -0.002147913910448552 0.020479969680309292 -0.004746593534946441
v -0.002509242156520487 0.019117772579193112 -0.004746645223349332
v -0.002147913910448552 0.020479969680309292 -0.004746593534946441
v -0.0024629980325698866 0.019072396680712696 -0.006009614095091819
v -0.0024629980325698866 0.019072396680712696 -0.006009614095091819
v -0.002147913910448552 0.020479969680309292 -0.004746593534946441
v -0.0020941230468451985 0.02044439688324928 -0.006009777542203664
v -0.0024629980325698866 0.019072396680712696 -0.006009614095091819
v -0.0020941230468451985 0.02044439688324928 -0.006009777542203664
v -0.0018849724438041457 0.020166460424661633 -0.007139442488551139
v -0.0019686860032379636 0.021858213469386097 -0.0060098282992839805
v -0.0020307246595621118 0.021879928186535832 -0.004746577236801385
v -0.002008232520893217 0.022622080519795414 -0.0060098147951066485
v -0.002008232520893217 0.022622080519795414 -0.0060098147951066485
v -0.0020307246595621118 0.021879928186535832 -0.004746577236801385
v -0.002073261886835099 0.022636288776993748 -0.004746581427752971
v -0.002008232520893217 0.022622080519795414 -0.0060098147951066485
v -0.002073261886835099 0.022636288776993748 -0.004746581427752971
v -0.0021244329400360593 0.023382395505905148 -0.006009784992784261
v -0.0017760092159733185 0.02077890187501907 -0.002860648790374398
v -0.0016987040871754295 0.02176091074943542 -0.0028606813866645093
v -0.0018788789166137585 0.021826338022947308 -0.0034822879824787374
v -0.0018788789166137585 0.021826338022947308 -0.0034822879824787374
v -0.0016987040871754295 0.02176091074943542 -0.0028606813866645093
v -0.0019140249351039538 0.0226011611521244 -0.0034822979941964145
v -0.0018788789166137585 0.021826338022947308 -0.0034822879824787374
v -0.0019140249351039538 0.0226011611521244 -0.0034822979941964145
v -0.002073261886835099 0.022636288776993748 -0.004746581427752971
v -0.002073261886835099 0.022636288776993748 -0.004746581427752971
v -0.0019140249351039538 0.0226011611521244 -0.0034822979941964145
v -0.002191089093685151 0.023389225825667378 -0.004746591206640004
v -0.002073261886835099 0.022636288776993748 -0.004746581427752971
v -0.002191089093685151 0.023389225825667378 -0.004746591206640004
v -0.0021244329400360593 0.023382395505905148 -0.006009784992784261
v -0.0021244329400360593 0.023382395505905148 -0.006009784992784261
v -0.002191089093685151 0.023389225825667378 -0.004746591206640004
v -0.0025961042847484363 0.02470864355564117 -0.004746613092720508
v -0.0021244329400360593 0.023382395505905148 -0.006009784992784261
v -0.0025961042847484363 0.02470864355564117 -0.004746613092720508
v -0.0025302364956587566 0.024713886901736256 -0.006009715609252452
v -0.0025302364956587566 0.024713886901736256 -0.006009715609252452
v -0.0025961042847484363 0.02470864355564117 -0.004746613092720508
v -0.0031927311792969717 0.025914998725056645 -0.004746644292026757
v -0.0025302364956587566 0.024713886901736256 -0.006009715609252452
v -0.0031927311792969717 0.025914998725056645 -0.004746644292026757
v -0.003130064578726889 0.025926249101758 -0.006009618286043405
v -0.003130064578726889 0.025926249101758 -0.006009618286043405
v -0.0031927311792969717 0.025914998725056645 -0.004746644292026757
v -0.003247171407565476 0.026014542207121846 -0.00474664894863963
v -0.003130064578726889 0.025926249101758 -0.006009618286043405
v -0.003247171407565476 0.026014542207121846 -0.00474664894863963
v -0.003209692193195225 0.026021184399724003 -0.005802375264465808
v -0.0024886676110327257 0.018944159150123593 -0.006129220593720674
v -0.0024629980325698866 0.019072396680712696 -0.006009614095091819
v -0.0023377793841063985 0.01879571750760078 -0.006990627851337194
v -0.0023377793841063985 0.01879571750760078 -0.006990627851337194
v -0.0024629980325698866 0.019072396680712696 -0.006009614095091819
v -0.0018849724438041457 0.020166460424661633 -0.007139442488551139
v -0.0023377793841063985 0.01879571750760078 -0.006990627851337194
v -0.0018849724438041457 0.020166460424661633 -0.007139442488551139
v -0.0022986961994320163 0.018757265061140057 -0.007139728870242833
v -0.001700940425507725 0.022136608138680455 -0.0071393479593098155
v -0.0016984291141852743 0.021777994930744168 -0.007139340508729219
v -0.0018613799475133428 0.0218200609087944 -0.006594088859856128
v -0.0018613799475133428 0.0218200609087944 -0.006594088859856128
v -0.0016984291141852743 0.021777994930744168 -0.007139340508729219
v -0.0017760224873200068 0.020778911188244816 -0.007139372639358043
v -0.0018613799475133428 0.0218200609087944 -0.006594088859856128
v -0.0017760224873200068 0.020778911188244816 -0.007139372639358043
v -0.0020941230468451985 0.02044439688324928 -0.006009777542203664
v -0.0020941230468451985 0.02044439688324928 -0.006009777542203664
v -0.0017760224873200068 0.020778911188244816 -0.007139372639358043
v -0.0018599447794258603 0.020286401733756062 -0.007139425259083509
v -0.0020941230468451985 0.02044439688324928 -0.006009777542203664
v -0.0018599447794258603 0.020286401733756062 -0.007139425259083509
v -0.0018849724438041457 0.020166460424661633 -0.007139442488551139
v -0.0018576779402792462 0.020297659561038014 -0.0028605971019715066
v -0.0017760092159733185 0.02077890187501907 -0.002860648790374398
v -0.0020162384025752553 0.020392399281263348 -0.0034823270980268712
v -0.0020162384025752553 0.020392399281263348 -0.0034823270980268712
v -0.0017760092159733185 0.02077890187501907 -0.002860648790374398
v -0.0018788789166137585 0.021826338022947308 -0.0034822879824787374
v -0.0020162384025752553 0.020392399281263348 -0.0034823270980268712
v -0.0018788789166137585 0.021826338022947308 -0.0034822879824787374
v -0.002147913910448552 0.020479969680309292 -0.004746593534946441
v -0.002147913910448552 0.020479969680309292 -0.004746593534946441
v -0.0018788789166137585 0.021826338022947308 -0.0034822879824787374
v -0.0020307246595621118 0.021879928186535832 -0.004746577236801385
v -0.002147913910448552 0.020479969680309292 -0.004746593534946441
v -0.0020307246595621118 0.021879928186535832 -0.004746577236801385
v -0.0020941230468451985 0.02044439688324928 -0.006009777542203664
v -0.0020941230468451985 0.02044439688324928 -0.006009777542203664
v -0.0020307246595621118 0.021879928186535832 -0.004746577236801385
v -0.0019686860032379636 0.021858213469386097 -0.0060098282992839805
v -0.0020941230468451985 0.02044439688324928 -0.006009777542203664
v -0.0019686860032379636 0.021858213469386097 -0.0060098282992839805
v -0.0018613799475133428 0.0218200609087944 -0.006594088859856128
v -0.0018613799475133428 0.0218200609087944 -0.006594088859856128
v -0.0019686860032379636 0.021858213469386097 -0.0060098282992839805
v -0.002008232520893217 0.022622080519795414 -0.0060098147951066485
v -0.0018613799475133428 0.0218200609087944 -0.006594088859856128
v -0.002008232520893217 0.022622080519795414 -0.0060098147951066485
v -0.001895667635835708 0.022597037255764004 -0.006594080477952956
v -0.001895667635835708 0.022597037255764004 -0.006594080477952956
v -0.002008232520893217 0.022622080519795414 -0.0060098147951066485
v -0.0021244329400360593 0.023382395505905148 -0.006009784992784261
v -0.001895667635835708 0.022597037255764004 -0.006594080477952956
v -0.0021244329400360593 0.023382395505905148 -0.006009784992784261
v -0.0020089438185095796 0.023370239883661267 -0.006594062317162751
v -0.0020089438185095796 0.023370239883661267 -0.006594062317162751
v -0.0021244329400360593 0.023382395505905148 -0.006009784992784261
v -0.0025302364956587566 0.024713886901736256 -0.006009715609252452
v -0.0020089438185095796 0.023370239883661267 -0.006594062317162751
v -0.0025302364956587566 0.024713886901736256 -0.006009715609252452
v -0.0024159380700439223 0.024722857400774952 -0.006594018079340457
v -0.0024159380700439223 0.024722857400774952 -0.006594018079340457
v -0.0025302364956587566 0.024713886901736256 -0.006009715609252452
v -0.003130064578726889 0.025926249101758 -0.006009618286043405
v -0.0024159380700439223 0.024722857400774952 -0.006594018079340457
v -0.003130064578726889 0.025926249101758 -0.006009618286043405
v -0.0030210961122065796 0.025945788249373433 -0.006593956146389245
v -0.0030210961122065796 0.025945788249373433 -0.006593956146389245
v -0.003130064578726889 0.025926249101758 -0.006009618286043405
v -0.003169108880683781 0.026028372347354885 -0.006116234697401523
v -0.0030210961122065796 0.025945788249373433 -0.006593956146389245
v -0.003169108880683781 0.026028372347354885 -0.006116234697401523
v -0.002909328788518907 0.02607440575957298 -0.0071397307328879825
v -0.0011798292398452763 0.02473799884319305 -0.009193602949380873
v -0.001409907476045192 0.025536047294735905 -0.009224157780408858
v -0.0010219844989478592 0.02578186802566051 -0.009785539470613001
v -0.00025409075897187005 0.02766655012965202 -0.010601298883557318
v -0.00040830290527082996 0.02701587416231632 -0.010531498119235037
v -0.0006448585772886876 0.027300029993057248 -0.010484523139894007
v -0.0006448585772886876 0.027300029993057248 -0.010484523139894007
v -0.00040830290527082996 0.02701587416231632 -0.010531498119235037
v -0.0007979933870956305 0.0267069935798645 -0.01026283949613571
v -0.0006448585772886876 0.027300029993057248 -0.010484523139894007
v -0.0007979933870956305 0.0267069935798645 -0.01026283949613571
v -0.0009403906879015271 0.02708240412175655 -0.010274167172610758
v -0.0009403906879015271 0.02708240412175655 -0.010274167172610758
v -0.0007979933870956305 0.0267069935798645 -0.01026283949613571
v -0.001226199208758772 0.02641026861965656 -0.009813361801207064
v -0.0009403906879015271 0.02708240412175655 -0.010274167172610758
v -0.001226199208758772 0.02641026861965656 -0.009813361801207064
v -0.0012848497135564691 0.026858216151595112 -0.00994253810495138
v -0.0012848497135564691 0.026858216151595112 -0.00994253810495138
v -0.001226199208758772 0.02641026861965656 -0.009813361801207064
v -0.0016377635765820748 0.026143534108996388 -0.00924700405448675
v -0.0012848497135564691 0.026858216151595112 -0.00994253810495138
v -0.0016377635765820748 0.026143534108996388 -0.00924700405448675
v -0.0018251126166433105 0.026542916893959042 -0.009259033016860483
v -0.0018251126166433105 0.026542916893959042 -0.009259033016860483
v -0.0016377635765820748 0.026143534108996388 -0.00924700405448675
v -0.0021092393435537824 0.026393884792923924 -0.0088138235732913
v -0.0016377635765820748 0.026143534108996388 -0.00924700405448675
v -0.0017448511207476267 0.025325231254100796 -0.008608524687588213
v -0.0021092393435537824 0.026393884792923924 -0.0088138235732913
v -0.0021092393435537824 0.026393884792923924 -0.0088138235732913
v -0.0017448511207476267 0.025325231254100796 -0.008608524687588213
v -0.0020141389686614284 0.0251544713973999 -0.008005084469914435
v -0.0021092393435537824 0.026393884792923924 -0.0088138235732913
v -0.0020141389686614284 0.0251544713973999 -0.008005084469914435
v -0.0025287466123700155 0.02620087936520576 -0.008027391508221625
v -0.0025287466123700155 0.02620087936520576 -0.008027391508221625
v -0.0020141389686614284 0.0251544713973999 -0.008005084469914435
v -0.002797981956973673 0.02610254846513271 -0.007421717979013919
v -0.002797981956973673 0.02610254846513271 -0.007421717979013919
v -0.0020141389686614284 0.0251544713973999 -0.008005084469914435
v -0.00232423096895218 0.024932773783802983 -0.007139557972550391
v -0.002797981956973673 0.02610254846513271 -0.007421717979013919
v -0.00232423096895218 0.024932773783802983 -0.007139557972550391
v -0.002909328788518907 0.02607440575957298 -0.0071397307328879825
v -0.0018632166320458063 0.023498918861150738 -0.00713942851871252
v -0.002241757232695819 0.024736249819397923 -0.007139538880437612
v -0.0015468852361664182 0.023616148158907887 -0.007972817867994307
v -0.0015468852361664182 0.023616148158907887 -0.007972817867994307
v -0.002241757232695819 0.024736249819397923 -0.007139538880437612
v -0.0017530046170577416 0.02442608773708343 -0.007985688745975493
v -0.0015468852361664182 0.023616148158907887 -0.007972817867994307
v -0.0017530046170577416 0.02442608773708343 -0.007985688745975493
v -0.001267663086764515 0.023721903562545773 -0.008623693138360975
v -0.001267663086764515 0.023721903562545773 -0.008623693138360975
v -0.0017530046170577416 0.02442608773708343 -0.007985688745975493
v -0.0011798292398452763 0.02473799884319305 -0.009193602949380873
v -0.001267663086764515 0.023721903562545773 -0.008623693138360975
v -0.0011798292398452763 0.02473799884319305 -0.009193602949380873
v -0.0009818758117035036 0.02383051812648773 -0.009170440025627611
v -0.0009818758117035036 0.02383051812648773 -0.009170440025627611
v -0.0011798292398452763 0.02473799884319305 -0.009193602949380873
v -0.0010219844989478592 0.02578186802566051 -0.009785539470613001
v -0.0009818758117035036 0.02383051812648773 -0.009170440025627611
v -0.0010219844989478592 0.02578186802566051 -0.009785539470613001
v -0.0006674142787232998 0.023949885740876194 -0.009641773998737333
v -0.0006674142787232998 0.023949885740876194 -0.009641773998737333
v -0.0010219844989478592 0.02578186802566051 -0.009785539470613001
v -0.0006073575932532551 0.026052441447973248 -0.010235190391540526
v -0.0006674142787232998 0.023949885740876194 -0.009641773998737333
v -0.0006073575932532551 0.026052441447973248 -0.010235190391540526
v -0.00020295631838962444 0.024125957861542698 -0.010137775912880896
v -0.00020295631838962444 0.024125957861542698 -0.010137775912880896
v -0.0006073575932532551 0.026052441447973248 -0.010235190391540526
v -0.00021587644005194317 0.02633915655314922 -0.010511422529816626
v -0.00020295631838962444 0.024125957861542698 -0.010137775912880896
v -0.00021587644005194317 0.02633915655314922 -0.010511422529816626
v 7.727333286311481e-05 0.02423230372369289 -0.010341793298721312
v 7.727333286311481e-05 0.02423230372369289 -0.010341793298721312
v -0.00021587644005194317 0.02633915655314922 -0.010511422529816626
v 9.426229371456433e-05 0.026601253077387806 -0.010588871315121649
v 7.727333286311481e-05 0.02423230372369289 -0.010341793298721312
v 9.426229371456433e-05 0.026601253077387806 -0.010588871315121649
v 0.0005751884309574964 0.02442272566258907 -0.010528573766350744
v -0.002241757232695819 0.024736249819397923 -0.007139538880437612
v -0.00232423096895218 0.024932773783802983 -0.007139557972550391
v -0.0017530046170577416 0.02442608773708343 -0.007985688745975493
v -0.0017530046170577416 0.02442608773708343 -0.007985688745975493
v -0.00232423096895218 0.024932773783802983 -0.007139557972550391
v -0.0020141389686614284 0.0251544713973999 -0.008005084469914435
v -0.0017530046170577416 0.02442608773708343 -0.007985688745975493
v -0.0020141389686614284 0.0251544713973999 -0.008005084469914435
v -0.0011798292398452763 0.02473799884319305 -0.009193602949380873
v -0.0011798292398452763 0.02473799884319305 -0.009193602949380873
v -0.0020141389686614284 0.0251544713973999 -0.008005084469914435
v -0.0017448511207476267 0.025325231254100796 -0.008608524687588213
v -0.0011798292398452763 0.02473799884319305 -0.009193602949380873
v -0.0017448511207476267 0.025325231254100796 -0.008608524687588213
v -0.001409907476045192 0.025536047294735905 -0.009224157780408858
v -0.001409907476045192 0.025536047294735905 -0.009224157780408858
v -0.0017448511207476267 0.025325231254100796 -0.008608524687588213
v -0.0016377635765820748 0.026143534108996388 -0.00924700405448675
v -0.001409907476045192 0.025536047294735905 -0.009224157780408858
v -0.0016377635765820748 0.026143534108996388 -0.00924700405448675
v -0.0010219844989478592 0.02578186802566051 -0.009785539470613001
v -0.0010219844989478592 0.02578186802566051 -0.009785539470613001
v -0.0016377635765820748 0.026143534108996388 -0.00924700405448675
v -0.001226199208758772 0.02641026861965656 -0.009813361801207064
v -0.0010219844989478592 0.02578186802566051 -0.009785539470613001
v -0.001226199208758772 0.02641026861965656 -0.009813361801207064
v -0.0006073575932532551 0.026052441447973248 -0.010235190391540526
v -0.0006073575932532551 0.026052441447973248 -0.010235190391540526
v -0.001226199208758772 0.02641026861965656 -0.009813361801207064
v -0.0007979933870956305 0.0267069935798645 -0.01026283949613571
v -0.0006073575932532551 0.026052441447973248 -0.010235190391540526
v -0.0007979933870956305 0.0267069935798645 -0.01026283949613571
v -0.00021587644005194317 0.02633915655314922 -0.010511422529816626
v -0.00021587644005194317 0.02633915655314922 -0.010511422529816626
v -0.0007979933870956305 0.0267069935798645 -0.01026283949613571
v -0.00040830290527082996 0.02701587416231632 -0.010531498119235037
v -0.00021587644005194317 0.02633915655314922 -0.010511422529816626
v -0.00040830290527082996 0.02701587416231632 -0.010531498119235037
v 9.426229371456433e-05 0.026601253077387806 -0.010588871315121649
v 9.426229371456433e-05 0.026601253077387806 -0.010588871315121649
v -0.00040830290527082996 0.02701587416231632 -0.010531498119235037
v -0.00025409075897187005 0.02766655012965202 -0.010601298883557318
v -0.000954869261477143 0.031243506819009777 -0.010620418004691599
v -0.0014420787338167435 0.031038366258144375 -0.010628180578351019
v -0.0019086782122030863 0.03281502053141593 -0.010632219724357126
v 0.0003003931196872146 0.032104268670082085 -0.010499775409698485
v 0.00041615535155870037 0.03158684447407722 -0.010500794276595114
v -0.00046251321327872596 0.031392268836498254 -0.010591146536171435
v -0.00046251321327872596 0.031392268836498254 -0.010591146536171435
v 0.00041615535155870037 0.03158684447407722 -0.010500794276595114
v 0.0009315145434811716 0.02992688491940498 -0.010495599359273909
v -0.00046251321327872596 0.031392268836498254 -0.010591146536171435
v 0.0009315145434811716 0.02992688491940498 -0.010495599359273909
v 3.0625065846834345e-05 0.029804868623614308 -0.01058551389724016
v 3.0625065846834345e-05 0.029804868623614308 -0.01058551389724016
v 0.0009315145434811716 0.02992688491940498 -0.010495599359273909
v 0.0014663592446595437 0.028680207207798954 -0.010483655147254465
v 3.0625065846834345e-05 0.029804868623614308 -0.01058551389724016
v 0.0014663592446595437 0.028680207207798954 -0.010483655147254465
v 0.0006010535289533438 0.028340512886643406 -0.010580361820757387
v 0.0003003931196872146 0.032104268670082085 -0.010499775409698485
v -0.00046251321327872596 0.031392268836498254 -0.010591146536171435
v 0.00013189377204980707 0.03308617323637008 -0.01049263961613178
v 0.00013189377204980707 0.03308617323637008 -0.01049263961613178
v -0.00046251321327872596 0.031392268836498254 -0.010591146536171435
v -0.0008128928020596507 0.032989401370286935 -0.010585637763142584
v 0.00013189377204980707 0.03308617323637008 -0.01049263961613178
v -0.0008128928020596507 0.032989401370286935 -0.010585637763142584
v 0.00013069207489024853 0.033094737678766244 -0.010492540895938872
v 0.00013069207489024853 0.033094737678766244 -0.010492540895938872
v -0.0008128928020596507 0.032989401370286935 -0.010585637763142584
v -0.0010450468398630623 0.03447427973151206 -0.010559638962149618
v 0.00013069207489024853 0.033094737678766244 -0.010492540895938872
v -0.0010450468398630623 0.03447427973151206 -0.010559638962149618
v -9.999264875659724e-06 0.03436251357197761 -0.010469290427863596
v -0.0014420787338167435 0.031038366258144375 -0.010628180578351019
v -0.000954869261477143 0.031243506819009777 -0.010620418004691599
v -0.0013850345276296145 0.030848938971757885 -0.010625927709043024
v -0.0013850345276296145 0.030848938971757885 -0.010625927709043024
v -0.000954869261477143 0.031243506819009777 -0.010620418004691599
v -0.00042185757774859683 0.029597623273730275 -0.010607807897031305
v -0.0013850345276296145 0.030848938971757885 -0.010625927709043024
v -0.00042185757774859683 0.029597623273730275 -0.010607807897031305
v -0.0008734410512261097 0.029306441545486447 -0.010606655851006506
v -0.0008734410512261097 0.029306441545486447 -0.010606655851006506
v -0.00042185757774859683 0.029597623273730275 -0.010607807897031305
v 0.00017778106848709293 0.028060672804713246 -0.01060280669480562
v -0.0008734410512261097 0.029306441545486447 -0.010606655851006506
v 0.00017778106848709293 0.028060672804713246 -0.01060280669480562
v -0.00025409075897187005 0.02766655012965202 -0.010601298883557318
v -0.002256316365674139 0.034605089575052254 -0.01059246342629194
v -0.0010450468398630623 0.03447427973151206 -0.010559638962149618
v -0.0021259249188005933 0.033864501863718026 -0.010613560676574705
v -0.0021259249188005933 0.033864501863718026 -0.010613560676574705
v -0.0010450468398630623 0.03447427973151206 -0.010559638962149618
v -0.0008128928020596507 0.032989401370286935 -0.010585637763142584
v -0.0021259249188005933 0.033864501863718026 -0.010613560676574705
v -0.0008128928020596507 0.032989401370286935 -0.010585637763142584
v -0.0019086782122030863 0.03281502053141593 -0.010632219724357126
v -0.0019086782122030863 0.03281502053141593 -0.010632219724357126
v -0.0008128928020596507 0.032989401370286935 -0.010585637763142584
v -0.00046251321327872596 0.031392268836498254 -0.010591146536171435
v -0.0019086782122030863 0.03281502053141593 -0.010632219724357126
v -0.00046251321327872596 0.031392268836498254 -0.010591146536171435
v -0.000954869261477143 0.031243506819009777 -0.010620418004691599
v -0.000954869261477143 0.031243506819009777 -0.010620418004691599
v -0.00046251321327872596 0.031392268836498254 -0.010591146536171435
v 3.0625065846834345e-05 0.029804868623614308 -0.01058551389724016
v -0.000954869261477143 0.031243506819009777 -0.010620418004691599
v 3.0625065846834345e-05 0.029804868623614308 -0.01058551389724016
v -0.00042185757774859683 0.029597623273730275 -0.010607807897031305
v -0.00042185757774859683 0.029597623273730275 -0.010607807897031305
v 3.0625065846834345e-05 0.029804868623614308 -0.01058551389724016
v 0.0006010535289533438 0.028340512886643406 -0.010580361820757387
v -0.00042185757774859683 0.029597623273730275 -0.010607807897031305
v 0.0006010535289533438 0.028340512886643406 -0.010580361820757387
v 0.00017778106848709293 0.028060672804713246 -0.01060280669480562
v 0.006294040940701964 0.029938744381070134 -0.007091719657182693
v 0.0061656869947910335 0.029768276959657666 -0.007734538987278937
v 0.006202550604939463 0.029921326786279675 -0.0074105425737798205
v 0.006202550604939463 0.029921326786279675 -0.0074105425737798205
v 0.0061656869947910335 0.029768276959657666 -0.007734538987278937
v 0.006127832457423213 0.029839707538485524 -0.007731785997748374
v 0.006202550604939463 0.029921326786279675 -0.0074105425737798205
v 0.006127832457423213 0.029839707538485524 -0.007731785997748374
v 0.006095221266150477 0.029900884255766865 -0.007729365024715661
v 0.00013069207489024853 0.033094737678766244 -0.010492540895938872
v -9.999264875659724e-06 0.03436251357197761 -0.010469290427863596
v 0.0009147342061623935 0.0342625081539154 -0.010307676158845423
v 0.0003003931196872146 0.032104268670082085 -0.010499775409698485
v 0.00013189377204980707 0.03308617323637008 -0.01049263961613178
v 0.0010439096949994568 0.033074125647544854 -0.010336351580917834
v 0.0010439096949994568 0.033074125647544854 -0.010336351580917834
v 0.00013189377204980707 0.03308617323637008 -0.01049263961613178
v 0.00013069207489024853 0.033094737678766244 -0.010492540895938872
v 0.0013013036223128445 0.031635753810405724 -0.01035692449659109
v 0.00041615535155870037 0.03158684447407722 -0.010500794276595114
v 0.0003003931196872146 0.032104268670082085 -0.010499775409698485
v 0.0022615494672209033 0.028911899775266644 -0.010362282395362852
v 0.0014663592446595437 0.028680207207798954 -0.010483655147254465
v 0.0009315145434811716 0.02992688491940498 -0.010495599359273909
v 0.003266334999352695 0.029195638373494145 -0.01013371907174587
v 0.003079965710639955 0.029143789783120152 -0.010185202583670614
v 0.002595309400931002 0.03030470013618469 -0.01016794517636299
v 0.002595309400931002 0.03030470013618469 -0.01016794517636299
v 0.003079965710639955 0.029143789783120152 -0.010185202583670614
v 0.0022615494672209033 0.028911899775266644 -0.010362282395362852
v 0.002595309400931002 0.03030470013618469 -0.01016794517636299
v 0.0022615494672209033 0.028911899775266644 -0.010362282395362852
v 0.0017395562026649722 0.030167696997523304 -0.010364586487412451
v 0.0017395562026649722 0.030167696997523304 -0.010364586487412451
v 0.0022615494672209033 0.028911899775266644 -0.010362282395362852
v 0.0009315145434811716 0.02992688491940498 -0.010495599359273909
v 0.0017395562026649722 0.030167696997523304 -0.010364586487412451
v 0.0009315145434811716 0.02992688491940498 -0.010495599359273909
v 0.00041615535155870037 0.03158684447407722 -0.010500794276595114
v 0.003266334999352695 0.029195638373494145 -0.01013371907174587
v 0.002595309400931002 0.03030470013618469 -0.01016794517636299
v 0.0038269902579486387 0.029349273070693013 -0.009945587255060671
v 0.0038269902579486387 0.029349273070693013 -0.009945587255060671
v 0.002595309400931002 0.03030470013618469 -0.01016794517636299
v 0.00339111126959324 0.030425865203142163 -0.009900033473968504
v 0.0038269902579486387 0.029349273070693013 -0.009945587255060671
v 0.00339111126959324 0.030425865203142163 -0.009900033473968504
v 0.0038395836018025892 0.029352685436606404 -0.009940699674189089
v 0.0038395836018025892 0.029352685436606404 -0.009940699674189089
v 0.00339111126959324 0.030425865203142163 -0.009900033473968504
v 0.004095797892659904 0.030527539551258084 -0.009562691673636435
v 0.0038395836018025892 0.029352685436606404 -0.009940699674189089
v 0.004095797892659904 0.030527539551258084 -0.009562691673636435
v 0.004515706561505796 0.029532296583056446 -0.00962274335324764
v 0.004515706561505796 0.029532296583056446 -0.00962274335324764
v 0.004095797892659904 0.030527539551258084 -0.009562691673636435
v 0.004682229831814768 0.030607843771576878 -0.009165396913886069
v 0.004515706561505796 0.029532296583056446 -0.00962274335324764
v 0.004682229831814768 0.030607843771576878 -0.009165396913886069
v 0.005083359777927401 0.029676506295800206 -0.009235261939465998
v 0.005083359777927401 0.029676506295800206 -0.009235261939465998
v 0.004682229831814768 0.030607843771576878 -0.009165396913886069
v 0.00513532152399421 0.03066701255738735 -0.008719231002032755
v 0.005083359777927401 0.029676506295800206 -0.009235261939465998
v 0.00513532152399421 0.03066701255738735 -0.008719231002032755
v 0.005393201485276225 0.029751282185316082 -0.008943174965679644
v 0.005393201485276225 0.029751282185316082 -0.008943174965679644
v 0.00513532152399421 0.03066701255738735 -0.008719231002032755
v 0.005460062064230445 0.030707852914929386 -0.008230859413743017
v 0.005393201485276225 0.029751282185316082 -0.008943174965679644
v 0.005460062064230445 0.030707852914929386 -0.008230859413743017
v 0.005861066747456792 0.029854964464902874 -0.008274526335299013
v 0.005861066747456792 0.029854964464902874 -0.008274526335299013
v 0.005460062064230445 0.030707852914929386 -0.008230859413743017
v 0.005973469465970996 0.029877467080950734 -0.008037585765123366
v 0.005973469465970996 0.029877467080950734 -0.008037585765123366
v 0.005460062064230445 0.030707852914929386 -0.008230859413743017
v 0.005689514335244897 0.03073610924184322 -0.007696501445025205
v 0.005973469465970996 0.029877467080950734 -0.008037585765123366
v 0.005689514335244897 0.03073610924184322 -0.007696501445025205
v 0.006095221266150477 0.029900884255766865 -0.007729365024715661
v 0.00013069207489024853 0.033094737678766244 -0.010492540895938872
v 0.0009147342061623935 0.0342625081539154 -0.010307676158845423
v 0.0010439096949994568 0.033074125647544854 -0.010336351580917834
v 0.0010439096949994568 0.033074125647544854 -0.010336351580917834
v 0.0009147342061623935 0.0342625081539154 -0.010307676158845423
v 0.0018217720789834866 0.03416353836655616 -0.010039211250841616
v 0.0010439096949994568 0.033074125647544854 -0.010336351580917834
v 0.0018217720789834866 0.03416353836655616 -0.010039211250841616
v 0.0019443279597908267 0.03306393325328826 -0.010082903318107126
v 0.0019443279597908267 0.03306393325328826 -0.010082903318107126
v 0.0018217720789834866 0.03416353836655616 -0.010039211250841616
v 0.0026375944726169122 0.03407295793294906 -0.009685565717518328
v 0.0019443279597908267 0.03306393325328826 -0.010082903318107126
v 0.0026375944726169122 0.03407295793294906 -0.009685565717518328
v 0.0027601886540651334 0.03305577114224433 -0.00974703300744295
v 0.0027601886540651334 0.03305577114224433 -0.00974703300744295
v 0.0026375944726169122 0.03407295793294906 -0.009685565717518328
v 0.0033335757907480014 0.033993575721979134 -0.009273798204958437
v 0.0027601886540651334 0.03305577114224433 -0.00974703300744295
v 0.0033335757907480014 0.033993575721979134 -0.009273798204958437
v 0.0034619411453604716 0.03304841369390487 -0.009349912405014036
v 0.0034619411453604716 0.03304841369390487 -0.009349912405014036
v 0.0033335757907480014 0.033993575721979134 -0.009273798204958437
v 0.003886477323248984 0.03392797335982322 -0.00883505120873451
v 0.0034619411453604716 0.03304841369390487 -0.009349912405014036
v 0.003886477323248984 0.03392797335982322 -0.00883505120873451
v 0.0040249633602798 0.03304038941860198 -0.008917962200939654
v 0.0040249633602798 0.03304038941860198 -0.008917962200939654
v 0.003886477323248984 0.03392797335982322 -0.00883505120873451
v 0.004286489915102722 0.033877555280923836 -0.008397627621889113
v 0.0040249633602798 0.03304038941860198 -0.008917962200939654
v 0.004286489915102722 0.033877555280923836 -0.008397627621889113
v 0.004437859635800125 0.033030476421117776 -0.008475960232317446
v 0.004437859635800125 0.033030476421117776 -0.008475960232317446
v 0.004286489915102722 0.033877555280923836 -0.008397627621889113
v 0.004545240662992002 0.03384172171354293 -0.007980061694979666
v 0.004437859635800125 0.033030476421117776 -0.008475960232317446
v 0.004545240662992002 0.03384172171354293 -0.007980061694979666
v 0.004710800945758821 0.03301826491951942 -0.008040142245590685
v 0.004710800945758821 0.03301826491951942 -0.008040142245590685
v 0.004545240662992002 0.03384172171354293 -0.007980061694979666
v 0.004703866783529522 0.03381692618131637 -0.007584196515381335
v 0.004710800945758821 0.03301826491951942 -0.008040142245590685
v 0.004703866783529522 0.03381692618131637 -0.007584196515381335
v 0.0048838504590094116 0.03300463035702705 -0.007611304987221955
v 0.0003003931196872146 0.032104268670082085 -0.010499775409698485
v 0.0010439096949994568 0.033074125647544854 -0.010336351580917834
v 0.0013013036223128445 0.031635753810405724 -0.01035692449659109
v 0.0013013036223128445 0.031635753810405724 -0.01035692449659109
v 0.0010439096949994568 0.033074125647544854 -0.010336351580917834
v 0.0019443279597908267 0.03306393325328826 -0.010082903318107126
v 0.0013013036223128445 0.031635753810405724 -0.01035692449659109
v 0.0019443279597908267 0.03306393325328826 -0.010082903318107126
v 0.0021825323347002277 0.03170346096158027 -0.010132603347301481
v 0.0021825323347002277 0.03170346096158027 -0.010132603347301481
v 0.0019443279597908267 0.03306393325328826 -0.010082903318107126
v 0.0027601886540651334 0.03305577114224433 -0.00974703300744295
v 0.0021825323347002277 0.03170346096158027 -0.010132603347301481
v 0.0027601886540651334 0.03305577114224433 -0.00974703300744295
v 0.0029927580617368234 0.03176520392298698 -0.009831591509282587
v 0.0029927580617368234 0.03176520392298698 -0.009831591509282587
v 0.0027601886540651334 0.03305577114224433 -0.00974703300744295
v 0.0034619411453604716 0.03304841369390487 -0.009349912405014036
v 0.0029927580617368234 0.03176520392298698 -0.009831591509282587
v 0.0034619411453604716 0.03304841369390487 -0.009349912405014036
v 0.0037009648513048905 0.031817886978387826 -0.00946487672626972
v 0.0037009648513048905 0.031817886978387826 -0.00946487672626972
v 0.0034619411453604716 0.03304841369390487 -0.009349912405014036
v 0.0040249633602798 0.03304038941860198 -0.008917962200939654
v 0.0037009648513048905 0.031817886978387826 -0.00946487672626972
v 0.0040249633602798 0.03304038941860198 -0.008917962200939654
v 0.004280382767319681 0.03185883164405822 -0.009049902670085428
v 0.004280382767319681 0.03185883164405822 -0.009049902670085428
v 0.0040249633602798 0.03304038941860198 -0.008917962200939654
v 0.004437859635800125 0.033030476421117776 -0.008475960232317446
v 0.004280382767319681 0.03185883164405822 -0.009049902670085428
v 0.004437859635800125 0.033030476421117776 -0.008475960232317446
v 0.0047169690951705 0.03188666701316833 -0.008604120463132857
v 0.0047169690951705 0.03188666701316833 -0.008604120463132857
v 0.004437859635800125 0.033030476421117776 -0.008475960232317446
v 0.004710800945758821 0.03301826491951942 -0.008040142245590685
v 0.0047169690951705 0.03188666701316833 -0.008604120463132857
v 0.004710800945758821 0.03301826491951942 -0.008040142245590685
v 0.005017927847802642 0.03190216794610023 -0.008138547651469706
v 0.005017927847802642 0.03190216794610023 -0.008138547651469706
v 0.004710800945758821 0.03301826491951942 -0.008040142245590685
v 0.0048838504590094116 0.03300463035702705 -0.007611304987221955
v 0.005017927847802642 0.03190216794610023 -0.008138547651469706
v 0.0048838504590094116 0.03300463035702705 -0.007611304987221955
v 0.005220181774348023 0.031909100711345666 -0.007651322521269321
v 0.00041615535155870037 0.03158684447407722 -0.010500794276595114
v 0.0013013036223128445 0.031635753810405724 -0.01035692449659109
v 0.0017395562026649722 0.030167696997523304 -0.010364586487412451
v 0.0017395562026649722 0.030167696997523304 -0.010364586487412451
v 0.0013013036223128445 0.031635753810405724 -0.01035692449659109
v 0.0021825323347002277 0.03170346096158027 -0.010132603347301481
v 0.0017395562026649722 0.030167696997523304 -0.010364586487412451
v 0.0021825323347002277 0.03170346096158027 -0.010132603347301481
v 0.002595309400931002 0.03030470013618469 -0.01016794517636299
v 0.002595309400931002 0.03030470013618469 -0.01016794517636299
v 0.0021825323347002277 0.03170346096158027 -0.010132603347301481
v 0.0029927580617368234 0.03176520392298698 -0.009831591509282587
v 0.002595309400931002 0.03030470013618469 -0.01016794517636299
v 0.0029927580617368234 0.03176520392298698 -0.009831591509282587
v 0.00339111126959324 0.030425865203142163 -0.009900033473968504
v 0.00339111126959324 0.030425865203142163 -0.009900033473968504
v 0.0029927580617368234 0.03176520392298698 -0.009831591509282587
v 0.0037009648513048905 0.031817886978387826 -0.00946487672626972
v 0.00339111126959324 0.030425865203142163 -0.009900033473968504
v 0.0037009648513048905 0.031817886978387826 -0.00946487672626972
v 0.004095797892659904 0.030527539551258084 -0.009562691673636435
v 0.004095797892659904 0.030527539551258084 -0.009562691673636435
v 0.0037009648513048905 0.031817886978387826 -0.00946487672626972
v 0.004280382767319681 0.03185883164405822 -0.009049902670085428
v 0.004095797892659904 0.030527539551258084 -0.009562691673636435
v 0.004280382767319681 0.03185883164405822 -0.009049902670085428
v 0.004682229831814768 0.030607843771576878 -0.009165396913886069
v 0.004682229831814768 0.030607843771576878 -0.009165396913886069
v 0.004280382767319681 0.03185883164405822 -0.009049902670085428
v 0.0047169690951705 0.03188666701316833 -0.008604120463132857
v 0.004682229831814768 0.030607843771576878 -0.009165396913886069
v 0.0047169690951705 0.03188666701316833 -0.008604120463132857
v 0.00513532152399421 0.03066701255738735 -0.008719231002032755
v 0.00513532152399421 0.03066701255738735 -0.008719231002032755
v 0.0047169690951705 0.03188666701316833 -0.008604120463132857
v 0.005017927847802642 0.03190216794610023 -0.008138547651469706
v 0.00513532152399421 0.03066701255738735 -0.008719231002032755
v 0.005017927847802642 0.03190216794610023 -0.008138547651469706
v 0.005460062064230445 0.030707852914929386 -0.008230859413743017
v 0.005460062064230445 0.030707852914929386 -0.008230859413743017
v 0.005017927847802642 0.03190216794610023 -0.008138547651469706
v 0.005220181774348023 0.031909100711345666 -0.007651322521269321
v 0.005460062064230445 0.030707852914929386 -0.008230859413743017
v 0.005220181774348023 0.031909100711345666 -0.007651322521269321
v 0.005689514335244897 0.03073610924184322 -0.007696501445025205
v 0.006095221266150477 0.029900884255766865 -0.0022706429008394475
v 0.006127832457423213 0.029839707538485524 -0.002268223790451884
v 0.006202550604939463 0.029921326786279675 -0.0025894651189446445
v 0.006202550604939463 0.029921326786279675 -0.0025894651189446445
v 0.006127832457423213 0.029839707538485524 -0.002268223790451884
v 0.0061656869947910335 0.029768276959657666 -0.002265469171106815
v 0.006202550604939463 0.029921326786279675 -0.0025894651189446445
v 0.0061656869947910335 0.029768276959657666 -0.002265469171106815
v 0.006294040940701964 0.029938744381070134 -0.002908286871388554
v 0.00041615535155870037 0.03158684447407722 0.0005007860017940401
v 0.000420700467657298 0.03156819567084312 0.0005007943836972116
v 0.001306716236285866 0.031636167317628854 0.00035581074189394707
v 0.0006389555055648092 0.030777459964156147 0.0004996125353500246
v 0.0008840177906677131 0.030053695663809773 0.0004963529063388704
v 0.0017447749851271519 0.030168550089001652 0.00036360172089189286
v 0.006095221266150477 0.029900884255766865 -0.0022706429008394475
v 0.005689514335244897 0.03073610924184322 -0.0023035069461911912
v 0.005862742662429812 0.02985531464219093 -0.0017287234077230094
v 0.005862742662429812 0.02985531464219093 -0.0017287234077230094
v 0.005689514335244897 0.03073610924184322 -0.0023035069461911912
v 0.0054712048731744315 0.03070922568440437 -0.0017904628766700623
v 0.005862742662429812 0.02985531464219093 -0.0017287234077230094
v 0.0054712048731744315 0.03070922568440437 -0.0017904628766700623
v 0.005861090030521157 0.029854968190193173 -0.0017255287384614346
v 0.005861090030521157 0.029854968190193173 -0.0017255287384614346
v 0.0054712048731744315 0.03070922568440437 -0.0017904628766700623
v 0.005149053875356915 0.030668765306472775 -0.001297541777603328
v 0.005861090030521157 0.029854968190193173 -0.0017255287384614346
v 0.005149053875356915 0.030668765306472775 -0.001297541777603328
v 0.005560280755162242 0.029789881780743595 -0.0012535651912912724
v 0.005560280755162242 0.029789881780743595 -0.0012535651912912724
v 0.005149053875356915 0.030668765306472775 -0.001297541777603328
v 0.005092487670481208 0.029678758233785626 -0.0007723198505118488
v 0.005092487670481208 0.029678758233785626 -0.0007723198505118488
v 0.005149053875356915 0.030668765306472775 -0.001297541777603328
v 0.004697699565440418 0.030609913170337674 -0.0008472601184621452
v 0.005092487670481208 0.029678758233785626 -0.0007723198505118488
v 0.004697699565440418 0.030609913170337674 -0.0008472601184621452
v 0.005083470139652493 0.029676532372832295 -0.0007648380706086754
v 0.005083470139652493 0.029676532372832295 -0.0007648380706086754
v 0.004697699565440418 0.030609913170337674 -0.0008472601184621452
v 0.004111255984753372 0.03052970767021179 -0.0004461422795429825
v 0.005083470139652493 0.029676532372832295 -0.0007648380706086754
v 0.004111255984753372 0.03052970767021179 -0.0004461422795429825
v 0.004670755937695505 0.029572408646345135 -0.00046926003415137524
v 0.004670755937695505 0.029572408646345135 -0.00046926003415137524
v 0.004111255984753372 0.03052970767021179 -0.0004461422795429825
v 0.003404615214094521 0.030427863821387287 -0.0001054216336342506
v 0.004670755937695505 0.029572408646345135 -0.00046926003415137524
v 0.003404615214094521 0.030427863821387287 -0.0001054216336342506
v 0.004009907599538566 0.02939856611192226 -0.00012869026977568862
v 0.004009907599538566 0.02939856611192226 -0.00012869026977568862
v 0.003404615214094521 0.030427863821387287 -0.0001054216336342506
v 0.003108428092673422 0.029151733964681622 0.00017764221411198375
v 0.003108428092673422 0.029151733964681622 0.00017764221411198375
v 0.003404615214094521 0.030427863821387287 -0.0001054216336342506
v 0.0026052193716168417 0.03030624985694885 0.00016516854520887134
v 0.003108428092673422 0.029151733964681622 0.00017764221411198375
v 0.0026052193716168417 0.03030624985694885 0.00016516854520887134
v 0.003080308670178057 0.029143886640667912 0.00018510257359594104
v 0.003080308670178057 0.029143886640667912 0.00018510257359594104
v 0.0026052193716168417 0.03030624985694885 0.00016516854520887134
v 0.0017447749851271519 0.030168550089001652 0.00036360172089189286
v 0.003080308670178057 0.029143886640667912 0.00018510257359594104
v 0.0017447749851271519 0.030168550089001652 0.00036360172089189286
v 0.0025740244891494526 0.029001219198107716 0.0003028566716238856
v 0.0025740244891494526 0.029001219198107716 0.0003028566716238856
v 0.0017447749851271519 0.030168550089001652 0.00036360172089189286
v 0.0008840177906677131 0.030053695663809773 0.0004963529063388704
v 0.0025740244891494526 0.029001219198107716 0.0003028566716238856
v 0.0008840177906677131 0.030053695663809773 0.0004963529063388704
v 0.0014663592446595437 0.028680207207798954 0.0004836464067921042
v 0.0048838504590094116 0.03300463035702705 -0.002388703171163797
v 0.004703866783529522 0.03381692618131637 -0.0024158114101737733
v 0.004719626624137165 0.03301770985126495 -0.0019778462592512365
v 0.004719626624137165 0.03301770985126495 -0.0019778462592512365
v 0.004703866783529522 0.03381692618131637 -0.0024158114101737733
v 0.004553454928100111 0.033840503543615334 -0.002036846941336989
v 0.004719626624137165 0.03301770985126495 -0.0019778462592512365
v 0.004553454928100111 0.033840503543615334 -0.002036846941336989
v 0.0044499007053673285 0.03303007408976554 -0.0015398088144138453
v 0.0044499007053673285 0.03303007408976554 -0.0015398088144138453
v 0.004553454928100111 0.033840503543615334 -0.002036846941336989
v 0.0042980345897376555 0.03387603908777236 -0.001617734902538359
v 0.0044499007053673285 0.03303007408976554 -0.0015398088144138453
v 0.0042980345897376555 0.03387603908777236 -0.001617734902538359
v 0.0040394584648311156 0.033040121197700494 -0.0010951902950182555
v 0.0040394584648311156 0.033040121197700494 -0.0010951902950182555
v 0.0042980345897376555 0.03387603908777236 -0.001617734902538359
v 0.0039006259758025425 0.033926244825124734 -0.0011781438952311871
v 0.0040394584648311156 0.033040121197700494 -0.0010951902950182555
v 0.0039006259758025425 0.033926244825124734 -0.0011781438952311871
v 0.0034770674537867325 0.03304824233055114 -0.0006601033965125679
v 0.0034770674537867325 0.03304824233055114 -0.0006601033965125679
v 0.0039006259758025425 0.033926244825124734 -0.0011781438952311871
v 0.003348503261804582 0.03399183973670005 -0.0007364872144535183
v 0.0034770674537867325 0.03304824233055114 -0.0006601033965125679
v 0.003348503261804582 0.03399183973670005 -0.0007364872144535183
v 0.002773830667138101 0.033055640757083886 -0.0002596179256215691
v 0.002773830667138101 0.033055640757083886 -0.0002596179256215691
v 0.003348503261804582 0.03399183973670005 -0.0007364872144535183
v 0.0026511808391660465 0.03407142683863639 -0.00032139068935066456
v 0.002773830667138101 0.033055640757083886 -0.0002596179256215691
v 0.0026511808391660465 0.03407142683863639 -0.00032139068935066456
v 0.0019546125549823054 0.03306382521986961 7.934205495985223e-05
v 0.0019546125549823054 0.03306382521986961 7.934205495985223e-05
v 0.0026511808391660465 0.03407142683863639 -0.00032139068935066456
v 0.001832105335779489 0.03416239842772483 3.54409021383617e-05
v 0.0019546125549823054 0.03306382521986961 7.934205495985223e-05
v 0.001832105335779489 0.03416239842772483 3.54409021383617e-05
v 0.0010494776070117955 0.03307406231760978 0.0003351023187860846
v 0.0010494776070117955 0.03307406231760978 0.0003351023187860846
v 0.001832105335779489 0.03416239842772483 3.54409021383617e-05
v 0.0009203547379001979 0.03426189348101615 0.0003063584445044398
v 0.0010494776070117955 0.03307406231760978 0.0003351023187860846
v 0.0009203547379001979 0.03426189348101615 0.0003063584445044398
v 0.00012804188008885836 0.03311365470290183 0.0004923132946714758
v 0.00012804188008885836 0.03311365470290183 0.0004923132946714758
v 0.0009203547379001979 0.03426189348101615 0.0003063584445044398
v -9.999264875659724e-06 0.03436251357197761 0.00046928215306252236
v 0.00012804188008885836 0.03311365470290183 0.0004923132946714758
v 0.00041615535155870037 0.03158684447407722 0.0005007860017940401
v 0.0010494776070117955 0.03307406231760978 0.0003351023187860846
v 0.0010494776070117955 0.03307406231760978 0.0003351023187860846
v 0.00041615535155870037 0.03158684447407722 0.0005007860017940401
v 0.001306716236285866 0.031636167317628854 0.00035581074189394707
v 0.0010494776070117955 0.03307406231760978 0.0003351023187860846
v 0.001306716236285866 0.031636167317628854 0.00035581074189394707
v 0.0019546125549823054 0.03306382521986961 7.934205495985223e-05
v 0.0019546125549823054 0.03306382521986961 7.934205495985223e-05
v 0.001306716236285866 0.031636167317628854 0.00035581074189394707
v 0.002192680491134525 0.03170423209667205 0.0001294448738917708
v 0.0019546125549823054 0.03306382521986961 7.934205495985223e-05
v 0.002192680491134525 0.03170423209667205 0.0001294448738917708
v 0.002773830667138101 0.033055640757083886 -0.0002596179256215691
v 0.002773830667138101 0.033055640757083886 -0.0002596179256215691
v 0.002192680491134525 0.03170423209667205 0.0001294448738917708
v 0.0030064133461564792 0.03176623582839965 -0.000174447544850409
v 0.002773830667138101 0.033055640757083886 -0.0002596179256215691
v 0.0030064133461564792 0.03176623582839965 -0.000174447544850409
v 0.0034770674537867325 0.03304824233055114 -0.0006601033965125679
v 0.0034770674537867325 0.03304824233055114 -0.0006601033965125679
v 0.0030064133461564792 0.03176623582839965 -0.000174447544850409
v 0.003716376610100271 0.031819004565477364 -0.0005445439601317047
v 0.0034770674537867325 0.03304824233055114 -0.0006601033965125679
v 0.003716376610100271 0.031819004565477364 -0.0005445439601317047
v 0.0040394584648311156 0.033040121197700494 -0.0010951902950182555
v 0.0040394584648311156 0.033040121197700494 -0.0010951902950182555
v 0.003716376610100271 0.031819004565477364 -0.0005445439601317047
v 0.004295496735721828 0.0318598486483097 -0.0009630309650674461
v 0.0040394584648311156 0.033040121197700494 -0.0010951902950182555
v 0.004295496735721828 0.0318598486483097 -0.0009630309650674461
v 0.0044499007053673285 0.03303007408976554 -0.0015398088144138453
v 0.0044499007053673285 0.03303007408976554 -0.0015398088144138453
v 0.004295496735721828 0.0318598486483097 -0.0009630309650674461
v 0.004729960113763811 0.03188741952180862 -0.0014122420689091084
v 0.0044499007053673285 0.03303007408976554 -0.0015398088144138453
v 0.004729960113763811 0.03188741952180862 -0.0014122420689091084
v 0.004719626624137165 0.03301770985126495 -0.0019778462592512365
v 0.004719626624137165 0.03301770985126495 -0.0019778462592512365
v 0.004729960113763811 0.03188741952180862 -0.0014122420689091084
v 0.0050279600545763995 0.031902588903903954 -0.0018812975613400338
v 0.004719626624137165 0.03301770985126495 -0.0019778462592512365
v 0.0050279600545763995 0.031902588903903954 -0.0018812975613400338
v 0.0048838504590094116 0.03300463035702705 -0.002388703171163797
v 0.0048838504590094116 0.03300463035702705 -0.002388703171163797
v 0.0050279600545763995 0.031902588903903954 -0.0018812975613400338
v 0.005215188022702935 0.031923249363899224 -0.0023492197506129737
v 0.000420700467657298 0.03156819567084312 0.0005007943836972116
v 0.0006389555055648092 0.030777459964156147 0.0004996125353500246
v 0.001306716236285866 0.031636167317628854 0.00035581074189394707
v 0.001306716236285866 0.031636167317628854 0.00035581074189394707
v 0.0006389555055648092 0.030777459964156147 0.0004996125353500246
v 0.0017447749851271519 0.030168550089001652 0.00036360172089189286
v 0.001306716236285866 0.031636167317628854 0.00035581074189394707
v 0.0017447749851271519 0.030168550089001652 0.00036360172089189286
v 0.002192680491134525 0.03170423209667205 0.0001294448738917708
v 0.002192680491134525 0.03170423209667205 0.0001294448738917708
v 0.0017447749851271519 0.030168550089001652 0.00036360172089189286
v 0.0026052193716168417 0.03030624985694885 0.00016516854520887134
v 0.002192680491134525 0.03170423209667205 0.0001294448738917708
v 0.0026052193716168417 0.03030624985694885 0.00016516854520887134
v 0.0030064133461564792 0.03176623582839965 -0.000174447544850409
v 0.0030064133461564792 0.03176623582839965 -0.000174447544850409
v 0.0026052193716168417 0.03030624985694885 0.00016516854520887134
v 0.003404615214094521 0.030427863821387287 -0.0001054216336342506
v 0.0030064133461564792 0.03176623582839965 -0.000174447544850409
v 0.003404615214094521 0.030427863821387287 -0.0001054216336342506
v 0.003716376610100271 0.031819004565477364 -0.0005445439601317047
v 0.003716376610100271 0.031819004565477364 -0.0005445439601317047
v 0.003404615214094521 0.030427863821387287 -0.0001054216336342506
v 0.004111255984753372 0.03052970767021179 -0.0004461422795429825
v 0.003716376610100271 0.031819004565477364 -0.0005445439601317047
v 0.004111255984753372 0.03052970767021179 -0.0004461422795429825
v 0.004295496735721828 0.0318598486483097 -0.0009630309650674461
v 0.004295496735721828 0.0318598486483097 -0.0009630309650674461
v 0.004111255984753372 0.03052970767021179 -0.0004461422795429825
v 0.004697699565440418 0.030609913170337674 -0.0008472601184621452
v 0.004295496735721828 0.0318598486483097 -0.0009630309650674461
v 0.004697699565440418 0.030609913170337674 -0.0008472601184621452
v 0.004729960113763811 0.03188741952180862 -0.0014122420689091084
v 0.004729960113763811 0.03188741952180862 -0.0014122420689091084
v 0.004697699565440418 0.030609913170337674 -0.0008472601184621452
v 0.005149053875356915 0.030668765306472775 -0.001297541777603328
v 0.004729960113763811 0.03188741952180862 -0.0014122420689091084
v 0.005149053875356915 0.030668765306472775 -0.001297541777603328
v 0.0050279600545763995 0.031902588903903954 -0.0018812975613400338
v 0.0050279600545763995 0.031902588903903954 -0.0018812975613400338
v 0.005149053875356915 0.030668765306472775 -0.001297541777603328
v 0.0054712048731744315 0.03070922568440437 -0.0017904628766700623
v 0.0050279600545763995 0.031902588903903954 -0.0018812975613400338
v 0.0054712048731744315 0.03070922568440437 -0.0017904628766700623
v 0.005215188022702935 0.031923249363899224 -0.0023492197506129737
v 0.005215188022702935 0.031923249363899224 -0.0023492197506129737
v 0.0054712048731744315 0.03070922568440437 -0.0017904628766700623
v 0.005689514335244897 0.03073610924184322 -0.0023035069461911912
v -0.002241755835711957 0.02473625726997852 -0.0028604834806174036
v -0.002059111138805748 0.024233136326074597 -0.0028605291154235597
v -0.0017488736193627128 0.024422926828265187 -0.0020076003856956954
v -0.0012622245121747262 0.02372397296130657 -0.0013647548621520398
v -0.0009899639990180735 0.023827442899346348 -0.0008434077026322483
v -0.0011702114716172223 0.024737216532230374 -0.000792451319284737
v -0.0011702114716172223 0.024737216532230374 -0.000792451319284737
v -0.0009899639990180735 0.023827442899346348 -0.0008434077026322483
v -0.0005351678119041028 0.02400002814829349 -0.00019497994799166915
v -0.0012622245121747262 0.02372397296130657 -0.0013647548621520398
v -0.0011702114716172223 0.024737216532230374 -0.000792451319284737
v -0.0015468852361664182 0.023616148158907887 -0.0020271891262382265
v -0.0015468852361664182 0.023616148158907887 -0.0020271891262382265
v -0.0011702114716172223 0.024737216532230374 -0.000792451319284737
v -0.0017488736193627128 0.024422926828265187 -0.0020076003856956954
v -0.0015468852361664182 0.023616148158907887 -0.0020271891262382265
v -0.0017488736193627128 0.024422926828265187 -0.0020076003856956954
v -0.0015549361705780036 0.02361311204731464 -0.002047491259872913
v -0.0015549361705780036 0.02361311204731464 -0.002047491259872913
v -0.0017488736193627128 0.024422926828265187 -0.0020076003856956954
v -0.002059111138805748 0.024233136326074597 -0.0028605291154235597
v -0.0015549361705780036 0.02361311204731464 -0.002047491259872913
v -0.002059111138805748 0.024233136326074597 -0.0028605291154235597
v -0.0018632092978805312 0.023498918861150738 -0.002860591514036059
v 9.383513679495085e-05 0.026602828875184056 0.0005888956366106867
v -0.00025409075897187005 0.02766655012965202 0.0006012906087562441
v -0.000301205785945058 0.027616886422038075 0.0005989120109006761
v 9.383513679495085e-05 0.026602828875184056 0.0005888956366106867
v -0.000301205785945058 0.027616886422038075 0.0005989120109006761
v -0.000390820932807401 0.02701935730874538 0.00053779489826411
v -0.002909328788518907 0.02607440575957298 -0.0028602892998605962
v -0.0023242223542183646 0.02493277937173843 -0.0028604646213352676
v -0.0025254329666495336 0.026202248409390446 -0.0019657125230878587
v -0.0025254329666495336 0.026202248409390446 -0.0019657125230878587
v -0.0023242223542183646 0.02493277937173843 -0.0028604646213352676
v -0.002008060459047557 0.02514838613569736 -0.0019882556516677137
v -0.0025254329666495336 0.026202248409390446 -0.0019657125230878587
v -0.002008060459047557 0.02514838613569736 -0.0019882556516677137
v -0.0023447778075933465 0.02628090977668762 -0.0016068856930360196
v -0.0023447778075933465 0.02628090977668762 -0.0016068856930360196
v -0.002008060459047557 0.02514838613569736 -0.0019882556516677137
v -0.001736316713504494 0.025320587679743763 -0.0013805424096062777
v -0.0023447778075933465 0.02628090977668762 -0.0016068856930360196
v -0.001736316713504494 0.025320587679743763 -0.0013805424096062777
v -0.0016245716251432902 0.026140447705984112 -0.0007388378726318478
v -0.0016245716251432902 0.026140447705984112 -0.0007388378726318478
v -0.001736316713504494 0.025320587679743763 -0.0013805424096062777
v -0.0013983630342409021 0.025533145293593403 -0.0007618215167894958
v -0.0016245716251432902 0.026140447705984112 -0.0007388378726318478
v -0.0013983630342409021 0.025533145293593403 -0.0007618215167894958
v -0.001210040296427906 0.02640973590314388 -0.00017154880333691833
v -0.001210040296427906 0.02640973590314388 -0.00017154880333691833
v -0.0013983630342409021 0.025533145293593403 -0.0007618215167894958
v -0.0010071997530758385 0.025780811905860897 -0.0001994651975110173
v -0.001210040296427906 0.02640973590314388 -0.00017154880333691833
v -0.0010071997530758385 0.025780811905860897 -0.0001994651975110173
v -0.0007798655424267057 0.026708772405982014 0.0002756806788966059
v -0.0007798655424267057 0.026708772405982014 0.0002756806788966059
v -0.0010071997530758385 0.025780811905860897 -0.0001994651975110173
v -0.0005900293472222986 0.026053145527839657 0.0002481233095750212
v -0.0007798655424267057 0.026708772405982014 0.0002756806788966059
v -0.0005900293472222986 0.026053145527839657 0.0002481233095750212
v -0.000390820932807401 0.02701935730874538 0.00053779489826411
v -0.000390820932807401 0.02701935730874538 0.00053779489826411
v -0.0005900293472222986 0.026053145527839657 0.0002481233095750212
v -0.00019837304716929801 0.0263415016233921 0.0005180485313758253
v -0.000390820932807401 0.02701935730874538 0.00053779489826411
v -0.00019837304716929801 0.0263415016233921 0.0005180485313758253
v 9.383513679495085e-05 0.026602828875184056 0.0005888956366106867
v -0.0023242223542183646 0.02493277937173843 -0.0028604646213352676
v -0.002241755835711957 0.02473625726997852 -0.0028604834806174036
v -0.002008060459047557 0.02514838613569736 -0.0019882556516677137
v -0.002008060459047557 0.02514838613569736 -0.0019882556516677137
v -0.002241755835711957 0.02473625726997852 -0.0028604834806174036
v -0.0017488736193627128 0.024422926828265187 -0.0020076003856956954
v -0.002008060459047557 0.02514838613569736 -0.0019882556516677137
v -0.0017488736193627128 0.024422926828265187 -0.0020076003856956954
v -0.001736316713504494 0.025320587679743763 -0.0013805424096062777
v -0.001736316713504494 0.025320587679743763 -0.0013805424096062777
v -0.0017488736193627128 0.024422926828265187 -0.0020076003856956954
v -0.0011702114716172223 0.024737216532230374 -0.000792451319284737
v -0.001736316713504494 0.025320587679743763 -0.0013805424096062777
v -0.0011702114716172223 0.024737216532230374 -0.000792451319284737
v -0.0013983630342409021 0.025533145293593403 -0.0007618215167894958
v -0.0013983630342409021 0.025533145293593403 -0.0007618215167894958
v -0.0011702114716172223 0.024737216532230374 -0.000792451319284737
v -0.0005351678119041028 0.02400002814829349 -0.00019497994799166915
v -0.0013983630342409021 0.025533145293593403 -0.0007618215167894958
v -0.0005351678119041028 0.02400002814829349 -0.00019497994799166915
v -0.0010071997530758385 0.025780811905860897 -0.0001994651975110173
v -0.0010071997530758385 0.025780811905860897 -0.0001994651975110173
v -0.0005351678119041028 0.02400002814829349 -0.00019497994799166915
v -0.0002080192061839626 0.02412403933703899 0.0001334630651399493
v -0.0010071997530758385 0.025780811905860897 -0.0001994651975110173
v -0.0002080192061839626 0.02412403933703899 0.0001334630651399493
v -0.0005900293472222986 0.026053145527839657 0.0002481233095750212
v -0.0005900293472222986 0.026053145527839657 0.0002481233095750212
v -0.0002080192061839626 0.02412403933703899 0.0001334630651399493
v 0.0001710814540274442 0.024267973378300663 0.00039519078563898796
v -0.0005900293472222986 0.026053145527839657 0.0002481233095750212
v 0.0001710814540274442 0.024267973378300663 0.00039519078563898796
v -0.00019837304716929801 0.0263415016233921 0.0005180485313758253
v -0.00019837304716929801 0.0263415016233921 0.0005180485313758253
v 0.0001710814540274442 0.024267973378300663 0.00039519078563898796
v 0.0005751884309574964 0.02442272566258907 0.0005285659572109579
v -0.00019837304716929801 0.0263415016233921 0.0005180485313758253
v 0.0005751884309574964 0.02442272566258907 0.0005285659572109579
v 9.383513679495085e-05 0.026602828875184056 0.0005888956366106867
v -0.000301205785945058 0.027616886422038075 0.0005989120109006761
v -0.0005257814773358407 0.027399685233831402 0.0005434796912595629
v -0.000390820932807401 0.02701935730874538 0.00053779489826411
v -0.000390820932807401 0.02701935730874538 0.00053779489826411
v -0.0005257814773358407 0.027399685233831402 0.0005434796912595629
v -0.000771771126892418 0.027202431112527844 0.00040402950253337616
v -0.000390820932807401 0.02701935730874538 0.00053779489826411
v -0.000771771126892418 0.027202431112527844 0.00040402950253337616
v -0.0007798655424267057 0.026708772405982014 0.0002756806788966059
v -0.0007798655424267057 0.026708772405982014 0.0002756806788966059
v -0.000771771126892418 0.027202431112527844 0.00040402950253337616
v -0.0009247325942851607 0.027093188837170597 0.0002872025361284613
v -0.0007798655424267057 0.026708772405982014 0.0002756806788966059
v -0.0009247325942851607 0.027093188837170597 0.0002872025361284613
v -0.001210040296427906 0.02640973590314388 -0.00017154880333691833
v -0.001210040296427906 0.02640973590314388 -0.00017154880333691833
v -0.0009247325942851607 0.027093188837170597 0.0002872025361284613
v -0.0014809048734605319 0.02673920430243015 -0.00028230447787791485
v -0.001210040296427906 0.02640973590314388 -0.00017154880333691833
v -0.0014809048734605319 0.02673920430243015 -0.00028230447787791485
v -0.0016245716251432902 0.026140447705984112 -0.0007388378726318478
v -0.0016245716251432902 0.026140447705984112 -0.0007388378726318478
v -0.0014809048734605319 0.02673920430243015 -0.00028230447787791485
v -0.0018150835530832419 0.02654839865863323 -0.0007264130981639027
v -0.0016245716251432902 0.026140447705984112 -0.0007388378726318478
v -0.0018150835530832419 0.02654839865863323 -0.0007264130981639027
v -0.0023447778075933465 0.02628090977668762 -0.0016068856930360196
v 0.000420700467657298 0.03156819567084312 0.0005007943836972116
v 0.00041615535155870037 0.03158684447407722 0.0005007860017940401
v -0.00046251321327872596 0.031392268836498254 0.0005911382613703607
v -0.0010450468398630623 0.03447427973151206 0.0005596306873485445
v -0.0008128928020596507 0.032989401370286935 0.0005856299540027975
v -9.999264875659724e-06 0.03436251357197761 0.00046928215306252236
v -9.999264875659724e-06 0.03436251357197761 0.00046928215306252236
v -0.0008128928020596507 0.032989401370286935 0.0005856299540027975
v 0.00012804188008885836 0.03311365470290183 0.0004923132946714758
v 0.000420700467657298 0.03156819567084312 0.0005007943836972116
v -0.00046251321327872596 0.031392268836498254 0.0005911382613703607
v 0.0006389555055648092 0.030777459964156147 0.0004996125353500246
v 0.000550439232029021 0.028311938047409054 0.0005840900121256708
v 0.0014663592446595437 0.028680207207798954 0.0004836464067921042
v 0.0008840177906677131 0.030053695663809773 0.0004963529063388704
v 0.0006389555055648092 0.030777459964156147 0.0004996125353500246
v -0.00046251321327872596 0.031392268836498254 0.0005911382613703607
v 3.061773168155925e-05 0.029804870486259457 0.0005855060881003736
v 3.061773168155925e-05 0.029804870486259457 0.0005855060881003736
v -0.00046251321327872596 0.031392268836498254 0.0005911382613703607
v -0.000954869261477143 0.031243506819009777 0.0006204101955518125
v 3.061773168155925e-05 0.029804870486259457 0.0005855060881003736
v -0.000954869261477143 0.031243506819009777 0.0006204101955518125
v -0.00042185757774859683 0.029597623273730275 0.0006077996222302317
v 0.0001676185056567193 0.028052734211087223 0.000603069900535047
v 0.00017778106848709293 0.028060672804713246 0.0006027988856658338
v -0.00042185757774859683 0.029597623273730275 0.0006077996222302317
v -0.00042185757774859683 0.029597623273730275 0.0006077996222302317
v 0.00017778106848709293 0.028060672804713246 0.0006027988856658338
v 0.000550439232029021 0.028311938047409054 0.0005840900121256708
v -0.00042185757774859683 0.029597623273730275 0.0006077996222302317
v 0.000550439232029021 0.028311938047409054 0.0005840900121256708
v 3.061773168155925e-05 0.029804870486259457 0.0005855060881003736
v 3.061773168155925e-05 0.029804870486259457 0.0005855060881003736
v 0.000550439232029021 0.028311938047409054 0.0005840900121256708
v 0.0008840177906677131 0.030053695663809773 0.0004963529063388704
v 3.061773168155925e-05 0.029804870486259457 0.0005855060881003736
v 0.0008840177906677131 0.030053695663809773 0.0004963529063388704
v 0.0006389555055648092 0.030777459964156147 0.0004996125353500246
v -0.0010450468398630623 0.03447427973151206 0.0005596306873485445
v -0.002256316365674139 0.034605089575052254 0.0005924556171521543
v -0.0008128928020596507 0.032989401370286935 0.0005856299540027975
v -0.0008128928020596507 0.032989401370286935 0.0005856299540027975
v -0.002256316365674139 0.034605089575052254 0.0005924556171521543
v -0.0019086782122030863 0.03281502053141593 0.0006322114495560526
v -0.0008128928020596507 0.032989401370286935 0.0005856299540027975
v -0.0019086782122030863 0.03281502053141593 0.0006322114495560526
v -0.0015662700170651085 0.03146757185459136 0.0006323972484096884
v 0.00041615535155870037 0.03158684447407722 0.0005007860017940401
v 0.00012804188008885836 0.03311365470290183 0.0004923132946714758
v -0.00046251321327872596 0.031392268836498254 0.0005911382613703607
v -0.00046251321327872596 0.031392268836498254 0.0005911382613703607
v 0.00012804188008885836 0.03311365470290183 0.0004923132946714758
v -0.0008128928020596507 0.032989401370286935 0.0005856299540027975
v -0.00046251321327872596 0.031392268836498254 0.0005911382613703607
v -0.0008128928020596507 0.032989401370286935 0.0005856299540027975
v -0.000954869261477143 0.031243506819009777 0.0006204101955518125
v -0.000954869261477143 0.031243506819009777 0.0006204101955518125
v -0.0008128928020596507 0.032989401370286935 0.0005856299540027975
v -0.0015662700170651085 0.03146757185459136 0.0006323972484096884
v -0.000954869261477143 0.031243506819009777 0.0006204101955518125
v -0.0015662700170651085 0.03146757185459136 0.0006323972484096884
v -0.00042185757774859683 0.029597623273730275 0.0006077996222302317
v -0.00042185757774859683 0.029597623273730275 0.0006077996222302317
v -0.0015662700170651085 0.03146757185459136 0.0006323972484096884
v -0.0008734410512261097 0.029306441545486447 0.0006066475762054323
v -0.00042185757774859683 0.029597623273730275 0.0006077996222302317
v -0.0008734410512261097 0.029306441545486447 0.0006066475762054323
v 0.0001676185056567193 0.028052734211087223 0.000603069900535047
v 0.0001676185056567193 0.028052734211087223 0.000603069900535047
v -0.0008734410512261097 0.029306441545486447 0.0006066475762054323
v -0.0005555641255341472 0.028443749994039532 0.0006013381062075495
v 0.0001676185056567193 0.028052734211087223 0.000603069900535047
v -0.0005555641255341472 0.028443749994039532 0.0006013381062075495
v -0.00025409075897187005 0.02766655012965202 0.0006012906087562441
v -0.005993236787617209 0.04054009914398193 -0.004199843853712081
v -0.00603047898039222 0.040559139102697365 -0.005000015720725059
v -0.006078811362385752 0.03798933327198028 -0.005000015720725059
v -0.003220594720914961 0.0260192546993494 -0.0043089878745377055
v -0.003169107483699919 0.026028379797935482 -0.003883796744048595
v -0.0040890993550419825 0.027923710644245144 -0.003881897777318954
v -0.0030935325194150222 0.026041766628623005 -0.0034824595786631103
v -0.002909328788518907 0.02607440575957298 -0.0028602892998605962
v -0.003829195862635972 0.027952142059803006 -0.002857648534700274
v -0.005710885860025885 0.03409889340400695 -0.0061327898874878875
v -0.005924566183239224 0.03613505512475967 -0.006134016904979943
v -0.0057051223702728774 0.036081824451684945 -0.007181978784501552
v -0.0057051223702728774 0.036081824451684945 -0.007181978784501552
v -0.005924566183239224 0.03613505512475967 -0.006134016904979943
v -0.006010759156197312 0.03796452656388282 -0.006130453199148177
v -0.0057051223702728774 0.036081824451684945 -0.007181978784501552
v -0.006010759156197312 0.03796452656388282 -0.006130453199148177
v -0.0057913730852305915 0.03788841143250465 -0.0071740932762622825
v -0.004809339065104725 0.029907200485467907 -0.006122449412941932
v -0.0053450632840395 0.031986583024263375 -0.0061281188391149035
v -0.00510266609489918 0.03197733685374259 -0.00716527085751295
v -0.00510266609489918 0.03197733685374259 -0.00716527085751295
v -0.004689593799412252 0.030361317098140713 -0.007154277525842189
v -0.004809339065104725 0.029907200485467907 -0.006122449412941932
v -0.004809339065104725 0.029907200485467907 -0.006122449412941932
v -0.004689593799412252 0.030361317098140713 -0.007154277525842189
v -0.0045549841597676295 0.029917599633336064 -0.007151494733989238
v -0.004809339065104725 0.029907200485467907 -0.006122449412941932
v -0.0045549841597676295 0.029917599633336064 -0.007151494733989238
v -0.0040890993550419825 0.027923710644245144 -0.006118133664131164
v -0.0040890993550419825 0.027923710644245144 -0.006118133664131164
v -0.0045549841597676295 0.029917599633336064 -0.007151494733989238
v -0.003917648456990721 0.028161970898509022 -0.007143035996705293
v -0.0040890993550419825 0.027923710644245144 -0.006118133664131164
v -0.003917648456990721 0.028161970898509022 -0.007143035996705293
v -0.003829204477369787 0.027952136471867558 -0.007142373826354741
v -0.0057051223702728774 0.036081824451684945 -0.007181978784501552
v -0.005598126444965604 0.03496598079800605 -0.007180900778621434
v -0.005710885860025885 0.03409889340400695 -0.0061327898874878875
v -0.005710885860025885 0.03409889340400695 -0.0061327898874878875
v -0.005598126444965604 0.03496598079800605 -0.007180900778621434
v -0.005482262466102841 0.034068245440721505 -0.007177685387432574
v -0.005710885860025885 0.03409889340400695 -0.0061327898874878875
v -0.005482262466102841 0.034068245440721505 -0.007177685387432574
v -0.0053450632840395 0.031986583024263375 -0.0061281188391149035
v -0.0053450632840395 0.031986583024263375 -0.0061281188391149035
v -0.005482262466102841 0.034068245440721505 -0.007177685387432574
v -0.005245273467153313 0.03266446664929389 -0.007169840857386588
v -0.0053450632840395 0.031986583024263375 -0.0061281188391149035
v -0.005245273467153313 0.03266446664929389 -0.007169840857386588
v -0.00510266609489918 0.03197733685374259 -0.00716527085751295
v -0.0030935325194150222 0.026041766628623005 -0.0034824595786631103
v -0.003829195862635972 0.027952142059803006 -0.002857648534700274
v -0.003169107483699919 0.026028379797935482 -0.003883796744048595
v -0.003220594720914961 0.0260192546993494 -0.0043089878745377055
v -0.0040890993550419825 0.027923710644245144 -0.003881897777318954
v -0.003247171407565476 0.026014542207121846 -0.00474664894863963
v -0.003829204477369787 0.027952136471867558 -0.007142373826354741
v -0.002909328788518907 0.02607440575957298 -0.0071397307328879825
v -0.0040890993550419825 0.027923710644245144 -0.006118133664131164
v -0.0040890993550419825 0.027923710644245144 -0.006118133664131164
v -0.002909328788518907 0.02607440575957298 -0.0071397307328879825
v -0.003169108880683781 0.026028372347354885 -0.006116234697401523
v -0.0040890993550419825 0.027923710644245144 -0.006118133664131164
v -0.003169108880683781 0.026028372347354885 -0.006116234697401523
v -0.0031845865305513157 0.026025632396340367 -0.006009603384882211
v -0.003169107483699919 0.026028379797935482 -0.003883796744048595
v -0.003829195862635972 0.027952142059803006 -0.002857648534700274
v -0.0040890993550419825 0.027923710644245144 -0.003881897777318954
v -0.0040890993550419825 0.027923710644245144 -0.003881897777318954
v -0.003829195862635972 0.027952142059803006 -0.002857648534700274
v -0.003917640075087549 0.02816197834908962 -0.002856986597180366
v -0.0040890993550419825 0.027923710644245144 -0.003881897777318954
v -0.003917640075087549 0.02816197834908962 -0.002856986597180366
v -0.004809330217540266 0.029907207936048504 -0.003877582494169473
v -0.003917640075087549 0.02816197834908962 -0.002856986597180366
v -0.004554975312203171 0.02991760522127151 -0.0028485276270657773
v -0.004809330217540266 0.029907207936048504 -0.003877582494169473
v -0.004809330217540266 0.029907207936048504 -0.003877582494169473
v -0.004554975312203171 0.02991760522127151 -0.0028485276270657773
v -0.004689584951847793 0.03036132268607616 -0.0028457446023821826
v -0.004809330217540266 0.029907207936048504 -0.003877582494169473
v -0.004689584951847793 0.03036132268607616 -0.0028457446023821826
v -0.005345061887055638 0.03198659047484397 -0.0038719130679965015
v -0.004689584951847793 0.03036132268607616 -0.0028457446023821826
v -0.005102657247334721 0.03197734057903289 -0.002834751736372709
v -0.005345061887055638 0.03198659047484397 -0.0038719130679965015
v -0.005345061887055638 0.03198659047484397 -0.0038719130679965015
v -0.005102657247334721 0.03197734057903289 -0.002834751736372709
v -0.005245259031653407 0.032664462924003594 -0.002830181503668427
v -0.005345061887055638 0.03198659047484397 -0.0038719130679965015
v -0.005245259031653407 0.032664462924003594 -0.002830181503668427
v -0.005710885860025885 0.03409889340400695 -0.0038672415539622302
v -0.005245259031653407 0.032664462924003594 -0.002830181503668427
v -0.00548225408419967 0.0340682491660118 -0.002822336973622441
v -0.005710885860025885 0.03409889340400695 -0.0038672415539622302
v -0.005710885860025885 0.03409889340400695 -0.0038672415539622302
v -0.00548225408419967 0.0340682491660118 -0.002822336973622441
v -0.005598118994385007 0.03496597707271575 -0.002819119486957788
v -0.005710885860025885 0.03409889340400695 -0.0038672415539622302
v -0.005598118994385007 0.03496597707271575 -0.002819119486957788
v -0.005924564786255362 0.036135062575340264 -0.0038660143036395307
v -0.005598118994385007 0.03496597707271575 -0.002819119486957788
v -0.005747100338339808 0.03670379519462585 -0.002819231711328029
v -0.005924564786255362 0.036135062575340264 -0.0038660143036395307
v -0.005924564786255362 0.036135062575340264 -0.0038660143036395307
v -0.005747100338339808 0.03670379519462585 -0.002819231711328029
v -0.005795181263238194 0.0382431112229824 -0.0028292320203036066
v -0.005924564786255362 0.036135062575340264 -0.0038660143036395307
v -0.005795181263238194 0.0382431112229824 -0.0028292320203036066
v -0.006010751705616715 0.03796452656388282 -0.003869578009471297
v -0.006010751705616715 0.03796452656388282 -0.003869578009471297
v -0.005795181263238194 0.0382431112229824 -0.0028292320203036066
v -0.005722302477806809 0.04040155932307243 -0.0028602892998605962
v -0.006010751705616715 0.03796452656388282 -0.003869578009471297
v -0.005722302477806809 0.04040155932307243 -0.0028602892998605962
v -0.005956452339887622 0.04052129015326499 -0.003883796744048595
v -0.005956452339887622 0.04052129015326499 -0.003883796744048595
v -0.005993236787617209 0.04054009914398193 -0.004199843853712081
v -0.006010751705616715 0.03796452656388282 -0.003869578009471297
v -0.006010751705616715 0.03796452656388282 -0.003869578009471297
v -0.005993236787617209 0.04054009914398193 -0.004199843853712081
v -0.006078811362385752 0.03798933327198028 -0.005000015720725059
v -0.006010751705616715 0.03796452656388282 -0.003869578009471297
v -0.006078811362385752 0.03798933327198028 -0.005000015720725059
v -0.005924564786255362 0.036135062575340264 -0.0038660143036395307
v -0.005924564786255362 0.036135062575340264 -0.0038660143036395307
v -0.006078811362385752 0.03798933327198028 -0.005000015720725059
v -0.00599105563014746 0.0361536294221878 -0.005000015720725059
v -0.005924564786255362 0.036135062575340264 -0.0038660143036395307
v -0.00599105563014746 0.0361536294221878 -0.005000015720725059
v -0.005710885860025885 0.03409889340400695 -0.0038672415539622302
v -0.005710885860025885 0.03409889340400695 -0.0038672415539622302
v -0.00599105563014746 0.0361536294221878 -0.005000015720725059
v -0.0057789045386016395 0.034111261367797845 -0.005000015720725059
v -0.005710885860025885 0.03409889340400695 -0.0038672415539622302
v -0.0057789045386016395 0.034111261367797845 -0.005000015720725059
v -0.005345061887055638 0.03198659047484397 -0.0038719130679965015
v -0.005345061887055638 0.03198659047484397 -0.0038719130679965015
v -0.0057789045386016395 0.034111261367797845 -0.005000015720725059
v -0.005417007952928546 0.03199255093932151 -0.005000015720725059
v -0.005345061887055638 0.03198659047484397 -0.0038719130679965015
v -0.005417007952928546 0.03199255093932151 -0.005000015720725059
v -0.004809330217540266 0.029907207936048504 -0.003877582494169473
v -0.004809330217540266 0.029907207936048504 -0.003877582494169473
v -0.005417007952928546 0.03199255093932151 -0.005000015720725059
v -0.004886002745479348 0.029906405135989186 -0.005000015720725059
v -0.004809330217540266 0.029907207936048504 -0.003877582494169473
v -0.004886002745479348 0.029906405135989186 -0.005000015720725059
v -0.0040890993550419825 0.027923710644245144 -0.003881897777318954
v -0.0040890993550419825 0.027923710644245144 -0.003881897777318954
v -0.004886002745479348 0.029906405135989186 -0.005000015720725059
v -0.004169520456343891 0.02791590057313442 -0.005000015720725059
v -0.0040890993550419825 0.027923710644245144 -0.003881897777318954
v -0.004169520456343891 0.02791590057313442 -0.005000015720725059
v -0.003247171407565476 0.026014542207121846 -0.00474664894863963
v -0.003247171407565476 0.026014542207121846 -0.00474664894863963
v -0.004169520456343891 0.02791590057313442 -0.005000015720725059
v -0.003209692193195225 0.026021184399724003 -0.005802375264465808
v -0.005722311325371268 0.04040155187249183 -0.0071397307328879825
v -0.0057913730852305915 0.03788841143250465 -0.0071740932762622825
v -0.0059564537368714835 0.040521282702684396 -0.006116234697401523
v -0.0059564537368714835 0.040521282702684396 -0.006116234697401523
v -0.0057913730852305915 0.03788841143250465 -0.0071740932762622825
v -0.006010759156197312 0.03796452656388282 -0.006130453199148177
v -0.0059564537368714835 0.040521282702684396 -0.006116234697401523
v -0.006010759156197312 0.03796452656388282 -0.006130453199148177
v -0.005957353860139849 0.0405217483639717 -0.006109725683927535
v -0.005957353860139849 0.0405217483639717 -0.006109725683927535
v -0.006010759156197312 0.03796452656388282 -0.006130453199148177
v -0.006002490408718589 0.040544826537370675 -0.005695663392543792
v -0.00603047898039222 0.040559139102697365 -0.005000015720725059
v -0.006002490408718589 0.040544826537370675 -0.005695663392543792
v -0.006078811362385752 0.03798933327198028 -0.005000015720725059
v -0.006078811362385752 0.03798933327198028 -0.005000015720725059
v -0.006002490408718589 0.040544826537370675 -0.005695663392543792
v -0.006010759156197312 0.03796452656388282 -0.006130453199148177
v -0.006078811362385752 0.03798933327198028 -0.005000015720725059
v -0.006010759156197312 0.03796452656388282 -0.006130453199148177
v -0.00599105563014746 0.0361536294221878 -0.005000015720725059
v -0.00599105563014746 0.0361536294221878 -0.005000015720725059
v -0.006010759156197312 0.03796452656388282 -0.006130453199148177
v -0.005924566183239224 0.03613505512475967 -0.006134016904979943
v -0.00599105563014746 0.0361536294221878 -0.005000015720725059
v -0.005924566183239224 0.03613505512475967 -0.006134016904979943
v -0.0057789045386016395 0.034111261367797845 -0.005000015720725059
v -0.0057789045386016395 0.034111261367797845 -0.005000015720725059
v -0.005924566183239224 0.03613505512475967 -0.006134016904979943
v -0.005710885860025885 0.03409889340400695 -0.0061327898874878875
v -0.0057789045386016395 0.034111261367797845 -0.005000015720725059
v -0.005710885860025885 0.03409889340400695 -0.0061327898874878875
v -0.005417007952928546 0.03199255093932151 -0.005000015720725059
v -0.005417007952928546 0.03199255093932151 -0.005000015720725059
v -0.005710885860025885 0.03409889340400695 -0.0061327898874878875
v -0.0053450632840395 0.031986583024263375 -0.0061281188391149035
v -0.005417007952928546 0.03199255093932151 -0.005000015720725059
v -0.0053450632840395 0.031986583024263375 -0.0061281188391149035
v -0.004886002745479348 0.029906405135989186 -0.005000015720725059
v -0.004886002745479348 0.029906405135989186 -0.005000015720725059
v -0.0053450632840395 0.031986583024263375 -0.0061281188391149035
v -0.004809339065104725 0.029907200485467907 -0.006122449412941932
v -0.004886002745479348 0.029906405135989186 -0.005000015720725059
v -0.004809339065104725 0.029907200485467907 -0.006122449412941932
v -0.004169520456343891 0.02791590057313442 -0.005000015720725059
v -0.004169520456343891 0.02791590057313442 -0.005000015720725059
v -0.004809339065104725 0.029907200485467907 -0.006122449412941932
v -0.0040890993550419825 0.027923710644245144 -0.006118133664131164
v -0.004169520456343891 0.02791590057313442 -0.005000015720725059
v -0.0040890993550419825 0.027923710644245144 -0.006118133664131164
v -0.003209692193195225 0.026021184399724003 -0.005802375264465808
v -0.003209692193195225 0.026021184399724003 -0.005802375264465808
v -0.0040890993550419825 0.027923710644245144 -0.006118133664131164
v -0.0031845865305513157 0.026025632396340367 -0.006009603384882211
v -0.0033947953488677753 0.03368745744228362 -0.010354516096413134
v -0.003569400170817973 0.03474953025579452 -0.010329346172511576
v -0.0029235989786684526 0.03467807918787002 -0.010531700216233729
v -0.004592598415911199 0.032673329114913933 -0.008744589053094385
v -0.004903234541416171 0.032667804509401314 -0.00806663930416107
v -0.005037983413785699 0.03490916267037391 -0.008655038662254809
v -0.005598126444965604 0.03496598079800605 -0.007180900778621434
v -0.005492889788001778 0.034955408424139016 -0.007495640311390161
v -0.005482262466102841 0.034068245440721505 -0.007177685387432574
v -0.005482262466102841 0.034068245440721505 -0.007177685387432574
v -0.005492889788001778 0.034955408424139016 -0.007495640311390161
v -0.005037983413785699 0.03490916267037391 -0.008655038662254809
v -0.005482262466102841 0.034068245440721505 -0.007177685387432574
v -0.005037983413785699 0.03490916267037391 -0.008655038662254809
v -0.005245273467153313 0.03266446664929389 -0.007169840857386588
v -0.005245273467153313 0.03266446664929389 -0.007169840857386588
v -0.005037983413785699 0.03490916267037391 -0.008655038662254809
v -0.004903234541416171 0.032667804509401314 -0.00806663930416107
v -0.005245273467153313 0.03266446664929389 -0.007169840857386588
v -0.004903234541416171 0.032667804509401314 -0.00806663930416107
v -0.00510266609489918 0.03197733685374259 -0.00716527085751295
v -0.00510266609489918 0.03197733685374259 -0.00716527085751295
v -0.004903234541416171 0.032667804509401314 -0.00806663930416107
v -0.004689593799412252 0.030361317098140713 -0.007154277525842189
v -0.003917648456990721 0.028161970898509022 -0.007143035996705293
v -0.0035177974496036785 0.028248814865946766 -0.008039564825594423
v -0.003829204477369787 0.027952136471867558 -0.007142373826354741
v -0.003829204477369787 0.027952136471867558 -0.007142373826354741
v -0.0035177974496036785 0.028248814865946766 -0.008039564825594423
v -0.002797981956973673 0.02610254846513271 -0.007421717979013919
v -0.003829204477369787 0.027952136471867558 -0.007142373826354741
v -0.002797981956973673 0.02610254846513271 -0.007421717979013919
v -0.002909328788518907 0.02607440575957298 -0.0071397307328879825
v -0.003917648456990721 0.028161970898509022 -0.007143035996705293
v -0.0045549841597676295 0.029917599633336064 -0.007151494733989238
v -0.0035177974496036785 0.028248814865946766 -0.008039564825594423
v -0.0035177974496036785 0.028248814865946766 -0.008039564825594423
v -0.0045549841597676295 0.029917599633336064 -0.007151494733989238
v -0.004308332689106466 0.030410980805754658 -0.008052703924477099
v -0.0035177974496036785 0.028248814865946766 -0.008039564825594423
v -0.004308332689106466 0.030410980805754658 -0.008052703924477099
v -0.0031756232492625726 0.028351126238703724 -0.008666221052408217
v -0.0031756232492625726 0.028351126238703724 -0.008666221052408217
v -0.004308332689106466 0.030410980805754658 -0.008052703924477099
v -0.003971246071159841 0.030464977025985714 -0.008705501444637774
v -0.0031756232492625726 0.028351126238703724 -0.008666221052408217
v -0.003971246071159841 0.030464977025985714 -0.008705501444637774
v -0.002753775799646975 0.028489319607615467 -0.00929877534508705
v -0.002753775799646975 0.028489319607615467 -0.00929877534508705
v -0.003971246071159841 0.030464977025985714 -0.008705501444637774
v -0.0035520666278898733 0.030531264841556546 -0.009353209286928175
v -0.002753775799646975 0.028489319607615467 -0.00929877534508705
v -0.0035520666278898733 0.030531264841556546 -0.009353209286928175
v -0.00226838723756373 0.028651870787143704 -0.009861727245151995
v -0.00226838723756373 0.028651870787143704 -0.009861727245151995
v -0.0035520666278898733 0.030531264841556546 -0.009353209286928175
v -0.0030594833660870803 0.0305989533662796 -0.009915124624967573
v -0.00226838723756373 0.028651870787143704 -0.009861727245151995
v -0.0030594833660870803 0.0305989533662796 -0.009915124624967573
v -0.0017477887449786076 0.02882883138954639 -0.010293314233422278
v -0.0017477887449786076 0.02882883138954639 -0.010293314233422278
v -0.0030594833660870803 0.0305989533662796 -0.009915124624967573
v -0.00251087360084057 0.03066790848970413 -0.010332850739359854
v -0.0017477887449786076 0.02882883138954639 -0.010293314233422278
v -0.00251087360084057 0.03066790848970413 -0.010332850739359854
v -0.001254205824807287 0.029043443500995633 -0.010542468167841433
v -0.001254205824807287 0.029043443500995633 -0.010542468167841433
v -0.00251087360084057 0.03066790848970413 -0.010332850739359854
v -0.0019488270627334723 0.03079745918512344 -0.010567812249064444
v -0.001254205824807287 0.029043443500995633 -0.010542468167841433
v -0.0019488270627334723 0.03079745918512344 -0.010567812249064444
v -0.0008734410512261097 0.029306441545486447 -0.010606655851006506
v -0.002256316365674139 0.034605089575052254 -0.01059246342629194
v -0.0021259249188005933 0.033864501863718026 -0.010613560676574705
v -0.002786823082715274 0.03466301038861274 -0.010553527623414992
v -0.002786823082715274 0.03466301038861274 -0.010553527623414992
v -0.0021259249188005933 0.033864501863718026 -0.010613560676574705
v -0.0029235989786684526 0.03467807918787002 -0.010531700216233729
v -0.003569400170817973 0.03474953025579452 -0.010329346172511576
v -0.0033947953488677753 0.03368745744228362 -0.010354516096413134
v -0.0037021986208856123 0.03476423397660255 -0.0102615300565958
v -0.0037021986208856123 0.03476423397660255 -0.0102615300565958
v -0.0033947953488677753 0.03368745744228362 -0.010354516096413134
v -0.003966649528592827 0.03373513370752334 -0.009968335740268229
v -0.0037021986208856123 0.03476423397660255 -0.0102615300565958
v -0.003966649528592827 0.03373513370752334 -0.009968335740268229
v -0.004139756318181755 0.034812513738870614 -0.009949907660484312
v -0.004139756318181755 0.034812513738870614 -0.009949907660484312
v -0.003966649528592827 0.03373513370752334 -0.009968335740268229
v -0.004420882556587459 0.03484325483441352 -0.009658665396273134
v -0.004420882556587459 0.03484325483441352 -0.009658665396273134
v -0.003966649528592827 0.03373513370752334 -0.009968335740268229
v -0.004442827776074411 0.03377015143632888 -0.009416840039193628
v -0.004420882556587459 0.03484325483441352 -0.009658665396273134
v -0.004442827776074411 0.03377015143632888 -0.009416840039193628
v -0.004614459816366436 0.03486421704292297 -0.00940465461462736
v -0.0019086782122030863 0.03281502053141593 -0.010632219724357126
v -0.0014420787338167435 0.031038366258144375 -0.010628180578351019
v -0.0019488270627334723 0.03079745918512344 -0.010567812249064444
v -0.0019488270627334723 0.03079745918512344 -0.010567812249064444
v -0.0014420787338167435 0.031038366258144375 -0.010628180578351019
v -0.0013850345276296145 0.030848938971757885 -0.010625927709043024
v -0.0019488270627334723 0.03079745918512344 -0.010567812249064444
v -0.0013850345276296145 0.030848938971757885 -0.010625927709043024
v -0.0008734410512261097 0.029306441545486447 -0.010606655851006506
v -0.005037983413785699 0.03490916267037391 -0.008655038662254809
v -0.004614459816366436 0.03486421704292297 -0.00940465461462736
v -0.004592598415911199 0.032673329114913933 -0.008744589053094385
v -0.004592598415911199 0.032673329114913933 -0.008744589053094385
v -0.004614459816366436 0.03486421704292297 -0.00940465461462736
v -0.004442827776074411 0.03377015143632888 -0.009416840039193628
v -0.004592598415911199 0.032673329114913933 -0.008744589053094385
v -0.004442827776074411 0.03377015143632888 -0.009416840039193628
v -0.004198811482638122 0.03267566114664077 -0.009406309574842451
v -0.004198811482638122 0.03267566114664077 -0.009406309574842451
v -0.004442827776074411 0.03377015143632888 -0.009416840039193628
v -0.003966649528592827 0.03373513370752334 -0.009968335740268229
v -0.004198811482638122 0.03267566114664077 -0.009406309574842451
v -0.003966649528592827 0.03373513370752334 -0.009968335740268229
v -0.003718040883541109 0.03266633301973342 -0.009963575750589369
v -0.003718040883541109 0.03266633301973342 -0.009963575750589369
v -0.003966649528592827 0.03373513370752334 -0.009968335740268229
v -0.0033947953488677753 0.03368745744228362 -0.010354516096413134
v -0.003718040883541109 0.03266633301973342 -0.009963575750589369
v -0.0033947953488677753 0.03368745744228362 -0.010354516096413134
v -0.0031530742999166263 0.032647479325532906 -0.010361233726143835
v -0.0031530742999166263 0.032647479325532906 -0.010361233726143835
v -0.0033947953488677753 0.03368745744228362 -0.010354516096413134
v -0.0029235989786684526 0.03467807918787002 -0.010531700216233729
v -0.0031530742999166263 0.032647479325532906 -0.010361233726143835
v -0.0029235989786684526 0.03467807918787002 -0.010531700216233729
v -0.0025303745642304433 0.03267784789204597 -0.010576570406556128
v -0.0025303745642304433 0.03267784789204597 -0.010576570406556128
v -0.0029235989786684526 0.03467807918787002 -0.010531700216233729
v -0.0021259249188005933 0.033864501863718026 -0.010613560676574705
v -0.0008734410512261097 0.029306441545486447 -0.010606655851006506
v -0.00025409075897187005 0.02766655012965202 -0.010601298883557318
v -0.001254205824807287 0.029043443500995633 -0.010542468167841433
v -0.001254205824807287 0.029043443500995633 -0.010542468167841433
v -0.00025409075897187005 0.02766655012965202 -0.010601298883557318
v -0.0006448585772886876 0.027300029993057248 -0.010484523139894007
v -0.001254205824807287 0.029043443500995633 -0.010542468167841433
v -0.0006448585772886876 0.027300029993057248 -0.010484523139894007
v -0.0017477887449786076 0.02882883138954639 -0.010293314233422278
v -0.0017477887449786076 0.02882883138954639 -0.010293314233422278
v -0.0006448585772886876 0.027300029993057248 -0.010484523139894007
v -0.0009403906879015271 0.02708240412175655 -0.010274167172610758
v -0.0017477887449786076 0.02882883138954639 -0.010293314233422278
v -0.0009403906879015271 0.02708240412175655 -0.010274167172610758
v -0.00226838723756373 0.028651870787143704 -0.009861727245151995
v -0.00226838723756373 0.028651870787143704 -0.009861727245151995
v -0.0009403906879015271 0.02708240412175655 -0.010274167172610758
v -0.0012848497135564691 0.026858216151595112 -0.00994253810495138
v -0.00226838723756373 0.028651870787143704 -0.009861727245151995
v -0.0012848497135564691 0.026858216151595112 -0.00994253810495138
v -0.002753775799646975 0.028489319607615467 -0.00929877534508705
v -0.002753775799646975 0.028489319607615467 -0.00929877534508705
v -0.0012848497135564691 0.026858216151595112 -0.00994253810495138
v -0.0018251126166433105 0.026542916893959042 -0.009259033016860483
v -0.002753775799646975 0.028489319607615467 -0.00929877534508705
v -0.0018251126166433105 0.026542916893959042 -0.009259033016860483
v -0.0031756232492625726 0.028351126238703724 -0.008666221052408217
v -0.0031756232492625726 0.028351126238703724 -0.008666221052408217
v -0.0018251126166433105 0.026542916893959042 -0.009259033016860483
v -0.0021092393435537824 0.026393884792923924 -0.0088138235732913
v -0.0031756232492625726 0.028351126238703724 -0.008666221052408217
v -0.0021092393435537824 0.026393884792923924 -0.0088138235732913
v -0.0035177974496036785 0.028248814865946766 -0.008039564825594423
v -0.0035177974496036785 0.028248814865946766 -0.008039564825594423
v -0.0021092393435537824 0.026393884792923924 -0.0088138235732913
v -0.0025287466123700155 0.02620087936520576 -0.008027391508221625
v -0.0035177974496036785 0.028248814865946766 -0.008039564825594423
v -0.0025287466123700155 0.02620087936520576 -0.008027391508221625
v -0.002797981956973673 0.02610254846513271 -0.007421717979013919
v -0.0045549841597676295 0.029917599633336064 -0.007151494733989238
v -0.004689593799412252 0.030361317098140713 -0.007154277525842189
v -0.004308332689106466 0.030410980805754658 -0.008052703924477099
v -0.004308332689106466 0.030410980805754658 -0.008052703924477099
v -0.004689593799412252 0.030361317098140713 -0.007154277525842189
v -0.004903234541416171 0.032667804509401314 -0.00806663930416107
v -0.004308332689106466 0.030410980805754658 -0.008052703924477099
v -0.004903234541416171 0.032667804509401314 -0.00806663930416107
v -0.003971246071159841 0.030464977025985714 -0.008705501444637774
v -0.003971246071159841 0.030464977025985714 -0.008705501444637774
v -0.004903234541416171 0.032667804509401314 -0.00806663930416107
v -0.004592598415911199 0.032673329114913933 -0.008744589053094385
v -0.003971246071159841 0.030464977025985714 -0.008705501444637774
v -0.004592598415911199 0.032673329114913933 -0.008744589053094385
v -0.0035520666278898733 0.030531264841556546 -0.009353209286928175
v -0.0035520666278898733 0.030531264841556546 -0.009353209286928175
v -0.004592598415911199 0.032673329114913933 -0.008744589053094385
v -0.004198811482638122 0.03267566114664077 -0.009406309574842451
v -0.0035520666278898733 0.030531264841556546 -0.009353209286928175
v -0.004198811482638122 0.03267566114664077 -0.009406309574842451
v -0.0030594833660870803 0.0305989533662796 -0.009915124624967573
v -0.0030594833660870803 0.0305989533662796 -0.009915124624967573
v -0.004198811482638122 0.03267566114664077 -0.009406309574842451
v -0.003718040883541109 0.03266633301973342 -0.009963575750589369
v -0.0030594833660870803 0.0305989533662796 -0.009915124624967573
v -0.003718040883541109 0.03266633301973342 -0.009963575750589369
v -0.00251087360084057 0.03066790848970413 -0.010332850739359854
v -0.00251087360084057 0.03066790848970413 -0.010332850739359854
v -0.003718040883541109 0.03266633301973342 -0.009963575750589369
v -0.0031530742999166263 0.032647479325532906 -0.010361233726143835
v -0.00251087360084057 0.03066790848970413 -0.010332850739359854
v -0.0031530742999166263 0.032647479325532906 -0.010361233726143835
v -0.0019488270627334723 0.03079745918512344 -0.010567812249064444
v -0.0019488270627334723 0.03079745918512344 -0.010567812249064444
v -0.0031530742999166263 0.032647479325532906 -0.010361233726143835
v -0.0025303745642304433 0.03267784789204597 -0.010576570406556128
v -0.0019488270627334723 0.03079745918512344 -0.010567812249064444
v -0.0025303745642304433 0.03267784789204597 -0.010576570406556128
v -0.0019086782122030863 0.03281502053141593 -0.010632219724357126
v -0.0019086782122030863 0.03281502053141593 -0.010632219724357126
v -0.0025303745642304433 0.03267784789204597 -0.010576570406556128
v -0.0021259249188005933 0.033864501863718026 -0.010613560676574705
v -0.0027050210628658546 0.043966673314571374 -0.009693123400211332
v -0.0026020773220807327 0.04526573792099952 -0.009417148306965826
v -0.001521939528174699 0.045149132609367364 -0.009418326430022715
v -0.0027050210628658546 0.043966673314571374 -0.009693123400211332
v -0.001521939528174699 0.045149132609367364 -0.009418326430022715
v -0.0027682720683515085 0.04261529445648193 -0.009931126609444616
v -0.001521939528174699 0.045149132609367364 -0.009418326430022715
v -0.0016254372894763953 0.04250343888998031 -0.009905004873871802
v -0.0027682720683515085 0.04261529445648193 -0.009931126609444616
v -0.0027682720683515085 0.04261529445648193 -0.009931126609444616
v -0.0016254372894763953 0.04250343888998031 -0.009905004873871802
v -0.0015588176902383572 0.03984095156192779 -0.010246123187243937
v -0.0027682720683515085 0.04261529445648193 -0.009931126609444616
v -0.0015588176902383572 0.03984095156192779 -0.010246123187243937
v -0.002770510967820884 0.039947144687175744 -0.01027807220816612
v -0.002770510967820884 0.039947144687175744 -0.01027807220816612
v -0.0015588176902383572 0.03984095156192779 -0.010246123187243937
v -0.0013573118485510356 0.03716370835900306 -0.010454947128891943
v -0.002770510967820884 0.039947144687175744 -0.01027807220816612
v -0.0013573118485510356 0.03716370835900306 -0.010454947128891943
v -0.0026066468562930835 0.0372987650334835 -0.010484095662832258
v -0.0026066468562930835 0.0372987650334835 -0.010484095662832258
v -0.0013573118485510356 0.03716370835900306 -0.010454947128891943
v -0.0010450468398630623 0.03447427973151206 -0.010559638962149618
v -0.0026066468562930835 0.0372987650334835 -0.010484095662832258
v -0.0010450468398630623 0.03447427973151206 -0.010559638962149618
v -0.002256316365674139 0.034605089575052254 -0.01059246342629194
v -9.999264875659724e-06 0.03436251357197761 -0.010469290427863596
v -0.0010450468398630623 0.03447427973151206 -0.010559638962149618
v -0.00025530331186018895 0.03704483062028884 -0.010354691185057162
v -0.00025530331186018895 0.03704483062028884 -0.010354691185057162
v -0.0010450468398630623 0.03447427973151206 -0.010559638962149618
v -0.0013573118485510356 0.03716370835900306 -0.010454947128891943
v -0.00025530331186018895 0.03704483062028884 -0.010354691185057162
v -0.0013573118485510356 0.03716370835900306 -0.010454947128891943
v -0.0004654292715713384 0.03972335159778594 -0.010133252479135988
v -0.0004654292715713384 0.03972335159778594 -0.010133252479135988
v -0.0013573118485510356 0.03716370835900306 -0.010454947128891943
v -0.0015588176902383572 0.03984095156192779 -0.010246123187243937
v -0.0004654292715713384 0.03972335159778594 -0.010133252479135988
v -0.0015588176902383572 0.03984095156192779 -0.010246123187243937
v -0.000574046513065696 0.04239090532064437 -0.009784691035747526
v -0.000574046513065696 0.04239090532064437 -0.009784691035747526
v -0.0015588176902383572 0.03984095156192779 -0.010246123187243937
v -0.0016254372894763953 0.04250343888998031 -0.009905004873871802
v -0.000574046513065696 0.04239090532064437 -0.009784691035747526
v -0.0016254372894763953 0.04250343888998031 -0.009905004873871802
v -0.0005072931526228788 0.04503952339291572 -0.00929796416312456
v -0.0005072931526228788 0.04503952339291572 -0.00929796416312456
v -0.0016254372894763953 0.04250343888998031 -0.009905004873871802
v -0.001521939528174699 0.045149132609367364 -0.009418326430022715
v 0.0022770215291529903 0.04208899661898612 -0.008428853936493395
v 0.0018985290080308923 0.04478050395846366 -0.007976830936968325
v 0.002570095937699081 0.04205461218953132 -0.008065911941230295
v 0.002570095937699081 0.04205461218953132 -0.008065911941230295
v 0.0018985290080308923 0.04478050395846366 -0.007976830936968325
v 0.001971714664250613 0.04477234929800033 -0.007862803526222704
v 0.002570095937699081 0.04205461218953132 -0.008065911941230295
v 0.001971714664250613 0.04477234929800033 -0.007862803526222704
v 0.002119828714057804 0.04475525021553039 -0.007558582816272973
v 0.0028258524835109724 0.039370264858007424 -0.008618528954684733
v 0.0022770215291529903 0.04208899661898612 -0.008428853936493395
v 0.0031675244681537164 0.03932895511388778 -0.008213977329432963
v 0.0031675244681537164 0.03932895511388778 -0.008213977329432963
v 0.0022770215291529903 0.04208899661898612 -0.008428853936493395
v 0.002570095937699081 0.04205461218953132 -0.008065911941230295
v 0.0031675244681537164 0.03932895511388778 -0.008213977329432963
v 0.002570095937699081 0.04205461218953132 -0.008065911941230295
v 0.0033972822129726423 0.03929565474390983 -0.0078111356124281875
v 0.0033972822129726423 0.03929565474390983 -0.0078111356124281875
v 0.002570095937699081 0.04205461218953132 -0.008065911941230295
v 0.002119828714057804 0.04475525021553039 -0.007558582816272973
v 0.0033972822129726423 0.03929565474390983 -0.0078111356124281875
v 0.002119828714057804 0.04475525021553039 -0.007558582816272973
v 0.003490858944132926 0.039517521858215325 -0.007400230504572391
v 0.003490858944132926 0.039517521858215325 -0.007400230504572391
v 0.002119828714057804 0.04475525021553039 -0.007558582816272973
v 0.002228286350145937 0.04474180564284324 -0.007230339106172322
v 0.00034556805621832625 0.03963560983538627 -0.009964792989194391
v 0.0001333159016212449 0.04231442883610725 -0.009627391584217547
v 0.0011018051300197844 0.03955478966236114 -0.009709650650620459
v 0.0011018051300197844 0.03955478966236114 -0.009709650650620459
v 0.0001333159016212449 0.04231442883610725 -0.009627391584217547
v 0.0007915836176835004 0.042244512587785714 -0.009396566078066824
v 0.0011018051300197844 0.03955478966236114 -0.009709650650620459
v 0.0007915836176835004 0.042244512587785714 -0.009396566078066824
v 0.0017813361482694754 0.03948296606540679 -0.009385842829942702
v 0.0017813361482694754 0.03948296606540679 -0.009385842829942702
v 0.0007915836176835004 0.042244512587785714 -0.009396566078066824
v 0.0013798756990581757 0.04218325018882751 -0.009108412079513071
v 0.0017813361482694754 0.03948296606540679 -0.009385842829942702
v 0.0013798756990581757 0.04218325018882751 -0.009108412079513071
v 0.0023617311380803594 0.039421368390321725 -0.009014987386763094
v 0.0023617311380803594 0.039421368390321725 -0.009014987386763094
v 0.0013798756990581757 0.04218325018882751 -0.009108412079513071
v 0.001879317802377046 0.04213148728013038 -0.008780441246926783
v 0.001879317802377046 0.04213148728013038 -0.008780441246926783
v 0.0013798756990581757 0.04218325018882751 -0.009108412079513071
v 0.0011839527869597082 0.04485753178596496 -0.008648135699331759
v 0.001879317802377046 0.04213148728013038 -0.008780441246926783
v 0.0011839527869597082 0.04485753178596496 -0.008648135699331759
v 0.0014445313718169934 0.04482964426279067 -0.008458604104816912
v -0.0005072931526228788 0.04503952339291572 -0.00929796416312456
v 0.0001333159016212449 0.04231442883610725 -0.009627391584217547
v -0.000574046513065696 0.04239090532064437 -0.009784691035747526
v -0.000574046513065696 0.04239090532064437 -0.009784691035747526
v 0.0001333159016212449 0.04231442883610725 -0.009627391584217547
v 0.00034556805621832625 0.03963560983538627 -0.009964792989194391
v -0.000574046513065696 0.04239090532064437 -0.009784691035747526
v 0.00034556805621832625 0.03963560983538627 -0.009964792989194391
v -0.0004654292715713384 0.03972335159778594 -0.010133252479135988
v -0.0005072931526228788 0.04503952339291572 -0.00929796416312456
v 3.9731294236844426e-05 0.044980410486459725 -0.009166245348751543
v 0.0001333159016212449 0.04231442883610725 -0.009627391584217547
v 0.0001333159016212449 0.04231442883610725 -0.009627391584217547
v 3.9731294236844426e-05 0.044980410486459725 -0.009166245348751543
v 6.493667024187746e-05 0.044977694749832146 -0.009158642031252382
v 0.0001333159016212449 0.04231442883610725 -0.009627391584217547
v 6.493667024187746e-05 0.044977694749832146 -0.009158642031252382
v 0.0007915836176835004 0.042244512587785714 -0.009396566078066824
v 0.0007915836176835004 0.042244512587785714 -0.009396566078066824
v 6.493667024187746e-05 0.044977694749832146 -0.009158642031252382
v 0.0005937090027146044 0.04492077231407165 -0.008964140899479387
v 0.0007915836176835004 0.042244512587785714 -0.009396566078066824
v 0.0005937090027146044 0.04492077231407165 -0.008964140899479387
v 0.0013798756990581757 0.04218325018882751 -0.009108412079513071
v 0.0013798756990581757 0.04218325018882751 -0.009108412079513071
v 0.0005937090027146044 0.04492077231407165 -0.008964140899479387
v 0.00105821923352778 0.044870983809232705 -0.008726658299565314
v 0.0013798756990581757 0.04218325018882751 -0.009108412079513071
v 0.00105821923352778 0.044870983809232705 -0.008726658299565314
v 0.0011839527869597082 0.04485753178596496 -0.008648135699331759
v -0.00025530331186018895 0.03704483062028884 -0.010354691185057162
v -0.0004654292715713384 0.03972335159778594 -0.010133252479135988
v 0.0006382796564139429 0.036948163062334054 -0.01018421910703182
v 0.0006382796564139429 0.036948163062334054 -0.01018421910703182
v -0.0004654292715713384 0.03972335159778594 -0.010133252479135988
v 0.00034556805621832625 0.03963560983538627 -0.009964792989194391
v 0.0006382796564139429 0.036948163062334054 -0.01018421910703182
v 0.00034556805621832625 0.03963560983538627 -0.009964792989194391
v 0.0014713457785546786 0.036858107894659035 -0.009917235933244227
v 0.0014713457785546786 0.036858107894659035 -0.009917235933244227
v 0.00034556805621832625 0.03963560983538627 -0.009964792989194391
v 0.0011018051300197844 0.03955478966236114 -0.009709650650620459
v 0.0014713457785546786 0.036858107894659035 -0.009917235933244227
v 0.0011018051300197844 0.03955478966236114 -0.009709650650620459
v 0.002220296300947667 0.0367768108844757 -0.009572166018187998
v 0.002220296300947667 0.0367768108844757 -0.009572166018187998
v 0.0011018051300197844 0.03955478966236114 -0.009709650650620459
v 0.0017813361482694754 0.03948296606540679 -0.009385842829942702
v 0.002220296300947667 0.0367768108844757 -0.009572166018187998
v 0.0017813361482694754 0.03948296606540679 -0.009385842829942702
v 0.002859957749024035 0.03670624271035194 -0.009174087084829806
v 0.002859957749024035 0.03670624271035194 -0.009174087084829806
v 0.0017813361482694754 0.03948296606540679 -0.009385842829942702
v 0.0023617311380803594 0.039421368390321725 -0.009014987386763094
v 0.002859957749024035 0.03670624271035194 -0.009174087084829806
v 0.0023617311380803594 0.039421368390321725 -0.009014987386763094
v 0.0028258524835109724 0.039370264858007424 -0.008618528954684733
v 0.0028258524835109724 0.039370264858007424 -0.008618528954684733
v 0.0023617311380803594 0.039421368390321725 -0.009014987386763094
v 0.001879317802377046 0.04213148728013038 -0.008780441246926783
v 0.0028258524835109724 0.039370264858007424 -0.008618528954684733
v 0.001879317802377046 0.04213148728013038 -0.008780441246926783
v 0.0022770215291529903 0.04208899661898612 -0.008428853936493395
v 0.0022770215291529903 0.04208899661898612 -0.008428853936493395
v 0.001879317802377046 0.04213148728013038 -0.008780441246926783
v 0.0014445313718169934 0.04482964426279067 -0.008458604104816912
v 0.0022770215291529903 0.04208899661898612 -0.008428853936493395
v 0.0014445313718169934 0.04482964426279067 -0.008458604104816912
v 0.0018985290080308923 0.04478050395846366 -0.007976830936968325
v -9.999264875659724e-06 0.03436251357197761 -0.010469290427863596
v -0.00025530331186018895 0.03704483062028884 -0.010354691185057162
v 0.0009147342061623935 0.0342625081539154 -0.010307676158845423
v 0.0009147342061623935 0.0342625081539154 -0.010307676158845423
v -0.00025530331186018895 0.03704483062028884 -0.010354691185057162
v 0.0006382796564139429 0.036948163062334054 -0.01018421910703182
v 0.0009147342061623935 0.0342625081539154 -0.010307676158845423
v 0.0006382796564139429 0.036948163062334054 -0.01018421910703182
v 0.0018217720789834866 0.03416353836655616 -0.010039211250841616
v 0.0018217720789834866 0.03416353836655616 -0.010039211250841616
v 0.0006382796564139429 0.036948163062334054 -0.01018421910703182
v 0.0014713457785546786 0.036858107894659035 -0.009917235933244227
v 0.0018217720789834866 0.03416353836655616 -0.010039211250841616
v 0.0014713457785546786 0.036858107894659035 -0.009917235933244227
v 0.0026375944726169122 0.03407295793294906 -0.009685565717518328
v 0.0026375944726169122 0.03407295793294906 -0.009685565717518328
v 0.0014713457785546786 0.036858107894659035 -0.009917235933244227
v 0.002220296300947667 0.0367768108844757 -0.009572166018187998
v 0.0026375944726169122 0.03407295793294906 -0.009685565717518328
v 0.002220296300947667 0.0367768108844757 -0.009572166018187998
v 0.0033335757907480014 0.033993575721979134 -0.009273798204958437
v 0.0033335757907480014 0.033993575721979134 -0.009273798204958437
v 0.002220296300947667 0.0367768108844757 -0.009572166018187998
v 0.002859957749024035 0.03670624271035194 -0.009174087084829806
v 0.0033335757907480014 0.033993575721979134 -0.009273798204958437
v 0.002859957749024035 0.03670624271035194 -0.009174087084829806
v 0.003886477323248984 0.03392797335982322 -0.00883505120873451
v 0.003886477323248984 0.03392797335982322 -0.00883505120873451
v 0.002859957749024035 0.03670624271035194 -0.009174087084829806
v 0.0028258524835109724 0.039370264858007424 -0.008618528954684733
v 0.003886477323248984 0.03392797335982322 -0.00883505120873451
v 0.0028258524835109724 0.039370264858007424 -0.008618528954684733
v 0.004286489915102722 0.033877555280923836 -0.008397627621889113
v 0.004286489915102722 0.033877555280923836 -0.008397627621889113
v 0.0028258524835109724 0.039370264858007424 -0.008618528954684733
v 0.0031675244681537164 0.03932895511388778 -0.008213977329432963
v 0.004286489915102722 0.033877555280923836 -0.008397627621889113
v 0.0031675244681537164 0.03932895511388778 -0.008213977329432963
v 0.004545240662992002 0.03384172171354293 -0.007980061694979666
v 0.004545240662992002 0.03384172171354293 -0.007980061694979666
v 0.0031675244681537164 0.03932895511388778 -0.008213977329432963
v 0.0033972822129726423 0.03929565474390983 -0.0078111356124281875
v 0.004545240662992002 0.03384172171354293 -0.007980061694979666
v 0.0033972822129726423 0.03929565474390983 -0.0078111356124281875
v 0.004703866783529522 0.03381692618131637 -0.007584196515381335
v 0.004703866783529522 0.03381692618131637 -0.007584196515381335
v 0.0033972822129726423 0.03929565474390983 -0.0078111356124281875
v 0.003490858944132926 0.039517521858215325 -0.007400230504572391
v 0.0023254707921296367 0.04522151127457618 -0.006126909516751765
v 0.003755800891667606 0.039483901113271706 -0.006221719551831483
v 0.003490858944132926 0.039517521858215325 -0.007400230504572391
v 0.002181734889745713 0.045195125043392174 -0.006951519288122653
v 0.0021862711291760215 0.04521043971180915 -0.006915172562003135
v 0.0022266721352934846 0.044990174472331994 -0.006987126078456639
v 0.0022266721352934846 0.044990174472331994 -0.006987126078456639
v 0.0021862711291760215 0.04521043971180915 -0.006915172562003135
v 0.0022178892977535733 0.04523234441876411 -0.0067458515986800185
v 0.0022266721352934846 0.044990174472331994 -0.006987126078456639
v 0.0022178892977535733 0.04523234441876411 -0.0067458515986800185
v 0.0023254707921296367 0.04522151127457618 -0.006126909516751765
v 0.002190394792705775 0.04491737857460975 -0.007201878353953361
v 0.0021755802445113668 0.0450526513159275 -0.0071253874339163295
v 0.0022266721352934846 0.044990174472331994 -0.006987126078456639
v 0.0022266721352934846 0.044990174472331994 -0.006987126078456639
v 0.0021755802445113668 0.0450526513159275 -0.0071253874339163295
v 0.00217413459904492 0.045095939189195626 -0.007087344769388436
v 0.0022266721352934846 0.044990174472331994 -0.006987126078456639
v 0.00217413459904492 0.045095939189195626 -0.007087344769388436
v 0.002181734889745713 0.045195125043392174 -0.006951519288122653
v 0.003490858944132926 0.039517521858215325 -0.007400230504572391
v 0.002228286350145937 0.04474180564284324 -0.007230339106172322
v 0.0023254707921296367 0.04522151127457618 -0.006126909516751765
v 0.0023254707921296367 0.04522151127457618 -0.006126909516751765
v 0.002228286350145937 0.04474180564284324 -0.007230339106172322
v 0.002226480748504401 0.04474899917840957 -0.007230104878544807
v 0.0023254707921296367 0.04522151127457618 -0.006126909516751765
v 0.002226480748504401 0.04474899917840957 -0.007230104878544807
v 0.0022266721352934846 0.044990174472331994 -0.006987126078456639
v 0.0022266721352934846 0.044990174472331994 -0.006987126078456639
v 0.002226480748504401 0.04474899917840957 -0.007230104878544807
v 0.0022025585640221843 0.044851392507553094 -0.007220230530947446
v 0.0022266721352934846 0.044990174472331994 -0.006987126078456639
v 0.0022025585640221843 0.044851392507553094 -0.007220230530947446
v 0.002190394792705775 0.04491737857460975 -0.007201878353953361
v 0.0021750680170953282 0.04506294429302215 -0.002882941393181681
v 0.00221788208000362 0.04523234441876411 -0.00325412000529468
v 0.002174116903916002 0.04509781301021575 -0.0029145067092031236
v 0.002174116903916002 0.04509781301021575 -0.0029145067092031236
v 0.00221788208000362 0.04523234441876411 -0.00325412000529468
v 0.0021825642324984082 0.04519850388169288 -0.0030557063873857255
v 0.0021750680170953282 0.04506294429302215 -0.002882941393181681
v 0.002190770814195276 0.04491510242223739 -0.0027973013930022712
v 0.00221788208000362 0.04523234441876411 -0.00325412000529468
v 0.00221788208000362 0.04523234441876411 -0.00325412000529468
v 0.002190770814195276 0.04491510242223739 -0.0027973013930022712
v 0.0022078799083828935 0.04482659697532653 -0.002775656525045633
v 0.00221788208000362 0.04523234441876411 -0.00325412000529468
v 0.0022078799083828935 0.04482659697532653 -0.002775656525045633
v 0.002328987931832672 0.045221157371997826 -0.003899666247889399
v 0.002328987931832672 0.045221157371997826 -0.003899666247889399
v 0.0022078799083828935 0.04482659697532653 -0.002775656525045633
v 0.002228278201073409 0.04474184662103652 -0.0027696702163666482
v 0.002328987931832672 0.045221157371997826 -0.003899666247889399
v 0.002228278201073409 0.04474184662103652 -0.0027696702163666482
v 0.003759946674108507 0.03948337957262992 -0.0038070916198194023
v 0.003759946674108507 0.03948337957262992 -0.0038070916198194023
v 0.002228278201073409 0.04474184662103652 -0.0027696702163666482
v 0.002892713295295836 0.042051017284393304 -0.002682043239474296
v 0.003759946674108507 0.03948337957262992 -0.0038070916198194023
v 0.002892713295295836 0.042051017284393304 -0.002682043239474296
v 0.0035480808001011627 0.03926751017570495 -0.002591675147414207
v 0.003755800891667606 0.039483901113271706 -0.006221719551831483
v 0.0023254707921296367 0.04522151127457618 -0.006126909516751765
v 0.003843494690954687 0.0394727811217308 -0.005014405585825442
v 0.003843494690954687 0.0394727811217308 -0.005014405585825442
v 0.0023254707921296367 0.04522151127457618 -0.006126909516751765
v 0.0024000885896384725 0.045213989913463586 -0.004999969154596328
v 0.003843494690954687 0.0394727811217308 -0.005014405585825442
v 0.0024000885896384725 0.045213989913463586 -0.004999969154596328
v 0.003759946674108507 0.03948337957262992 -0.0038070916198194023
v 0.003759946674108507 0.03948337957262992 -0.0038070916198194023
v 0.0024000885896384725 0.045213989913463586 -0.004999969154596328
v 0.002373571740463377 0.045216657221317284 -0.004325615242123603
v 0.003759946674108507 0.03948337957262992 -0.0038070916198194023
v 0.002373571740463377 0.045216657221317284 -0.004325615242123603
v 0.002328987931832672 0.045221157371997826 -0.003899666247889399
v 0.004703866783529522 0.03381692618131637 -0.007584196515381335
v 0.003490858944132926 0.039517521858215325 -0.007400230504572391
v 0.005012182518839839 0.033766776323318475 -0.006315358448773622
v 0.005012182518839839 0.033766776323318475 -0.006315358448773622
v 0.003490858944132926 0.039517521858215325 -0.007400230504572391
v 0.003755800891667606 0.039483901113271706 -0.006221719551831483
v 0.005012182518839839 0.033766776323318475 -0.006315358448773622
v 0.003755800891667606 0.039483901113271706 -0.006221719551831483
v 0.0051134177483618285 0.03375031054019927 -0.005015509668737649
v 0.0051134177483618285 0.03375031054019927 -0.005015509668737649
v 0.003755800891667606 0.039483901113271706 -0.006221719551831483
v 0.003843494690954687 0.0394727811217308 -0.005014405585825442
v 0.0051134177483618285 0.03375031054019927 -0.005015509668737649
v 0.003843494690954687 0.0394727811217308 -0.005014405585825442
v 0.005016977898776534 0.0337659940123558 -0.0037156625185161825
v 0.005016977898776534 0.0337659940123558 -0.0037156625185161825
v 0.003843494690954687 0.0394727811217308 -0.005014405585825442
v 0.003759946674108507 0.03948337957262992 -0.0038070916198194023
v 0.005016977898776534 0.0337659940123558 -0.0037156625185161825
v 0.003759946674108507 0.03948337957262992 -0.0038070916198194023
v 0.004703866783529522 0.03381692618131637 -0.0024158114101737733
v 0.004703866783529522 0.03381692618131637 -0.0024158114101737733
v 0.003759946674108507 0.03948337957262992 -0.0038070916198194023
v 0.0035480808001011627 0.03926751017570495 -0.002591675147414207
v -0.0005072931526228788 0.04503952339291572 -0.0007020436460152267
v -0.000574604840949178 0.04243877157568931 -0.00022284418810158965
v 0.00013474700972437864 0.04236211627721786 -0.00038104003760963673
v 0.0014527685707435018 0.04482876136898994 -0.0015481180744245646
v 0.0014445313718169934 0.04482964426279067 -0.0015414034714922307
v 0.0013830562820658094 0.042230773717164986 -0.0009030924411490558
v 0.0013830562820658094 0.042230773717164986 -0.0009030924411490558
v 0.0014445313718169934 0.04482964426279067 -0.0015414034714922307
v 0.0008034290513023737 0.04489827156066894 -0.0011340222554281352
v 0.0013830562820658094 0.042230773717164986 -0.0009030924411490558
v 0.0008034290513023737 0.04489827156066894 -0.0011340222554281352
v 0.0007943763630464676 0.04229206591844558 -0.000613275566138327
v 0.0007943763630464676 0.04229206591844558 -0.000613275566138327
v 0.0008034290513023737 0.04489827156066894 -0.0011340222554281352
v 0.0005937090027146044 0.04492077231407165 -0.001035867375321686
v 0.0007943763630464676 0.04229206591844558 -0.000613275566138327
v 0.0005937090027146044 0.04492077231407165 -0.001035867375321686
v 0.00013474700972437864 0.04236211627721786 -0.00038104003760963673
v 0.00013474700972437864 0.04236211627721786 -0.00038104003760963673
v 0.0005937090027146044 0.04492077231407165 -0.001035867375321686
v 6.826247408753264e-05 0.0449773296713829 -0.0008423804538324474
v 0.00013474700972437864 0.04236211627721786 -0.00038104003760963673
v 6.826247408753264e-05 0.0449773296713829 -0.0008423804538324474
v -0.0005072931526228788 0.04503952339291572 -0.0007020436460152267
v 0.002567892195656897 0.04210254922509193 -0.0019503267249092458
v 0.0017039264785125858 0.044801738113164895 -0.0017822704976424573
v 0.0022775030229240665 0.042136751115322106 -0.0015859064878895877
v 0.0022775030229240665 0.042136751115322106 -0.0015859064878895877
v 0.0017039264785125858 0.044801738113164895 -0.0017822704976424573
v 0.0014527685707435018 0.04482876136898994 -0.0015481180744245646
v 0.0022775030229240665 0.042136751115322106 -0.0015859064878895877
v 0.0014527685707435018 0.04482876136898994 -0.0015481180744245646
v 0.0018817106029018768 0.042179092764854424 -0.0012327480362728236
v 0.0018817106029018768 0.042179092764854424 -0.0012327480362728236
v 0.0014527685707435018 0.04482876136898994 -0.0015481180744245646
v 0.0013830562820658094 0.042230773717164986 -0.0009030924411490558
v 0.002892713295295836 0.042051017284393304 -0.002682043239474296
v 0.002228278201073409 0.04474184662103652 -0.0027696702163666482
v 0.002764735370874406 0.04207447171211242 -0.0023205494508147235
v 0.002764735370874406 0.04207447171211242 -0.0023205494508147235
v 0.002228278201073409 0.04474184662103652 -0.0027696702163666482
v 0.002146886661648751 0.044752016663551324 -0.002513238228857517
v 0.002764735370874406 0.04207447171211242 -0.0023205494508147235
v 0.002146886661648751 0.044752016663551324 -0.002513238228857517
v 0.002567892195656897 0.04210254922509193 -0.0019503267249092458
v 0.002567892195656897 0.04210254922509193 -0.0019503267249092458
v 0.002146886661648751 0.044752016663551324 -0.002513238228857517
v 0.001973890932276846 0.044772114604711526 -0.0021408780012279745
v 0.002567892195656897 0.04210254922509193 -0.0019503267249092458
v 0.001973890932276846 0.044772114604711526 -0.0021408780012279745
v 0.0017039264785125858 0.044801738113164895 -0.0017822704976424573
v -0.00025672244373708974 0.0370609201490879 0.0003536957083269953
v -9.999264875659724e-06 0.03436251357197761 0.00046928215306252236
v 0.0006416006362996999 0.03696374967694282 0.00018189090769737956
v 0.0006416006362996999 0.03696374967694282 0.00018189090769737956
v -9.999264875659724e-06 0.03436251357197761 0.00046928215306252236
v 0.0009203547379001979 0.03426189348101615 0.0003063584445044398
v 0.0006416006362996999 0.03696374967694282 0.00018189090769737956
v 0.0009203547379001979 0.03426189348101615 0.0003063584445044398
v 0.0014785883249714977 0.03687327727675437 -8.744757360545917e-05
v 0.0014785883249714977 0.03687327727675437 -8.744757360545917e-05
v 0.0009203547379001979 0.03426189348101615 0.0003063584445044398
v 0.001832105335779489 0.03416239842772483 3.54409021383617e-05
v 0.0014785883249714977 0.03687327727675437 -8.744757360545917e-05
v 0.001832105335779489 0.03416239842772483 3.54409021383617e-05
v 0.0022301822900772103 0.03679168969392776 -0.00043548189569264645
v 0.0022301822900772103 0.03679168969392776 -0.00043548189569264645
v 0.001832105335779489 0.03416239842772483 3.54409021383617e-05
v 0.0026511808391660465 0.03407142683863639 -0.00032139068935066456
v 0.0022301822900772103 0.03679168969392776 -0.00043548189569264645
v 0.0026511808391660465 0.03407142683863639 -0.00032139068935066456
v 0.0028707974124699844 0.036720994859933846 -0.0008366463007405399
v 0.0028707974124699844 0.036720994859933846 -0.0008366463007405399
v 0.0026511808391660465 0.03407142683863639 -0.00032139068935066456
v 0.003348503261804582 0.03399183973670005 -0.0007364872144535183
v 0.0028707974124699844 0.036720994859933846 -0.0008366463007405399
v 0.003348503261804582 0.03399183973670005 -0.0007364872144535183
v 0.0039006259758025425 0.033926244825124734 -0.0011781438952311871
v -0.000574604840949178 0.04243877157568931 -0.00022284418810158965
v -0.0004674870287999513 0.03975544497370719 0.00012984906788915393
v 0.00013474700972437864 0.04236211627721786 -0.00038104003760963673
v 0.00013474700972437864 0.04236211627721786 -0.00038104003760963673
v -0.0004674870287999513 0.03975544497370719 0.00012984906788915393
v 0.0003471226373221727 0.03966733068227767 -3.98248630517628e-05
v 0.00013474700972437864 0.04236211627721786 -0.00038104003760963673
v 0.0003471226373221727 0.03966733068227767 -3.98248630517628e-05
v 0.0007943763630464676 0.04229206591844558 -0.000613275566138327
v 0.0007943763630464676 0.04229206591844558 -0.000613275566138327
v 0.0003471226373221727 0.03966733068227767 -3.98248630517628e-05
v 0.0011062602279707794 0.03958622366189956 -0.0002969830529764294
v 0.0007943763630464676 0.04229206591844558 -0.000613275566138327
v 0.0011062602279707794 0.03958622366189956 -0.0002969830529764294
v 0.0013830562820658094 0.042230773717164986 -0.0009030924411490558
v 0.0013830562820658094 0.042230773717164986 -0.0009030924411490558
v 0.0011062602279707794 0.03958622366189956 -0.0002969830529764294
v 0.001787572749890388 0.03951424360275268 -0.0006232537562027573
v 0.0013830562820658094 0.042230773717164986 -0.0009030924411490558
v 0.001787572749890388 0.03951424360275268 -0.0006232537562027573
v 0.0018817106029018768 0.042179092764854424 -0.0012327480362728236
v 0.0018817106029018768 0.042179092764854424 -0.0012327480362728236
v 0.001787572749890388 0.03951424360275268 -0.0006232537562027573
v 0.0023683162871748218 0.03945260494947433 -0.0009966563666239379
v 0.0018817106029018768 0.042179092764854424 -0.0012327480362728236
v 0.0023683162871748218 0.03945260494947433 -0.0009966563666239379
v 0.0022775030229240665 0.042136751115322106 -0.0015859064878895877
v 0.0022775030229240665 0.042136751115322106 -0.0015859064878895877
v 0.0023683162871748218 0.03945260494947433 -0.0009966563666239379
v 0.002831254154443742 0.0394015721976757 -0.0013954708119854329
v 0.0022775030229240665 0.042136751115322106 -0.0015859064878895877
v 0.002831254154443742 0.0394015721976757 -0.0013954708119854329
v 0.002567892195656897 0.04210254922509193 -0.0019503267249092458
v 0.002567892195656897 0.04210254922509193 -0.0019503267249092458
v 0.002831254154443742 0.0394015721976757 -0.0013954708119854329
v 0.0031705240253359092 0.039360377937555306 -0.0018021037103608248
v 0.002567892195656897 0.04210254922509193 -0.0019503267249092458
v 0.0031705240253359092 0.039360377937555306 -0.0018021037103608248
v 0.002764735370874406 0.04207447171211242 -0.0023205494508147235
v 0.002764735370874406 0.04207447171211242 -0.0023205494508147235
v 0.0031705240253359092 0.039360377937555306 -0.0018021037103608248
v 0.0033975208643823875 0.039327178150415414 -0.0022069548722356554
v 0.002764735370874406 0.04207447171211242 -0.0023205494508147235
v 0.0033975208643823875 0.039327178150415414 -0.0022069548722356554
v 0.002892713295295836 0.042051017284393304 -0.002682043239474296
v 0.002892713295295836 0.042051017284393304 -0.002682043239474296
v 0.0033975208643823875 0.039327178150415414 -0.0022069548722356554
v 0.0035480808001011627 0.03926751017570495 -0.002591675147414207
v 0.004703866783529522 0.03381692618131637 -0.0024158114101737733
v 0.0035480808001011627 0.03926751017570495 -0.002591675147414207
v 0.004553454928100111 0.033840503543615334 -0.002036846941336989
v 0.004553454928100111 0.033840503543615334 -0.002036846941336989
v 0.0035480808001011627 0.03926751017570495 -0.002591675147414207
v 0.0033975208643823875 0.039327178150415414 -0.0022069548722356554
v 0.004553454928100111 0.033840503543615334 -0.002036846941336989
v 0.0033975208643823875 0.039327178150415414 -0.0022069548722356554
v 0.0042980345897376555 0.03387603908777236 -0.001617734902538359
v 0.0042980345897376555 0.03387603908777236 -0.001617734902538359
v 0.0033975208643823875 0.039327178150415414 -0.0022069548722356554
v 0.0031705240253359092 0.039360377937555306 -0.0018021037103608248
v 0.0042980345897376555 0.03387603908777236 -0.001617734902538359
v 0.0031705240253359092 0.039360377937555306 -0.0018021037103608248
v 0.0039006259758025425 0.033926244825124734 -0.0011781438952311871
v 0.0039006259758025425 0.033926244825124734 -0.0011781438952311871
v 0.0031705240253359092 0.039360377937555306 -0.0018021037103608248
v 0.002831254154443742 0.0394015721976757 -0.0013954708119854329
v 0.0039006259758025425 0.033926244825124734 -0.0011781438952311871
v 0.002831254154443742 0.0394015721976757 -0.0013954708119854329
v 0.0028707974124699844 0.036720994859933846 -0.0008366463007405399
v 0.0028707974124699844 0.036720994859933846 -0.0008366463007405399
v 0.002831254154443742 0.0394015721976757 -0.0013954708119854329
v 0.0023683162871748218 0.03945260494947433 -0.0009966563666239379
v 0.0028707974124699844 0.036720994859933846 -0.0008366463007405399
v 0.0023683162871748218 0.03945260494947433 -0.0009966563666239379
v 0.0022301822900772103 0.03679168969392776 -0.00043548189569264645
v 0.0022301822900772103 0.03679168969392776 -0.00043548189569264645
v 0.0023683162871748218 0.03945260494947433 -0.0009966563666239379
v 0.001787572749890388 0.03951424360275268 -0.0006232537562027573
v 0.0022301822900772103 0.03679168969392776 -0.00043548189569264645
v 0.001787572749890388 0.03951424360275268 -0.0006232537562027573
v 0.0014785883249714977 0.03687327727675437 -8.744757360545917e-05
v 0.0014785883249714977 0.03687327727675437 -8.744757360545917e-05
v 0.001787572749890388 0.03951424360275268 -0.0006232537562027573
v 0.0011062602279707794 0.03958622366189956 -0.0002969830529764294
v 0.0014785883249714977 0.03687327727675437 -8.744757360545917e-05
v 0.0011062602279707794 0.03958622366189956 -0.0002969830529764294
v 0.0006416006362996999 0.03696374967694282 0.00018189090769737956
v 0.0006416006362996999 0.03696374967694282 0.00018189090769737956
v 0.0011062602279707794 0.03958622366189956 -0.0002969830529764294
v 0.0003471226373221727 0.03966733068227767 -3.98248630517628e-05
v 0.0006416006362996999 0.03696374967694282 0.00018189090769737956
v 0.0003471226373221727 0.03966733068227767 -3.98248630517628e-05
v -0.00025672244373708974 0.0370609201490879 0.0003536957083269953
v -0.00025672244373708974 0.0370609201490879 0.0003536957083269953
v 0.0003471226373221727 0.03966733068227767 -3.98248630517628e-05
v -0.0004674870287999513 0.03975544497370719 0.00012984906788915393
v -0.005102657247334721 0.03197734057903289 -0.002834751736372709
v -0.004689584951847793 0.03036132268607616 -0.0028457446023821826
v -0.004308332689106466 0.030410980805754658 -0.001947303651832044
v -0.003829195862635972 0.027952142059803006 -0.002857648534700274
v -0.002909328788518907 0.02607440575957298 -0.0028602892998605962
v -0.0025254329666495336 0.026202248409390446 -0.0019657125230878587
v -0.004554975312203171 0.02991760522127151 -0.0028485276270657773
v -0.003917640075087549 0.02816197834908962 -0.002856986597180366
v -0.0035177974496036785 0.028248814865946766 -0.0019604424014687534
v -0.004442827776074411 0.03377015143632888 -0.0005831677699461578
v -0.004614459816366436 0.03486421704292297 -0.0005953527288511394
v -0.004993902985006573 0.03490456193685531 -0.001252791960723698
v -0.004689584951847793 0.03036132268607616 -0.0028457446023821826
v -0.004554975312203171 0.02991760522127151 -0.0028485276270657773
v -0.004308332689106466 0.030410980805754658 -0.001947303651832044
v -0.004308332689106466 0.030410980805754658 -0.001947303651832044
v -0.004554975312203171 0.02991760522127151 -0.0028485276270657773
v -0.0035177974496036785 0.028248814865946766 -0.0019604424014687534
v -0.004308332689106466 0.030410980805754658 -0.001947303651832044
v -0.0035177974496036785 0.028248814865946766 -0.0019604424014687534
v -0.003971246071159841 0.030464977025985714 -0.0012945068301632998
v -0.003971246071159841 0.030464977025985714 -0.0012945068301632998
v -0.0035177974496036785 0.028248814865946766 -0.0019604424014687534
v -0.0031756232492625726 0.028351126238703724 -0.0013337867567315696
v -0.003971246071159841 0.030464977025985714 -0.0012945068301632998
v -0.0031756232492625726 0.028351126238703724 -0.0013337867567315696
v -0.0035520666278898733 0.030531264841556546 -0.0006467985222116112
v -0.0035520666278898733 0.030531264841556546 -0.0006467985222116112
v -0.0031756232492625726 0.028351126238703724 -0.0013337867567315696
v -0.002753775799646975 0.028489319607615467 -0.0007012319983914493
v -0.00025409075897187005 0.02766655012965202 0.0006012906087562441
v -0.0005555641255341472 0.028443749994039532 0.0006013381062075495
v -0.000301205785945058 0.027616886422038075 0.0005989120109006761
v -0.000301205785945058 0.027616886422038075 0.0005989120109006761
v -0.0005555641255341472 0.028443749994039532 0.0006013381062075495
v -0.001254205824807287 0.029043443500995633 0.0005424598930403589
v -0.000301205785945058 0.027616886422038075 0.0005989120109006761
v -0.001254205824807287 0.029043443500995633 0.0005424598930403589
v -0.0005257814773358407 0.027399685233831402 0.0005434796912595629
v -0.0005257814773358407 0.027399685233831402 0.0005434796912595629
v -0.001254205824807287 0.029043443500995633 0.0005424598930403589
v -0.000771771126892418 0.027202431112527844 0.00040402950253337616
v -0.0017477887449786076 0.02882883138954639 0.00029330642428249115
v -0.0009247325942851607 0.027093188837170597 0.0002872025361284613
v -0.000771771126892418 0.027202431112527844 0.00040402950253337616
v -0.0005555641255341472 0.028443749994039532 0.0006013381062075495
v -0.0008734410512261097 0.029306441545486447 0.0006066475762054323
v -0.001254205824807287 0.029043443500995633 0.0005424598930403589
v -0.001254205824807287 0.029043443500995633 0.0005424598930403589
v -0.0008734410512261097 0.029306441545486447 0.0006066475762054323
v -0.0015662700170651085 0.03146757185459136 0.0006323972484096884
v -0.001254205824807287 0.029043443500995633 0.0005424598930403589
v -0.0015662700170651085 0.03146757185459136 0.0006323972484096884
v -0.0019488270627334723 0.03079745918512344 0.0005678044399246572
v -0.0019488270627334723 0.03079745918512344 0.0005678044399246572
v -0.0015662700170651085 0.03146757185459136 0.0006323972484096884
v -0.0019086782122030863 0.03281502053141593 0.0006322114495560526
v -0.0019488270627334723 0.03079745918512344 0.0005678044399246572
v -0.0019086782122030863 0.03281502053141593 0.0006322114495560526
v -0.0025303745642304433 0.03267784789204597 0.0005765621317550539
v -0.0019086782122030863 0.03281502053141593 0.0006322114495560526
v -0.002256316365674139 0.034605089575052254 0.0005924556171521543
v -0.0025303745642304433 0.03267784789204597 0.0005765621317550539
v -0.0025303745642304433 0.03267784789204597 0.0005765621317550539
v -0.002256316365674139 0.034605089575052254 0.0005924556171521543
v -0.0029235989786684526 0.03467807918787002 0.0005316919414326547
v -0.0025303745642304433 0.03267784789204597 0.0005765621317550539
v -0.0029235989786684526 0.03467807918787002 0.0005316919414326547
v -0.0033947953488677753 0.03368745744228362 0.00035450782161206
v -0.0033947953488677753 0.03368745744228362 0.00035450782161206
v -0.0029235989786684526 0.03467807918787002 0.0005316919414326547
v -0.003569400170817973 0.03474953025579452 0.0003293383633717894
v -0.0033947953488677753 0.03368745744228362 0.00035450782161206
v -0.003569400170817973 0.03474953025579452 0.0003293383633717894
v -0.004139756318181755 0.034812513738870614 -5.010014501749537e-05
v -0.004614459816366436 0.03486421704292297 -0.0005953527288511394
v -0.004442827776074411 0.03377015143632888 -0.0005831677699461578
v -0.00396664207801223 0.03373513370752334 -3.1672530894866206e-05
v -0.00396664207801223 0.03373513370752334 -3.1672530894866206e-05
v -0.004442827776074411 0.03377015143632888 -0.0005831677699461578
v -0.003718040883541109 0.03266633301973342 -3.643252057372592e-05
v -0.00396664207801223 0.03373513370752334 -3.1672530894866206e-05
v -0.003718040883541109 0.03266633301973342 -3.643252057372592e-05
v -0.0031530742999166263 0.032647479325532906 0.00036122591700404877
v -0.0031530742999166263 0.032647479325532906 0.00036122591700404877
v -0.003718040883541109 0.03266633301973342 -3.643252057372592e-05
v -0.003059482201933862 0.030598960816860196 -8.488364255754276e-05
v -0.0031530742999166263 0.032647479325532906 0.00036122591700404877
v -0.003059482201933862 0.030598960816860196 -8.488364255754276e-05
v -0.00251087360084057 0.03066790848970413 0.00033284246455878014
v -0.00251087360084057 0.03066790848970413 0.00033284246455878014
v -0.003059482201933862 0.030598960816860196 -8.488364255754276e-05
v -0.00226838723756373 0.028651870787143704 -0.0001382805639877915
v -0.00251087360084057 0.03066790848970413 0.00033284246455878014
v -0.00226838723756373 0.028651870787143704 -0.0001382805639877915
v -0.0017477887449786076 0.02882883138954639 0.00029330642428249115
v -0.0017477887449786076 0.02882883138954639 0.00029330642428249115
v -0.00226838723756373 0.028651870787143704 -0.0001382805639877915
v -0.0014809048734605319 0.02673920430243015 -0.00028230447787791485
v -0.0017477887449786076 0.02882883138954639 0.00029330642428249115
v -0.0014809048734605319 0.02673920430243015 -0.00028230447787791485
v -0.0009247325942851607 0.027093188837170597 0.0002872025361284613
v -0.000771771126892418 0.027202431112527844 0.00040402950253337616
v -0.001254205824807287 0.029043443500995633 0.0005424598930403589
v -0.0017477887449786076 0.02882883138954639 0.00029330642428249115
v -0.0017477887449786076 0.02882883138954639 0.00029330642428249115
v -0.001254205824807287 0.029043443500995633 0.0005424598930403589
v -0.0019488270627334723 0.03079745918512344 0.0005678044399246572
v -0.0017477887449786076 0.02882883138954639 0.00029330642428249115
v -0.0019488270627334723 0.03079745918512344 0.0005678044399246572
v -0.00251087360084057 0.03066790848970413 0.00033284246455878014
v -0.00251087360084057 0.03066790848970413 0.00033284246455878014
v -0.0019488270627334723 0.03079745918512344 0.0005678044399246572
v -0.0025303745642304433 0.03267784789204597 0.0005765621317550539
v -0.00251087360084057 0.03066790848970413 0.00033284246455878014
v -0.0025303745642304433 0.03267784789204597 0.0005765621317550539
v -0.0031530742999166263 0.032647479325532906 0.00036122591700404877
v -0.0031530742999166263 0.032647479325532906 0.00036122591700404877
v -0.0025303745642304433 0.03267784789204597 0.0005765621317550539
v -0.0033947953488677753 0.03368745744228362 0.00035450782161206
v -0.0031530742999166263 0.032647479325532906 0.00036122591700404877
v -0.0033947953488677753 0.03368745744228362 0.00035450782161206
v -0.00396664207801223 0.03373513370752334 -3.1672530894866206e-05
v -0.00396664207801223 0.03373513370752334 -3.1672530894866206e-05
v -0.0033947953488677753 0.03368745744228362 0.00035450782161206
v -0.004139756318181755 0.034812513738870614 -5.010014501749537e-05
v -0.00396664207801223 0.03373513370752334 -3.1672530894866206e-05
v -0.004139756318181755 0.034812513738870614 -5.010014501749537e-05
v -0.004614459816366436 0.03486421704292297 -0.0005953527288511394
v -0.003917640075087549 0.02816197834908962 -0.002856986597180366
v -0.003829195862635972 0.027952142059803006 -0.002857648534700274
v -0.0035177974496036785 0.028248814865946766 -0.0019604424014687534
v -0.0035177974496036785 0.028248814865946766 -0.0019604424014687534
v -0.003829195862635972 0.027952142059803006 -0.002857648534700274
v -0.0025254329666495336 0.026202248409390446 -0.0019657125230878587
v -0.0035177974496036785 0.028248814865946766 -0.0019604424014687534
v -0.0025254329666495336 0.026202248409390446 -0.0019657125230878587
v -0.0031756232492625726 0.028351126238703724 -0.0013337867567315696
v -0.0031756232492625726 0.028351126238703724 -0.0013337867567315696
v -0.0025254329666495336 0.026202248409390446 -0.0019657125230878587
v -0.0023447778075933465 0.02628090977668762 -0.0016068856930360196
v -0.0031756232492625726 0.028351126238703724 -0.0013337867567315696
v -0.0023447778075933465 0.02628090977668762 -0.0016068856930360196
v -0.002753775799646975 0.028489319607615467 -0.0007012319983914493
v -0.002753775799646975 0.028489319607615467 -0.0007012319983914493
v -0.0023447778075933465 0.02628090977668762 -0.0016068856930360196
v -0.0018150835530832419 0.02654839865863323 -0.0007264130981639027
v -0.005245259031653407 0.032664462924003594 -0.002830181503668427
v -0.005102657247334721 0.03197734057903289 -0.002834751736372709
v -0.004903234541416171 0.032667804509401314 -0.0019333685049787162
v -0.004903234541416171 0.032667804509401314 -0.0019333685049787162
v -0.005102657247334721 0.03197734057903289 -0.002834751736372709
v -0.004308332689106466 0.030410980805754658 -0.001947303651832044
v -0.004903234541416171 0.032667804509401314 -0.0019333685049787162
v -0.004308332689106466 0.030410980805754658 -0.001947303651832044
v -0.004592598415911199 0.032673329114913933 -0.0012554189888760445
v -0.004592598415911199 0.032673329114913933 -0.0012554189888760445
v -0.004308332689106466 0.030410980805754658 -0.001947303651832044
v -0.003971246071159841 0.030464977025985714 -0.0012945068301632998
v -0.004592598415911199 0.032673329114913933 -0.0012554189888760445
v -0.003971246071159841 0.030464977025985714 -0.0012945068301632998
v -0.004198811482638122 0.03267566114664077 -0.0005936977686360477
v -0.004198811482638122 0.03267566114664077 -0.0005936977686360477
v -0.003971246071159841 0.030464977025985714 -0.0012945068301632998
v -0.0035520666278898733 0.030531264841556546 -0.0006467985222116112
v -0.005598118994385007 0.03496597707271575 -0.002819119486957788
v -0.00548225408419967 0.0340682491660118 -0.002822336973622441
v -0.005492889788001778 0.034955408424139016 -0.0025043678469955917
v -0.005492889788001778 0.034955408424139016 -0.0025043678469955917
v -0.00548225408419967 0.0340682491660118 -0.002822336973622441
v -0.005245259031653407 0.032664462924003594 -0.002830181503668427
v -0.005492889788001778 0.034955408424139016 -0.0025043678469955917
v -0.005245259031653407 0.032664462924003594 -0.002830181503668427
v -0.005285963416099551 0.03493466600775718 -0.0019308383343741296
v -0.005285963416099551 0.03493466600775718 -0.0019308383343741296
v -0.005245259031653407 0.032664462924003594 -0.002830181503668427
v -0.004903234541416171 0.032667804509401314 -0.0019333685049787162
v -0.005285963416099551 0.03493466600775718 -0.0019308383343741296
v -0.004903234541416171 0.032667804509401314 -0.0019333685049787162
v -0.004993902985006573 0.03490456193685531 -0.001252791960723698
v -0.004993902985006573 0.03490456193685531 -0.001252791960723698
v -0.004903234541416171 0.032667804509401314 -0.0019333685049787162
v -0.004592598415911199 0.032673329114913933 -0.0012554189888760445
v -0.004993902985006573 0.03490456193685531 -0.001252791960723698
v -0.004592598415911199 0.032673329114913933 -0.0012554189888760445
v -0.004442827776074411 0.03377015143632888 -0.0005831677699461578
v -0.004442827776074411 0.03377015143632888 -0.0005831677699461578
v -0.004592598415911199 0.032673329114913933 -0.0012554189888760445
v -0.004198811482638122 0.03267566114664077 -0.0005936977686360477
v -0.004442827776074411 0.03377015143632888 -0.0005831677699461578
v -0.004198811482638122 0.03267566114664077 -0.0005936977686360477
v -0.003718040883541109 0.03266633301973342 -3.643252057372592e-05
v -0.003718040883541109 0.03266633301973342 -3.643252057372592e-05
v -0.004198811482638122 0.03267566114664077 -0.0005936977686360477
v -0.0035520666278898733 0.030531264841556546 -0.0006467985222116112
v -0.003718040883541109 0.03266633301973342 -3.643252057372592e-05
v -0.0035520666278898733 0.030531264841556546 -0.0006467985222116112
v -0.003059482201933862 0.030598960816860196 -8.488364255754276e-05
v -0.003059482201933862 0.030598960816860196 -8.488364255754276e-05
v -0.0035520666278898733 0.030531264841556546 -0.0006467985222116112
v -0.002753775799646975 0.028489319607615467 -0.0007012319983914493
v -0.003059482201933862 0.030598960816860196 -8.488364255754276e-05
v -0.002753775799646975 0.028489319607615467 -0.0007012319983914493
v -0.00226838723756373 0.028651870787143704 -0.0001382805639877915
v -0.00226838723756373 0.028651870787143704 -0.0001382805639877915
v -0.002753775799646975 0.028489319607615467 -0.0007012319983914493
v -0.0018150835530832419 0.02654839865863323 -0.0007264130981639027
v -0.00226838723756373 0.028651870787143704 -0.0001382805639877915
v -0.0018150835530832419 0.02654839865863323 -0.0007264130981639027
v -0.0014809048734605319 0.02673920430243015 -0.00028230447787791485
v -0.0027050159405916942 0.04396669939160346 -0.00030689046252518887
v -0.0027682720683515085 0.04261529445648193 -6.88811924192123e-05
v -0.0016252031782642013 0.042551208287477486 -0.00010245024895993991
v -0.0016252031782642013 0.042551208287477486 -0.00010245024895993991
v -0.0027682720683515085 0.04261529445648193 -6.88811924192123e-05
v -0.002770510967820884 0.039947144687175744 0.00027806439902633423
v -0.0016252031782642013 0.042551208287477486 -0.00010245024895993991
v -0.002770510967820884 0.039947144687175744 0.00027806439902633423
v -0.0015604768414050347 0.03987298905849456 0.00024284271057695148
v -0.0015604768414050347 0.03987298905849456 0.00024284271057695148
v -0.002770510967820884 0.039947144687175744 0.00027806439902633423
v -0.0026081772521138204 0.03731486201286315 0.00048319192137569184
v -0.0015604768414050347 0.03987298905849456 0.00024284271057695148
v -0.0026081772521138204 0.03731486201286315 0.00048319192137569184
v -0.0013588729780167348 0.037179805338382714 0.00045403547119349236
v -0.0013588729780167348 0.037179805338382714 0.00045403547119349236
v -0.0026081772521138204 0.03731486201286315 0.00048319192137569184
v -0.0024547504726797355 0.035948153585195534 0.0005470033502206205
v -0.0013588729780167348 0.037179805338382714 0.00045403547119349236
v -0.0024547504726797355 0.035948153585195534 0.0005470033502206205
v -0.0010450468398630623 0.03447427973151206 0.0005596306873485445
v -0.0010450468398630623 0.03447427973151206 0.0005596306873485445
v -0.0024547504726797355 0.035948153585195534 0.0005470033502206205
v -0.002256316365674139 0.034605089575052254 0.0005924556171521543
v -0.000574604840949178 0.04243877157568931 -0.00022284418810158965
v -0.0005072931526228788 0.04503952339291572 -0.0007020436460152267
v -0.001514900010079146 0.04514837265014648 -0.0005821181694045662
v -0.0026020773220807327 0.04526573792099952 -0.0005828599678352474
v -0.0027050159405916942 0.04396669939160346 -0.00030689046252518887
v -0.001514900010079146 0.04514837265014648 -0.0005821181694045662
v -0.001514900010079146 0.04514837265014648 -0.0005821181694045662
v -0.0027050159405916942 0.04396669939160346 -0.00030689046252518887
v -0.0016252031782642013 0.042551208287477486 -0.00010245024895993991
v -0.001514900010079146 0.04514837265014648 -0.0005821181694045662
v -0.0016252031782642013 0.042551208287477486 -0.00010245024895993991
v -0.000574604840949178 0.04243877157568931 -0.00022284418810158965
v -0.000574604840949178 0.04243877157568931 -0.00022284418810158965
v -0.0016252031782642013 0.042551208287477486 -0.00010245024895993991
v -0.0015604768414050347 0.03987298905849456 0.00024284271057695148
v -0.000574604840949178 0.04243877157568931 -0.00022284418810158965
v -0.0015604768414050347 0.03987298905849456 0.00024284271057695148
v -0.0004674870287999513 0.03975544497370719 0.00012984906788915393
v -0.0004674870287999513 0.03975544497370719 0.00012984906788915393
v -0.0015604768414050347 0.03987298905849456 0.00024284271057695148
v -0.0013588729780167348 0.037179805338382714 0.00045403547119349236
v -0.0004674870287999513 0.03975544497370719 0.00012984906788915393
v -0.0013588729780167348 0.037179805338382714 0.00045403547119349236
v -0.00025672244373708974 0.0370609201490879 0.0003536957083269953
v -0.00025672244373708974 0.0370609201490879 0.0003536957083269953
v -0.0013588729780167348 0.037179805338382714 0.00045403547119349236
v -0.0010450468398630623 0.03447427973151206 0.0005596306873485445
v -0.00025672244373708974 0.0370609201490879 0.0003536957083269953
v -0.0010450468398630623 0.03447427973151206 0.0005596306873485445
v -9.999264875659724e-06 0.03436251357197761 0.00046928215306252236
v -0.005692220292985442 0.03814645111560821 -0.007482816465198993
v -0.0057913730852305915 0.03788841143250465 -0.0071740932762622825
v -0.005722311325371268 0.04040155187249183 -0.0071397307328879825
v -0.005492889788001778 0.034955408424139016 -0.007495640311390161
v -0.005598126444965604 0.03496598079800605 -0.007180900778621434
v -0.0057051223702728774 0.036081824451684945 -0.007181978784501552
v -0.0057051223702728774 0.036081824451684945 -0.007181978784501552
v -0.005640742834657433 0.03661831840872764 -0.007495406083762645
v -0.005492889788001778 0.034955408424139016 -0.007495640311390161
v -0.005492889788001778 0.034955408424139016 -0.007495640311390161
v -0.005640742834657433 0.03661831840872764 -0.007495406083762645
v -0.005436418112367394 0.03653954714536666 -0.008058105595409868
v -0.005492889788001778 0.034955408424139016 -0.007495640311390161
v -0.005436418112367394 0.03653954714536666 -0.008058105595409868
v -0.005037983413785699 0.03490916267037391 -0.008655038662254809
v -0.005037983413785699 0.03490916267037391 -0.008655038662254809
v -0.005436418112367394 0.03653954714536666 -0.008058105595409868
v -0.005145492963492873 0.03645223379135131 -0.008724097162485121
v -0.005037983413785699 0.03490916267037391 -0.008655038662254809
v -0.005145492963492873 0.03645223379135131 -0.008724097162485121
v -0.0047665266320109385 0.03635778278112411 -0.009372325614094732
v -0.0042946799658238905 0.0362563207745552 -0.009911710396409033
v -0.004420882556587459 0.03484325483441352 -0.009658665396273134
v -0.0047665266320109385 0.03635778278112411 -0.009372325614094732
v -0.0047665266320109385 0.03635778278112411 -0.009372325614094732
v -0.004420882556587459 0.03484325483441352 -0.009658665396273134
v -0.004614459816366436 0.03486421704292297 -0.00940465461462736
v -0.0047665266320109385 0.03635778278112411 -0.009372325614094732
v -0.004614459816366436 0.03486421704292297 -0.00940465461462736
v -0.005037983413785699 0.03490916267037391 -0.008655038662254809
v -0.002786823082715274 0.03466301038861274 -0.010553527623414992
v -0.0029235989786684526 0.03467807918787002 -0.010531700216233729
v -0.0032280436716973795 0.03740122914314269 -0.01042522583156824
v -0.0032280436716973795 0.03740122914314269 -0.01042522583156824
v -0.0029235989786684526 0.03467807918787002 -0.010531700216233729
v -0.003569400170817973 0.03474953025579452 -0.010329346172511576
v -0.0032280436716973795 0.03740122914314269 -0.01042522583156824
v -0.003569400170817973 0.03474953025579452 -0.010329346172511576
v -0.003732537385076286 0.036148596554994576 -0.010287382639944552
v -0.003732537385076286 0.036148596554994576 -0.010287382639944552
v -0.003569400170817973 0.03474953025579452 -0.010329346172511576
v -0.0037021986208856123 0.03476423397660255 -0.0102615300565958
v -0.003732537385076286 0.036148596554994576 -0.010287382639944552
v -0.0037021986208856123 0.03476423397660255 -0.0102615300565958
v -0.0042946799658238905 0.0362563207745552 -0.009911710396409033
v -0.0042946799658238905 0.0362563207745552 -0.009911710396409033
v -0.0037021986208856123 0.03476423397660255 -0.0102615300565958
v -0.004139756318181755 0.034812513738870614 -0.009949907660484312
v -0.0042946799658238905 0.0362563207745552 -0.009911710396409033
v -0.004139756318181755 0.034812513738870614 -0.009949907660484312
v -0.004420882556587459 0.03484325483441352 -0.009658665396273134
v -0.0026066468562930835 0.0372987650334835 -0.010484095662832258
v -0.002256316365674139 0.034605089575052254 -0.01059246342629194
v -0.002786823082715274 0.03466301038861274 -0.010553527623414992
v -0.002786823082715274 0.03466301038861274 -0.010553527623414992
v -0.0032280436716973795 0.03740122914314269 -0.01042522583156824
v -0.0026066468562930835 0.0372987650334835 -0.010484095662832258
v -0.0026066468562930835 0.0372987650334835 -0.010484095662832258
v -0.0032280436716973795 0.03740122914314269 -0.01042522583156824
v -0.003093074541538955 0.039954725652933114 -0.010261942632496355
v -0.0026066468562930835 0.0372987650334835 -0.010484095662832258
v -0.003093074541538955 0.039954725652933114 -0.010261942632496355
v -0.002770510967820884 0.039947144687175744 -0.01027807220816612
v -0.003336892463266851 0.039967175573110574 -0.010228636674582956
v -0.0038346953224390763 0.037528041750192635 -0.010227407328784464
v -0.003930563572794201 0.04001621156930923 -0.010022473521530626
v -0.003930563572794201 0.04001621156930923 -0.010022473521530626
v -0.0038346953224390763 0.037528041750192635 -0.010227407328784464
v -0.004377435427159073 0.03765781968832015 -0.009854390285909174
v -0.003930563572794201 0.04001621156930923 -0.010022473521530626
v -0.004377435427159073 0.03765781968832015 -0.009854390285909174
v -0.004390039015561344 0.040071830153465264 -0.0096841175109148
v -0.004390039015561344 0.040071830153465264 -0.0096841175109148
v -0.004377435427159073 0.03765781968832015 -0.009854390285909174
v -0.004608961287885906 0.04010479897260665 -0.009446911513805388
v -0.004608961287885906 0.04010479897260665 -0.009446911513805388
v -0.004377435427159073 0.03765781968832015 -0.009854390285909174
v -0.004835975822061302 0.03778648003935813 -0.009320735931396483
v -0.004608961287885906 0.04010479897260665 -0.009446911513805388
v -0.004835975822061302 0.03778648003935813 -0.009320735931396483
v -0.004814005922526123 0.040140494704246514 -0.009169541299343107
v -0.004814005922526123 0.040140494704246514 -0.009169541299343107
v -0.004835975822061302 0.03778648003935813 -0.009320735931396483
v -0.005206720437854531 0.0379122607409954 -0.008683050982654093
v -0.004814005922526123 0.040140494704246514 -0.009169541299343107
v -0.005206720437854531 0.0379122607409954 -0.008683050982654093
v -0.005216152872890237 0.04022900015115737 -0.008439563214778898
v -0.005722311325371268 0.04040155187249183 -0.0071397307328879825
v -0.005618653260171416 0.04035673663020133 -0.007435000035911798
v -0.005692220292985442 0.03814645111560821 -0.007482816465198993
v -0.005692220292985442 0.03814645111560821 -0.007482816465198993
v -0.005618653260171416 0.04035673663020133 -0.007435000035911798
v -0.005216152872890237 0.04022900015115737 -0.008439563214778898
v -0.005692220292985442 0.03814645111560821 -0.007482816465198993
v -0.005216152872890237 0.04022900015115737 -0.008439563214778898
v -0.0054922318086028125 0.03803350403904914 -0.008031679317355154
v -0.0054922318086028125 0.03803350403904914 -0.008031679317355154
v -0.005216152872890237 0.04022900015115737 -0.008439563214778898
v -0.005206720437854531 0.0379122607409954 -0.008683050982654093
v -0.0057051223702728774 0.036081824451684945 -0.007181978784501552
v -0.0057913730852305915 0.03788841143250465 -0.0071740932762622825
v -0.005640742834657433 0.03661831840872764 -0.007495406083762645
v -0.005640742834657433 0.03661831840872764 -0.007495406083762645
v -0.0057913730852305915 0.03788841143250465 -0.0071740932762622825
v -0.005692220292985442 0.03814645111560821 -0.007482816465198993
v -0.005640742834657433 0.03661831840872764 -0.007495406083762645
v -0.005692220292985442 0.03814645111560821 -0.007482816465198993
v -0.005436418112367394 0.03653954714536666 -0.008058105595409868
v -0.005436418112367394 0.03653954714536666 -0.008058105595409868
v -0.005692220292985442 0.03814645111560821 -0.007482816465198993
v -0.0054922318086028125 0.03803350403904914 -0.008031679317355154
v -0.005436418112367394 0.03653954714536666 -0.008058105595409868
v -0.0054922318086028125 0.03803350403904914 -0.008031679317355154
v -0.005145492963492873 0.03645223379135131 -0.008724097162485121
v -0.005145492963492873 0.03645223379135131 -0.008724097162485121
v -0.0054922318086028125 0.03803350403904914 -0.008031679317355154
v -0.005206720437854531 0.0379122607409954 -0.008683050982654093
v -0.005145492963492873 0.03645223379135131 -0.008724097162485121
v -0.005206720437854531 0.0379122607409954 -0.008683050982654093
v -0.0047665266320109385 0.03635778278112411 -0.009372325614094732
v -0.0047665266320109385 0.03635778278112411 -0.009372325614094732
v -0.005206720437854531 0.0379122607409954 -0.008683050982654093
v -0.004835975822061302 0.03778648003935813 -0.009320735931396483
v -0.0047665266320109385 0.03635778278112411 -0.009372325614094732
v -0.004835975822061302 0.03778648003935813 -0.009320735931396483
v -0.0042946799658238905 0.0362563207745552 -0.009911710396409033
v -0.0042946799658238905 0.0362563207745552 -0.009911710396409033
v -0.004835975822061302 0.03778648003935813 -0.009320735931396483
v -0.004377435427159073 0.03765781968832015 -0.009854390285909174
v -0.0042946799658238905 0.0362563207745552 -0.009911710396409033
v -0.004377435427159073 0.03765781968832015 -0.009854390285909174
v -0.003732537385076286 0.036148596554994576 -0.010287382639944552
v -0.003732537385076286 0.036148596554994576 -0.010287382639944552
v -0.004377435427159073 0.03765781968832015 -0.009854390285909174
v -0.0038346953224390763 0.037528041750192635 -0.010227407328784464
v -0.003732537385076286 0.036148596554994576 -0.010287382639944552
v -0.0038346953224390763 0.037528041750192635 -0.010227407328784464
v -0.0032280436716973795 0.03740122914314269 -0.01042522583156824
v -0.0032280436716973795 0.03740122914314269 -0.01042522583156824
v -0.0038346953224390763 0.037528041750192635 -0.010227407328784464
v -0.003336892463266851 0.039967175573110574 -0.010228636674582956
v -0.0032280436716973795 0.03740122914314269 -0.01042522583156824
v -0.003336892463266851 0.039967175573110574 -0.010228636674582956
v -0.003093074541538955 0.039954725652933114 -0.010261942632496355
v -0.006002490408718589 0.040544826537370675 -0.005695663392543792
v -0.00603047898039222 0.040559139102697365 -0.005000015720725059
v -0.005880303215235474 0.04190616682171821 -0.004986385349184274
v -0.0039205718785524386 0.04697533324360847 -0.006716064643114804
v -0.004273726139217617 0.04654560983180999 -0.0060806628316640845
v -0.003919491078704597 0.04698731750249862 -0.006665071938186883
v -0.003919491078704597 0.04698731750249862 -0.006665071938186883
v -0.004273726139217617 0.04654560983180999 -0.0060806628316640845
v -0.003909950610250236 0.04709221795201301 -0.006078499369323253
v -0.0039205718785524386 0.04697533324360847 -0.006716064643114804
v -0.00392113719135523 0.04696909710764884 -0.006741750519722699
v -0.004273726139217617 0.04654560983180999 -0.0060806628316640845
v -0.004273726139217617 0.04654560983180999 -0.0060806628316640845
v -0.00392113719135523 0.04696909710764884 -0.006741750519722699
v -0.003921709023416044 0.046962741762399667 -0.006767335347831248
v -0.004273726139217617 0.04654560983180999 -0.0060806628316640845
v -0.003921709023416044 0.046962741762399667 -0.006767335347831248
v -0.0039218775928020495 0.046960592269897454 -0.006775942165404557
v -0.0039218775928020495 0.046960592269897454 -0.006775942165404557
v -0.003922170959413053 0.046958170831203454 -0.006785137113183736
v -0.004273726139217617 0.04654560983180999 -0.0060806628316640845
v -0.004273726139217617 0.04654560983180999 -0.0060806628316640845
v -0.003922170959413053 0.046958170831203454 -0.006785137113183736
v -0.003943912219256164 0.04690584167838096 -0.006888538133352994
v -0.004273726139217617 0.04654560983180999 -0.0060806628316640845
v -0.003943912219256164 0.04690584167838096 -0.006888538133352994
v -0.004027821589261295 0.04676751792430877 -0.006996777839958667
v -0.004216421395540239 0.04647200182080268 -0.0029216504190117116
v -0.0040507996454834955 0.046731825917959206 -0.002986788051202893
v -0.004144841805100443 0.04661668092012405 -0.0030691914726048704
v -0.004144841805100443 0.04661668092012405 -0.0030691914726048704
v -0.0040507996454834955 0.046731825917959206 -0.002986788051202893
v -0.0039455480873584765 0.04690252617001533 -0.003106602234765887
v -0.0039455480873584765 0.04690252617001533 -0.003106602234765887
v -0.003922000527381899 0.046959742903709405 -0.0032209961209446187
v -0.004144841805100443 0.04661668092012405 -0.0030691914726048704
v -0.004144841805100443 0.04661668092012405 -0.0030691914726048704
v -0.003922000527381899 0.046959742903709405 -0.0032209961209446187
v -0.003921704366803171 0.04696272686123847 -0.0032326125074177976
v -0.004144841805100443 0.04661668092012405 -0.0030691914726048704
v -0.003921704366803171 0.04696272686123847 -0.0032326125074177976
v -0.004273917060345413 0.04654270783066749 -0.0038939826190471645
v -0.004273917060345413 0.04654270783066749 -0.0038939826190471645
v -0.003921704366803171 0.04696272686123847 -0.0032326125074177976
v -0.0039169946685433405 0.04701490327715873 -0.003461459185928106
v -0.004273917060345413 0.04654270783066749 -0.0038939826190471645
v -0.0039169946685433405 0.04701490327715873 -0.003461459185928106
v -0.0039102626033127325 0.047088813036680215 -0.0038962184917181726
v -0.004216421395540239 0.04647200182080268 -0.0029216504190117116
v -0.004144841805100443 0.04661668092012405 -0.0030691914726048704
v -0.00437016459181905 0.04621146619319915 -0.0029072540346533056
v -0.00437016459181905 0.04621146619319915 -0.0029072540346533056
v -0.004144841805100443 0.04661668092012405 -0.0030691914726048704
v -0.004273917060345413 0.04654270783066749 -0.0038939826190471645
v -0.00437016459181905 0.04621146619319915 -0.0029072540346533056
v -0.004273917060345413 0.04654270783066749 -0.0038939826190471645
v -0.004666453693062069 0.045793067663908 -0.0038894056342542167
v -0.005035797134041789 0.044585984200239175 -0.0028888606466352935
v -0.004665838554501535 0.04560844972729682 -0.0028996823821216817
v -0.004666453693062069 0.045793067663908 -0.0038894056342542167
v -0.004666453693062069 0.045793067663908 -0.0038894056342542167
v -0.004665838554501535 0.04560844972729682 -0.0028996823821216817
v -0.004654441028833391 0.045634724199771874 -0.0028999906498938795
v -0.004666453693062069 0.045793067663908 -0.0038894056342542167
v -0.004654441028833391 0.045634724199771874 -0.0028999906498938795
v -0.00437016459181905 0.04621146619319915 -0.0029072540346533056
v -0.004666453693062069 0.045793067663908 -0.0038894056342542167
v -0.005041717551648619 0.04488071054220199 -0.003882535500451922
v -0.005035797134041789 0.044585984200239175 -0.0028888606466352935
v -0.005035797134041789 0.044585984200239175 -0.0028888606466352935
v -0.005041717551648619 0.04488071054220199 -0.003882535500451922
v -0.005371485371142628 0.04386354982852935 -0.0038746879436075683
v -0.005035797134041789 0.044585984200239175 -0.0028888606466352935
v -0.005371485371142628 0.04386354982852935 -0.0038746879436075683
v -0.005393192172050479 0.043130151927471154 -0.0028766989707946773
v -0.005393192172050479 0.043130151927471154 -0.0028766989707946773
v -0.005371485371142628 0.04386354982852935 -0.0038746879436075683
v -0.0056328005157411125 0.04282522946596145 -0.003867766354233026
v -0.005393192172050479 0.043130151927471154 -0.0028766989707946773
v -0.0056328005157411125 0.04282522946596145 -0.003867766354233026
v -0.0054739164188504245 0.042686481028795235 -0.002873655408620834
v -0.005812705960124734 0.04186055064201354 -0.0038634988013654943
v -0.005611354019492867 0.041723534464836114 -0.0028680071700364347
v -0.0056328005157411125 0.04282522946596145 -0.003867766354233026
v -0.0056328005157411125 0.04282522946596145 -0.003867766354233026
v -0.005611354019492867 0.041723534464836114 -0.0028680071700364347
v -0.00549776526167989 0.04254195094108581 -0.0028727268800139423
v -0.0056328005157411125 0.04282522946596145 -0.003867766354233026
v -0.00549776526167989 0.04254195094108581 -0.0028727268800139423
v -0.0054739164188504245 0.042686481028795235 -0.002873655408620834
v -0.005722302477806809 0.04040155932307243 -0.0028602892998605962
v -0.005611354019492867 0.041723534464836114 -0.0028680071700364347
v -0.005956452339887622 0.04052129015326499 -0.003883796744048595
v -0.005956452339887622 0.04052129015326499 -0.003883796744048595
v -0.005611354019492867 0.041723534464836114 -0.0028680071700364347
v -0.005812705960124734 0.04186055064201354 -0.0038634988013654943
v -0.005956452339887622 0.04052129015326499 -0.003883796744048595
v -0.005812705960124734 0.04186055064201354 -0.0038634988013654943
v -0.005993236787617209 0.04054009914398193 -0.004199843853712081
v -0.005611347034573558 0.041723534464836114 -0.007132011465728282
v -0.005722311325371268 0.04040155187249183 -0.0071397307328879825
v -0.005815891083329919 0.041862703859806054 -0.006110558286309241
v -0.005815891083329919 0.041862703859806054 -0.006110558286309241
v -0.005722311325371268 0.04040155187249183 -0.0071397307328879825
v -0.0059564537368714835 0.040521282702684396 -0.006116234697401523
v -0.005815891083329919 0.041862703859806054 -0.006110558286309241
v -0.0059564537368714835 0.040521282702684396 -0.006116234697401523
v -0.005957353860139849 0.0405217483639717 -0.006109725683927535
v -0.0050425394438207176 0.044882994145154946 -0.006091868970543145
v -0.005265999119728806 0.043724343180656426 -0.007118772249668836
v -0.005373154766857627 0.04386575147509574 -0.006099574267864226
v -0.005373154766857627 0.04386575147509574 -0.006099574267864226
v -0.005265999119728806 0.043724343180656426 -0.007118772249668836
v -0.005393197759985926 0.043130122125148766 -0.007123320829123258
v -0.005373154766857627 0.04386575147509574 -0.006099574267864226
v -0.005393197759985926 0.043130122125148766 -0.007123320829123258
v -0.005815891083329919 0.041862703859806054 -0.006110558286309241
v -0.005815891083329919 0.041862703859806054 -0.006110558286309241
v -0.005393197759985926 0.043130122125148766 -0.007123320829123258
v -0.00549981836229563 0.04252910986542701 -0.007127373479306697
v -0.005815891083329919 0.041862703859806054 -0.006110558286309241
v -0.00549981836229563 0.04252910986542701 -0.007127373479306697
v -0.005611347034573558 0.041723534464836114 -0.007132011465728282
v -0.004666629713028671 0.04579557478427886 -0.006085133180022239
v -0.0046658525243401545 0.045608416199684136 -0.007100338116288184
v -0.0050425394438207176 0.044882994145154946 -0.006091868970543145
v -0.0050425394438207176 0.044882994145154946 -0.006091868970543145
v -0.0046658525243401545 0.045608416199684136 -0.007100338116288184
v -0.005014185328036549 0.04465630277991294 -0.007110481616109609
v -0.0050425394438207176 0.044882994145154946 -0.006091868970543145
v -0.005014185328036549 0.04465630277991294 -0.007110481616109609
v -0.005265999119728806 0.043724343180656426 -0.007118772249668836
v -0.004027821589261295 0.04676751792430877 -0.006996777839958667
v -0.0042195073328912275 0.04646698758006095 -0.007079008035361766
v -0.004273726139217617 0.04654560983180999 -0.0060806628316640845
v -0.004273726139217617 0.04654560983180999 -0.0060806628316640845
v -0.0042195073328912275 0.04646698758006095 -0.007079008035361766
v -0.0042322860099375265 0.04644623398780822 -0.007081334013491868
v -0.004273726139217617 0.04654560983180999 -0.0060806628316640845
v -0.0042322860099375265 0.04644623398780822 -0.007081334013491868
v -0.004357872996479275 0.04623334109783172 -0.007092471234500407
v -0.004357872996479275 0.04623334109783172 -0.007092471234500407
v -0.0043641086667776125 0.046222284436225884 -0.007092614192515611
v -0.004273726139217617 0.04654560983180999 -0.0060806628316640845
v -0.004273726139217617 0.04654560983180999 -0.0060806628316640845
v -0.0043641086667776125 0.046222284436225884 -0.007092614192515611
v -0.004370172973722221 0.04621146246790885 -0.007092771586030721
v -0.004273726139217617 0.04654560983180999 -0.0060806628316640845
v -0.004370172973722221 0.04621146246790885 -0.007092771586030721
v -0.004666629713028671 0.04579557478427886 -0.006085133180022239
v -0.004666629713028671 0.04579557478427886 -0.006085133180022239
v -0.004370172973722221 0.04621146246790885 -0.007092771586030721
v -0.004654432181268932 0.04563472792506217 -0.007100029382854699
v -0.004666629713028671 0.04579557478427886 -0.006085133180022239
v -0.004654432181268932 0.04563472792506217 -0.007100029382854699
v -0.0046658525243401545 0.045608416199684136 -0.007100338116288184
v -0.0039036234375089424 0.0471607819199562 -0.005046039354056119
v -0.003909950610250236 0.04709221795201301 -0.006078499369323253
v -0.004269793163985016 0.04660426452755927 -0.004986777435988187
v -0.004269793163985016 0.04660426452755927 -0.004986777435988187
v -0.003909950610250236 0.04709221795201301 -0.006078499369323253
v -0.004273726139217617 0.04654560983180999 -0.0060806628316640845
v -0.004269793163985016 0.04660426452755927 -0.004986777435988187
v -0.004273726139217617 0.04654560983180999 -0.0060806628316640845
v -0.004669962450861933 0.04584627225995063 -0.004986722487956285
v -0.004669962450861933 0.04584627225995063 -0.004986722487956285
v -0.004273726139217617 0.04654560983180999 -0.0060806628316640845
v -0.004666629713028671 0.04579557478427886 -0.006085133180022239
v -0.004669962450861933 0.04584627225995063 -0.004986722487956285
v -0.004666629713028671 0.04579557478427886 -0.006085133180022239
v -0.005059065297245982 0.04492922127246856 -0.004986634943634271
v -0.005059065297245982 0.04492922127246856 -0.004986634943634271
v -0.004666629713028671 0.04579557478427886 -0.006085133180022239
v -0.0050425394438207176 0.044882994145154946 -0.006091868970543145
v -0.005059065297245982 0.04492922127246856 -0.004986634943634271
v -0.0050425394438207176 0.044882994145154946 -0.006091868970543145
v -0.005406748503446582 0.043910332024097436 -0.0049865315668284884
v -0.005406748503446582 0.043910332024097436 -0.0049865315668284884
v -0.0050425394438207176 0.044882994145154946 -0.006091868970543145
v -0.005373154766857627 0.04386575147509574 -0.006099574267864226
v -0.005406748503446582 0.043910332024097436 -0.0049865315668284884
v -0.005373154766857627 0.04386575147509574 -0.006099574267864226
v -0.005880303215235474 0.04190616682171821 -0.004986385349184274
v -0.005880303215235474 0.04190616682171821 -0.004986385349184274
v -0.005373154766857627 0.04386575147509574 -0.006099574267864226
v -0.005815891083329919 0.041862703859806054 -0.006110558286309241
v -0.005880303215235474 0.04190616682171821 -0.004986385349184274
v -0.005815891083329919 0.041862703859806054 -0.006110558286309241
v -0.006002490408718589 0.040544826537370675 -0.005695663392543792
v -0.006002490408718589 0.040544826537370675 -0.005695663392543792
v -0.005815891083329919 0.041862703859806054 -0.006110558286309241
v -0.005957353860139849 0.0405217483639717 -0.006109725683927535
v -0.0039102626033127325 0.047088813036680215 -0.0038962184917181726
v -0.0039036234375089424 0.0471607819199562 -0.005046039354056119
v -0.004273917060345413 0.04654270783066749 -0.0038939826190471645
v -0.004273917060345413 0.04654270783066749 -0.0038939826190471645
v -0.0039036234375089424 0.0471607819199562 -0.005046039354056119
v -0.004269793163985016 0.04660426452755927 -0.004986777435988187
v -0.004273917060345413 0.04654270783066749 -0.0038939826190471645
v -0.004269793163985016 0.04660426452755927 -0.004986777435988187
v -0.004666453693062069 0.045793067663908 -0.0038894056342542167
v -0.004666453693062069 0.045793067663908 -0.0038894056342542167
v -0.004269793163985016 0.04660426452755927 -0.004986777435988187
v -0.004669962450861933 0.04584627225995063 -0.004986722487956285
v -0.004666453693062069 0.045793067663908 -0.0038894056342542167
v -0.004669962450861933 0.04584627225995063 -0.004986722487956285
v -0.005041717551648619 0.04488071054220199 -0.003882535500451922
v -0.005041717551648619 0.04488071054220199 -0.003882535500451922
v -0.004669962450861933 0.04584627225995063 -0.004986722487956285
v -0.005059065297245982 0.04492922127246856 -0.004986634943634271
v -0.005041717551648619 0.04488071054220199 -0.003882535500451922
v -0.005059065297245982 0.04492922127246856 -0.004986634943634271
v -0.005371485371142628 0.04386354982852935 -0.0038746879436075683
v -0.005371485371142628 0.04386354982852935 -0.0038746879436075683
v -0.005059065297245982 0.04492922127246856 -0.004986634943634271
v -0.005406748503446582 0.043910332024097436 -0.0049865315668284884
v -0.005371485371142628 0.04386354982852935 -0.0038746879436075683
v -0.005406748503446582 0.043910332024097436 -0.0049865315668284884
v -0.0056328005157411125 0.04282522946596145 -0.003867766354233026
v -0.0056328005157411125 0.04282522946596145 -0.003867766354233026
v -0.005406748503446582 0.043910332024097436 -0.0049865315668284884
v -0.005880303215235474 0.04190616682171821 -0.004986385349184274
v -0.0056328005157411125 0.04282522946596145 -0.003867766354233026
v -0.005880303215235474 0.04190616682171821 -0.004986385349184274
v -0.005812705960124734 0.04186055064201354 -0.0038634988013654943
v -0.005812705960124734 0.04186055064201354 -0.0038634988013654943
v -0.005880303215235474 0.04190616682171821 -0.004986385349184274
v -0.00603047898039222 0.040559139102697365 -0.005000015720725059
v -0.005812705960124734 0.04186055064201354 -0.0038634988013654943
v -0.00603047898039222 0.040559139102697365 -0.005000015720725059
v -0.005993236787617209 0.04054009914398193 -0.004199843853712081
v -0.0031032119877636446 0.03605427592992782 0.00048641709145158524
v -0.0024547504726797355 0.035948153585195534 0.0005470033502206205
v -0.0026081772521138204 0.03731486201286315 0.00048319192137569184
v -0.005618645809590819 0.040356732904911034 -0.0025650083553045984
v -0.005692212842404845 0.03814645111560821 -0.002517191227525472
v -0.005427154246717694 0.04028940945863723 -0.002054157201200723
v -0.005427154246717694 0.04028940945863723 -0.002054157201200723
v -0.005692212842404845 0.03814645111560821 -0.002517191227525472
v -0.005492233205586674 0.038033496588468545 -0.00196832837536931
v -0.005427154246717694 0.04028940945863723 -0.002054157201200723
v -0.005492233205586674 0.038033496588468545 -0.00196832837536931
v -0.005158937536180022 0.04021453857421874 -0.0014400569489225743
v -0.005158937536180022 0.04021453857421874 -0.0014400569489225743
v -0.005492233205586674 0.038033496588468545 -0.00196832837536931
v -0.005206720437854531 0.0379122607409954 -0.0013169568264856932
v -0.005158937536180022 0.04021453857421874 -0.0014400569489225743
v -0.005206720437854531 0.0379122607409954 -0.0013169568264856932
v -0.004814005922526123 0.040140494704246514 -0.0008304665097966789
v -0.004814005922526123 0.040140494704246514 -0.0008304665097966789
v -0.005206720437854531 0.0379122607409954 -0.0013169568264856932
v -0.004835975822061302 0.03778648003935813 -0.0006792718777433037
v -0.004814005922526123 0.040140494704246514 -0.0008304665097966789
v -0.004835975822061302 0.03778648003935813 -0.0006792718777433037
v -0.004390039015561344 0.040071830153465264 -0.00031589029822498555
v -0.004390039015561344 0.040071830153465264 -0.00031589029822498555
v -0.004835975822061302 0.03778648003935813 -0.0006792718777433037
v -0.004377435427159073 0.03765781968832015 -0.00014561798889189956
v -0.004390039015561344 0.040071830153465264 -0.00031589029822498555
v -0.004377435427159073 0.03765781968832015 -0.00014561798889189956
v -0.0038912000600248593 0.040012195706367486 4.311406883061863e-05
v -0.0038912000600248593 0.040012195706367486 4.311406883061863e-05
v -0.004377435427159073 0.03765781968832015 -0.00014561798889189956
v -0.003834696719422938 0.03752803429961204 0.0002273990539833903
v -0.0038912000600248593 0.040012195706367486 4.311406883061863e-05
v -0.003834696719422938 0.03752803429961204 0.0002273990539833903
v -0.003336892463266851 0.039967175573110574 0.00022862839978188274
v -0.003336892463266851 0.039967175573110574 0.00022862839978188274
v -0.003834696719422938 0.03752803429961204 0.0002273990539833903
v -0.0032280436716973795 0.03740122914314269 0.0004252175567671656
v -0.003336892463266851 0.039967175573110574 0.00022862839978188274
v -0.0032280436716973795 0.03740122914314269 0.0004252175567671656
v -0.002770510967820884 0.039947144687175744 0.00027806439902633423
v -0.005747100338339808 0.03670379519462585 -0.002819231711328029
v -0.005692212842404845 0.03814645111560821 -0.002517191227525472
v -0.005795181263238194 0.0382431112229824 -0.0028292320203036066
v -0.005795181263238194 0.0382431112229824 -0.0028292320203036066
v -0.005692212842404845 0.03814645111560821 -0.002517191227525472
v -0.005618645809590819 0.040356732904911034 -0.0025650083553045984
v -0.005795181263238194 0.0382431112229824 -0.0028292320203036066
v -0.005618645809590819 0.040356732904911034 -0.0025650083553045984
v -0.005722302477806809 0.04040155932307243 -0.0028602892998605962
v -0.005747100338339808 0.03670379519462585 -0.002819231711328029
v -0.005641911178827288 0.03663763776421546 -0.002504675183445215
v -0.005692212842404845 0.03814645111560821 -0.002517191227525472
v -0.005692212842404845 0.03814645111560821 -0.002517191227525472
v -0.005641911178827288 0.03663763776421546 -0.002504675183445215
v -0.005437629763036969 0.036558289080858224 -0.0019421222386881707
v -0.005692212842404845 0.03814645111560821 -0.002517191227525472
v -0.005437629763036969 0.036558289080858224 -0.0019421222386881707
v -0.005492233205586674 0.038033496588468545 -0.00196832837536931
v -0.005492233205586674 0.038033496588468545 -0.00196832837536931
v -0.005437629763036969 0.036558289080858224 -0.0019421222386881707
v -0.005146747920662167 0.03647040203213691 -0.0012762882979586718
v -0.005492233205586674 0.038033496588468545 -0.00196832837536931
v -0.005146747920662167 0.03647040203213691 -0.0012762882979586718
v -0.005206720437854531 0.0379122607409954 -0.0013169568264856932
v -0.005206720437854531 0.0379122607409954 -0.0013169568264856932
v -0.005146747920662167 0.03647040203213691 -0.0012762882979586718
v -0.004767833277583124 0.03637541458010673 -0.0006281743990257381
v -0.005206720437854531 0.0379122607409954 -0.0013169568264856932
v -0.004767833277583124 0.03637541458010673 -0.0006281743990257381
v -0.004835975822061302 0.03778648003935813 -0.0006792718777433037
v -0.004835975822061302 0.03778648003935813 -0.0006792718777433037
v -0.004767833277583124 0.03637541458010673 -0.0006281743990257381
v -0.004296082537621261 0.03627346456050872 -8.885387069312854e-05
v -0.004835975822061302 0.03778648003935813 -0.0006792718777433037
v -0.004296082537621261 0.03627346456050872 -8.885387069312854e-05
v -0.004377435427159073 0.03765781968832015 -0.00014561798889189956
v -0.004377435427159073 0.03765781968832015 -0.00014561798889189956
v -0.004296082537621261 0.03627346456050872 -8.885387069312854e-05
v -0.0037341217976063507 0.03616531938314437 0.0002867857692763209
v -0.004377435427159073 0.03765781968832015 -0.00014561798889189956
v -0.0037341217976063507 0.03616531938314437 0.0002867857692763209
v -0.003834696719422938 0.03752803429961204 0.0002273990539833903
v -0.003834696719422938 0.03752803429961204 0.0002273990539833903
v -0.0037341217976063507 0.03616531938314437 0.0002867857692763209
v -0.0031032119877636446 0.03605427592992782 0.00048641709145158524
v -0.003834696719422938 0.03752803429961204 0.0002273990539833903
v -0.0031032119877636446 0.03605427592992782 0.00048641709145158524
v -0.0032280436716973795 0.03740122914314269 0.0004252175567671656
v -0.0032280436716973795 0.03740122914314269 0.0004252175567671656
v -0.0031032119877636446 0.03605427592992782 0.00048641709145158524
v -0.0026081772521138204 0.03731486201286315 0.00048319192137569184
v -0.0032280436716973795 0.03740122914314269 0.0004252175567671656
v -0.0026081772521138204 0.03731486201286315 0.00048319192137569184
v -0.002770510967820884 0.039947144687175744 0.00027806439902633423
v -0.002256316365674139 0.034605089575052254 0.0005924556171521543
v -0.0024547504726797355 0.035948153585195534 0.0005470033502206205
v -0.0029235989786684526 0.03467807918787002 0.0005316919414326547
v -0.0029235989786684526 0.03467807918787002 0.0005316919414326547
v -0.0024547504726797355 0.035948153585195534 0.0005470033502206205
v -0.0031032119877636446 0.03605427592992782 0.00048641709145158524
v -0.0029235989786684526 0.03467807918787002 0.0005316919414326547
v -0.0031032119877636446 0.03605427592992782 0.00048641709145158524
v -0.003569400170817973 0.03474953025579452 0.0003293383633717894
v -0.003569400170817973 0.03474953025579452 0.0003293383633717894
v -0.0031032119877636446 0.03605427592992782 0.00048641709145158524
v -0.0037341217976063507 0.03616531938314437 0.0002867857692763209
v -0.003569400170817973 0.03474953025579452 0.0003293383633717894
v -0.0037341217976063507 0.03616531938314437 0.0002867857692763209
v -0.004139756318181755 0.034812513738870614 -5.010014501749537e-05
v -0.004139756318181755 0.034812513738870614 -5.010014501749537e-05
v -0.0037341217976063507 0.03616531938314437 0.0002867857692763209
v -0.004296082537621261 0.03627346456050872 -8.885387069312854e-05
v -0.004139756318181755 0.034812513738870614 -5.010014501749537e-05
v -0.004296082537621261 0.03627346456050872 -8.885387069312854e-05
v -0.004614459816366436 0.03486421704292297 -0.0005953527288511394
v -0.004614459816366436 0.03486421704292297 -0.0005953527288511394
v -0.004296082537621261 0.03627346456050872 -8.885387069312854e-05
v -0.004767833277583124 0.03637541458010673 -0.0006281743990257381
v -0.004614459816366436 0.03486421704292297 -0.0005953527288511394
v -0.004767833277583124 0.03637541458010673 -0.0006281743990257381
v -0.004993902985006573 0.03490456193685531 -0.001252791960723698
v -0.004993902985006573 0.03490456193685531 -0.001252791960723698
v -0.004767833277583124 0.03637541458010673 -0.0006281743990257381
v -0.005146747920662167 0.03647040203213691 -0.0012762882979586718
v -0.004993902985006573 0.03490456193685531 -0.001252791960723698
v -0.005146747920662167 0.03647040203213691 -0.0012762882979586718
v -0.005285963416099551 0.03493466600775718 -0.0019308383343741296
v -0.005285963416099551 0.03493466600775718 -0.0019308383343741296
v -0.005146747920662167 0.03647040203213691 -0.0012762882979586718
v -0.005437629763036969 0.036558289080858224 -0.0019421222386881707
v -0.005285963416099551 0.03493466600775718 -0.0019308383343741296
v -0.005437629763036969 0.036558289080858224 -0.0019421222386881707
v -0.005492889788001778 0.034955408424139016 -0.0025043678469955917
v -0.005492889788001778 0.034955408424139016 -0.0025043678469955917
v -0.005437629763036969 0.036558289080858224 -0.0019421222386881707
v -0.005641911178827288 0.03663763776421546 -0.002504675183445215
v -0.005492889788001778 0.034955408424139016 -0.0025043678469955917
v -0.005641911178827288 0.03663763776421546 -0.002504675183445215
v -0.005598118994385007 0.03496597707271575 -0.002819119486957788
v -0.005598118994385007 0.03496597707271575 -0.002819119486957788
v -0.005641911178827288 0.03663763776421546 -0.002504675183445215
v -0.005747100338339808 0.03670379519462585 -0.002819231711328029
v -0.004273091442883016 0.04278595000505447 -0.009404513984918593
v -0.0038217208348214644 0.04271106049418449 -0.009716170839965342
v -0.003930563572794201 0.04001621156930923 -0.010022473521530626
v -0.00444937637075782 0.045284450054168694 -0.008261162787675856
v -0.004229699727147819 0.04513017088174819 -0.008708738721907137
v -0.00441035768017173 0.04441754519939422 -0.008801138028502463
v -0.004954339936375621 0.04295756295323371 -0.008429869078099726
v -0.00517539354041219 0.043036099523305886 -0.007888057269155977
v -0.004832171835005285 0.0446847341954708 -0.007832579314708708
v -0.004355965182185175 0.04610168188810348 -0.007485689595341682
v -0.004317428451031448 0.046023968607187264 -0.007759436033666133
v -0.004588456824421884 0.04542205110192298 -0.007796424906700849
v -0.0026020773220807327 0.04526573792099952 -0.009417148306965826
v -0.0027050210628658546 0.043966673314571374 -0.009693123400211332
v -0.003212497336789967 0.04403742775321006 -0.009638182818889616
v -0.0026020773220807327 0.04526573792099952 -0.009417148306965826
v -0.003212497336789967 0.04403742775321006 -0.009638182818889616
v -0.003057097550481559 0.04533949494361877 -0.0093597499653697
v -0.003057097550481559 0.04533949494361877 -0.0093597499653697
v -0.003212497336789967 0.04403742775321006 -0.009638182818889616
v -0.0036733297165483254 0.044143576174974435 -0.009482579305768011
v -0.003057097550481559 0.04533949494361877 -0.0093597499653697
v -0.0036733297165483254 0.044143576174974435 -0.009482579305768011
v -0.0034173706080764545 0.04544023796916007 -0.009232305921614168
v -0.00441035768017173 0.04441754519939422 -0.008801138028502463
v -0.004229699727147819 0.04513017088174819 -0.008708738721907137
v -0.004076787736266853 0.04427460208535194 -0.009200142696499823
v -0.0034173706080764545 0.04544023796916007 -0.009232305921614168
v -0.0036733297165483254 0.044143576174974435 -0.009482579305768011
v -0.003528690198436381 0.04548082128167152 -0.009167579002678393
v -0.003528690198436381 0.04548082128167152 -0.009167579002678393
v -0.0036733297165483254 0.044143576174974435 -0.009482579305768011
v -0.004076787736266853 0.04427460208535194 -0.009200142696499823
v -0.003528690198436381 0.04548082128167152 -0.009167579002678393
v -0.004076787736266853 0.04427460208535194 -0.009200142696499823
v -0.003768980503082277 0.04558738321065902 -0.008966860361397265
v -0.003768980503082277 0.04558738321065902 -0.008966860361397265
v -0.004076787736266853 0.04427460208535194 -0.009200142696499823
v -0.004229699727147819 0.04513017088174819 -0.008708738721907137
v -0.003768980503082277 0.04558738321065902 -0.008966860361397265
v -0.004229699727147819 0.04513017088174819 -0.008708738721907137
v -0.0039753243327140825 0.04570567980408668 -0.00869784504175186
v -0.0039753243327140825 0.04570567980408668 -0.00869784504175186
v -0.004229699727147819 0.04513017088174819 -0.008708738721907137
v -0.00444937637075782 0.045284450054168694 -0.008261162787675856
v -0.0039753243327140825 0.04570567980408668 -0.00869784504175186
v -0.00444937637075782 0.045284450054168694 -0.008261162787675856
v -0.004148229956626894 0.04583473876118659 -0.008354071527719496
v -0.00517539354041219 0.043036099523305886 -0.007888057269155977
v -0.005265999119728806 0.043724343180656426 -0.007118772249668836
v -0.004832171835005285 0.0446847341954708 -0.007832579314708708
v -0.004832171835005285 0.0446847341954708 -0.007832579314708708
v -0.005265999119728806 0.043724343180656426 -0.007118772249668836
v -0.005014185328036549 0.04465630277991294 -0.007110481616109609
v -0.004832171835005285 0.0446847341954708 -0.007832579314708708
v -0.005014185328036549 0.04465630277991294 -0.007110481616109609
v -0.0046658525243401545 0.045608416199684136 -0.007100338116288184
v -0.005611347034573558 0.041723534464836114 -0.007132011465728282
v -0.00549981836229563 0.04252910986542701 -0.007127373479306697
v -0.00517539354041219 0.043036099523305886 -0.007888057269155977
v -0.00517539354041219 0.043036099523305886 -0.007888057269155977
v -0.00549981836229563 0.04252910986542701 -0.007127373479306697
v -0.005393197759985926 0.043130122125148766 -0.007123320829123258
v -0.00517539354041219 0.043036099523305886 -0.007888057269155977
v -0.005393197759985926 0.043130122125148766 -0.007123320829123258
v -0.005265999119728806 0.043724343180656426 -0.007118772249668836
v -0.0027050210628658546 0.043966673314571374 -0.009693123400211332
v -0.0027682720683515085 0.04261529445648193 -0.009931126609444616
v -0.003212497336789967 0.04403742775321006 -0.009638182818889616
v -0.003212497336789967 0.04403742775321006 -0.009638182818889616
v -0.0027682720683515085 0.04261529445648193 -0.009931126609444616
v -0.003312810789793731 0.04265600442886352 -0.009880724363029001
v -0.003212497336789967 0.04403742775321006 -0.009638182818889616
v -0.003312810789793731 0.04265600442886352 -0.009880724363029001
v -0.0036733297165483254 0.044143576174974435 -0.009482579305768011
v -0.0036733297165483254 0.044143576174974435 -0.009482579305768011
v -0.003312810789793731 0.04265600442886352 -0.009880724363029001
v -0.0038217208348214644 0.04271106049418449 -0.009716170839965342
v -0.0036733297165483254 0.044143576174974435 -0.009482579305768011
v -0.0038217208348214644 0.04271106049418449 -0.009716170839965342
v -0.004076787736266853 0.04427460208535194 -0.009200142696499823
v -0.004076787736266853 0.04427460208535194 -0.009200142696499823
v -0.0038217208348214644 0.04271106049418449 -0.009716170839965342
v -0.004273091442883016 0.04278595000505447 -0.009404513984918593
v -0.004076787736266853 0.04427460208535194 -0.009200142696499823
v -0.004273091442883016 0.04278595000505447 -0.009404513984918593
v -0.00441035768017173 0.04441754519939422 -0.008801138028502463
v -0.004653040785342457 0.042871139943599694 -0.008959642611443995
v -0.004954339936375621 0.04295756295323371 -0.008429869078099726
v -0.004663623403757812 0.044558588415384286 -0.008324919268488882
v -0.004663623403757812 0.044558588415384286 -0.008324919268488882
v -0.004954339936375621 0.04295756295323371 -0.008429869078099726
v -0.004832171835005285 0.0446847341954708 -0.007832579314708708
v -0.004663623403757812 0.044558588415384286 -0.008324919268488882
v -0.004832171835005285 0.0446847341954708 -0.007832579314708708
v -0.004588456824421884 0.04542205110192298 -0.007796424906700849
v -0.004588456824421884 0.04542205110192298 -0.007796424906700849
v -0.004832171835005285 0.0446847341954708 -0.007832579314708708
v -0.0046658525243401545 0.045608416199684136 -0.007100338116288184
v -0.004588456824421884 0.04542205110192298 -0.007796424906700849
v -0.0046658525243401545 0.045608416199684136 -0.007100338116288184
v -0.004355965182185175 0.04610168188810348 -0.007485689595341682
v -0.004355965182185175 0.04610168188810348 -0.007485689595341682
v -0.0046658525243401545 0.045608416199684136 -0.007100338116288184
v -0.004654432181268932 0.04563472792506217 -0.007100029382854699
v -0.004355965182185175 0.04610168188810348 -0.007485689595341682
v -0.004654432181268932 0.04563472792506217 -0.007100029382854699
v -0.004370172973722221 0.04621146246790885 -0.007092771586030721
v -0.004653040785342457 0.042871139943599694 -0.008959642611443995
v -0.004768955521285536 0.04137086868286132 -0.00907916948199272
v -0.004954339936375621 0.04295756295323371 -0.008429869078099726
v -0.004954339936375621 0.04295756295323371 -0.008429869078099726
v -0.004768955521285536 0.04137086868286132 -0.00907916948199272
v -0.005097191315144303 0.04141640290617942 -0.008503715507686136
v -0.004954339936375621 0.04295756295323371 -0.008429869078099726
v -0.005097191315144303 0.04141640290617942 -0.008503715507686136
v -0.00517539354041219 0.043036099523305886 -0.007888057269155977
v -0.00517539354041219 0.043036099523305886 -0.007888057269155977
v -0.005097191315144303 0.04141640290617942 -0.008503715507686136
v -0.005351798608899119 0.041459213942289345 -0.007921532727777956
v -0.00517539354041219 0.043036099523305886 -0.007888057269155977
v -0.005351798608899119 0.041459213942289345 -0.007921532727777956
v -0.005611347034573558 0.041723534464836114 -0.007132011465728282
v -0.003930563572794201 0.04001621156930923 -0.010022473521530626
v -0.0038217208348214644 0.04271106049418449 -0.009716170839965342
v -0.003336892463266851 0.039967175573110574 -0.010228636674582956
v -0.003336892463266851 0.039967175573110574 -0.010228636674582956
v -0.0038217208348214644 0.04271106049418449 -0.009716170839965342
v -0.003312810789793731 0.04265600442886352 -0.009880724363029001
v -0.003336892463266851 0.039967175573110574 -0.010228636674582956
v -0.003312810789793731 0.04265600442886352 -0.009880724363029001
v -0.003093074541538955 0.039954725652933114 -0.010261942632496355
v -0.003093074541538955 0.039954725652933114 -0.010261942632496355
v -0.003312810789793731 0.04265600442886352 -0.009880724363029001
v -0.0027682720683515085 0.04261529445648193 -0.009931126609444616
v -0.003093074541538955 0.039954725652933114 -0.010261942632496355
v -0.0027682720683515085 0.04261529445648193 -0.009931126609444616
v -0.002770510967820884 0.039947144687175744 -0.01027807220816612
v -0.003930563572794201 0.04001621156930923 -0.010022473521530626
v -0.004390039015561344 0.040071830153465264 -0.0096841175109148
v -0.004273091442883016 0.04278595000505447 -0.009404513984918593
v -0.004273091442883016 0.04278595000505447 -0.009404513984918593
v -0.004390039015561344 0.040071830153465264 -0.0096841175109148
v -0.004608961287885906 0.04010479897260665 -0.009446911513805388
v -0.004273091442883016 0.04278595000505447 -0.009404513984918593
v -0.004608961287885906 0.04010479897260665 -0.009446911513805388
v -0.004814005922526123 0.040140494704246514 -0.009169541299343107
v -0.004317428451031448 0.046023968607187264 -0.007759436033666133
v -0.004148229956626894 0.04583473876118659 -0.008354071527719496
v -0.004588456824421884 0.04542205110192298 -0.007796424906700849
v -0.004588456824421884 0.04542205110192298 -0.007796424906700849
v -0.004148229956626894 0.04583473876118659 -0.008354071527719496
v -0.00444937637075782 0.045284450054168694 -0.008261162787675856
v -0.004588456824421884 0.04542205110192298 -0.007796424906700849
v -0.00444937637075782 0.045284450054168694 -0.008261162787675856
v -0.004663623403757812 0.044558588415384286 -0.008324919268488882
v -0.004663623403757812 0.044558588415384286 -0.008324919268488882
v -0.00444937637075782 0.045284450054168694 -0.008261162787675856
v -0.00441035768017173 0.04441754519939422 -0.008801138028502463
v -0.004663623403757812 0.044558588415384286 -0.008324919268488882
v -0.00441035768017173 0.04441754519939422 -0.008801138028502463
v -0.004653040785342457 0.042871139943599694 -0.008959642611443995
v -0.004653040785342457 0.042871139943599694 -0.008959642611443995
v -0.00441035768017173 0.04441754519939422 -0.008801138028502463
v -0.004273091442883016 0.04278595000505447 -0.009404513984918593
v -0.004653040785342457 0.042871139943599694 -0.008959642611443995
v -0.004273091442883016 0.04278595000505447 -0.009404513984918593
v -0.004768955521285536 0.04137086868286132 -0.00907916948199272
v -0.004768955521285536 0.04137086868286132 -0.00907916948199272
v -0.004273091442883016 0.04278595000505447 -0.009404513984918593
v -0.004814005922526123 0.040140494704246514 -0.009169541299343107
v -0.004768955521285536 0.04137086868286132 -0.00907916948199272
v -0.004814005922526123 0.040140494704246514 -0.009169541299343107
v -0.005097191315144303 0.04141640290617942 -0.008503715507686136
v -0.005097191315144303 0.04141640290617942 -0.008503715507686136
v -0.004814005922526123 0.040140494704246514 -0.009169541299343107
v -0.005216152872890237 0.04022900015115737 -0.008439563214778898
v -0.005097191315144303 0.04141640290617942 -0.008503715507686136
v -0.005216152872890237 0.04022900015115737 -0.008439563214778898
v -0.005351798608899119 0.041459213942289345 -0.007921532727777956
v -0.005351798608899119 0.041459213942289345 -0.007921532727777956
v -0.005216152872890237 0.04022900015115737 -0.008439563214778898
v -0.005618653260171416 0.04035673663020133 -0.007435000035911798
v -0.005351798608899119 0.041459213942289345 -0.007921532727777956
v -0.005618653260171416 0.04035673663020133 -0.007435000035911798
v -0.005611347034573558 0.041723534464836114 -0.007132011465728282
v -0.005611347034573558 0.041723534464836114 -0.007132011465728282
v -0.005618653260171416 0.04035673663020133 -0.007435000035911798
v -0.005722311325371268 0.04040155187249183 -0.0071397307328879825
v -0.0003935709828510882 0.04638869315385818 -0.008901125751435755
v -0.0007998680230230096 0.04641230776906013 -0.008974327705800532
v -0.0007252728682942692 0.04702456295490264 -0.008652443066239355
v -0.001372570404782892 0.04645675420761108 -0.009013480506837366
v -0.0004579459782689812 0.04568768665194511 -0.009145151823759077
v -0.0014485042775049812 0.04580122604966163 -0.0092579647898674
v -0.0014485042775049812 0.04580122604966163 -0.0092579647898674
v -0.0004579459782689812 0.04568768665194511 -0.009145151823759077
v -0.0005072931526228788 0.04503952339291572 -0.00929796416312456
v -0.0014485042775049812 0.04580122604966163 -0.0092579647898674
v -0.0005072931526228788 0.04503952339291572 -0.00929796416312456
v -0.001521939528174699 0.045149132609367364 -0.009418326430022715
v -0.0003935709828510882 0.04638869315385818 -0.008901125751435755
v -0.0007252728682942692 0.04702456295490264 -0.008652443066239355
v -0.000335446617100388 0.046959865838289254 -0.008607713505625723
v -0.000335446617100388 0.046959865838289254 -0.008607713505625723
v -0.0007252728682942692 0.04702456295490264 -0.008652443066239355
v -0.0006585394730791453 0.04755006730556487 -0.00826077628880739
v -0.000335446617100388 0.046959865838289254 -0.008607713505625723
v -0.0006585394730791453 0.04755006730556487 -0.00826077628880739
v -0.00027690743445418786 0.047503389418125146 -0.008220788091421126
v -0.00027690743445418786 0.047503389418125146 -0.008220788091421126
v -0.0006585394730791453 0.04755006730556487 -0.00826077628880739
v -0.0006047764909453692 0.04796189814805984 -0.007838925346732138
v -0.00027690743445418786 0.047503389418125146 -0.008220788091421126
v -0.0006047764909453692 0.04796189814805984 -0.007838925346732138
v -0.00023110320034902554 0.047914121299982064 -0.007823606953024862
v -0.00023110320034902554 0.047914121299982064 -0.007823606953024862
v -0.0006047764909453692 0.04796189814805984 -0.007838925346732138
v -0.00056515313917771 0.048247169703245156 -0.0074307387694716445
v -0.00023110320034902554 0.047914121299982064 -0.007823606953024862
v -0.00056515313917771 0.048247169703245156 -0.0074307387694716445
v -0.00019711909408215441 0.0482121892273426 -0.007423124741762876
v -0.00019711909408215441 0.0482121892273426 -0.007423124741762876
v -0.00056515313917771 0.048247169703245156 -0.0074307387694716445
v -0.00017728219972923406 0.048382855951786034 -0.007069394923746585
v -0.00017728219972923406 0.048382855951786034 -0.007069394923746585
v -0.00056515313917771 0.048247169703245156 -0.0074307387694716445
v -0.0008649965166114275 0.048504680395126336 -0.006745534483343362
v -0.00017728219972923406 0.048382855951786034 -0.007069394923746585
v -0.0008649965166114275 0.048504680395126336 -0.006745534483343362
v -0.0001667706383159385 0.04847107827663421 -0.0067458515986800185
v -0.0022748659830540427 0.048005159944295876 -0.0073878555558621875
v -0.002240423345938326 0.04826835915446281 -0.006749207619577645
v -0.001619907561689616 0.04844164475798606 -0.006746017839759587
v -0.001521939528174699 0.045149132609367364 -0.009418326430022715
v -0.0026020773220807327 0.04526573792099952 -0.009417148306965826
v -0.0025001608300954116 0.0462278127670288 -0.009113056585192679
v -0.0017609792994335302 0.048158697783946984 -0.0074122888036072246
v -0.001139944302849472 0.04824129119515418 -0.007426238153129815
v -0.0017945566214621076 0.04789043962955474 -0.007816108874976633
v -0.0017945566214621076 0.04789043962955474 -0.007816108874976633
v -0.001139944302849472 0.04824129119515418 -0.007426238153129815
v -0.0011791690485551958 0.04796225577592849 -0.007836815901100634
v -0.0017945566214621076 0.04789043962955474 -0.007816108874976633
v -0.0011791690485551958 0.04796225577592849 -0.007836815901100634
v -0.0018405369482934484 0.04751299694180488 -0.008248590864241121
v -0.0018405369482934484 0.04751299694180488 -0.008248590864241121
v -0.0011791690485551958 0.04796225577592849 -0.007836815901100634
v -0.0012320919195190079 0.047562707215547555 -0.008268048986792563
v -0.0018405369482934484 0.04751299694180488 -0.008248590864241121
v -0.0012320919195190079 0.047562707215547555 -0.008268048986792563
v -0.0012980580795556313 0.04705337062478065 -0.008675213903188704
v -0.001521939528174699 0.045149132609367364 -0.009418326430022715
v -0.0025001608300954116 0.0462278127670288 -0.009113056585192679
v -0.0014485042775049812 0.04580122604966163 -0.0092579647898674
v -0.0014485042775049812 0.04580122604966163 -0.0092579647898674
v -0.0025001608300954116 0.0462278127670288 -0.009113056585192679
v -0.0024729117285460247 0.046461895108222954 -0.00899553671479225
v -0.0014485042775049812 0.04580122604966163 -0.0092579647898674
v -0.0024729117285460247 0.046461895108222954 -0.00899553671479225
v -0.001372570404782892 0.04645675420761108 -0.009013480506837366
v -0.001372570404782892 0.04645675420761108 -0.009013480506837366
v -0.0024729117285460247 0.046461895108222954 -0.00899553671479225
v -0.002389299217611552 0.04714033752679824 -0.008504713885486124
v -0.001372570404782892 0.04645675420761108 -0.009013480506837366
v -0.002389299217611552 0.04714033752679824 -0.008504713885486124
v -0.0012980580795556313 0.04705337062478065 -0.008675213903188704
v -0.0012980580795556313 0.04705337062478065 -0.008675213903188704
v -0.002389299217611552 0.04714033752679824 -0.008504713885486124
v -0.002352300565689803 0.047425452619791024 -0.00821506045758724
v -0.0012980580795556313 0.04705337062478065 -0.008675213903188704
v -0.002352300565689803 0.047425452619791024 -0.00821506045758724
v -0.0018405369482934484 0.04751299694180488 -0.008248590864241121
v -0.0018405369482934484 0.04751299694180488 -0.008248590864241121
v -0.002352300565689803 0.047425452619791024 -0.00821506045758724
v -0.002295236103236676 0.04785343632102012 -0.007647851947695016
v -0.0018405369482934484 0.04751299694180488 -0.008248590864241121
v -0.002295236103236676 0.04785343632102012 -0.007647851947695016
v -0.0017945566214621076 0.04789043962955474 -0.007816108874976633
v -0.0017945566214621076 0.04789043962955474 -0.007816108874976633
v -0.002295236103236676 0.04785343632102012 -0.007647851947695016
v -0.0022748659830540427 0.048005159944295876 -0.0073878555558621875
v -0.0017945566214621076 0.04789043962955474 -0.007816108874976633
v -0.0022748659830540427 0.048005159944295876 -0.0073878555558621875
v -0.0017609792994335302 0.048158697783946984 -0.0074122888036072246
v -0.0017609792994335302 0.048158697783946984 -0.0074122888036072246
v -0.0022748659830540427 0.048005159944295876 -0.0073878555558621875
v -0.001619907561689616 0.04844164475798606 -0.006746017839759587
v -0.0017609792994335302 0.048158697783946984 -0.0074122888036072246
v -0.001619907561689616 0.04844164475798606 -0.006746017839759587
v -0.001139944302849472 0.04824129119515418 -0.007426238153129815
v -0.001619907561689616 0.04844164475798606 -0.006746017839759587
v -0.0008649965166114275 0.048504680395126336 -0.006745534483343362
v -0.001139944302849472 0.04824129119515418 -0.007426238153129815
v -0.001139944302849472 0.04824129119515418 -0.007426238153129815
v -0.0008649965166114275 0.048504680395126336 -0.006745534483343362
v -0.00056515313917771 0.048247169703245156 -0.0074307387694716445
v -0.001139944302849472 0.04824129119515418 -0.007426238153129815
v -0.00056515313917771 0.048247169703245156 -0.0074307387694716445
v -0.0011791690485551958 0.04796225577592849 -0.007836815901100634
v -0.0011791690485551958 0.04796225577592849 -0.007836815901100634
v -0.00056515313917771 0.048247169703245156 -0.0074307387694716445
v -0.0006047764909453692 0.04796189814805984 -0.007838925346732138
v -0.0011791690485551958 0.04796225577592849 -0.007836815901100634
v -0.0006047764909453692 0.04796189814805984 -0.007838925346732138
v -0.0012320919195190079 0.047562707215547555 -0.008268048986792563
v -0.0012320919195190079 0.047562707215547555 -0.008268048986792563
v -0.0006047764909453692 0.04796189814805984 -0.007838925346732138
v -0.0006585394730791453 0.04755006730556487 -0.00826077628880739
v -0.0012320919195190079 0.047562707215547555 -0.008268048986792563
v -0.0006585394730791453 0.04755006730556487 -0.00826077628880739
v -0.0012980580795556313 0.04705337062478065 -0.008675213903188704
v -0.0012980580795556313 0.04705337062478065 -0.008675213903188704
v -0.0006585394730791453 0.04755006730556487 -0.00826077628880739
v -0.0007252728682942692 0.04702456295490264 -0.008652443066239355
v -0.0012980580795556313 0.04705337062478065 -0.008675213903188704
v -0.0007252728682942692 0.04702456295490264 -0.008652443066239355
v -0.001372570404782892 0.04645675420761108 -0.009013480506837366
v -0.001372570404782892 0.04645675420761108 -0.009013480506837366
v -0.0007252728682942692 0.04702456295490264 -0.008652443066239355
v -0.0007998680230230096 0.04641230776906013 -0.008974327705800532
v -0.001372570404782892 0.04645675420761108 -0.009013480506837366
v -0.0007998680230230096 0.04641230776906013 -0.008974327705800532
v -0.0004579459782689812 0.04568768665194511 -0.009145151823759077
v -0.0004579459782689812 0.04568768665194511 -0.009145151823759077
v -0.0007998680230230096 0.04641230776906013 -0.008974327705800532
v -0.0003935709828510882 0.04638869315385818 -0.008901125751435755
v 0.0012477410491555936 0.04627559706568717 -0.00805461499840021
v 0.0013091664295643575 0.04578283429145812 -0.008254693821072577
v 0.0009455001563765113 0.04597106203436851 -0.008470509201288222
v 0.0009658050839789216 0.04783037677407264 -0.006746515631675719
v 0.0010582876857370143 0.04772906005382537 -0.0067465975880622855
v 0.0008157842676155272 0.04789097234606742 -0.007011979352682828
v 0.0017710558604449042 0.0465826503932476 -0.00674687698483467
v 0.0017916243523359307 0.04632692411541938 -0.007070346269756555
v 0.0015028924681246287 0.046880781650543206 -0.007149192504584788
v 0.0015028924681246287 0.046880781650543206 -0.007149192504584788
v 0.0017916243523359307 0.04632692411541938 -0.007070346269756555
v 0.0015006581088528044 0.04666779562830924 -0.007389658130705356
v 0.00037759126280434446 0.0482930764555931 -0.00674602435901761
v 0.0004701796569861474 0.04823982343077659 -0.0067460890859365455
v 0.00045082447468303166 0.04816304892301559 -0.007043254561722278
v 0.002181734889745713 0.045195125043392174 -0.006951519288122653
v 0.00217413459904492 0.045095939189195626 -0.007087344769388436
v 0.0017919735983014115 0.04593368247151374 -0.007461003959178924
v 0.001971714664250613 0.04477234929800033 -0.007862803526222704
v 0.0022025585640221843 0.044851392507553094 -0.007220230530947446
v 0.002119828714057804 0.04475525021553039 -0.007558582816272973
v 0.002119828714057804 0.04475525021553039 -0.007558582816272973
v 0.0022025585640221843 0.044851392507553094 -0.007220230530947446
v 0.002226480748504401 0.04474899917840957 -0.007230104878544807
v 0.002119828714057804 0.04475525021553039 -0.007558582816272973
v 0.002226480748504401 0.04474899917840957 -0.007230104878544807
v 0.002228286350145937 0.04474180564284324 -0.007230339106172322
v 0.0017919735983014115 0.04593368247151374 -0.007461003959178924
v 0.00217413459904492 0.045095939189195626 -0.007087344769388436
v 0.0018592991400510081 0.045343082398176186 -0.007760901004076003
v 0.0018592991400510081 0.045343082398176186 -0.007760901004076003
v 0.00217413459904492 0.045095939189195626 -0.007087344769388436
v 0.0021755802445113668 0.0450526513159275 -0.0071253874339163295
v 0.0018592991400510081 0.045343082398176186 -0.007760901004076003
v 0.0021755802445113668 0.0450526513159275 -0.0071253874339163295
v 0.002190394792705775 0.04491737857460975 -0.007201878353953361
v 0.00037759126280434446 0.0482930764555931 -0.00674602435901761
v 0.00045082447468303166 0.04816304892301559 -0.007043254561722278
v 0.0003539989120326938 0.04830552637577056 -0.0067460089921951285
v -0.00017728219972923406 0.048382855951786034 -0.007069394923746585
v -0.0001667706383159385 0.04847107827663421 -0.0067458515986800185
v 0.0003539989120326938 0.04830552637577056 -0.0067460089921951285
v 0.0003539989120326938 0.04830552637577056 -0.0067460089921951285
v 0.00045082447468303166 0.04816304892301559 -0.007043254561722278
v -0.00017728219972923406 0.048382855951786034 -0.007069394923746585
v -0.00017728219972923406 0.048382855951786034 -0.007069394923746585
v 0.00045082447468303166 0.04816304892301559 -0.007043254561722278
v 0.0004421174235176297 0.04799163341522216 -0.007366041652858256
v -0.00017728219972923406 0.048382855951786034 -0.007069394923746585
v 0.0004421174235176297 0.04799163341522216 -0.007366041652858256
v -0.00019711909408215441 0.0482121892273426 -0.007423124741762876
v -0.00019711909408215441 0.0482121892273426 -0.007423124741762876
v 0.0004421174235176297 0.04799163341522216 -0.007366041652858256
v 0.0004491028958000245 0.04768783599138259 -0.0077163674868643275
v -0.00019711909408215441 0.0482121892273426 -0.007423124741762876
v 0.0004491028958000245 0.04768783599138259 -0.0077163674868643275
v -0.00023110320034902554 0.047914121299982064 -0.007823606953024862
v -0.00023110320034902554 0.047914121299982064 -0.007823606953024862
v 0.0004491028958000245 0.04768783599138259 -0.0077163674868643275
v 0.00046981533523649 0.047254525125026696 -0.008070988580584524
v -0.00023110320034902554 0.047914121299982064 -0.007823606953024862
v 0.00046981533523649 0.047254525125026696 -0.008070988580584524
v -0.00027690743445418786 0.047503389418125146 -0.008220788091421126
v 0.000556110520847142 0.04551067948341369 -0.008846225216984747
v 6.493667024187746e-05 0.044977694749832146 -0.009158642031252382
v -0.0004579459782689812 0.04568768665194511 -0.009145151823759077
v -0.0004579459782689812 0.04568768665194511 -0.009145151823759077
v 6.493667024187746e-05 0.044977694749832146 -0.009158642031252382
v 3.9731294236844426e-05 0.044980410486459725 -0.009166245348751543
v -0.0004579459782689812 0.04568768665194511 -0.009145151823759077
v 3.9731294236844426e-05 0.044980410486459725 -0.009166245348751543
v -0.0005072931526228788 0.04503952339291572 -0.00929796416312456
v 0.0013091664295643575 0.04578283429145812 -0.008254693821072577
v 0.0011839527869597082 0.04485753178596496 -0.008648135699331759
v 0.0009455001563765113 0.04597106203436851 -0.008470509201288222
v 0.0009455001563765113 0.04597106203436851 -0.008470509201288222
v 0.0011839527869597082 0.04485753178596496 -0.008648135699331759
v 0.00105821923352778 0.044870983809232705 -0.008726658299565314
v 0.0009455001563765113 0.04597106203436851 -0.008470509201288222
v 0.00105821923352778 0.044870983809232705 -0.008726658299565314
v 0.000556110520847142 0.04551067948341369 -0.008846225216984747
v 0.000556110520847142 0.04551067948341369 -0.008846225216984747
v 0.00105821923352778 0.044870983809232705 -0.008726658299565314
v 0.0005937090027146044 0.04492077231407165 -0.008964140899479387
v 0.000556110520847142 0.04551067948341369 -0.008846225216984747
v 0.0005937090027146044 0.04492077231407165 -0.008964140899479387
v 6.493667024187746e-05 0.044977694749832146 -0.009158642031252382
v 0.0018985290080308923 0.04478050395846366 -0.007976830936968325
v 0.0018592991400510081 0.045343082398176186 -0.007760901004076003
v 0.001971714664250613 0.04477234929800033 -0.007862803526222704
v 0.001971714664250613 0.04477234929800033 -0.007862803526222704
v 0.0018592991400510081 0.045343082398176186 -0.007760901004076003
v 0.002190394792705775 0.04491737857460975 -0.007201878353953361
v 0.001971714664250613 0.04477234929800033 -0.007862803526222704
v 0.002190394792705775 0.04491737857460975 -0.007201878353953361
v 0.0022025585640221843 0.044851392507553094 -0.007220230530947446
v 0.001519756740890444 0.046356026083230965 -0.00763406092301011
v 0.0015006581088528044 0.04666779562830924 -0.007389658130705356
v 0.0017835316248238095 0.04616830125451087 -0.007264581508934497
v 0.0017835316248238095 0.04616830125451087 -0.007264581508934497
v 0.0015006581088528044 0.04666779562830924 -0.007389658130705356
v 0.0017916243523359307 0.04632692411541938 -0.007070346269756555
v 0.0017835316248238095 0.04616830125451087 -0.007264581508934497
v 0.0017916243523359307 0.04632692411541938 -0.007070346269756555
v 0.0021862711291760215 0.04521043971180915 -0.006915172562003135
v 0.0021862711291760215 0.04521043971180915 -0.006915172562003135
v 0.0017916243523359307 0.04632692411541938 -0.007070346269756555
v 0.0017710558604449042 0.0465826503932476 -0.00674687698483467
v 0.0021862711291760215 0.04521043971180915 -0.006915172562003135
v 0.0017710558604449042 0.0465826503932476 -0.00674687698483467
v 0.0022178892977535733 0.04523234441876411 -0.0067458515986800185
v -0.000335446617100388 0.046959865838289254 -0.008607713505625723
v -0.00027690743445418786 0.047503389418125146 -0.008220788091421126
v 0.0004984298138879242 0.04672066867351531 -0.008395563811063765
v 0.0004984298138879242 0.04672066867351531 -0.008395563811063765
v -0.00027690743445418786 0.047503389418125146 -0.008220788091421126
v 0.00046981533523649 0.047254525125026696 -0.008070988580584524
v 0.0004984298138879242 0.04672066867351531 -0.008395563811063765
v 0.00046981533523649 0.047254525125026696 -0.008070988580584524
v 0.0008446926367469135 0.04703294485807418 -0.007944948039948939
v 0.0008446926367469135 0.04703294485807418 -0.007944948039948939
v 0.00046981533523649 0.047254525125026696 -0.008070988580584524
v 0.0004491028958000245 0.04768783599138259 -0.0077163674868643275
v 0.0008446926367469135 0.04703294485807418 -0.007944948039948939
v 0.0004491028958000245 0.04768783599138259 -0.0077163674868643275
v 0.0008133426890708509 0.0474465824663639 -0.007622567005455493
v 0.0008133426890708509 0.0474465824663639 -0.007622567005455493
v 0.0004491028958000245 0.04768783599138259 -0.0077163674868643275
v 0.0004421174235176297 0.04799163341522216 -0.007366041652858256
v 0.0008133426890708509 0.0474465824663639 -0.007622567005455493
v 0.0004421174235176297 0.04799163341522216 -0.007366041652858256
v 0.000803440343588591 0.047734595835208886 -0.007303855381906032
v 0.000803440343588591 0.047734595835208886 -0.007303855381906032
v 0.0004421174235176297 0.04799163341522216 -0.007366041652858256
v 0.00045082447468303166 0.04816304892301559 -0.007043254561722278
v 0.000803440343588591 0.047734595835208886 -0.007303855381906032
v 0.00045082447468303166 0.04816304892301559 -0.007043254561722278
v 0.0008157842676155272 0.04789097234606742 -0.007011979352682828
v 0.0008157842676155272 0.04789097234606742 -0.007011979352682828
v 0.00045082447468303166 0.04816304892301559 -0.007043254561722278
v 0.0004701796569861474 0.04823982343077659 -0.0067460890859365455
v 0.0008157842676155272 0.04789097234606742 -0.007011979352682828
v 0.0004701796569861474 0.04823982343077659 -0.0067460890859365455
v 0.0009658050839789216 0.04783037677407264 -0.006746515631675719
v -0.0004579459782689812 0.04568768665194511 -0.009145151823759077
v -0.0003935709828510882 0.04638869315385818 -0.008901125751435755
v 0.000556110520847142 0.04551067948341369 -0.008846225216984747
v 0.000556110520847142 0.04551067948341369 -0.008846225216984747
v -0.0003935709828510882 0.04638869315385818 -0.008901125751435755
v 0.0005285042570903899 0.046126831322908395 -0.00865873973816633
v 0.000556110520847142 0.04551067948341369 -0.008846225216984747
v 0.0005285042570903899 0.046126831322908395 -0.00865873973816633
v 0.0009455001563765113 0.04597106203436851 -0.008470509201288222
v 0.0009455001563765113 0.04597106203436851 -0.008470509201288222
v 0.0005285042570903899 0.046126831322908395 -0.00865873973816633
v 0.0008913844940252606 0.04652654752135276 -0.008237622678279875
v 0.0009455001563765113 0.04597106203436851 -0.008470509201288222
v 0.0008913844940252606 0.04652654752135276 -0.008237622678279875
v 0.0012477410491555936 0.04627559706568717 -0.00805461499840021
v 0.0012477410491555936 0.04627559706568717 -0.00805461499840021
v 0.0008913844940252606 0.04652654752135276 -0.008237622678279875
v 0.001199397374875844 0.04673018679022788 -0.007797061000019311
v -0.0003935709828510882 0.04638869315385818 -0.008901125751435755
v -0.000335446617100388 0.046959865838289254 -0.008607713505625723
v 0.0005285042570903899 0.046126831322908395 -0.00865873973816633
v 0.0005285042570903899 0.046126831322908395 -0.00865873973816633
v -0.000335446617100388 0.046959865838289254 -0.008607713505625723
v 0.0004984298138879242 0.04672066867351531 -0.008395563811063765
v 0.0005285042570903899 0.046126831322908395 -0.00865873973816633
v 0.0004984298138879242 0.04672066867351531 -0.008395563811063765
v 0.0008913844940252606 0.04652654752135276 -0.008237622678279875
v 0.0008913844940252606 0.04652654752135276 -0.008237622678279875
v 0.0004984298138879242 0.04672066867351531 -0.008395563811063765
v 0.0008446926367469135 0.04703294485807418 -0.007944948039948939
v 0.0008913844940252606 0.04652654752135276 -0.008237622678279875
v 0.0008446926367469135 0.04703294485807418 -0.007944948039948939
v 0.001199397374875844 0.04673018679022788 -0.007797061000019311
v 0.001199397374875844 0.04673018679022788 -0.007797061000019311
v 0.0008446926367469135 0.04703294485807418 -0.007944948039948939
v 0.0008133426890708509 0.0474465824663639 -0.007622567005455493
v 0.001199397374875844 0.04673018679022788 -0.007797061000019311
v 0.0008133426890708509 0.0474465824663639 -0.007622567005455493
v 0.0011706699151545767 0.04710307344794273 -0.00751102203503251
v 0.0011706699151545767 0.04710307344794273 -0.00751102203503251
v 0.0008133426890708509 0.0474465824663639 -0.007622567005455493
v 0.000803440343588591 0.047734595835208886 -0.007303855381906032
v 0.0011706699151545767 0.04710307344794273 -0.00751102203503251
v 0.000803440343588591 0.047734595835208886 -0.007303855381906032
v 0.0011655491543933754 0.04736032709479331 -0.007229001261293887
v 0.0011655491543933754 0.04736032709479331 -0.007229001261293887
v 0.000803440343588591 0.047734595835208886 -0.007303855381906032
v 0.0008157842676155272 0.04789097234606742 -0.007011979352682828
v 0.0011655491543933754 0.04736032709479331 -0.007229001261293887
v 0.0008157842676155272 0.04789097234606742 -0.007011979352682828
v 0.0011829285649582748 0.04749397560954093 -0.0069740372709929934
v 0.0011829285649582748 0.04749397560954093 -0.0069740372709929934
v 0.0008157842676155272 0.04789097234606742 -0.007011979352682828
v 0.0010582876857370143 0.04772906005382537 -0.0067465975880622855
v 0.0021862711291760215 0.04521043971180915 -0.006915172562003135
v 0.002181734889745713 0.045195125043392174 -0.006951519288122653
v 0.0017835316248238095 0.04616830125451087 -0.007264581508934497
v 0.0017835316248238095 0.04616830125451087 -0.007264581508934497
v 0.002181734889745713 0.045195125043392174 -0.006951519288122653
v 0.0017919735983014115 0.04593368247151374 -0.007461003959178924
v 0.0017835316248238095 0.04616830125451087 -0.007264581508934497
v 0.0017919735983014115 0.04593368247151374 -0.007461003959178924
v 0.001519756740890444 0.046356026083230965 -0.00763406092301011
v 0.001519756740890444 0.046356026083230965 -0.00763406092301011
v 0.0017919735983014115 0.04593368247151374 -0.007461003959178924
v 0.0018592991400510081 0.045343082398176186 -0.007760901004076003
v 0.001519756740890444 0.046356026083230965 -0.00763406092301011
v 0.0018592991400510081 0.045343082398176186 -0.007760901004076003
v 0.0016143851680681116 0.045569445937871926 -0.008016948588192461
v 0.0016143851680681116 0.045569445937871926 -0.008016948588192461
v 0.0018592991400510081 0.045343082398176186 -0.007760901004076003
v 0.0018985290080308923 0.04478050395846366 -0.007976830936968325
v 0.0016143851680681116 0.045569445937871926 -0.008016948588192461
v 0.0018985290080308923 0.04478050395846366 -0.007976830936968325
v 0.0014445313718169934 0.04482964426279067 -0.008458604104816912
v 0.0010582876857370143 0.04772906005382537 -0.0067465975880622855
v 0.0012140007456764583 0.047538314014673226 -0.006746725179255008
v 0.0011829285649582748 0.04749397560954093 -0.0069740372709929934
v 0.0011829285649582748 0.04749397560954093 -0.0069740372709929934
v 0.0012140007456764583 0.047538314014673226 -0.006746725179255008
v 0.0017710558604449042 0.0465826503932476 -0.00674687698483467
v 0.0011829285649582748 0.04749397560954093 -0.0069740372709929934
v 0.0017710558604449042 0.0465826503932476 -0.00674687698483467
v 0.0011655491543933754 0.04736032709479331 -0.007229001261293887
v 0.0011655491543933754 0.04736032709479331 -0.007229001261293887
v 0.0017710558604449042 0.0465826503932476 -0.00674687698483467
v 0.0015028924681246287 0.046880781650543206 -0.007149192504584788
v 0.0011655491543933754 0.04736032709479331 -0.007229001261293887
v 0.0015028924681246287 0.046880781650543206 -0.007149192504584788
v 0.0011706699151545767 0.04710307344794273 -0.00751102203503251
v 0.0011706699151545767 0.04710307344794273 -0.00751102203503251
v 0.0015028924681246287 0.046880781650543206 -0.007149192504584788
v 0.0015006581088528044 0.04666779562830924 -0.007389658130705356
v 0.0011706699151545767 0.04710307344794273 -0.00751102203503251
v 0.0015006581088528044 0.04666779562830924 -0.007389658130705356
v 0.001199397374875844 0.04673018679022788 -0.007797061000019311
v 0.001199397374875844 0.04673018679022788 -0.007797061000019311
v 0.0015006581088528044 0.04666779562830924 -0.007389658130705356
v 0.001519756740890444 0.046356026083230965 -0.00763406092301011
v 0.001199397374875844 0.04673018679022788 -0.007797061000019311
v 0.001519756740890444 0.046356026083230965 -0.00763406092301011
v 0.0012477410491555936 0.04627559706568717 -0.00805461499840021
v 0.0012477410491555936 0.04627559706568717 -0.00805461499840021
v 0.001519756740890444 0.046356026083230965 -0.00763406092301011
v 0.0016143851680681116 0.045569445937871926 -0.008016948588192461
v 0.0012477410491555936 0.04627559706568717 -0.00805461499840021
v 0.0016143851680681116 0.045569445937871926 -0.008016948588192461
v 0.0013091664295643575 0.04578283429145812 -0.008254693821072577
v 0.0013091664295643575 0.04578283429145812 -0.008254693821072577
v 0.0016143851680681116 0.045569445937871926 -0.008016948588192461
v 0.0014445313718169934 0.04482964426279067 -0.008458604104816912
v 0.0013091664295643575 0.04578283429145812 -0.008254693821072577
v 0.0014445313718169934 0.04482964426279067 -0.008458604104816912
v 0.0011839527869597082 0.04485753178596496 -0.008648135699331759
v 0.0015513288090005524 0.04702173173427581 -0.003253111150115728
v 0.0015751202590763575 0.046978801488876336 -0.0032531060278415676
v 0.0016208224697038538 0.04699480161070823 -0.003533117705956101
v 0.0018471734365448364 0.04640401527285575 -0.0032531940378248687
v 0.00221788208000362 0.04523234441876411 -0.00325412000529468
v 0.0020804624073207387 0.04590535163879394 -0.0035333230625838037
v 0.0020804624073207387 0.04590535163879394 -0.0035333230625838037
v 0.00221788208000362 0.04523234441876411 -0.00325412000529468
v 0.002328987931832672 0.045221157371997826 -0.003899666247889399
v 0.0020804624073207387 0.04590535163879394 -0.0035333230625838037
v 0.002328987931832672 0.045221157371997826 -0.003899666247889399
v 0.002179065253585578 0.045902572572231286 -0.004325580317527055
v 0.002179065253585578 0.045902572572231286 -0.004325580317527055
v 0.002328987931832672 0.045221157371997826 -0.003899666247889399
v 0.002373571740463377 0.045216657221317284 -0.004325615242123603
v 0.002179065253585578 0.045902572572231286 -0.004325580317527055
v 0.002373571740463377 0.045216657221317284 -0.004325615242123603
v 0.0024000885896384725 0.045213989913463586 -0.004999969154596328
v 0.0015513288090005524 0.04702173173427581 -0.003253111150115728
v 0.0016208224697038538 0.04699480161070823 -0.003533117705956101
v 0.0012139921309426431 0.04753830656409263 -0.003253300907090306
v 0.00037757525569759326 0.048293069005012505 -0.0032539975363761182
v 0.00047878827899694464 0.04823449999094009 -0.0032539286185055967
v 0.0003929398953914644 0.04834253713488578 -0.003533642971888184
v 0.0003929398953914644 0.04834253713488578 -0.003533642971888184
v 0.00047878827899694464 0.04823449999094009 -0.0032539286185055967
v 0.0005135589744895699 0.0482124239206314 -0.003253902774304151
v 0.0003929398953914644 0.04834253713488578 -0.003533642971888184
v 0.0005135589744895699 0.0482124239206314 -0.003253902774304151
v 0.0009966777870431547 0.04786698147654533 -0.0035333663690835233
v 0.0009966777870431547 0.04786698147654533 -0.0035333663690835233
v 0.0013229933101683862 0.04747024551033973 -0.0035332073457539077
v 0.0014114084187895066 0.04753375053405761 -0.005117519292980432
v 0.0010582876857370143 0.04772906005382537 -0.0067465975880622855
v 0.0009658050839789216 0.04783037677407264 -0.006746515631675719
v 0.0010390635579824452 0.047919135540723794 -0.005931753665208816
v 0.0004701796569861474 0.04823982343077659 -0.0067460890859365455
v 0.00037759126280434446 0.0482930764555931 -0.00674602435901761
v 0.00041391787817701714 0.04841236397624015 -0.005931688472628593
v 0.00041391787817701714 0.04841236397624015 -0.005931688472628593
v 0.00037759126280434446 0.0482930764555931 -0.00674602435901761
v 0.0003539989120326938 0.04830552637577056 -0.0067460089921951285
v 0.0015751202590763575 0.046978801488876336 -0.0032531060278415676
v 0.0018471734365448364 0.04640401527285575 -0.0032531940378248687
v 0.0016208224697038538 0.04699480161070823 -0.003533117705956101
v 0.0016208224697038538 0.04699480161070823 -0.003533117705956101
v 0.0018471734365448364 0.04640401527285575 -0.0032531940378248687
v 0.0020804624073207387 0.04590535163879394 -0.0035333230625838037
v 0.0016208224697038538 0.04699480161070823 -0.003533117705956101
v 0.0020804624073207387 0.04590535163879394 -0.0035333230625838037
v 0.0017041822429746396 0.047025140374898904 -0.004325578920543193
v 0.0017041822429746396 0.047025140374898904 -0.004325578920543193
v 0.0020804624073207387 0.04590535163879394 -0.0035333230625838037
v 0.002179065253585578 0.045902572572231286 -0.004325580317527055
v 0.0005135589744895699 0.0482124239206314 -0.003253902774304151
v 0.0008469644817523662 0.04794844985008239 -0.0032536194194108243
v 0.0009966777870431547 0.04786698147654533 -0.0035333663690835233
v 0.0009966777870431547 0.04786698147654533 -0.0035333663690835233
v 0.0008469644817523662 0.04794844985008239 -0.0032536194194108243
v 0.0012139921309426431 0.04753830656409263 -0.003253300907090306
v 0.0009966777870431547 0.04786698147654533 -0.0035333663690835233
v 0.0012139921309426431 0.04753830656409263 -0.003253300907090306
v 0.0013229933101683862 0.04747024551033973 -0.0035332073457539077
v 0.0013229933101683862 0.04747024551033973 -0.0035332073457539077
v 0.0012139921309426431 0.04753830656409263 -0.003253300907090306
v 0.0016208224697038538 0.04699480161070823 -0.003533117705956101
v 0.0013229933101683862 0.04747024551033973 -0.0035332073457539077
v 0.0016208224697038538 0.04699480161070823 -0.003533117705956101
v 0.0014114084187895066 0.04753375053405761 -0.005117519292980432
v 0.0014114084187895066 0.04753375053405761 -0.005117519292980432
v 0.0016208224697038538 0.04699480161070823 -0.003533117705956101
v 0.0017041822429746396 0.047025140374898904 -0.004325578920543193
v 0.0014114084187895066 0.04753375053405761 -0.005117519292980432
v 0.0017041822429746396 0.047025140374898904 -0.004325578920543193
v 0.0017252503894269475 0.047033060342073434 -0.005117518361657857
v 0.0017252503894269475 0.047033060342073434 -0.005117518361657857
v 0.0017041822429746396 0.047025140374898904 -0.004325578920543193
v 0.002179065253585578 0.045902572572231286 -0.004325580317527055
v 0.0017252503894269475 0.047033060342073434 -0.005117518361657857
v 0.002179065253585578 0.045902572572231286 -0.004325580317527055
v 0.0022041520569473514 0.04590188339352607 -0.005117516499012708
v 0.0022041520569473514 0.04590188339352607 -0.005117516499012708
v 0.002179065253585578 0.045902572572231286 -0.004325580317527055
v 0.0024000885896384725 0.045213989913463586 -0.004999969154596328
v 0.0022041520569473514 0.04590188339352607 -0.005117516499012708
v 0.0024000885896384725 0.045213989913463586 -0.004999969154596328
v 0.0023254707921296367 0.04522151127457618 -0.006126909516751765
v 0.00041391787817701714 0.04841236397624015 -0.005931688472628593
v 0.0004272416990716012 0.04845836758613586 -0.005117519292980432
v 0.0010661488631740217 0.047953840345144265 -0.005117520224303006
v 0.0010661488631740217 0.047953840345144265 -0.005117520224303006
v 0.0004272416990716012 0.04845836758613586 -0.005117519292980432
v 0.00042041973210871236 0.04843466728925704 -0.004325637128204106
v 0.0023254707921296367 0.04522151127457618 -0.006126909516751765
v 0.0021553423721343288 0.045903228223323815 -0.005931781139224767
v 0.0022041520569473514 0.04590188339352607 -0.005117516499012708
v 0.0022041520569473514 0.04590188339352607 -0.005117516499012708
v 0.0021553423721343288 0.045903228223323815 -0.005931781139224767
v 0.0016842255135998136 0.04701771959662437 -0.0059318244457244864
v 0.0022041520569473514 0.04590188339352607 -0.005117516499012708
v 0.0016842255135998136 0.04701771959662437 -0.0059318244457244864
v 0.0017252503894269475 0.047033060342073434 -0.005117518361657857
v 0.0017252503894269475 0.047033060342073434 -0.005117518361657857
v 0.0016842255135998136 0.04701771959662437 -0.0059318244457244864
v 0.0013768003555014736 0.047508329153060906 -0.005931796971708535
v 0.0017252503894269475 0.047033060342073434 -0.005117518361657857
v 0.0013768003555014736 0.047508329153060906 -0.005931796971708535
v 0.0014114084187895066 0.04753375053405761 -0.005117519292980432
v 0.0014114084187895066 0.04753375053405761 -0.005117519292980432
v 0.0013768003555014736 0.047508329153060906 -0.005931796971708535
v 0.0010661488631740217 0.047953840345144265 -0.005117520224303006
v 0.0014114084187895066 0.04753375053405761 -0.005117519292980432
v 0.0010661488631740217 0.047953840345144265 -0.005117520224303006
v 0.0009966777870431547 0.04786698147654533 -0.0035333663690835233
v 0.0009966777870431547 0.04786698147654533 -0.0035333663690835233
v 0.0010661488631740217 0.047953840345144265 -0.005117520224303006
v 0.00042041973210871236 0.04843466728925704 -0.004325637128204106
v 0.0009966777870431547 0.04786698147654533 -0.0035333663690835233
v 0.00042041973210871236 0.04843466728925704 -0.004325637128204106
v 0.0003929398953914644 0.04834253713488578 -0.003533642971888184
v 0.0023254707921296367 0.04522151127457618 -0.006126909516751765
v 0.0022178892977535733 0.04523234441876411 -0.0067458515986800185
v 0.0021553423721343288 0.045903228223323815 -0.005931781139224767
v 0.0021553423721343288 0.045903228223323815 -0.005931781139224767
v 0.0022178892977535733 0.04523234441876411 -0.0067458515986800185
v 0.0017710558604449042 0.0465826503932476 -0.00674687698483467
v 0.0021553423721343288 0.045903228223323815 -0.005931781139224767
v 0.0017710558604449042 0.0465826503932476 -0.00674687698483467
v 0.0016842255135998136 0.04701771959662437 -0.0059318244457244864
v 0.0016842255135998136 0.04701771959662437 -0.0059318244457244864
v 0.0017710558604449042 0.0465826503932476 -0.00674687698483467
v 0.0012140007456764583 0.047538314014673226 -0.006746725179255008
v 0.0016842255135998136 0.04701771959662437 -0.0059318244457244864
v 0.0012140007456764583 0.047538314014673226 -0.006746725179255008
v 0.0013768003555014736 0.047508329153060906 -0.005931796971708535
v 0.0013768003555014736 0.047508329153060906 -0.005931796971708535
v 0.0012140007456764583 0.047538314014673226 -0.006746725179255008
v 0.0010582876857370143 0.04772906005382537 -0.0067465975880622855
v 0.0013768003555014736 0.047508329153060906 -0.005931796971708535
v 0.0010582876857370143 0.04772906005382537 -0.0067465975880622855
v 0.0010661488631740217 0.047953840345144265 -0.005117520224303006
v 0.0010661488631740217 0.047953840345144265 -0.005117520224303006
v 0.0010582876857370143 0.04772906005382537 -0.0067465975880622855
v 0.0010390635579824452 0.047919135540723794 -0.005931753665208816
v 0.0010661488631740217 0.047953840345144265 -0.005117520224303006
v 0.0010390635579824452 0.047919135540723794 -0.005931753665208816
v 0.00041391787817701714 0.04841236397624015 -0.005931688472628593
v 0.00041391787817701714 0.04841236397624015 -0.005931688472628593
v 0.0010390635579824452 0.047919135540723794 -0.005931753665208816
v 0.0009658050839789216 0.04783037677407264 -0.006746515631675719
v 0.00041391787817701714 0.04841236397624015 -0.005931688472628593
v 0.0009658050839789216 0.04783037677407264 -0.006746515631675719
v 0.0004701796569861474 0.04823982343077659 -0.0067460890859365455
v -0.00016677196254022428 0.04847107082605361 -0.003254155861213803
v 0.00037757525569759326 0.048293069005012505 -0.0032539975363761182
v -0.00016023650823626675 0.04852531105279922 -0.0035337139852344985
v -0.00016023650823626675 0.04852531105279922 -0.0035337139852344985
v 0.00037757525569759326 0.048293069005012505 -0.0032539975363761182
v 0.0003929398953914644 0.04834253713488578 -0.003533642971888184
v -0.00016023650823626675 0.04852531105279922 -0.0035337139852344985
v 0.0003929398953914644 0.04834253713488578 -0.003533642971888184
v -0.00015055009862408047 0.048605728894472115 -0.004111367277801036
v -0.00015055009862408047 0.048605728894472115 -0.004111367277801036
v 0.0003929398953914644 0.04834253713488578 -0.003533642971888184
v 0.00042041973210871236 0.04843466728925704 -0.004325637128204106
v -0.00015055009862408047 0.048605728894472115 -0.004111367277801036
v 0.00042041973210871236 0.04843466728925704 -0.004325637128204106
v -0.00014504544378723955 0.04865144938230514 -0.005000004079192876
v -0.00014504544378723955 0.04865144938230514 -0.005000004079192876
v 0.00042041973210871236 0.04843466728925704 -0.004325637128204106
v 0.0004272416990716012 0.04845836758613586 -0.005117519292980432
v -0.00014504544378723955 0.04865144938230514 -0.005000004079192876
v 0.0004272416990716012 0.04845836758613586 -0.005117519292980432
v -0.00015029091446194803 0.04860787838697433 -0.005867689847946166
v -0.00015029091446194803 0.04860787838697433 -0.005867689847946166
v 0.0004272416990716012 0.04845836758613586 -0.005117519292980432
v 0.00041391787817701714 0.04841236397624015 -0.005931688472628593
v -0.00015029091446194803 0.04860787838697433 -0.005867689847946166
v 0.00041391787817701714 0.04841236397624015 -0.005931688472628593
v -0.0001511027512606234 0.0486011579632759 -0.005931683350354432
v -0.0001511027512606234 0.0486011579632759 -0.005931683350354432
v 0.00041391787817701714 0.04841236397624015 -0.005931688472628593
v 0.0003539989120326938 0.04830552637577056 -0.0067460089921951285
v -0.0001511027512606234 0.0486011579632759 -0.005931683350354432
v 0.0003539989120326938 0.04830552637577056 -0.0067460089921951285
v -0.0001667706383159385 0.04847107827663421 -0.0067458515986800185
v -0.00017668810323812076 0.048387866467237466 -0.002944695763289928
v -0.00019711909408215441 0.0482121892273426 -0.0025768836494535203
v 0.0004505528777372094 0.047995205968618386 -0.0026473426260054107
v -0.000335446617100388 0.046959865838289254 -0.0013922943035140631
v -0.0003935709828510882 0.04638869315385818 -0.001098882290534675
v 0.0005385965923778715 0.046130731701850884 -0.0013480257475748656
v 0.0022078799083828935 0.04482659697532653 -0.002775656525045633
v 0.002190770814195276 0.04491510242223739 -0.0027973013930022712
v 0.0018535886192694315 0.04535213112831115 -0.002234019339084625
v 0.002228278201073409 0.04474184662103652 -0.0027696702163666482
v 0.0022078799083828935 0.04482659697532653 -0.002775656525045633
v 0.002146886661648751 0.044752016663551324 -0.002513238228857517
v 0.002146886661648751 0.044752016663551324 -0.002513238228857517
v 0.0022078799083828935 0.04482659697532653 -0.002775656525045633
v 0.001973890932276846 0.044772114604711526 -0.0021408780012279745
v 0.0022078799083828935 0.04482659697532653 -0.002775656525045633
v 0.0018535886192694315 0.04535213112831115 -0.002234019339084625
v 0.001973890932276846 0.044772114604711526 -0.0021408780012279745
v 0.001973890932276846 0.044772114604711526 -0.0021408780012279745
v 0.0018535886192694315 0.04535213112831115 -0.002234019339084625
v 0.0016103907255455858 0.04557692632079124 -0.001981704961508512
v 0.001973890932276846 0.044772114604711526 -0.0021408780012279745
v 0.0016103907255455858 0.04557692632079124 -0.001981704961508512
v 0.0017039264785125858 0.044801738113164895 -0.0017822704976424573
v 0.0017039264785125858 0.044801738113164895 -0.0017822704976424573
v 0.0016103907255455858 0.04557692632079124 -0.001981704961508512
v 0.0014527685707435018 0.04482876136898994 -0.0015481180744245646
v 0.0014527685707435018 0.04482876136898994 -0.0015481180744245646
v 0.0016103907255455858 0.04557692632079124 -0.001981704961508512
v 0.0013083893572911627 0.04578872025012969 -0.0017472709296271203
v 0.0014527685707435018 0.04482876136898994 -0.0015481180744245646
v 0.0013083893572911627 0.04578872025012969 -0.0017472709296271203
v 0.0014445313718169934 0.04482964426279067 -0.0015414034714922307
v 0.0005672165425494315 0.04551189020276069 -0.001159370527602732
v 0.0005937090027146044 0.04492077231407165 -0.001035867375321686
v 0.0008034290513023737 0.04489827156066894 -0.0011340222554281352
v 0.0005672165425494315 0.04551189020276069 -0.001159370527602732
v -0.00045761041110381506 0.04569160193204879 -0.0008559400448575615
v -0.0004579459782689812 0.04568768665194511 -0.0008548555197194218
v -0.0004579459782689812 0.04568768665194511 -0.0008548555197194218
v -0.0005072931526228788 0.04503952339291572 -0.0007020436460152267
v 0.0005672165425494315 0.04551189020276069 -0.001159370527602732
v 0.0005672165425494315 0.04551189020276069 -0.001159370527602732
v -0.0005072931526228788 0.04503952339291572 -0.0007020436460152267
v 6.826247408753264e-05 0.0449773296713829 -0.0008423804538324474
v 0.0005672165425494315 0.04551189020276069 -0.001159370527602732
v 6.826247408753264e-05 0.0449773296713829 -0.0008423804538324474
v 0.0005937090027146044 0.04492077231407165 -0.001035867375321686
v 0.0004599226231221112 0.04816270247101783 -0.002970175119116902
v 0.00047878827899694464 0.04823449999094009 -0.0032539286185055967
v 0.00037757525569759326 0.048293069005012505 -0.0032539975363761182
v 0.0005135589744895699 0.0482124239206314 -0.003253902774304151
v 0.0008211074164137247 0.0478910207748413 -0.002999961376190185
v 0.0008469644817523662 0.04794844985008239 -0.0032536194194108243
v 0.0008469644817523662 0.04794844985008239 -0.0032536194194108243
v 0.0008211074164137247 0.0478910207748413 -0.002999961376190185
v 0.0011840487131848936 0.0474972054362297 -0.003035938367247581
v 0.0008469644817523662 0.04794844985008239 -0.0032536194194108243
v 0.0011840487131848936 0.0474972054362297 -0.003035938367247581
v 0.0012139921309426431 0.04753830656409263 -0.003253300907090306
v 0.0012139921309426431 0.04753830656409263 -0.003253300907090306
v 0.0011840487131848936 0.0474972054362297 -0.003035938367247581
v 0.0015513288090005524 0.04702173173427581 -0.003253111150115728
v 0.0015751202590763575 0.046978801488876336 -0.0032531060278415676
v 0.001499590813182295 0.046892605721950524 -0.002858110703527927
v 0.0017860354855656633 0.046344738453626626 -0.0029345087241381402
v 0.0015751202590763575 0.046978801488876336 -0.0032531060278415676
v 0.0017860354855656633 0.046344738453626626 -0.0029345087241381402
v 0.0018471734365448364 0.04640401527285575 -0.0032531940378248687
v 0.0018471734365448364 0.04640401527285575 -0.0032531940378248687
v 0.0017860354855656633 0.046344738453626626 -0.0029345087241381402
v 0.0021825642324984082 0.04519850388169288 -0.0030557063873857255
v 0.0018471734365448364 0.04640401527285575 -0.0032531940378248687
v 0.0021825642324984082 0.04519850388169288 -0.0030557063873857255
v 0.00221788208000362 0.04523234441876411 -0.00325412000529468
v 0.0014445313718169934 0.04482964426279067 -0.0015414034714922307
v 0.0013083893572911627 0.04578872025012969 -0.0017472709296271203
v 0.0008034290513023737 0.04489827156066894 -0.0011340222554281352
v 0.0008034290513023737 0.04489827156066894 -0.0011340222554281352
v 0.0013083893572911627 0.04578872025012969 -0.0017472709296271203
v 0.0005385965923778715 0.046130731701850884 -0.0013480257475748656
v 0.0008034290513023737 0.04489827156066894 -0.0011340222554281352
v 0.0005385965923778715 0.046130731701850884 -0.0013480257475748656
v 0.0005672165425494315 0.04551189020276069 -0.001159370527602732
v 0.0005672165425494315 0.04551189020276069 -0.001159370527602732
v 0.0005385965923778715 0.046130731701850884 -0.0013480257475748656
v -0.0003935709828510882 0.04638869315385818 -0.001098882290534675
v 0.0005672165425494315 0.04551189020276069 -0.001159370527602732
v -0.0003935709828510882 0.04638869315385818 -0.001098882290534675
v -0.00045761041110381506 0.04569160193204879 -0.0008559400448575615
v 0.0015751202590763575 0.046978801488876336 -0.0032531060278415676
v 0.0015513288090005524 0.04702173173427581 -0.003253111150115728
v 0.001499590813182295 0.046892605721950524 -0.002858110703527927
v 0.001499590813182295 0.046892605721950524 -0.002858110703527927
v 0.0015513288090005524 0.04702173173427581 -0.003253111150115728
v 0.0011840487131848936 0.0474972054362297 -0.003035938367247581
v 0.001499590813182295 0.046892605721950524 -0.002858110703527927
v 0.0011840487131848936 0.0474972054362297 -0.003035938367247581
v 0.001165811787359417 0.04736719280481338 -0.0027807010337710376
v 0.001165811787359417 0.04736719280481338 -0.0027807010337710376
v 0.0011840487131848936 0.0474972054362297 -0.003035938367247581
v 0.0008211074164137247 0.0478910207748413 -0.002999961376190185
v 0.0004505528777372094 0.047995205968618386 -0.0026473426260054107
v 0.00045725013478659115 0.04769429937005042 -0.002296254271641373
v 0.0008170363144017759 0.04745362326502799 -0.002388382330536842
v 0.001198463723994792 0.04674019664525985 -0.002209566300734877
v 0.0008170363144017759 0.04745362326502799 -0.002388382330536842
v 0.0008480852120555941 0.04704091697931289 -0.002064165193587541
v 0.0008480852120555941 0.04704091697931289 -0.002064165193587541
v 0.0008170363144017759 0.04745362326502799 -0.002388382330536842
v 0.00045725013478659115 0.04769429937005042 -0.002296254271641373
v 0.0008480852120555941 0.04704091697931289 -0.002064165193587541
v 0.00045725013478659115 0.04769429937005042 -0.002296254271641373
v 0.00047821408952586375 0.04726183786988258 -0.0019399315351620314
v 0.00047821408952586375 0.04726183786988258 -0.0019399315351620314
v 0.00045725013478659115 0.04769429937005042 -0.002296254271641373
v -0.00023110320034902554 0.047914121299982064 -0.002176400506868958
v 0.0004505528777372094 0.047995205968618386 -0.0026473426260054107
v -0.00019711909408215441 0.0482121892273426 -0.0025768836494535203
v 0.00045725013478659115 0.04769429937005042 -0.002296254271641373
v 0.00045725013478659115 0.04769429937005042 -0.002296254271641373
v -0.00019711909408215441 0.0482121892273426 -0.0025768836494535203
v -0.0002299011975992472 0.04792480915784835 -0.002188555663451552
v 0.00045725013478659115 0.04769429937005042 -0.002296254271641373
v -0.0002299011975992472 0.04792480915784835 -0.002188555663451552
v -0.00023110320034902554 0.047914121299982064 -0.002176400506868958
v 0.0021750680170953282 0.04506294429302215 -0.002882941393181681
v 0.002174116903916002 0.04509781301021575 -0.0029145067092031236
v 0.001785736298188568 0.045950382947921746 -0.00253933947533369
v 0.001785736298188568 0.045950382947921746 -0.00253933947533369
v 0.002174116903916002 0.04509781301021575 -0.0029145067092031236
v 0.0017774809384718546 0.046186581254005425 -0.0027384234126657243
v 0.001785736298188568 0.045950382947921746 -0.00253933947533369
v 0.0017774809384718546 0.046186581254005425 -0.0027384234126657243
v 0.0015155090950429446 0.04636919498443603 -0.0023696031421422954
v 0.0015155090950429446 0.04636919498443603 -0.0023696031421422954
v 0.0017774809384718546 0.046186581254005425 -0.0027384234126657243
v 0.0014967471361160285 0.04668131843209266 -0.002616271842271089
v 0.0015155090950429446 0.04636919498443603 -0.0023696031421422954
v 0.0014967471361160285 0.04668131843209266 -0.002616271842271089
v 0.001198463723994792 0.04674019664525985 -0.002209566300734877
v 0.001198463723994792 0.04674019664525985 -0.002209566300734877
v 0.0014967471361160285 0.04668131843209266 -0.002616271842271089
v 0.0011701687471941118 0.04711254313588142 -0.0024976122658699747
v 0.001198463723994792 0.04674019664525985 -0.002209566300734877
v 0.0011701687471941118 0.04711254313588142 -0.0024976122658699747
v 0.0008170363144017759 0.04745362326502799 -0.002388382330536842
v 0.0008170363144017759 0.04745362326502799 -0.002388382330536842
v 0.0011701687471941118 0.04711254313588142 -0.0024976122658699747
v 0.0008078494574874643 0.04773863777518272 -0.0027079784777015443
v 0.0008170363144017759 0.04745362326502799 -0.002388382330536842
v 0.0008078494574874643 0.04773863777518272 -0.0027079784777015443
v 0.0004505528777372094 0.047995205968618386 -0.0026473426260054107
v 0.0004505528777372094 0.047995205968618386 -0.0026473426260054107
v 0.0008078494574874643 0.04773863777518272 -0.0027079784777015443
v 0.0004599226231221112 0.04816270247101783 -0.002970175119116902
v 0.0004505528777372094 0.047995205968618386 -0.0026473426260054107
v 0.0004599226231221112 0.04816270247101783 -0.002970175119116902
v -0.00017668810323812076 0.048387866467237466 -0.002944695763289928
v -0.00017668810323812076 0.048387866467237466 -0.002944695763289928
v 0.0004599226231221112 0.04816270247101783 -0.002970175119116902
v 0.00037757525569759326 0.048293069005012505 -0.0032539975363761182
v -0.00017668810323812076 0.048387866467237466 -0.002944695763289928
v 0.00037757525569759326 0.048293069005012505 -0.0032539975363761182
v -0.00016677196254022428 0.04847107082605361 -0.003254155861213803
v 0.002174116903916002 0.04509781301021575 -0.0029145067092031236
v 0.0021825642324984082 0.04519850388169288 -0.0030557063873857255
v 0.0017774809384718546 0.046186581254005425 -0.0027384234126657243
v 0.0017774809384718546 0.046186581254005425 -0.0027384234126657243
v 0.0021825642324984082 0.04519850388169288 -0.0030557063873857255
v 0.0017860354855656633 0.046344738453626626 -0.0029345087241381402
v 0.0017774809384718546 0.046186581254005425 -0.0027384234126657243
v 0.0017860354855656633 0.046344738453626626 -0.0029345087241381402
v 0.0014967471361160285 0.04668131843209266 -0.002616271842271089
v 0.0014967471361160285 0.04668131843209266 -0.002616271842271089
v 0.0017860354855656633 0.046344738453626626 -0.0029345087241381402
v 0.001499590813182295 0.046892605721950524 -0.002858110703527927
v 0.0014967471361160285 0.04668131843209266 -0.002616271842271089
v 0.001499590813182295 0.046892605721950524 -0.002858110703527927
v 0.0011701687471941118 0.04711254313588142 -0.0024976122658699747
v 0.0011701687471941118 0.04711254313588142 -0.0024976122658699747
v 0.001499590813182295 0.046892605721950524 -0.002858110703527927
v 0.001165811787359417 0.04736719280481338 -0.0027807010337710376
v 0.0011701687471941118 0.04711254313588142 -0.0024976122658699747
v 0.001165811787359417 0.04736719280481338 -0.0027807010337710376
v 0.0008078494574874643 0.04773863777518272 -0.0027079784777015443
v 0.0008078494574874643 0.04773863777518272 -0.0027079784777015443
v 0.001165811787359417 0.04736719280481338 -0.0027807010337710376
v 0.0008211074164137247 0.0478910207748413 -0.002999961376190185
v 0.0008078494574874643 0.04773863777518272 -0.0027079784777015443
v 0.0008211074164137247 0.0478910207748413 -0.002999961376190185
v 0.0004599226231221112 0.04816270247101783 -0.002970175119116902
v 0.0004599226231221112 0.04816270247101783 -0.002970175119116902
v 0.0008211074164137247 0.0478910207748413 -0.002999961376190185
v 0.0005135589744895699 0.0482124239206314 -0.003253902774304151
v 0.0004599226231221112 0.04816270247101783 -0.002970175119116902
v 0.0005135589744895699 0.0482124239206314 -0.003253902774304151
v 0.00047878827899694464 0.04823449999094009 -0.0032539286185055967
v -0.00027690743445418786 0.047503389418125146 -0.0017792206490412352
v -0.00033437003730796294 0.04697015136480331 -0.0013985325349494813
v 0.0005075549706816675 0.046726889908313744 -0.001613165368326008
v -0.00033437003730796294 0.04697015136480331 -0.0013985325349494813
v -0.000335446617100388 0.046959865838289254 -0.0013922943035140631
v 0.0005075549706816675 0.046726889908313744 -0.001613165368326008
v 0.0005075549706816675 0.046726889908313744 -0.001613165368326008
v -0.000335446617100388 0.046959865838289254 -0.0013922943035140631
v 0.0005385965923778715 0.046130731701850884 -0.0013480257475748656
v 0.0005075549706816675 0.046726889908313744 -0.001613165368326008
v 0.0005385965923778715 0.046130731701850884 -0.0013480257475748656
v 0.0008949223556555812 0.0465334802865982 -0.0017691807588562367
v 0.0008949223556555812 0.0465334802865982 -0.0017691807588562367
v 0.0005385965923778715 0.046130731701850884 -0.0013480257475748656
v 0.0013083893572911627 0.04578872025012969 -0.0017472709296271203
v 0.0008949223556555812 0.0465334802865982 -0.0017691807588562367
v 0.0013083893572911627 0.04578872025012969 -0.0017472709296271203
v 0.0012467439519241459 0.046284165233373635 -0.0019495511660352347
v 0.0012467439519241459 0.046284165233373635 -0.0019495511660352347
v 0.0013083893572911627 0.04578872025012969 -0.0017472709296271203
v 0.0016103907255455858 0.04557692632079124 -0.001981704961508512
v 0.002190770814195276 0.04491510242223739 -0.0027973013930022712
v 0.0021750680170953282 0.04506294429302215 -0.002882941393181681
v 0.0018535886192694315 0.04535213112831115 -0.002234019339084625
v 0.0018535886192694315 0.04535213112831115 -0.002234019339084625
v 0.0021750680170953282 0.04506294429302215 -0.002882941393181681
v 0.001785736298188568 0.045950382947921746 -0.00253933947533369
v 0.0018535886192694315 0.04535213112831115 -0.002234019339084625
v 0.001785736298188568 0.045950382947921746 -0.00253933947533369
v 0.0016103907255455858 0.04557692632079124 -0.001981704961508512
v 0.0016103907255455858 0.04557692632079124 -0.001981704961508512
v 0.001785736298188568 0.045950382947921746 -0.00253933947533369
v 0.0015155090950429446 0.04636919498443603 -0.0023696031421422954
v 0.0016103907255455858 0.04557692632079124 -0.001981704961508512
v 0.0015155090950429446 0.04636919498443603 -0.0023696031421422954
v 0.0012467439519241459 0.046284165233373635 -0.0019495511660352347
v 0.0012467439519241459 0.046284165233373635 -0.0019495511660352347
v 0.0015155090950429446 0.04636919498443603 -0.0023696031421422954
v 0.001198463723994792 0.04674019664525985 -0.002209566300734877
v 0.0012467439519241459 0.046284165233373635 -0.0019495511660352347
v 0.001198463723994792 0.04674019664525985 -0.002209566300734877
v 0.0008949223556555812 0.0465334802865982 -0.0017691807588562367
v 0.0008949223556555812 0.0465334802865982 -0.0017691807588562367
v 0.001198463723994792 0.04674019664525985 -0.002209566300734877
v 0.0008480852120555941 0.04704091697931289 -0.002064165193587541
v 0.0008949223556555812 0.0465334802865982 -0.0017691807588562367
v 0.0008480852120555941 0.04704091697931289 -0.002064165193587541
v 0.0005075549706816675 0.046726889908313744 -0.001613165368326008
v 0.0005075549706816675 0.046726889908313744 -0.001613165368326008
v 0.0008480852120555941 0.04704091697931289 -0.002064165193587541
v 0.00047821408952586375 0.04726183786988258 -0.0019399315351620314
v 0.0005075549706816675 0.046726889908313744 -0.001613165368326008
v 0.00047821408952586375 0.04726183786988258 -0.0019399315351620314
v -0.00027690743445418786 0.047503389418125146 -0.0017792206490412352
v -0.00027690743445418786 0.047503389418125146 -0.0017792206490412352
v 0.00047821408952586375 0.04726183786988258 -0.0019399315351620314
v -0.00023110320034902554 0.047914121299982064 -0.002176400506868958
v -0.001227862783707679 0.048488136380910866 -0.003254496026784181
v -0.001721512060612441 0.04842305555939674 -0.003253731178119778
v -0.0017609792994335302 0.048158697783946984 -0.002587719121947884
v -0.00017668810323812076 0.048387866467237466 -0.002944695763289928
v -0.00016677196254022428 0.04847107082605361 -0.003254155861213803
v -0.00022604307741858076 0.04847905039787292 -0.0032541546970605846
v -0.0025403501931577934 0.04586735367774963 -0.0007459233747795223
v -0.0014485042775049812 0.04580122604966163 -0.0007420434849336742
v -0.001372570404782892 0.04645675420761108 -0.00098652730230242
v -0.0008745929226279263 0.04574556648731231 -0.0007923390949144958
v -0.001514900010079146 0.04514837265014648 -0.0005821181694045662
v -0.0005072931526228788 0.04503952339291572 -0.0007020436460152267
v -0.0025403501931577934 0.04586735367774963 -0.0007459233747795223
v -0.001372570404782892 0.04645675420761108 -0.00098652730230242
v -0.002470583422109486 0.04648154601454734 -0.0010153992334380744
v -0.002470583422109486 0.04648154601454734 -0.0010153992334380744
v -0.001372570404782892 0.04645675420761108 -0.00098652730230242
v -0.0012980593601241714 0.04705336317420005 -0.0013247941387817261
v -0.002470583422109486 0.04648154601454734 -0.0010153992334380744
v -0.0012980593601241714 0.04705336317420005 -0.0013247941387817261
v -0.002408609725534917 0.04698823019862174 -0.0013630067696794865
v -0.002406789455562831 0.047002635896205895 -0.001374928862787783
v -0.0018405369482934484 0.04751299694180488 -0.001751417410559952
v -0.0023555988445878038 0.04740034416317939 -0.0017570446943864224
v -0.0023555988445878038 0.04740034416317939 -0.0017570446943864224
v -0.0018405369482934484 0.04751299694180488 -0.001751417410559952
v -0.0017945566214621076 0.04789043962955474 -0.002183899516239762
v -0.0023555988445878038 0.04740034416317939 -0.0017570446943864224
v -0.0017945566214621076 0.04789043962955474 -0.002183899516239762
v -0.0023380997590720662 0.047533061355352395 -0.0019104207167401908
v -0.0023380997590720662 0.047533061355352395 -0.0019104207167401908
v -0.0017945566214621076 0.04789043962955474 -0.002183899516239762
v -0.0017609792994335302 0.048158697783946984 -0.002587719121947884
v -0.0023380997590720662 0.047533061355352395 -0.0019104207167401908
v -0.0017609792994335302 0.048158697783946984 -0.002587719121947884
v -0.0022748659830540427 0.048005159944295876 -0.002612152602523565
v -0.001721512060612441 0.04842305555939674 -0.003253731178119778
v -0.002240423345938326 0.04826835915446281 -0.0032508124131709333
v -0.0017609792994335302 0.048158697783946984 -0.002587719121947884
v -0.0017609792994335302 0.048158697783946984 -0.002587719121947884
v -0.002240423345938326 0.04826835915446281 -0.0032508124131709333
v -0.0022627997677773246 0.04809595644474029 -0.002794084139168262
v -0.0017609792994335302 0.048158697783946984 -0.002587719121947884
v -0.0022627997677773246 0.04809595644474029 -0.002794084139168262
v -0.0022748659830540427 0.048005159944295876 -0.002612152602523565
v -0.00022604307741858076 0.04847905039787292 -0.0032541546970605846
v -0.0010916828177869324 0.04849690198898315 -0.003254525596275925
v -0.001139944302849472 0.04824129119515418 -0.002573770005255937
v -0.0006585394730791453 0.04755006730556487 -0.0017392315203323958
v -0.00023110320034902554 0.047914121299982064 -0.002176400506868958
v -0.0006047764909453692 0.04796189814805984 -0.0021610823459923263
v -0.0006047764909453692 0.04796189814805984 -0.0021610823459923263
v -0.00023110320034902554 0.047914121299982064 -0.002176400506868958
v -0.0002299011975992472 0.04792480915784835 -0.002188555663451552
v -0.0006047764909453692 0.04796189814805984 -0.0021610823459923263
v -0.0002299011975992472 0.04792480915784835 -0.002188555663451552
v -0.00056515313917771 0.048247169703245156 -0.002569269388914108
v -0.00056515313917771 0.048247169703245156 -0.002569269388914108
v -0.0002299011975992472 0.04792480915784835 -0.002188555663451552
v -0.00019711909408215441 0.0482121892273426 -0.0025768836494535203
v -0.00056515313917771 0.048247169703245156 -0.002569269388914108
v -0.00019711909408215441 0.0482121892273426 -0.0025768836494535203
v -0.00017668810323812076 0.048387866467237466 -0.002944695763289928
v -0.0007998680230230096 0.04641230776906013 -0.001025680569000542
v -0.000335446617100388 0.046959865838289254 -0.0013922943035140631
v -0.0007252728682942692 0.04702456295490264 -0.0013475652085617182
v -0.0007252728682942692 0.04702456295490264 -0.0013475652085617182
v -0.000335446617100388 0.046959865838289254 -0.0013922943035140631
v -0.00033437003730796294 0.04697015136480331 -0.0013985325349494813
v -0.0007252728682942692 0.04702456295490264 -0.0013475652085617182
v -0.00033437003730796294 0.04697015136480331 -0.0013985325349494813
v -0.0006585394730791453 0.04755006730556487 -0.0017392315203323958
v -0.0006585394730791453 0.04755006730556487 -0.0017392315203323958
v -0.00033437003730796294 0.04697015136480331 -0.0013985325349494813
v -0.00027690743445418786 0.047503389418125146 -0.0017792206490412352
v -0.0006585394730791453 0.04755006730556487 -0.0017392315203323958
v -0.00027690743445418786 0.047503389418125146 -0.0017792206490412352
v -0.00023110320034902554 0.047914121299982064 -0.002176400506868958
v -0.0005072931526228788 0.04503952339291572 -0.0007020436460152267
v -0.0004579459782689812 0.04568768665194511 -0.0008548555197194218
v -0.0008745929226279263 0.04574556648731231 -0.0007923390949144958
v -0.0008745929226279263 0.04574556648731231 -0.0007923390949144958
v -0.0004579459782689812 0.04568768665194511 -0.0008548555197194218
v -0.00045761041110381506 0.04569160193204879 -0.0008559400448575615
v -0.0008745929226279263 0.04574556648731231 -0.0007923390949144958
v -0.00045761041110381506 0.04569160193204879 -0.0008559400448575615
v -0.0007998680230230096 0.04641230776906013 -0.001025680569000542
v -0.0007998680230230096 0.04641230776906013 -0.001025680569000542
v -0.00045761041110381506 0.04569160193204879 -0.0008559400448575615
v -0.0003935709828510882 0.04638869315385818 -0.001098882290534675
v -0.0007998680230230096 0.04641230776906013 -0.001025680569000542
v -0.0003935709828510882 0.04638869315385818 -0.001098882290534675
v -0.000335446617100388 0.046959865838289254 -0.0013922943035140631
v -0.0010916828177869324 0.04849690198898315 -0.003254525596275925
v -0.001227862783707679 0.048488136380910866 -0.003254496026784181
v -0.001139944302849472 0.04824129119515418 -0.002573770005255937
v -0.001139944302849472 0.04824129119515418 -0.002573770005255937
v -0.001227862783707679 0.048488136380910866 -0.003254496026784181
v -0.0017609792994335302 0.048158697783946984 -0.002587719121947884
v -0.001139944302849472 0.04824129119515418 -0.002573770005255937
v -0.0017609792994335302 0.048158697783946984 -0.002587719121947884
v -0.0011791690485551958 0.04796225577592849 -0.0021631922572851177
v -0.0011791690485551958 0.04796225577592849 -0.0021631922572851177
v -0.0017609792994335302 0.048158697783946984 -0.002587719121947884
v -0.0017945566214621076 0.04789043962955474 -0.002183899516239762
v -0.0011791690485551958 0.04796225577592849 -0.0021631922572851177
v -0.0017945566214621076 0.04789043962955474 -0.002183899516239762
v -0.001232093200087548 0.047562703490257256 -0.0017319592880085108
v -0.001232093200087548 0.047562703490257256 -0.0017319592880085108
v -0.0017945566214621076 0.04789043962955474 -0.002183899516239762
v -0.0018405369482934484 0.04751299694180488 -0.001751417410559952
v -0.001232093200087548 0.047562703490257256 -0.0017319592880085108
v -0.0018405369482934484 0.04751299694180488 -0.001751417410559952
v -0.0012980593601241714 0.04705336317420005 -0.0013247941387817261
v -0.0012980593601241714 0.04705336317420005 -0.0013247941387817261
v -0.0018405369482934484 0.04751299694180488 -0.001751417410559952
v -0.002406789455562831 0.047002635896205895 -0.001374928862787783
v -0.0012980593601241714 0.04705336317420005 -0.0013247941387817261
v -0.002406789455562831 0.047002635896205895 -0.001374928862787783
v -0.002408609725534917 0.04698823019862174 -0.0013630067696794865
v -0.00017668810323812076 0.048387866467237466 -0.002944695763289928
v -0.00022604307741858076 0.04847905039787292 -0.0032541546970605846
v -0.00056515313917771 0.048247169703245156 -0.002569269388914108
v -0.00056515313917771 0.048247169703245156 -0.002569269388914108
v -0.00022604307741858076 0.04847905039787292 -0.0032541546970605846
v -0.001139944302849472 0.04824129119515418 -0.002573770005255937
v -0.00056515313917771 0.048247169703245156 -0.002569269388914108
v -0.001139944302849472 0.04824129119515418 -0.002573770005255937
v -0.0006047764909453692 0.04796189814805984 -0.0021610823459923263
v -0.0006047764909453692 0.04796189814805984 -0.0021610823459923263
v -0.001139944302849472 0.04824129119515418 -0.002573770005255937
v -0.0011791690485551958 0.04796225577592849 -0.0021631922572851177
v -0.0006047764909453692 0.04796189814805984 -0.0021610823459923263
v -0.0011791690485551958 0.04796225577592849 -0.0021631922572851177
v -0.0006585394730791453 0.04755006730556487 -0.0017392315203323958
v -0.0006585394730791453 0.04755006730556487 -0.0017392315203323958
v -0.0011791690485551958 0.04796225577592849 -0.0021631922572851177
v -0.001232093200087548 0.047562703490257256 -0.0017319592880085108
v -0.0006585394730791453 0.04755006730556487 -0.0017392315203323958
v -0.001232093200087548 0.047562703490257256 -0.0017319592880085108
v -0.0007252728682942692 0.04702456295490264 -0.0013475652085617182
v -0.0007252728682942692 0.04702456295490264 -0.0013475652085617182
v -0.001232093200087548 0.047562703490257256 -0.0017319592880085108
v -0.0012980593601241714 0.04705336317420005 -0.0013247941387817261
v -0.0007252728682942692 0.04702456295490264 -0.0013475652085617182
v -0.0012980593601241714 0.04705336317420005 -0.0013247941387817261
v -0.0007998680230230096 0.04641230776906013 -0.001025680569000542
v -0.0007998680230230096 0.04641230776906013 -0.001025680569000542
v -0.0012980593601241714 0.04705336317420005 -0.0013247941387817261
v -0.001372570404782892 0.04645675420761108 -0.00098652730230242
v -0.0007998680230230096 0.04641230776906013 -0.001025680569000542
v -0.001372570404782892 0.04645675420761108 -0.00098652730230242
v -0.0008745929226279263 0.04574556648731231 -0.0007923390949144958
v -0.0008745929226279263 0.04574556648731231 -0.0007923390949144958
v -0.001372570404782892 0.04645675420761108 -0.00098652730230242
v -0.0014485042775049812 0.04580122604966163 -0.0007420434849336742
v -0.0008745929226279263 0.04574556648731231 -0.0007923390949144958
v -0.0014485042775049812 0.04580122604966163 -0.0007420434849336742
v -0.001514900010079146 0.04514837265014648 -0.0005821181694045662
v -0.001514900010079146 0.04514837265014648 -0.0005821181694045662
v -0.0014485042775049812 0.04580122604966163 -0.0007420434849336742
v -0.0025403501931577934 0.04586735367774963 -0.0007459233747795223
v -0.001514900010079146 0.04514837265014648 -0.0005821181694045662
v -0.0025403501931577934 0.04586735367774963 -0.0007459233747795223
v -0.0026020773220807327 0.04526573792099952 -0.0005828599678352474
v -0.004768961574882271 0.04137087985873222 -0.0009208495030179619
v -0.004814005922526123 0.040140494704246514 -0.0008304665097966789
v -0.004390039015561344 0.040071830153465264 -0.00031589029822498555
v -0.005100680049508813 0.041416954249143594 -0.0015034395037218926
v -0.005357027985155585 0.04146014899015426 -0.002091745380312204
v -0.005427154246717694 0.04028940945863723 -0.002054157201200723
v -0.004814005922526123 0.040140494704246514 -0.0008304665097966789
v -0.004768961574882271 0.04137087985873222 -0.0009208495030179619
v -0.005158937536180022 0.04021453857421874 -0.0014400569489225743
v -0.00549776526167989 0.04254195094108581 -0.0028727268800139423
v -0.005611354019492867 0.041723534464836114 -0.0028680071700364347
v -0.005357027985155585 0.04146014899015426 -0.002091745380312204
v -0.005427154246717694 0.04028940945863723 -0.002054157201200723
v -0.005357027985155585 0.04146014899015426 -0.002091745380312204
v -0.005618645809590819 0.040356732904911034 -0.0025650083553045984
v -0.005618645809590819 0.040356732904911034 -0.0025650083553045984
v -0.005357027985155585 0.04146014899015426 -0.002091745380312204
v -0.005611354019492867 0.041723534464836114 -0.0028680071700364347
v -0.005618645809590819 0.040356732904911034 -0.0025650083553045984
v -0.005611354019492867 0.041723534464836114 -0.0028680071700364347
v -0.005722302477806809 0.04040155932307243 -0.0028602892998605962
v -0.005179736297577622 0.04303783550858497 -0.002124408725649118
v -0.005393192172050479 0.043130151927471154 -0.0028766989707946773
v -0.0054739164188504245 0.042686481028795235 -0.002873655408620834
v -0.004590823315083982 0.04542509093880653 -0.0022144070826470848
v -0.004665838554501535 0.04560844972729682 -0.0028996823821216817
v -0.005035797134041789 0.044585984200239175 -0.0028888606466352935
v -0.004665838554501535 0.04560844972729682 -0.0028996823821216817
v -0.004590823315083982 0.04542509093880653 -0.0022144070826470848
v -0.004654441028833391 0.045634724199771874 -0.0028999906498938795
v -0.00437028566375375 0.046210460364818566 -0.002904046326875686
v -0.00437016459181905 0.04621146619319915 -0.0029072540346533056
v -0.004654441028833391 0.045634724199771874 -0.0028999906498938795
v -0.004140193574130537 0.04582783579826354 -0.001626267679966986
v -0.004207835532724859 0.0458899401128292 -0.001808378263376653
v -0.004451517947018148 0.04528626054525375 -0.001744461362250149
v -0.004451517947018148 0.04528626054525375 -0.001744461362250149
v -0.004207835532724859 0.0458899401128292 -0.001808378263376653
v -0.004361038096249105 0.04611699283123016 -0.0025698421522974964
v -0.004451517947018148 0.04528626054525375 -0.001744461362250149
v -0.004361038096249105 0.04611699283123016 -0.0025698421522974964
v -0.004590823315083982 0.04542509093880653 -0.0022144070826470848
v -0.004590823315083982 0.04542509093880653 -0.0022144070826470848
v -0.004361038096249105 0.04611699283123016 -0.0025698421522974964
v -0.0043716048821806925 0.04619371518492698 -0.002847681753337383
v -0.004590823315083982 0.04542509093880653 -0.0022144070826470848
v -0.0043716048821806925 0.04619371518492698 -0.002847681753337383
v -0.004654441028833391 0.045634724199771874 -0.0028999906498938795
v -0.004654441028833391 0.045634724199771874 -0.0028999906498938795
v -0.0043716048821806925 0.04619371518492698 -0.002847681753337383
v -0.0043706758879125136 0.04620687291026115 -0.002892328659072518
v -0.004654441028833391 0.045634724199771874 -0.0028999906498938795
v -0.0043706758879125136 0.04620687291026115 -0.002892328659072518
v -0.00437028566375375 0.046210460364818566 -0.002904046326875686
v -0.004140193574130537 0.04582783579826354 -0.001626267679966986
v -0.004451517947018148 0.04528626054525375 -0.001744461362250149
v -0.00402346206828952 0.04573813453316688 -0.0013838087907060979
v -0.00402346206828952 0.04573813453316688 -0.0013838087907060979
v -0.004451517947018148 0.04528626054525375 -0.001744461362250149
v -0.004229693207889797 0.04513020813465118 -0.0012912821257486937
v -0.00402346206828952 0.04573813453316688 -0.0013838087907060979
v -0.004229693207889797 0.04513020813465118 -0.0012912821257486937
v -0.0036667555104941147 0.045538570731878274 -0.0009359746472910045
v -0.0032936618663370622 0.04265454784035682 -0.00011587479821173473
v -0.0027682720683515085 0.04261529445648193 -6.88811924192123e-05
v -0.0027050159405916942 0.04396669939160346 -0.00030689046252518887
v -0.0054739164188504245 0.042686481028795235 -0.002873655408620834
v -0.00549776526167989 0.04254195094108581 -0.0028727268800139423
v -0.005179736297577622 0.04303783550858497 -0.002124408725649118
v -0.005179736297577622 0.04303783550858497 -0.002124408725649118
v -0.00549776526167989 0.04254195094108581 -0.0028727268800139423
v -0.005357027985155585 0.04146014899015426 -0.002091745380312204
v -0.005179736297577622 0.04303783550858497 -0.002124408725649118
v -0.005357027985155585 0.04146014899015426 -0.002091745380312204
v -0.004957461729645732 0.042958594858646386 -0.001576747861690819
v -0.004957461729645732 0.042958594858646386 -0.001576747861690819
v -0.005357027985155585 0.04146014899015426 -0.002091745380312204
v -0.005100680049508813 0.041416954249143594 -0.0015034395037218926
v -0.004957461729645732 0.042958594858646386 -0.001576747861690819
v -0.005100680049508813 0.041416954249143594 -0.0015034395037218926
v -0.004653042647987606 0.04287116974592208 -0.0010403768392279742
v -0.005035797134041789 0.044585984200239175 -0.0028888606466352935
v -0.004835189320147039 0.04468752071261405 -0.0021788519807159896
v -0.004590823315083982 0.04542509093880653 -0.0022144070826470848
v -0.004590823315083982 0.04542509093880653 -0.0022144070826470848
v -0.004835189320147039 0.04468752071261405 -0.0021788519807159896
v -0.004666140768676998 0.0445602461695671 -0.0016810545930638907
v -0.004590823315083982 0.04542509093880653 -0.0022144070826470848
v -0.004666140768676998 0.0445602461695671 -0.0016810545930638907
v -0.004451517947018148 0.04528626054525375 -0.001744461362250149
v -0.004451517947018148 0.04528626054525375 -0.001744461362250149
v -0.004666140768676998 0.0445602461695671 -0.0016810545930638907
v -0.004410352092236282 0.04441757500171661 -0.00119888165500015
v -0.004451517947018148 0.04528626054525375 -0.001744461362250149
v -0.004410352092236282 0.04441757500171661 -0.00119888165500015
v -0.004229693207889797 0.04513020813465118 -0.0012912821257486937
v -0.004229693207889797 0.04513020813465118 -0.0012912821257486937
v -0.004410352092236282 0.04441757500171661 -0.00119888165500015
v -0.004072336014360191 0.04427296668291091 -0.0007957421476021408
v -0.004229693207889797 0.04513020813465118 -0.0012912821257486937
v -0.004072336014360191 0.04427296668291091 -0.0007957421476021408
v -0.0036667555104941147 0.045538570731878274 -0.0009359746472910045
v -0.0036667555104941147 0.045538570731878274 -0.0009359746472910045
v -0.004072336014360191 0.04427296668291091 -0.0007957421476021408
v -0.003662889590486886 0.04414072260260581 -0.0005122424336150287
v -0.0036667555104941147 0.045538570731878274 -0.0009359746472910045
v -0.003662889590486886 0.04414072260260581 -0.0005122424336150287
v -0.003437251318246128 0.04544712230563163 -0.0007781890453770756
v -0.0026020773220807327 0.04526573792099952 -0.0005828599678352474
v -0.003059463342651726 0.04534002020955085 -0.0006407859036698936
v -0.0027050159405916942 0.04396669939160346 -0.00030689046252518887
v -0.0027050159405916942 0.04396669939160346 -0.00030689046252518887
v -0.003059463342651726 0.04534002020955085 -0.0006407859036698936
v -0.003194984979927541 0.044034242630004876 -0.00035838840994983906
v -0.0027050159405916942 0.04396669939160346 -0.00030689046252518887
v -0.003194984979927541 0.044034242630004876 -0.00035838840994983906
v -0.0032936618663370622 0.04265454784035682 -0.00011587479821173473
v -0.0032936618663370622 0.04265454784035682 -0.00011587479821173473
v -0.003194984979927541 0.044034242630004876 -0.00035838840994983906
v -0.0038101179525256174 0.042709488421678536 -0.000278196414001286
v -0.005035797134041789 0.044585984200239175 -0.0028888606466352935
v -0.005393192172050479 0.043130151927471154 -0.0028766989707946773
v -0.004835189320147039 0.04468752071261405 -0.0021788519807159896
v -0.004835189320147039 0.04468752071261405 -0.0021788519807159896
v -0.005393192172050479 0.043130151927471154 -0.0028766989707946773
v -0.005179736297577622 0.04303783550858497 -0.002124408725649118
v -0.004835189320147039 0.04468752071261405 -0.0021788519807159896
v -0.005179736297577622 0.04303783550858497 -0.002124408725649118
v -0.004666140768676998 0.0445602461695671 -0.0016810545930638907
v -0.004666140768676998 0.0445602461695671 -0.0016810545930638907
v -0.005179736297577622 0.04303783550858497 -0.002124408725649118
v -0.004957461729645732 0.042958594858646386 -0.001576747861690819
v -0.004666140768676998 0.0445602461695671 -0.0016810545930638907
v -0.004957461729645732 0.042958594858646386 -0.001576747861690819
v -0.004410352092236282 0.04441757500171661 -0.00119888165500015
v -0.004410352092236282 0.04441757500171661 -0.00119888165500015
v -0.004957461729645732 0.042958594858646386 -0.001576747861690819
v -0.004653042647987606 0.04287116974592208 -0.0010403768392279742
v -0.004410352092236282 0.04441757500171661 -0.00119888165500015
v -0.004653042647987606 0.04287116974592208 -0.0010403768392279742
v -0.004072336014360191 0.04427296668291091 -0.0007957421476021408
v -0.004072336014360191 0.04427296668291091 -0.0007957421476021408
v -0.004653042647987606 0.04287116974592208 -0.0010403768392279742
v -0.004268078133463861 0.04278499260544776 -0.0005909065948799251
v -0.004072336014360191 0.04427296668291091 -0.0007957421476021408
v -0.004268078133463861 0.04278499260544776 -0.0005909065948799251
v -0.003662889590486886 0.04414072260260581 -0.0005122424336150287
v -0.002770510967820884 0.039947144687175744 0.00027806439902633423
v -0.0027682720683515085 0.04261529445648193 -6.88811924192123e-05
v -0.003336892463266851 0.039967175573110574 0.00022862839978188274
v -0.003336892463266851 0.039967175573110574 0.00022862839978188274
v -0.0027682720683515085 0.04261529445648193 -6.88811924192123e-05
v -0.0032936618663370622 0.04265454784035682 -0.00011587479821173473
v -0.003336892463266851 0.039967175573110574 0.00022862839978188274
v -0.0032936618663370622 0.04265454784035682 -0.00011587479821173473
v -0.0038912000600248593 0.040012195706367486 4.311406883061863e-05
v -0.0038912000600248593 0.040012195706367486 4.311406883061863e-05
v -0.0032936618663370622 0.04265454784035682 -0.00011587479821173473
v -0.0038101179525256174 0.042709488421678536 -0.000278196414001286
v -0.0038912000600248593 0.040012195706367486 4.311406883061863e-05
v -0.0038101179525256174 0.042709488421678536 -0.000278196414001286
v -0.004390039015561344 0.040071830153465264 -0.00031589029822498555
v -0.005427154246717694 0.04028940945863723 -0.002054157201200723
v -0.005158937536180022 0.04021453857421874 -0.0014400569489225743
v -0.005100680049508813 0.041416954249143594 -0.0015034395037218926
v -0.005100680049508813 0.041416954249143594 -0.0015034395037218926
v -0.005158937536180022 0.04021453857421874 -0.0014400569489225743
v -0.004768961574882271 0.04137087985873222 -0.0009208495030179619
v -0.005100680049508813 0.041416954249143594 -0.0015034395037218926
v -0.004768961574882271 0.04137087985873222 -0.0009208495030179619
v -0.004653042647987606 0.04287116974592208 -0.0010403768392279742
v -0.004653042647987606 0.04287116974592208 -0.0010403768392279742
v -0.004768961574882271 0.04137087985873222 -0.0009208495030179619
v -0.004390039015561344 0.040071830153465264 -0.00031589029822498555
v -0.004653042647987606 0.04287116974592208 -0.0010403768392279742
v -0.004390039015561344 0.040071830153465264 -0.00031589029822498555
v -0.004268078133463861 0.04278499260544776 -0.0005909065948799251
v -0.004268078133463861 0.04278499260544776 -0.0005909065948799251
v -0.004390039015561344 0.040071830153465264 -0.00031589029822498555
v -0.0038101179525256174 0.042709488421678536 -0.000278196414001286
v -0.004268078133463861 0.04278499260544776 -0.0005909065948799251
v -0.0038101179525256174 0.042709488421678536 -0.000278196414001286
v -0.003662889590486886 0.04414072260260581 -0.0005122424336150287
v -0.003662889590486886 0.04414072260260581 -0.0005122424336150287
v -0.0038101179525256174 0.042709488421678536 -0.000278196414001286
v -0.003194984979927541 0.044034242630004876 -0.00035838840994983906
v -0.003662889590486886 0.04414072260260581 -0.0005122424336150287
v -0.003194984979927541 0.044034242630004876 -0.00035838840994983906
v -0.003437251318246128 0.04544712230563163 -0.0007781890453770756
v -0.003437251318246128 0.04544712230563163 -0.0007781890453770756
v -0.003194984979927541 0.044034242630004876 -0.00035838840994983906
v -0.003059463342651726 0.04534002020955085 -0.0006407859036698936
v -0.0039169946685433405 0.04701490327715873 -0.003461459185928106
v -0.003921704366803171 0.04696272686123847 -0.0032326125074177976
v -0.0034735414665192383 0.04747058451175689 -0.0032381128985434766
v -0.002240423345938326 0.04826835915446281 -0.006749207619577645
v -0.002604481764137746 0.0481063388288021 -0.006752583198249339
v -0.002216757507994772 0.04844765365123748 -0.0058940150775015345
v -0.002216757507994772 0.04844765365123748 -0.0058940150775015345
v -0.002604481764137746 0.0481063388288021 -0.006752583198249339
v -0.002598829567432405 0.04829044640064239 -0.00590028753504157
v -0.002216757507994772 0.04844765365123748 -0.0058940150775015345
v -0.002598829567432405 0.04829044640064239 -0.00590028753504157
v -0.0025970302522182478 0.048349402844905846 -0.004988984670490026
v -0.002216757507994772 0.04844765365123748 -0.0058940150775015345
v -0.0025970302522182478 0.048349402844905846 -0.004988984670490026
v -0.002210214966908098 0.04849723353981971 -0.0053229513578116885
v -0.002210214966908098 0.04849723353981971 -0.0053229513578116885
v -0.0025970302522182478 0.048349402844905846 -0.004988984670490026
v -0.002217127243056894 0.04844484850764274 -0.0040848497301340094
v -0.002217127243056894 0.04844484850764274 -0.0040848497301340094
v -0.0025970302522182478 0.048349402844905846 -0.004988984670490026
v -0.0025989166460931314 0.04828752949833869 -0.004078425001353025
v -0.002217127243056894 0.04844484850764274 -0.0040848497301340094
v -0.0025989166460931314 0.04828752949833869 -0.004078425001353025
v -0.002222869312390686 0.048401337116956704 -0.003808669978752732
v -0.002222869312390686 0.048401337116956704 -0.003808669978752732
v -0.0025989166460931314 0.04828752949833869 -0.004078425001353025
v -0.002604475710541011 0.048106331378221505 -0.0032474379986524578
v -0.002222869312390686 0.048401337116956704 -0.003808669978752732
v -0.002604475710541011 0.048106331378221505 -0.0032474379986524578
v -0.002240423345938326 0.04826835915446281 -0.0032508124131709333
v -0.0039169946685433405 0.04701490327715873 -0.003461459185928106
v -0.0034735414665192383 0.04747058451175689 -0.0032381128985434766
v -0.0039102626033127325 0.047088813036680215 -0.0038962184917181726
v -0.003919491078704597 0.04698731750249862 -0.006665071938186883
v -0.003909950610250236 0.04709221795201301 -0.006078499369323253
v -0.0034675658680498617 0.04763601720333099 -0.005903506185859441
v -0.0034675658680498617 0.04763601720333099 -0.005903506185859441
v -0.003909950610250236 0.04709221795201301 -0.006078499369323253
v -0.0039036234375089424 0.0471607819199562 -0.005046039354056119
v -0.0034675658680498617 0.04763601720333099 -0.005903506185859441
v -0.0039036234375089424 0.0471607819199562 -0.005046039354056119
v -0.0034654727205634134 0.04768875613808631 -0.0049889511428773394
v -0.0034654727205634134 0.04768875613808631 -0.0049889511428773394
v -0.0039036234375089424 0.0471607819199562 -0.005046039354056119
v -0.0039102626033127325 0.047088813036680215 -0.0038962184917181726
v -0.0034654727205634134 0.04768875613808631 -0.0049889511428773394
v -0.0039102626033127325 0.047088813036680215 -0.0038962184917181726
v -0.0034676657523959892 0.047633405774831765 -0.00407510483637452
v -0.0034676657523959892 0.047633405774831765 -0.00407510483637452
v -0.0039102626033127325 0.047088813036680215 -0.0038962184917181726
v -0.0034735414665192383 0.04747058451175689 -0.0032381128985434766
v -0.0039205718785524386 0.04697533324360847 -0.006716064643114804
v -0.0034735475201159733 0.047470595687627785 -0.006761908065527677
v -0.00392113719135523 0.04696909710764884 -0.006741750519722699
v -0.00392113719135523 0.04696909710764884 -0.006741750519722699
v -0.0034735475201159733 0.047470595687627785 -0.006761908065527677
v -0.003921709023416044 0.046962741762399667 -0.006767335347831248
v -0.0039205718785524386 0.04697533324360847 -0.006716064643114804
v -0.003919491078704597 0.04698731750249862 -0.006665071938186883
v -0.0034735475201159733 0.047470595687627785 -0.006761908065527677
v -0.0034735475201159733 0.047470595687627785 -0.006761908065527677
v -0.003919491078704597 0.04698731750249862 -0.006665071938186883
v -0.0034675658680498617 0.04763601720333099 -0.005903506185859441
v -0.0034735475201159733 0.047470595687627785 -0.006761908065527677
v -0.0034675658680498617 0.04763601720333099 -0.005903506185859441
v -0.003192689968273045 0.0477217212319374 -0.006758749950677156
v -0.003192689968273045 0.0477217212319374 -0.006758749950677156
v -0.0034675658680498617 0.04763601720333099 -0.005903506185859441
v -0.0030237557366490377 0.0478505790233612 -0.006756918504834174
v -0.0034735414665192383 0.04747058451175689 -0.0032381128985434766
v -0.003023756900802256 0.0478505715727806 -0.003243102459236979
v -0.0034676657523959892 0.047633405774831765 -0.00407510483637452
v -0.0034676657523959892 0.047633405774831765 -0.00407510483637452
v -0.003023756900802256 0.0478505715727806 -0.003243102459236979
v -0.003022560849785806 0.04802660271525382 -0.004075449425727128
v -0.0034676657523959892 0.047633405774831765 -0.00407510483637452
v -0.003022560849785806 0.04802660271525382 -0.004075449425727128
v -0.0034654727205634134 0.04768875613808631 -0.0049889511428773394
v -0.0034654727205634134 0.04768875613808631 -0.0049889511428773394
v -0.003022560849785806 0.04802660271525382 -0.004075449425727128
v -0.0030219624750316156 0.048086788505315774 -0.004988945554941892
v -0.0034654727205634134 0.04768875613808631 -0.0049889511428773394
v -0.0030219624750316156 0.048086788505315774 -0.004988945554941892
v -0.0034675658680498617 0.04763601720333099 -0.005903506185859441
v -0.0034675658680498617 0.04763601720333099 -0.005903506185859441
v -0.0030219624750316156 0.048086788505315774 -0.004988945554941892
v -0.0030225336086004985 0.04802943766117095 -0.005903206299990415
v -0.0034675658680498617 0.04763601720333099 -0.005903506185859441
v -0.0030225336086004985 0.04802943766117095 -0.005903206299990415
v -0.0030237557366490377 0.0478505790233612 -0.006756918504834174
v -0.003023756900802256 0.0478505715727806 -0.003243102459236979
v -0.002604475710541011 0.048106331378221505 -0.0032474379986524578
v -0.003022560849785806 0.04802660271525382 -0.004075449425727128
v -0.003022560849785806 0.04802660271525382 -0.004075449425727128
v -0.002604475710541011 0.048106331378221505 -0.0032474379986524578
v -0.0025989166460931314 0.04828752949833869 -0.004078425001353025
v -0.003022560849785806 0.04802660271525382 -0.004075449425727128
v -0.0025989166460931314 0.04828752949833869 -0.004078425001353025
v -0.0030219624750316156 0.048086788505315774 -0.004988945554941892
v -0.0030219624750316156 0.048086788505315774 -0.004988945554941892
v -0.0025989166460931314 0.04828752949833869 -0.004078425001353025
v -0.0025970302522182478 0.048349402844905846 -0.004988984670490026
v -0.0030219624750316156 0.048086788505315774 -0.004988945554941892
v -0.0025970302522182478 0.048349402844905846 -0.004988984670490026
v -0.0030225336086004985 0.04802943766117095 -0.005903206299990415
v -0.0030225336086004985 0.04802943766117095 -0.005903206299990415
v -0.0025970302522182478 0.048349402844905846 -0.004988984670490026
v -0.002598829567432405 0.04829044640064239 -0.00590028753504157
v -0.0030225336086004985 0.04802943766117095 -0.005903206299990415
v -0.002598829567432405 0.04829044640064239 -0.00590028753504157
v -0.0030237557366490377 0.0478505790233612 -0.006756918504834174
v -0.0030237557366490377 0.0478505790233612 -0.006756918504834174
v -0.002598829567432405 0.04829044640064239 -0.00590028753504157
v -0.002604481764137746 0.0481063388288021 -0.006752583198249339
v -0.003955753520131113 0.04671278223395347 -0.007546010892838239
v -0.0038534351624548453 0.046910140663385384 -0.007383604068309068
v -0.0034785233438015 0.04710204154253005 -0.0078382296487689
v -0.002955734031274916 0.04589607566595077 -0.009208786301314829
v -0.0025001608300954116 0.0462278127670288 -0.009113056585192679
v -0.0026020773220807327 0.04526573792099952 -0.009417148306965826
v -0.002352300565689803 0.047425452619791024 -0.00821506045758724
v -0.002692102221772076 0.0473472736775875 -0.00818396359682083
v -0.002295236103236676 0.04785343632102012 -0.007647851947695016
v -0.002295236103236676 0.04785343632102012 -0.007647851947695016
v -0.002692102221772076 0.0473472736775875 -0.00818396359682083
v -0.002829970791935922 0.04776551201939582 -0.007347776554524898
v -0.002295236103236676 0.04785343632102012 -0.007647851947695016
v -0.002829970791935922 0.04776551201939582 -0.007347776554524898
v -0.0022748659830540427 0.048005159944295876 -0.0073878555558621875
v -0.002240423345938326 0.04826835915446281 -0.006749207619577645
v -0.0022748659830540427 0.048005159944295876 -0.0073878555558621875
v -0.002604481764137746 0.0481063388288021 -0.006752583198249339
v -0.002604481764137746 0.0481063388288021 -0.006752583198249339
v -0.0022748659830540427 0.048005159944295876 -0.0073878555558621875
v -0.002829970791935922 0.04776551201939582 -0.007347776554524898
v -0.002604481764137746 0.0481063388288021 -0.006752583198249339
v -0.002829970791935922 0.04776551201939582 -0.007347776554524898
v -0.0030237557366490377 0.0478505790233612 -0.006756918504834174
v -0.0030237557366490377 0.0478505790233612 -0.006756918504834174
v -0.002829970791935922 0.04776551201939582 -0.007347776554524898
v -0.003298062598332764 0.047494526952505105 -0.007230111397802829
v -0.0030237557366490377 0.0478505790233612 -0.006756918504834174
v -0.003298062598332764 0.047494526952505105 -0.007230111397802829
v -0.003192689968273045 0.0477217212319374 -0.006758749950677156
v -0.003192689968273045 0.0477217212319374 -0.006758749950677156
v -0.003298062598332764 0.047494526952505105 -0.007230111397802829
v -0.0034735475201159733 0.047470595687627785 -0.006761908065527677
v -0.003921709023416044 0.046962741762399667 -0.006767335347831248
v -0.0034735475201159733 0.047470595687627785 -0.006761908065527677
v -0.0039218775928020495 0.046960592269897454 -0.006775942165404557
v -0.0039218775928020495 0.046960592269897454 -0.006775942165404557
v -0.0034735475201159733 0.047470595687627785 -0.006761908065527677
v -0.003298062598332764 0.047494526952505105 -0.007230111397802829
v -0.0039218775928020495 0.046960592269897454 -0.006775942165404557
v -0.003298062598332764 0.047494526952505105 -0.007230111397802829
v -0.003922170959413053 0.046958170831203454 -0.006785137113183736
v -0.003922170959413053 0.046958170831203454 -0.006785137113183736
v -0.003298062598332764 0.047494526952505105 -0.007230111397802829
v -0.0036983701866120117 0.04717514663934707 -0.007039258256554603
v -0.003922170959413053 0.046958170831203454 -0.006785137113183736
v -0.0036983701866120117 0.04717514663934707 -0.007039258256554603
v -0.003943912219256164 0.04690584167838096 -0.006888538133352994
v -0.004357872996479275 0.04623334109783172 -0.007092471234500407
v -0.0042322860099375265 0.04644623398780822 -0.007081334013491868
v -0.004071335773915054 0.04648413881659507 -0.007670144550502299
v -0.004071335773915054 0.04648413881659507 -0.007670144550502299
v -0.0042322860099375265 0.04644623398780822 -0.007081334013491868
v -0.0042195073328912275 0.04646698758006095 -0.007079008035361766
v -0.004071335773915054 0.04648413881659507 -0.007670144550502299
v -0.0042195073328912275 0.04646698758006095 -0.007079008035361766
v -0.003955753520131113 0.04671278223395347 -0.007546010892838239
v -0.003955753520131113 0.04671278223395347 -0.007546010892838239
v -0.0042195073328912275 0.04646698758006095 -0.007079008035361766
v -0.004027821589261295 0.04676751792430877 -0.006996777839958667
v -0.003955753520131113 0.04671278223395347 -0.007546010892838239
v -0.004027821589261295 0.04676751792430877 -0.006996777839958667
v -0.0038534351624548453 0.046910140663385384 -0.007383604068309068
v -0.004370172973722221 0.04621146246790885 -0.007092771586030721
v -0.0043641086667776125 0.046222284436225884 -0.007092614192515611
v -0.004355965182185175 0.04610168188810348 -0.007485689595341682
v -0.004355965182185175 0.04610168188810348 -0.007485689595341682
v -0.0043641086667776125 0.046222284436225884 -0.007092614192515611
v -0.004317428451031448 0.046023968607187264 -0.007759436033666133
v -0.003624252276495101 0.04602286964654922 -0.00886582490056753
v -0.0039753243327140825 0.04570567980408668 -0.00869784504175186
v -0.0038714632391929644 0.04609956592321395 -0.008547530509531496
v -0.0038714632391929644 0.04609956592321395 -0.008547530509531496
v -0.0039753243327140825 0.04570567980408668 -0.00869784504175186
v -0.004148229956626894 0.04583473876118659 -0.008354071527719496
v -0.0026020773220807327 0.04526573792099952 -0.009417148306965826
v -0.003057097550481559 0.04533949494361877 -0.0093597499653697
v -0.002955734031274916 0.04589607566595077 -0.009208786301314829
v -0.002955734031274916 0.04589607566595077 -0.009208786301314829
v -0.003057097550481559 0.04533949494361877 -0.0093597499653697
v -0.0034173706080764545 0.04544023796916007 -0.009232305921614168
v -0.002955734031274916 0.04589607566595077 -0.009208786301314829
v -0.0034173706080764545 0.04544023796916007 -0.009232305921614168
v -0.003321277676150204 0.04595093429088592 -0.009087211452424524
v -0.003321277676150204 0.04595093429088592 -0.009087211452424524
v -0.0034173706080764545 0.04544023796916007 -0.009232305921614168
v -0.003528690198436381 0.04548082128167152 -0.009167579002678393
v -0.003321277676150204 0.04595093429088592 -0.009087211452424524
v -0.003528690198436381 0.04548082128167152 -0.009167579002678393
v -0.003624252276495101 0.04602286964654922 -0.00886582490056753
v -0.003624252276495101 0.04602286964654922 -0.00886582490056753
v -0.003528690198436381 0.04548082128167152 -0.009167579002678393
v -0.003768980503082277 0.04558738321065902 -0.008966860361397265
v -0.003624252276495101 0.04602286964654922 -0.00886582490056753
v -0.003768980503082277 0.04558738321065902 -0.008966860361397265
v -0.0039753243327140825 0.04570567980408668 -0.00869784504175186
v -0.002692102221772076 0.0473472736775875 -0.00818396359682083
v -0.00299060787074268 0.04726793617010116 -0.008124812506139277
v -0.002829970791935922 0.04776551201939582 -0.007347776554524898
v -0.002829970791935922 0.04776551201939582 -0.007347776554524898
v -0.00299060787074268 0.04726793617010116 -0.008124812506139277
v -0.003248428460210563 0.04718788340687751 -0.008010838180780409
v -0.002829970791935922 0.04776551201939582 -0.007347776554524898
v -0.003248428460210563 0.04718788340687751 -0.008010838180780409
v -0.003298062598332764 0.047494526952505105 -0.007230111397802829
v -0.003298062598332764 0.047494526952505105 -0.007230111397802829
v -0.003248428460210563 0.04718788340687751 -0.008010838180780409
v -0.0034785233438015 0.04710204154253005 -0.0078382296487689
v -0.003298062598332764 0.047494526952505105 -0.007230111397802829
v -0.0034785233438015 0.04710204154253005 -0.0078382296487689
v -0.0036983701866120117 0.04717514663934707 -0.007039258256554603
v -0.0036983701866120117 0.04717514663934707 -0.007039258256554603
v -0.0034785233438015 0.04710204154253005 -0.0078382296487689
v -0.0038534351624548453 0.046910140663385384 -0.007383604068309068
v -0.0036983701866120117 0.04717514663934707 -0.007039258256554603
v -0.0038534351624548453 0.046910140663385384 -0.007383604068309068
v -0.003943912219256164 0.04690584167838096 -0.006888538133352994
v -0.003943912219256164 0.04690584167838096 -0.006888538133352994
v -0.0038534351624548453 0.046910140663385384 -0.007383604068309068
v -0.004027821589261295 0.04676751792430877 -0.006996777839958667
v -0.002389299217611552 0.04714033752679824 -0.008504713885486124
v -0.0024729117285460247 0.046461895108222954 -0.00899553671479225
v -0.002774173161014916 0.04694290459156036 -0.008601639419794081
v -0.002774173161014916 0.04694290459156036 -0.008601639419794081
v -0.0024729117285460247 0.046461895108222954 -0.00899553671479225
v -0.0028636541683226837 0.04645277559757232 -0.008956062607467173
v -0.002774173161014916 0.04694290459156036 -0.008601639419794081
v -0.0028636541683226837 0.04645277559757232 -0.008956062607467173
v -0.003091035876423122 0.046900618821382516 -0.008521256968379019
v -0.003091035876423122 0.046900618821382516 -0.008521256968379019
v -0.0028636541683226837 0.04645277559757232 -0.008956062607467173
v -0.0032022960949689163 0.04645559191703796 -0.008854529820382593
v -0.003091035876423122 0.046900618821382516 -0.008521256968379019
v -0.0032022960949689163 0.04645559191703796 -0.008854529820382593
v -0.003358524525538088 0.046860072761774056 -0.008368892595171927
v -0.003358524525538088 0.046860072761774056 -0.008368892595171927
v -0.0032022960949689163 0.04645559191703796 -0.008854529820382593
v -0.003483943175524475 0.04646570980548858 -0.008665649220347403
v -0.003358524525538088 0.046860072761774056 -0.008368892595171927
v -0.003483943175524475 0.04646570980548858 -0.008665649220347403
v -0.003591268556192519 0.04681546613574027 -0.008142126724123953
v -0.003591268556192519 0.04681546613574027 -0.008142126724123953
v -0.003483943175524475 0.04646570980548858 -0.008665649220347403
v -0.003721923567354681 0.046474803239107125 -0.008389032445847986
v -0.003591268556192519 0.04681546613574027 -0.008142126724123953
v -0.003721923567354681 0.046474803239107125 -0.008389032445847986
v -0.0039195851422846335 0.04648127406835555 -0.00804397091269493
v -0.0039195851422846335 0.04648127406835555 -0.00804397091269493
v -0.003721923567354681 0.046474803239107125 -0.008389032445847986
v -0.004063542932271959 0.04617508500814437 -0.008157077245414255
v -0.0039195851422846335 0.04648127406835555 -0.00804397091269493
v -0.004063542932271959 0.04617508500814437 -0.008157077245414255
v -0.004317428451031448 0.046023968607187264 -0.007759436033666133
v -0.0024729117285460247 0.046461895108222954 -0.00899553671479225
v -0.0025001608300954116 0.0462278127670288 -0.009113056585192679
v -0.0028636541683226837 0.04645277559757232 -0.008956062607467173
v -0.0028636541683226837 0.04645277559757232 -0.008956062607467173
v -0.0025001608300954116 0.0462278127670288 -0.009113056585192679
v -0.002955734031274916 0.04589607566595077 -0.009208786301314829
v -0.0028636541683226837 0.04645277559757232 -0.008956062607467173
v -0.002955734031274916 0.04589607566595077 -0.009208786301314829
v -0.0032022960949689163 0.04645559191703796 -0.008854529820382593
v -0.0032022960949689163 0.04645559191703796 -0.008854529820382593
v -0.002955734031274916 0.04589607566595077 -0.009208786301314829
v -0.003321277676150204 0.04595093429088592 -0.009087211452424524
v -0.0032022960949689163 0.04645559191703796 -0.008854529820382593
v -0.003321277676150204 0.04595093429088592 -0.009087211452424524
v -0.003483943175524475 0.04646570980548858 -0.008665649220347403
v -0.003483943175524475 0.04646570980548858 -0.008665649220347403
v -0.003321277676150204 0.04595093429088592 -0.009087211452424524
v -0.003624252276495101 0.04602286964654922 -0.00886582490056753
v -0.003483943175524475 0.04646570980548858 -0.008665649220347403
v -0.003624252276495101 0.04602286964654922 -0.00886582490056753
v -0.003721923567354681 0.046474803239107125 -0.008389032445847986
v -0.003721923567354681 0.046474803239107125 -0.008389032445847986
v -0.003624252276495101 0.04602286964654922 -0.00886582490056753
v -0.0038714632391929644 0.04609956592321395 -0.008547530509531496
v -0.003721923567354681 0.046474803239107125 -0.008389032445847986
v -0.0038714632391929644 0.04609956592321395 -0.008547530509531496
v -0.004063542932271959 0.04617508500814437 -0.008157077245414255
v -0.004063542932271959 0.04617508500814437 -0.008157077245414255
v -0.0038714632391929644 0.04609956592321395 -0.008547530509531496
v -0.004148229956626894 0.04583473876118659 -0.008354071527719496
v -0.004063542932271959 0.04617508500814437 -0.008157077245414255
v -0.004148229956626894 0.04583473876118659 -0.008354071527719496
v -0.004317428451031448 0.046023968607187264 -0.007759436033666133
v -0.0043641086667776125 0.046222284436225884 -0.007092614192515611
v -0.004357872996479275 0.04623334109783172 -0.007092471234500407
v -0.004317428451031448 0.046023968607187264 -0.007759436033666133
v -0.004317428451031448 0.046023968607187264 -0.007759436033666133
v -0.004357872996479275 0.04623334109783172 -0.007092471234500407
v -0.004071335773915054 0.04648413881659507 -0.007670144550502299
v -0.004317428451031448 0.046023968607187264 -0.007759436033666133
v -0.004071335773915054 0.04648413881659507 -0.007670144550502299
v -0.0039195851422846335 0.04648127406835555 -0.00804397091269493
v -0.0039195851422846335 0.04648127406835555 -0.00804397091269493
v -0.004071335773915054 0.04648413881659507 -0.007670144550502299
v -0.003955753520131113 0.04671278223395347 -0.007546010892838239
v -0.0039195851422846335 0.04648127406835555 -0.00804397091269493
v -0.003955753520131113 0.04671278223395347 -0.007546010892838239
v -0.003591268556192519 0.04681546613574027 -0.008142126724123953
v -0.003591268556192519 0.04681546613574027 -0.008142126724123953
v -0.003955753520131113 0.04671278223395347 -0.007546010892838239
v -0.0034785233438015 0.04710204154253005 -0.0078382296487689
v -0.003591268556192519 0.04681546613574027 -0.008142126724123953
v -0.0034785233438015 0.04710204154253005 -0.0078382296487689
v -0.003358524525538088 0.046860072761774056 -0.008368892595171927
v -0.003358524525538088 0.046860072761774056 -0.008368892595171927
v -0.0034785233438015 0.04710204154253005 -0.0078382296487689
v -0.003248428460210563 0.04718788340687751 -0.008010838180780409
v -0.003358524525538088 0.046860072761774056 -0.008368892595171927
v -0.003248428460210563 0.04718788340687751 -0.008010838180780409
v -0.003091035876423122 0.046900618821382516 -0.008521256968379019
v -0.003091035876423122 0.046900618821382516 -0.008521256968379019
v -0.003248428460210563 0.04718788340687751 -0.008010838180780409
v -0.00299060787074268 0.04726793617010116 -0.008124812506139277
v -0.003091035876423122 0.046900618821382516 -0.008521256968379019
v -0.00299060787074268 0.04726793617010116 -0.008124812506139277
v -0.002774173161014916 0.04694290459156036 -0.008601639419794081
v -0.002774173161014916 0.04694290459156036 -0.008601639419794081
v -0.00299060787074268 0.04726793617010116 -0.008124812506139277
v -0.002692102221772076 0.0473472736775875 -0.00818396359682083
v -0.002774173161014916 0.04694290459156036 -0.008601639419794081
v -0.002692102221772076 0.0473472736775875 -0.00818396359682083
v -0.002389299217611552 0.04714033752679824 -0.008504713885486124
v -0.002389299217611552 0.04714033752679824 -0.008504713885486124
v -0.002692102221772076 0.0473472736775875 -0.00818396359682083
v -0.002352300565689803 0.047425452619791024 -0.00821506045758724
v -0.0016967662377282984 0.04857507348060607 -0.004093967378139495
v -0.0010694967349991207 0.048635832965373986 -0.004100849386304616
v -0.0010620686225593094 0.048683401197195046 -0.004989361390471458
v -0.002222869312390686 0.048401337116956704 -0.003808669978752732
v -0.002240423345938326 0.04826835915446281 -0.0032508124131709333
v -0.001721512060612441 0.04842305555939674 -0.003253731178119778
v -0.00015055009862408047 0.048605728894472115 -0.004111367277801036
v -0.00022604307741858076 0.04847905039787292 -0.0032541546970605846
v -0.00016023650823626675 0.04852531105279922 -0.0035337139852344985
v -0.00016023650823626675 0.04852531105279922 -0.0035337139852344985
v -0.00022604307741858076 0.04847905039787292 -0.0032541546970605846
v -0.00016677196254022428 0.04847107082605361 -0.003254155861213803
v -0.002217127243056894 0.04844484850764274 -0.0040848497301340094
v -0.002222869312390686 0.048401337116956704 -0.003808669978752732
v -0.0016967662377282984 0.04857507348060607 -0.004093967378139495
v -0.0016967662377282984 0.04857507348060607 -0.004093967378139495
v -0.002222869312390686 0.048401337116956704 -0.003808669978752732
v -0.001721512060612441 0.04842305555939674 -0.003253731178119778
v -0.0016967662377282984 0.04857507348060607 -0.004093967378139495
v -0.001721512060612441 0.04842305555939674 -0.003253731178119778
v -0.0010694967349991207 0.048635832965373986 -0.004100849386304616
v -0.0010694967349991207 0.048635832965373986 -0.004100849386304616
v -0.001721512060612441 0.04842305555939674 -0.003253731178119778
v -0.001227862783707679 0.048488136380910866 -0.003254496026784181
v -0.0010694967349991207 0.048635832965373986 -0.004100849386304616
v -0.001227862783707679 0.048488136380910866 -0.003254496026784181
v -0.0010916828177869324 0.04849690198898315 -0.003254525596275925
v -0.001688550459221006 0.04862637445330619 -0.0049892584793269626
v -0.002210214966908098 0.04849723353981971 -0.0053229513578116885
v -0.002217127243056894 0.04844484850764274 -0.0040848497301340094
v -0.002210214966908098 0.04849723353981971 -0.0053229513578116885
v -0.001688550459221006 0.04862637445330619 -0.0049892584793269626
v -0.002216757507994772 0.04844765365123748 -0.0058940150775015345
v -0.002216757507994772 0.04844765365123748 -0.0058940150775015345
v -0.001688550459221006 0.04862637445330619 -0.0049892584793269626
v -0.0016963834641501314 0.048577487468719475 -0.005884988699108361
v -0.002216757507994772 0.04844765365123748 -0.0058940150775015345
v -0.0016963834641501314 0.048577487468719475 -0.005884988699108361
v -0.001619907561689616 0.04844164475798606 -0.006746017839759587
v -0.002216757507994772 0.04844765365123748 -0.0058940150775015345
v -0.001619907561689616 0.04844164475798606 -0.006746017839759587
v -0.002240423345938326 0.04826835915446281 -0.006749207619577645
v -0.0001667706383159385 0.04847107827663421 -0.0067458515986800185
v -0.0008649965166114275 0.048504680395126336 -0.006745534483343362
v -0.0001511027512606234 0.0486011579632759 -0.005931683350354432
v -0.0001511027512606234 0.0486011579632759 -0.005931683350354432
v -0.0008649965166114275 0.048504680395126336 -0.006745534483343362
v -0.0010691484203562145 0.04863805696368217 -0.005878152791410684
v -0.0001511027512606234 0.0486011579632759 -0.005931683350354432
v -0.0010691484203562145 0.04863805696368217 -0.005878152791410684
v -0.00015029091446194803 0.04860787838697433 -0.005867689847946166
v -0.00015029091446194803 0.04860787838697433 -0.005867689847946166
v -0.0010691484203562145 0.04863805696368217 -0.005878152791410684
v -0.0010620686225593094 0.048683401197195046 -0.004989361390471458
v -0.00015029091446194803 0.04860787838697433 -0.005867689847946166
v -0.0010620686225593094 0.048683401197195046 -0.004989361390471458
v -0.00014504544378723955 0.04865144938230514 -0.005000004079192876
v -0.00014504544378723955 0.04865144938230514 -0.005000004079192876
v -0.0010620686225593094 0.048683401197195046 -0.004989361390471458
v -0.0010694967349991207 0.048635832965373986 -0.004100849386304616
v -0.00014504544378723955 0.04865144938230514 -0.005000004079192876
v -0.0010694967349991207 0.048635832965373986 -0.004100849386304616
v -0.00015055009862408047 0.048605728894472115 -0.004111367277801036
v -0.00015055009862408047 0.048605728894472115 -0.004111367277801036
v -0.0010694967349991207 0.048635832965373986 -0.004100849386304616
v -0.0010916828177869324 0.04849690198898315 -0.003254525596275925
v -0.00015055009862408047 0.048605728894472115 -0.004111367277801036
v -0.0010916828177869324 0.04849690198898315 -0.003254525596275925
v -0.00022604307741858076 0.04847905039787292 -0.0032541546970605846
v -0.0008649965166114275 0.048504680395126336 -0.006745534483343362
v -0.001619907561689616 0.04844164475798606 -0.006746017839759587
v -0.0010691484203562145 0.04863805696368217 -0.005878152791410684
v -0.0010691484203562145 0.04863805696368217 -0.005878152791410684
v -0.001619907561689616 0.04844164475798606 -0.006746017839759587
v -0.0016963834641501314 0.048577487468719475 -0.005884988699108361
v -0.0010691484203562145 0.04863805696368217 -0.005878152791410684
v -0.0016963834641501314 0.048577487468719475 -0.005884988699108361
v -0.0010620686225593094 0.048683401197195046 -0.004989361390471458
v -0.0010620686225593094 0.048683401197195046 -0.004989361390471458
v -0.0016963834641501314 0.048577487468719475 -0.005884988699108361
v -0.001688550459221006 0.04862637445330619 -0.0049892584793269626
v -0.0010620686225593094 0.048683401197195046 -0.004989361390471458
v -0.001688550459221006 0.04862637445330619 -0.0049892584793269626
v -0.0016967662377282984 0.04857507348060607 -0.004093967378139495
v -0.0016967662377282984 0.04857507348060607 -0.004093967378139495
v -0.001688550459221006 0.04862637445330619 -0.0049892584793269626
v -0.002217127243056894 0.04844484850764274 -0.0040848497301340094
v -0.004140193574130537 0.04582783579826354 -0.001626267679966986
v -0.00402346206828952 0.04573813453316688 -0.0013838087907060979
v -0.0038701903540641087 0.04611735418438911 -0.0014658541185781358
v -0.004216421395540239 0.04647200182080268 -0.0029216504190117116
v -0.00437016459181905 0.04621146619319915 -0.0029072540346533056
v -0.004195883870124819 0.04625569283962249 -0.002276299055665731
v -0.004195883870124819 0.04625569283962249 -0.002276299055665731
v -0.00437016459181905 0.04621146619319915 -0.0029072540346533056
v -0.00437028566375375 0.046210460364818566 -0.002904046326875686
v -0.004195883870124819 0.04625569283962249 -0.002276299055665731
v -0.00437028566375375 0.046210460364818566 -0.002904046326875686
v -0.0043706758879125136 0.04620687291026115 -0.002892328659072518
v -0.003922000527381899 0.046959742903709405 -0.0032209961209446187
v -0.0039455480873584765 0.04690252617001533 -0.003106602234765887
v -0.003703818656504156 0.04717042297124862 -0.0029660654254257675
v -0.003703818656504156 0.04717042297124862 -0.0029660654254257675
v -0.0039455480873584765 0.04690252617001533 -0.003106602234765887
v -0.0040507996454834955 0.046731825917959206 -0.002986788051202893
v -0.0034735414665192383 0.04747058451175689 -0.0032381128985434766
v -0.003921704366803171 0.04696272686123847 -0.0032326125074177976
v -0.003922000527381899 0.046959742903709405 -0.0032209961209446187
v -0.003922000527381899 0.046959742903709405 -0.0032209961209446187
v -0.003703818656504156 0.04717042297124862 -0.0029660654254257675
v -0.0034735414665192383 0.04747058451175689 -0.0032381128985434766
v -0.0034735414665192383 0.04747058451175689 -0.0032381128985434766
v -0.003703818656504156 0.04717042297124862 -0.0029660654254257675
v -0.0033024763688445104 0.04749267920851707 -0.0027751624584197994
v -0.0034735414665192383 0.04747058451175689 -0.0032381128985434766
v -0.0033024763688445104 0.04749267920851707 -0.0027751624584197994
v -0.003023756900802256 0.0478505715727806 -0.003243102459236979
v -0.002240423345938326 0.04826835915446281 -0.0032508124131709333
v -0.002604475710541011 0.048106331378221505 -0.0032474379986524578
v -0.0022627997677773246 0.04809595644474029 -0.002794084139168262
v -0.0022627997677773246 0.04809595644474029 -0.002794084139168262
v -0.002604475710541011 0.048106331378221505 -0.0032474379986524578
v -0.002832192694768311 0.047766160219907754 -0.002656724769622087
v -0.0022627997677773246 0.04809595644474029 -0.002794084139168262
v -0.002832192694768311 0.047766160219907754 -0.002656724769622087
v -0.0022748659830540427 0.048005159944295876 -0.002612152602523565
v -0.0023380997590720662 0.047533061355352395 -0.0019104207167401908
v -0.0026922095566988004 0.04735531657934188 -0.0018265560502186415
v -0.0023555988445878038 0.04740034416317939 -0.0017570446943864224
v -0.0023555988445878038 0.04740034416317939 -0.0017570446943864224
v -0.0026922095566988004 0.04735531657934188 -0.0018265560502186415
v -0.002773673972114922 0.046955987811088555 -0.0014104825677350161
v -0.0023555988445878038 0.04740034416317939 -0.0017570446943864224
v -0.002773673972114922 0.046955987811088555 -0.0014104825677350161
v -0.002406789455562831 0.047002635896205895 -0.001374928862787783
v -0.002406789455562831 0.047002635896205895 -0.001374928862787783
v -0.002773673972114922 0.046955987811088555 -0.0014104825677350161
v -0.002408609725534917 0.04698823019862174 -0.0013630067696794865
v -0.002408609725534917 0.04698823019862174 -0.0013630067696794865
v -0.002773673972114922 0.046955987811088555 -0.0014104825677350161
v -0.002862596418708564 0.04647159576416015 -0.0010553818428888915
v -0.002408609725534917 0.04698823019862174 -0.0013630067696794865
v -0.002862596418708564 0.04647159576416015 -0.0010553818428888915
v -0.002470583422109486 0.04648154601454734 -0.0010153992334380744
v -0.002470583422109486 0.04648154601454734 -0.0010153992334380744
v -0.002862596418708564 0.04647159576416015 -0.0010553818428888915
v -0.0029543009586632265 0.045920498669147485 -0.0008001044625416397
v -0.002470583422109486 0.04648154601454734 -0.0010153992334380744
v -0.0029543009586632265 0.045920498669147485 -0.0008001044625416397
v -0.0025403501931577934 0.04586735367774963 -0.0007459233747795223
v -0.0025403501931577934 0.04586735367774963 -0.0007459233747795223
v -0.0029543009586632265 0.045920498669147485 -0.0008001044625416397
v -0.003059463342651726 0.04534002020955085 -0.0006407859036698936
v -0.0025403501931577934 0.04586735367774963 -0.0007459233747795223
v -0.003059463342651726 0.04534002020955085 -0.0006407859036698936
v -0.0026020773220807327 0.04526573792099952 -0.0005828599678352474
v -0.0043706758879125136 0.04620687291026115 -0.002892328659072518
v -0.0043716048821806925 0.04619371518492698 -0.002847681753337383
v -0.004195883870124819 0.04625569283962249 -0.002276299055665731
v -0.004195883870124819 0.04625569283962249 -0.002276299055665731
v -0.0043716048821806925 0.04619371518492698 -0.002847681753337383
v -0.004361038096249105 0.04611699283123016 -0.0025698421522974964
v -0.004195883870124819 0.04625569283962249 -0.002276299055665731
v -0.004361038096249105 0.04611699283123016 -0.0025698421522974964
v -0.004062176216393711 0.04619007557630538 -0.0018584307981655
v -0.004062176216393711 0.04619007557630538 -0.0018584307981655
v -0.004361038096249105 0.04611699283123016 -0.0025698421522974964
v -0.004207835532724859 0.0458899401128292 -0.001808378263376653
v -0.004062176216393711 0.04619007557630538 -0.0018584307981655
v -0.004207835532724859 0.0458899401128292 -0.001808378263376653
v -0.004140193574130537 0.04582783579826354 -0.001626267679966986
v -0.003481199964880945 0.04710596427321433 -0.002174072433263063
v -0.00385650875978172 0.046910770237445824 -0.002628848887979984
v -0.0035928543657064455 0.04682371020317077 -0.0018725282279774544
v -0.0035928543657064455 0.04682371020317077 -0.0018725282279774544
v -0.00385650875978172 0.046910770237445824 -0.002628848887979984
v -0.003957499749958517 0.046717200428247445 -0.0024693543091416355
v -0.0035928543657064455 0.04682371020317077 -0.0018725282279774544
v -0.003957499749958517 0.046717200428247445 -0.0024693543091416355
v -0.003722093533724548 0.04648787155747413 -0.001625901670195162
v -0.003722093533724548 0.04648787155747413 -0.001625901670195162
v -0.003957499749958517 0.046717200428247445 -0.0024693543091416355
v -0.004071477334946396 0.046492580324411385 -0.0023465876001864667
v -0.004140193574130537 0.04582783579826354 -0.001626267679966986
v -0.0038701903540641087 0.04611735418438911 -0.0014658541185781358
v -0.004062176216393711 0.04619007557630538 -0.0018584307981655
v -0.004062176216393711 0.04619007557630538 -0.0018584307981655
v -0.0038701903540641087 0.04611735418438911 -0.0014658541185781358
v -0.003722093533724548 0.04648787155747413 -0.001625901670195162
v -0.004062176216393711 0.04619007557630538 -0.0018584307981655
v -0.003722093533724548 0.04648787155747413 -0.001625901670195162
v -0.004195883870124819 0.04625569283962249 -0.002276299055665731
v -0.004195883870124819 0.04625569283962249 -0.002276299055665731
v -0.003722093533724548 0.04648787155747413 -0.001625901670195162
v -0.004071477334946396 0.046492580324411385 -0.0023465876001864667
v -0.004195883870124819 0.04625569283962249 -0.002276299055665731
v -0.004071477334946396 0.046492580324411385 -0.0023465876001864667
v -0.004216421395540239 0.04647200182080268 -0.0029216504190117116
v -0.004216421395540239 0.04647200182080268 -0.0029216504190117116
v -0.004071477334946396 0.046492580324411385 -0.0023465876001864667
v -0.003957499749958517 0.046717200428247445 -0.0024693543091416355
v -0.004216421395540239 0.04647200182080268 -0.0029216504190117116
v -0.003957499749958517 0.046717200428247445 -0.0024693543091416355
v -0.0040507996454834955 0.046731825917959206 -0.002986788051202893
v -0.0040507996454834955 0.046731825917959206 -0.002986788051202893
v -0.003957499749958517 0.046717200428247445 -0.0024693543091416355
v -0.00385650875978172 0.046910770237445824 -0.002628848887979984
v -0.0040507996454834955 0.046731825917959206 -0.002986788051202893
v -0.00385650875978172 0.046910770237445824 -0.002628848887979984
v -0.003703818656504156 0.04717042297124862 -0.0029660654254257675
v -0.003703818656504156 0.04717042297124862 -0.0029660654254257675
v -0.00385650875978172 0.046910770237445824 -0.002628848887979984
v -0.003481199964880945 0.04710596427321433 -0.002174072433263063
v -0.003703818656504156 0.04717042297124862 -0.0029660654254257675
v -0.003481199964880945 0.04710596427321433 -0.002174072433263063
v -0.0033024763688445104 0.04749267920851707 -0.0027751624584197994
v -0.0036667555104941147 0.045538570731878274 -0.0009359746472910045
v -0.003437251318246128 0.04544712230563163 -0.0007781890453770756
v -0.0036230946425348538 0.046043291687965386 -0.001145398593507707
v -0.0036230946425348538 0.046043291687965386 -0.001145398593507707
v -0.003437251318246128 0.04544712230563163 -0.0007781890453770756
v -0.003320195246487857 0.04597358033061027 -0.000922436942346394
v -0.0036230946425348538 0.046043291687965386 -0.001145398593507707
v -0.003320195246487857 0.04597358033061027 -0.000922436942346394
v -0.003483781125396492 0.04648094996809959 -0.001347611076198518
v -0.003483781125396492 0.04648094996809959 -0.001347611076198518
v -0.003320195246487857 0.04597358033061027 -0.000922436942346394
v -0.003201805287972094 0.04647278040647506 -0.0011574995005503295
v -0.003483781125396492 0.04648094996809959 -0.001347611076198518
v -0.003201805287972094 0.04647278040647506 -0.0011574995005503295
v -0.0033594788983464254 0.04687009379267692 -0.001644557458348572
v -0.0033594788983464254 0.04687009379267692 -0.001644557458348572
v -0.003201805287972094 0.04647278040647506 -0.0011574995005503295
v -0.0030913206283003105 0.04691225290298461 -0.0014912806218490002
v -0.0033594788983464254 0.04687009379267692 -0.001644557458348572
v -0.0030913206283003105 0.04691225290298461 -0.0014912806218490002
v -0.003250306705012919 0.04719333350658416 -0.002000612905248999
v -0.003250306705012919 0.04719333350658416 -0.002000612905248999
v -0.0030913206283003105 0.04691225290298461 -0.0014912806218490002
v -0.002991634886711837 0.04727474600076675 -0.0018859814153984187
v -0.003250306705012919 0.04719333350658416 -0.002000612905248999
v -0.002991634886711837 0.04727474600076675 -0.0018859814153984187
v -0.002832192694768311 0.047766160219907754 -0.002656724769622087
v -0.003437251318246128 0.04544712230563163 -0.0007781890453770756
v -0.003059463342651726 0.04534002020955085 -0.0006407859036698936
v -0.003320195246487857 0.04597358033061027 -0.000922436942346394
v -0.003320195246487857 0.04597358033061027 -0.000922436942346394
v -0.003059463342651726 0.04534002020955085 -0.0006407859036698936
v -0.0029543009586632265 0.045920498669147485 -0.0008001044625416397
v -0.003320195246487857 0.04597358033061027 -0.000922436942346394
v -0.0029543009586632265 0.045920498669147485 -0.0008001044625416397
v -0.003201805287972094 0.04647278040647506 -0.0011574995005503295
v -0.003201805287972094 0.04647278040647506 -0.0011574995005503295
v -0.0029543009586632265 0.045920498669147485 -0.0008001044625416397
v -0.002862596418708564 0.04647159576416015 -0.0010553818428888915
v -0.003201805287972094 0.04647278040647506 -0.0011574995005503295
v -0.002862596418708564 0.04647159576416015 -0.0010553818428888915
v -0.0030913206283003105 0.04691225290298461 -0.0014912806218490002
v -0.0030913206283003105 0.04691225290298461 -0.0014912806218490002
v -0.002862596418708564 0.04647159576416015 -0.0010553818428888915
v -0.002773673972114922 0.046955987811088555 -0.0014104825677350161
v -0.0030913206283003105 0.04691225290298461 -0.0014912806218490002
v -0.002773673972114922 0.046955987811088555 -0.0014104825677350161
v -0.002991634886711837 0.04727474600076675 -0.0018859814153984187
v -0.002991634886711837 0.04727474600076675 -0.0018859814153984187
v -0.002773673972114922 0.046955987811088555 -0.0014104825677350161
v -0.0026922095566988004 0.04735531657934188 -0.0018265560502186415
v -0.002991634886711837 0.04727474600076675 -0.0018859814153984187
v -0.0026922095566988004 0.04735531657934188 -0.0018265560502186415
v -0.002832192694768311 0.047766160219907754 -0.002656724769622087
v -0.002832192694768311 0.047766160219907754 -0.002656724769622087
v -0.0026922095566988004 0.04735531657934188 -0.0018265560502186415
v -0.0023380997590720662 0.047533061355352395 -0.0019104207167401908
v -0.002832192694768311 0.047766160219907754 -0.002656724769622087
v -0.0023380997590720662 0.047533061355352395 -0.0019104207167401908
v -0.0022748659830540427 0.048005159944295876 -0.002612152602523565
v -0.002604475710541011 0.048106331378221505 -0.0032474379986524578
v -0.003023756900802256 0.0478505715727806 -0.003243102459236979
v -0.002832192694768311 0.047766160219907754 -0.002656724769622087
v -0.002832192694768311 0.047766160219907754 -0.002656724769622087
v -0.003023756900802256 0.0478505715727806 -0.003243102459236979
v -0.0033024763688445104 0.04749267920851707 -0.0027751624584197994
v -0.002832192694768311 0.047766160219907754 -0.002656724769622087
v -0.0033024763688445104 0.04749267920851707 -0.0027751624584197994
v -0.003250306705012919 0.04719333350658416 -0.002000612905248999
v -0.003250306705012919 0.04719333350658416 -0.002000612905248999
v -0.0033024763688445104 0.04749267920851707 -0.0027751624584197994
v -0.003481199964880945 0.04710596427321433 -0.002174072433263063
v -0.003250306705012919 0.04719333350658416 -0.002000612905248999
v -0.003481199964880945 0.04710596427321433 -0.002174072433263063
v -0.0033594788983464254 0.04687009379267692 -0.001644557458348572
v -0.0033594788983464254 0.04687009379267692 -0.001644557458348572
v -0.003481199964880945 0.04710596427321433 -0.002174072433263063
v -0.0035928543657064455 0.04682371020317077 -0.0018725282279774544
v -0.0033594788983464254 0.04687009379267692 -0.001644557458348572
v -0.0035928543657064455 0.04682371020317077 -0.0018725282279774544
v -0.003483781125396492 0.04648094996809959 -0.001347611076198518
v -0.003483781125396492 0.04648094996809959 -0.001347611076198518
v -0.0035928543657064455 0.04682371020317077 -0.0018725282279774544
v -0.003722093533724548 0.04648787155747413 -0.001625901670195162
v -0.003483781125396492 0.04648094996809959 -0.001347611076198518
v -0.003722093533724548 0.04648787155747413 -0.001625901670195162
v -0.0036230946425348538 0.046043291687965386 -0.001145398593507707
v -0.0036230946425348538 0.046043291687965386 -0.001145398593507707
v -0.003722093533724548 0.04648787155747413 -0.001625901670195162
v -0.0038701903540641087 0.04611735418438911 -0.0014658541185781358
v -0.0036230946425348538 0.046043291687965386 -0.001145398593507707
v -0.0038701903540641087 0.04611735418438911 -0.0014658541185781358
v -0.0036667555104941147 0.045538570731878274 -0.0009359746472910045
v -0.0036667555104941147 0.045538570731878274 -0.0009359746472910045
v -0.0038701903540641087 0.04611735418438911 -0.0014658541185781358
v -0.00402346206828952 0.04573813453316688 -0.0013838087907060979
v 0.008155706338584427 0.0013715174281969664 -0.010462347418069838
v 0.00827881041914225 0.0014631178928539155 -0.010390247218310831
v 0.008155706338584427 0.0013715174281969664 0.0004623475251719355
v 0.008155706338584427 0.0013715174281969664 0.0004623475251719355
v 0.00827881041914225 0.0014631178928539155 -0.010390247218310831
v 0.008911993354558948 0.0019374653929844496 -4.049215567647479e-05
v 0.009126405231654647 0.0020992867648601528 -0.00979262590408325
v 0.009126405231654647 0.0020992867648601528 -0.00020737445447593925
v 0.00911153852939606 0.0020880170632153745 -0.009804569184780119
v 0.00911153852939606 0.0020880170632153745 -0.009804569184780119
v 0.009126405231654647 0.0020992867648601528 -0.00020737445447593925
v 0.00911153852939606 0.0020880170632153745 -0.00019543070811778304
v 0.00827881041914225 0.0014631178928539155 -0.010390247218310831
v 0.009096636436879638 0.0020767233800143 -0.009816456586122511
v 0.008911993354558948 0.0019374653929844496 -4.049215567647479e-05
v 0.008911993354558948 0.0019374653929844496 -4.049215567647479e-05
v 0.009096636436879638 0.0020767233800143 -0.009816456586122511
v 0.00911153852939606 0.0020880170632153745 -0.009804569184780119
v 0.008911993354558948 0.0019374653929844496 -4.049215567647479e-05
v 0.00911153852939606 0.0020880170632153745 -0.009804569184780119
v 0.009096636436879638 0.0020767233800143 -0.00018354330677539107
v 0.009096636436879638 0.0020767233800143 -0.00018354330677539107
v 0.00911153852939606 0.0020880170632153745 -0.009804569184780119
v 0.00911153852939606 0.0020880170632153745 -0.00019543070811778304
v 0.009920753538608556 0.0027015644591301675 -0.00898064114153385
v 0.010234411805868154 0.0029333771672099824 -0.008464412763714789
v 0.010234411805868154 0.0029333771672099824 -0.001535587362013757
v 0.010234411805868154 0.0029333771672099824 -0.001535587362013757
v 0.010074087418615823 0.0028159327339380975 -0.001245767227374017
v 0.009920753538608556 0.0027015644591301675 -0.00898064114153385
v 0.009920753538608556 0.0027015644591301675 -0.00898064114153385
v 0.010074087418615823 0.0028159327339380975 -0.001245767227374017
v 0.009684870019555095 0.0025236010551452632 -0.0007310324581339954
v 0.009920753538608556 0.0027015644591301675 -0.00898064114153385
v 0.009684870019555095 0.0025236010551452632 -0.0007310324581339954
v 0.009540722705423835 0.0024139871820807453 -0.009421064518392084
v 0.009540722705423835 0.0024139871820807453 -0.009421064518392084
v 0.009684870019555095 0.0025236010551452632 -0.0007310324581339954
v 0.009126405231654647 0.0020992867648601528 -0.00020737445447593925
v 0.009540722705423835 0.0024139871820807453 -0.009421064518392084
v 0.009126405231654647 0.0020992867648601528 -0.00020737445447593925
v 0.009126405231654647 0.0020992867648601528 -0.00979262590408325
v 0.006502584554255011 0.0004343172186054289 -0.0019500000635161994
v 0.006212865468114617 0.00041003446676768357 0.0011204433394595978
v 0.005908473860472443 0.0004445543454494327 -0.0019500000635161994
v 0.005908473860472443 0.0004445543454494327 -0.0019500000635161994
v 0.006212865468114617 0.00041003446676768357 0.0011204433394595978
v 0.00580333033576608 0.00046906090574339027 0.0011794160818681119
v 0.005908473860472443 0.0004445543454494327 -0.0019500000635161994
v 0.00580333033576608 0.00046906090574339027 0.0011794160818681119
v 0.005803162697702649 0.0004690986825153231 -0.0019500000635161994
v 0.005803162697702649 0.0004690986825153231 -0.0019500000635161994
v 0.00580333033576608 0.00046906090574339027 0.0011794160818681119
v 0.0057474761269986656 0.0004843974893447011 0.0011862068204209206
v 0.005803162697702649 0.0004690986825153231 -0.0019500000635161994
v 0.0057474761269986656 0.0004843974893447011 0.0011862068204209206
v 0.005052132066339257 0.0007826783112250267 -0.0019500000635161994
v 0.005052132066339257 0.0007826783112250267 -0.0019500000635161994
v 0.0057474761269986656 0.0004843974893447011 0.0011862068204209206
v 0.005162080284208062 0.0007245598826557397 0.001244086190126836
v 0.005052132066339257 0.0007826783112250267 -0.0019500000635161994
v 0.005162080284208062 0.0007245598826557397 0.001244086190126836
v 0.005052132066339257 0.0007826783112250267 0.001252530957572162
v 0.007241390645504001 0.0007364977500401436 -0.0019500000635161994
v 0.007241390645504001 0.0007364977500401436 0.0008718775352463125
v 0.006658766418695452 0.0004714772512670606 -0.0019500000635161994
v 0.006658766418695452 0.0004714772512670606 -0.0019500000635161994
v 0.007241390645504001 0.0007364977500401436 0.0008718775352463125
v 0.007180780172348026 0.0007013237918727099 0.000891591771505773
v 0.007180780172348026 0.0007013237918727099 0.000891591771505773
v 0.007119404152035717 0.0006671964074485003 0.0009107844671234487
v 0.006658766418695452 0.0004714772512670606 -0.0019500000635161994
v 0.006658766418695452 0.0004714772512670606 -0.0019500000635161994
v 0.007119404152035717 0.0006671964074485003 0.0009107844671234487
v 0.006651713512837889 0.000469441816676408 0.0010350829688832162
v 0.006658766418695452 0.0004714772512670606 -0.0019500000635161994
v 0.006651713512837889 0.000469441816676408 0.0010350829688832162
v 0.006502584554255011 0.0004343172186054289 -0.0019500000635161994
v 0.006502584554255011 0.0004343172186054289 -0.0019500000635161994
v 0.006651713512837889 0.000469441816676408 0.0010350829688832162
v 0.006503038574010136 0.00043440173612907523 0.001067113480530679
v 0.006502584554255011 0.0004343172186054289 -0.0019500000635161994
v 0.006503038574010136 0.00043440173612907523 0.001067113480530679
v 0.006212865468114617 0.00041003446676768357 0.0011204433394595978
v 0.0042520328424870985 0.001367533579468727 0.001289688399992883
v 0.0039924033917486685 0.0016436496516689656 0.0012884725583717225
v 0.004252013284713032 0.0013675522059202192 -0.0019500000635161994
v 0.004252013284713032 0.0013675522059202192 -0.0019500000635161994
v 0.0039924033917486685 0.0016436496516689656 0.0012884725583717225
v 0.0038466376718133705 0.0018268028507009146 0.001280518597923219
v 0.004252013284713032 0.0013675522059202192 -0.0019500000635161994
v 0.0038466376718133705 0.0018268028507009146 0.001280518597923219
v 0.0036313787568360584 0.002148996805772185 -0.0019500000635161994
v 0.0036313787568360584 0.002148996805772185 -0.0019500000635161994
v 0.0038466376718133705 0.0018268028507009146 0.001280518597923219
v 0.003734839381650092 0.0019851468969136472 0.0012700887164101002
v 0.0036313787568360584 0.002148996805772185 -0.0019500000635161994
v 0.003734839381650092 0.0019851468969136472 0.0012700887164101002
v 0.0036313787568360584 0.002148996805772185 0.0012584821088239548
v 0.0042520328424870985 0.001367533579468727 0.001289688399992883
v 0.004252013284713032 0.0013675522059202192 -0.0019500000635161994
v 0.004474197980016472 0.0011705438373610375 0.001284222933463752
v 0.004474197980016472 0.0011705438373610375 0.001284222933463752
v 0.004252013284713032 0.0013675522059202192 -0.0019500000635161994
v 0.005052132066339257 0.0007826783112250267 -0.0019500000635161994
v 0.004474197980016472 0.0011705438373610375 0.001284222933463752
v 0.005052132066339257 0.0007826783112250267 -0.0019500000635161994
v 0.005052132066339257 0.0007826783112250267 0.001252530957572162
v 0.0036313787568360584 0.002148996805772185 0.0012584821088239548
v 0.003628466511145236 0.0021538757719099517 0.0012581258779391644
v 0.0036313787568360584 0.002148996805772185 -0.0019500000635161994
v 0.0036313787568360584 0.002148996805772185 -0.0019500000635161994
v 0.003628466511145236 0.0021538757719099517 0.0012581258779391644
v 0.003628466511145236 0.0021538757719099517 -0.0019500000635161994
v 0.0013779223663732416 0.003971473779529332 0.0009841549908742306
v 0.0013779223663732416 0.003971473779529332 -0.0019500000635161994
v 0.0017393123125657448 0.003831073641777038 -0.0019500000635161994
v 0.002812026767060162 0.003139680484309792 -0.0019500000635161994
v 0.002635627053678037 0.0032878434285521503 0.001158526982180774
v 0.0017393123125657448 0.003831073641777038 -0.0019500000635161994
v 0.0017393123125657448 0.003831073641777038 -0.0019500000635161994
v 0.002635627053678037 0.0032878434285521503 0.001158526982180774
v 0.0020233942195773133 0.0036904178559780117 0.0010881976922973988
v 0.0017393123125657448 0.003831073641777038 -0.0019500000635161994
v 0.0020233942195773133 0.0036904178559780117 0.0010881976922973988
v 0.0013779223663732416 0.003971473779529332 0.0009841549908742306
v 0.003628466511145236 0.0021538757719099517 0.0012581258779391644
v 0.0035778437741100805 0.0022363162133842702 0.0012521011522039769
v 0.003628466511145236 0.0021538757719099517 -0.0019500000635161994
v 0.003628466511145236 0.0021538757719099517 -0.0019500000635161994
v 0.0035778437741100805 0.0022363162133842702 0.0012521011522039769
v 0.0031544000376015915 0.0027987654320895668 0.0012084258487448094
v 0.003628466511145236 0.0021538757719099517 -0.0019500000635161994
v 0.0031544000376015915 0.0027987654320895668 0.0012084258487448094
v 0.002812026767060162 0.003139680484309792 -0.0019500000635161994
v 0.002812026767060162 0.003139680484309792 -0.0019500000635161994
v 0.0031544000376015915 0.0027987654320895668 0.0012084258487448094
v 0.0028119825292378677 0.0031397715210914607 0.0011758924229070542
v 0.002812026767060162 0.003139680484309792 -0.0019500000635161994
v 0.0028119825292378677 0.0031397715210914607 0.0011758924229070542
v 0.002635627053678037 0.0032878434285521503 0.001158526982180774
v -0.0026534267235547317 0.0030858411919325586 -0.0011374048190191386
v -0.0026534267235547317 0.0030858411919325586 -0.0019500000635161994
v -0.0021117704454809436 0.003519753692671656 -0.0006185952806845306
v -0.0021117704454809436 0.003519753692671656 -0.0006185952806845306
v -0.0026534267235547317 0.0030858411919325586 -0.0019500000635161994
v -0.0019777100533247003 0.003604690078645944 -0.0019500000635161994
v -0.000966771447565407 0.0040406244806945315 0.00018245063256472346
v -0.0010241273557767276 0.004024404101073741 0.00014995725359767673
v -0.0009665489196777348 0.004040683154016732 -0.0019500000635161994
v -0.0009665489196777348 0.004040683154016732 -0.0019500000635161994
v -0.0010241273557767276 0.004024404101073741 0.00014995725359767673
v -0.0015222862130030996 0.0038428243715316053 -0.00016423978377133605
v -0.0009665489196777348 0.004040683154016732 -0.0019500000635161994
v -0.0015222862130030996 0.0038428243715316053 -0.00016423978377133605
v -0.0019777100533247003 0.003604690078645944 -0.0019500000635161994
v -0.0019777100533247003 0.003604690078645944 -0.0019500000635161994
v -0.0015222862130030996 0.0038428243715316053 -0.00016423978377133605
v -0.001978919608518482 0.0036042800638824697 -0.0005074735963717102
v -0.0019777100533247003 0.003604690078645944 -0.0019500000635161994
v -0.001978919608518482 0.0036042800638824697 -0.0005074735963717102
v -0.0021117704454809436 0.003519753692671656 -0.0006185952806845306
v -0.000966771447565407 0.0040406244806945315 0.00018245063256472346
v -0.0009665489196777348 0.004040683154016732 -0.0019500000635161994
v -0.0009500971646048133 0.004045170731842517 0.00019175966735929248
v -0.0009500971646048133 0.004045170731842517 0.00019175966735929248
v -0.0009665489196777348 0.004040683154016732 -0.0019500000635161994
v 0.0001529174915049226 0.004182593431323766 -0.0019500000635161994
v -0.0009500971646048133 0.004045170731842517 0.00019175966735929248
v 0.0001529174915049226 0.004182593431323766 -0.0019500000635161994
v -0.00032878594356589036 0.004161251708865165 0.0004964972613379358
v 0.0013779223663732416 0.003971473779529332 0.0009841549908742306
v 0.0013210395118221647 0.003990085329860448 0.0009731542086228727
v 0.0013779223663732416 0.003971473779529332 -0.0019500000635161994
v 0.0013779223663732416 0.003971473779529332 -0.0019500000635161994
v 0.0013210395118221647 0.003990085329860448 0.0009731542086228727
v 0.0012639591004699475 0.004007854033261537 0.0009618232725188135
v 0.0012639591004699475 0.004007854033261537 0.0009618232725188135
v 0.0009522484615445141 0.004089317750185727 0.0008966618916019796
v 0.0013779223663732416 0.003971473779529332 -0.0019500000635161994
v 0.0013779223663732416 0.003971473779529332 -0.0019500000635161994
v 0.0009522484615445141 0.004089317750185727 0.0008966618916019796
v 0.00031435143318958597 0.0041770441457629195 0.0007313237292692064
v 0.0013779223663732416 0.003971473779529332 -0.0019500000635161994
v 0.00031435143318958597 0.0041770441457629195 0.0007313237292692064
v 0.0001529174915049226 0.004182593431323766 -0.0019500000635161994
v 0.0001529174915049226 0.004182593431323766 -0.0019500000635161994
v 0.00031435143318958597 0.0041770441457629195 0.0007313237292692064
v 0.00015088192594703292 0.004182892851531505 0.0006788837490603327
v 0.0001529174915049226 0.004182593431323766 -0.0019500000635161994
v 0.00015088192594703292 0.004182892851531505 0.0006788837490603327
v -0.00032878594356589036 0.004161251708865165 0.0004964972613379358
v -0.0032787802629172815 0.0024717052001506086 -0.0019500000635161994
v -0.0026534267235547317 0.0030858411919325586 -0.0019500000635161994
v -0.0028299400582909597 0.00291541451588273 -0.001336063374765217
v -0.0028299400582909597 0.00291541451588273 -0.001336063374765217
v -0.0026534267235547317 0.0030858411919325586 -0.0019500000635161994
v -0.0026534267235547317 0.0030858411919325586 -0.0011374048190191386
v 0.007195679470896724 -0.004991884808987378 -0.006550000049173831
v 0.007195679470896724 -0.004991884808987378 -0.00805000029504299
v 0.007476614788174633 0.0004124185652472078 -0.006550000049173831
v 0.007476614788174633 0.0004124185652472078 -0.006550000049173831
v 0.007195679470896724 -0.004991884808987378 -0.00805000029504299
v 0.007502032909542326 0.0009013456292450427 -0.00805000029504299
v 0.007476614788174633 0.0004124185652472078 -0.006550000049173831
v 0.007502032909542326 0.0009013456292450427 -0.00805000029504299
v 0.007476614788174633 0.0004124185652472078 -0.0034499999601393934
v 0.007476614788174633 0.0004124185652472078 -0.0034499999601393934
v 0.007502032909542326 0.0009013456292450427 -0.00805000029504299
v 0.007502032909542326 0.0009013456292450427 -0.0019500000635161994
v 0.007476614788174633 0.0004124185652472078 -0.0034499999601393934
v 0.007502032909542326 0.0009013456292450427 -0.0019500000635161994
v 0.007195679470896724 -0.004991884808987378 -0.0034499999601393934
v 0.007195679470896724 -0.004991884808987378 -0.0034499999601393934
v 0.007502032909542326 0.0009013456292450427 -0.0019500000635161994
v 0.007195679470896724 -0.004991884808987378 -0.0019500000635161994
v 0.007502032909542326 0.0009013456292450427 -0.0019500000635161994
v 0.007241390645504001 0.0007364977500401436 -0.0019500000635161994
v 0.007195679470896724 -0.004991884808987378 -0.0019500000635161994
v 0.007195679470896724 -0.004991884808987378 -0.0019500000635161994
v 0.007241390645504001 0.0007364977500401436 -0.0019500000635161994
v 0.006658766418695452 0.0004714772512670606 -0.0019500000635161994
v 0.007195679470896724 -0.004991884808987378 -0.0019500000635161994
v 0.006658766418695452 0.0004714772512670606 -0.0019500000635161994
v 0.006502584554255011 0.0004343172186054289 -0.0019500000635161994
v 0.005893966648727658 -0.00443398393690586 -0.0019500000635161994
v 0.006849944125860933 -0.006250923965126275 -0.0019500000635161994
v 0.007195679470896724 -0.004991884808987378 -0.0019500000635161994
v 0.0013347191270440823 -0.0006844906602054833 -0.0019500000635161994
v 0.004559254273772241 -0.0037494897842407222 -0.0019500000635161994
v 0.00531831802800298 -0.003912917803972959 -0.0019500000635161994
v 0.005893966648727658 -0.00443398393690586 -0.0019500000635161994
v 0.007195679470896724 -0.004991884808987378 -0.0019500000635161994
v 0.00531831802800298 -0.003912917803972959 -0.0019500000635161994
v -0.0011713752755895261 -0.00436846213415265 -0.0019500000635161994
v 7.456780440406877e-05 -0.0014981430722400544 -0.0019500000635161994
v -0.0006844886229373518 -0.0013347164494916795 -0.0019500000635161994
v -0.0012601459166035063 -0.0008136564283631741 -0.0019500000635161994
v -0.002249089302495123 -0.0034390655346214767 -0.0019500000635161994
v -0.0006844886229373518 -0.0013347164494916795 -0.0019500000635161994
v -0.0006844886229373518 -0.0013347164494916795 -0.0019500000635161994
v -0.002249089302495123 -0.0034390655346214767 -0.0019500000635161994
v -0.0017956885276362309 -0.004002864472568034 -0.0019500000635161994
v -0.0006844886229373518 -0.0013347164494916795 -0.0019500000635161994
v -0.0017956885276362309 -0.004002864472568034 -0.0019500000635161994
v -0.0011713752755895261 -0.00436846213415265 -0.0019500000635161994
v 0.003316394286230208 -0.005964838434010743 -0.0019500000635161994
v 0.0031356748659163726 -0.005322205834090709 -0.0019500000635161994
v 0.0008136518299579624 -0.0012601466150954364 -0.0019500000635161994
v 0.0008136518299579624 -0.0012601466150954364 -0.0019500000635161994
v 0.0031356748659163726 -0.005322205834090709 -0.0019500000635161994
v 0.0032991028856486095 -0.004563142079859971 -0.0019500000635161994
v 0.0008136518299579624 -0.0012601466150954364 -0.0019500000635161994
v 0.0032991028856486095 -0.004563142079859971 -0.0019500000635161994
v 0.0013347191270440823 -0.0006844906602054833 -0.0019500000635161994
v 0.0013347191270440823 -0.0006844906602054833 -0.0019500000635161994
v 0.0032991028856486095 -0.004563142079859971 -0.0019500000635161994
v 0.0038201701827347296 -0.003987486008554696 -0.0019500000635161994
v 0.0013347191270440823 -0.0006844906602054833 -0.0019500000635161994
v 0.0038201701827347296 -0.003987486008554696 -0.0019500000635161994
v 0.004559254273772241 -0.0037494897842407222 -0.0019500000635161994
v 0.005803162697702649 0.0004690986825153231 -0.0019500000635161994
v 0.005052132066339257 0.0007826783112250267 -0.0019500000635161994
v 0.0014981471467763192 7.457312312908469e-05 -0.0019500000635161994
v 0.0014981471467763192 7.457312312908469e-05 -0.0019500000635161994
v 0.005052132066339257 0.0007826783112250267 -0.0019500000635161994
v 0.004252013284713032 0.0013675522059202192 -0.0019500000635161994
v 0.0014981471467763192 7.457312312908469e-05 -0.0019500000635161994
v 0.004252013284713032 0.0013675522059202192 -0.0019500000635161994
v 0.0013174278428778059 0.000717205402906984 -0.0019500000635161994
v -0.0011713752755895261 -0.00436846213415265 -0.0019500000635161994
v -0.0004578374209813776 -0.004488028120249509 -0.0019500000635161994
v 7.456780440406877e-05 -0.0014981430722400544 -0.0019500000635161994
v 7.456780440406877e-05 -0.0014981430722400544 -0.0019500000635161994
v -0.0004578374209813776 -0.004488028120249509 -0.0019500000635161994
v 0.0006200955831445757 -0.004713520407676696 -0.0019500000635161994
v 7.456780440406877e-05 -0.0014981430722400544 -0.0019500000635161994
v 0.0006200955831445757 -0.004713520407676696 -0.0019500000635161994
v 0.0008136518299579624 -0.0012601466150954364 -0.0019500000635161994
v 0.0008136518299579624 -0.0012601466150954364 -0.0019500000635161994
v 0.0006200955831445757 -0.004713520407676696 -0.0019500000635161994
v 0.0014965438749641187 -0.005380311980843543 -0.0019500000635161994
v 0.0008136518299579624 -0.0012601466150954364 -0.0019500000635161994
v 0.0014965438749641187 -0.005380311980843543 -0.0019500000635161994
v 0.003316394286230208 -0.005964838434010743 -0.0019500000635161994
v 0.002812026767060162 0.003139680484309792 -0.0019500000635161994
v 0.0008757762261666362 0.001217793091200292 -0.0019500000635161994
v 0.003628466511145236 0.0021538757719099517 -0.0019500000635161994
v 0.003628466511145236 0.0021538757719099517 -0.0019500000635161994
v 0.0008757762261666362 0.001217793091200292 -0.0019500000635161994
v 0.0013174278428778059 0.000717205402906984 -0.0019500000635161994
v 0.003628466511145236 0.0021538757719099517 -0.0019500000635161994
v 0.0013174278428778059 0.000717205402906984 -0.0019500000635161994
v 0.0036313787568360584 0.002148996805772185 -0.0019500000635161994
v 0.0036313787568360584 0.002148996805772185 -0.0019500000635161994
v 0.0013174278428778059 0.000717205402906984 -0.0019500000635161994
v 0.004252013284713032 0.0013675522059202192 -0.0019500000635161994
v 0.005893966648727658 -0.00443398393690586 -0.0019500000635161994
v 0.006131971720606091 -0.005173061974346637 -0.0019500000635161994
v 0.006849944125860933 -0.006250923965126275 -0.0019500000635161994
v 0.006849944125860933 -0.006250923965126275 -0.0019500000635161994
v 0.006131971720606091 -0.005173061974346637 -0.0019500000635161994
v 0.006015958264470103 -0.005830473266541957 -0.0019500000635161994
v 0.006849944125860933 -0.006250923965126275 -0.0019500000635161994
v 0.006015958264470103 -0.005830473266541957 -0.0019500000635161994
v 0.006008699070662263 -0.0072494363412261 -0.0019500000635161994
v 0.006008699070662263 -0.0072494363412261 -0.0019500000635161994
v 0.006015958264470103 -0.005830473266541957 -0.0019500000635161994
v 0.005626204423606398 -0.006372437346726655 -0.0019500000635161994
v 0.006008699070662263 -0.0072494363412261 -0.0019500000635161994
v 0.005626204423606398 -0.006372437346726655 -0.0019500000635161994
v 0.0048266099765896815 -0.007803859654814004 -0.0019500000635161994
v 0.0048266099765896815 -0.007803859654814004 -0.0019500000635161994
v 0.005626204423606398 -0.006372437346726655 -0.0019500000635161994
v 0.005039896350353959 -0.006691629532724618 -0.0019500000635161994
v 0.0048266099765896815 -0.007803859654814004 -0.0019500000635161994
v 0.005039896350353959 -0.006691629532724618 -0.0019500000635161994
v 0.0035209897905588167 -0.007812260184437036 -0.0019500000635161994
v 0.0035209897905588167 -0.007812260184437036 -0.0019500000635161994
v 0.005039896350353959 -0.006691629532724618 -0.0019500000635161994
v 0.00437315506860614 -0.006724814418703317 -0.0019500000635161994
v 0.0035209897905588167 -0.007812260184437036 -0.0019500000635161994
v 0.00437315506860614 -0.006724814418703317 -0.0019500000635161994
v 0.002843455178663136 -0.00753048900514841 -0.0019500000635161994
v 0.002843455178663136 -0.00753048900514841 -0.0019500000635161994
v 0.00437315506860614 -0.006724814418703317 -0.0019500000635161994
v 0.003758045844733717 -0.006465425714850425 -0.0019500000635161994
v 0.002843455178663136 -0.00753048900514841 -0.0019500000635161994
v 0.003758045844733717 -0.006465425714850425 -0.0019500000635161994
v 0.002313148695975543 -0.007023308891803025 -0.0019500000635161994
v 0.002313148695975543 -0.007023308891803025 -0.0019500000635161994
v 0.003758045844733717 -0.006465425714850425 -0.0019500000635161994
v 0.003316394286230208 -0.005964838434010743 -0.0019500000635161994
v 0.002313148695975543 -0.007023308891803025 -0.0019500000635161994
v 0.003316394286230208 -0.005964838434010743 -0.0019500000635161994
v 0.0020014569163322457 -0.0063590025529265395 -0.0019500000635161994
v 0.0020014569163322457 -0.0063590025529265395 -0.0019500000635161994
v 0.003316394286230208 -0.005964838434010743 -0.0019500000635161994
v 0.0014965438749641187 -0.005380311980843543 -0.0019500000635161994
v 0.00531831802800298 -0.003912917803972959 -0.0019500000635161994
v 0.007195679470896724 -0.004991884808987378 -0.0019500000635161994
v 0.0013347191270440823 -0.0006844906602054833 -0.0019500000635161994
v 0.0013347191270440823 -0.0006844906602054833 -0.0019500000635161994
v 0.007195679470896724 -0.004991884808987378 -0.0019500000635161994
v 0.006502584554255011 0.0004343172186054289 -0.0019500000635161994
v 0.0013347191270440823 -0.0006844906602054833 -0.0019500000635161994
v 0.006502584554255011 0.0004343172186054289 -0.0019500000635161994
v 0.0014981471467763192 7.457312312908469e-05 -0.0019500000635161994
v 0.0014981471467763192 7.457312312908469e-05 -0.0019500000635161994
v 0.006502584554255011 0.0004343172186054289 -0.0019500000635161994
v 0.005908473860472443 0.0004445543454494327 -0.0019500000635161994
v 0.0014981471467763192 7.457312312908469e-05 -0.0019500000635161994
v 0.005908473860472443 0.0004445543454494327 -0.0019500000635161994
v 0.005803162697702649 0.0004690986825153231 -0.0019500000635161994
v -0.0026534267235547317 0.0030858411919325586 -0.0019500000635161994
v -0.00099238264374435 0.0011248046066612003 -0.0019500000635161994
v -0.0019777100533247003 0.003604690078645944 -0.0019500000635161994
v -0.0019777100533247003 0.003604690078645944 -0.0019500000635161994
v -0.00099238264374435 0.0011248046066612003 -0.0019500000635161994
v -0.0004060682840645315 0.001443988177925348 -0.0019500000635161994
v 0.002812026767060162 0.003139680484309792 -0.0019500000635161994
v 0.0017393123125657448 0.003831073641777038 -0.0019500000635161994
v 0.0008757762261666362 0.001217793091200292 -0.0019500000635161994
v 0.0008757762261666362 0.001217793091200292 -0.0019500000635161994
v 0.0017393123125657448 0.003831073641777038 -0.0019500000635161994
v 0.0013779223663732416 0.003971473779529332 -0.0019500000635161994
v 0.0008757762261666362 0.001217793091200292 -0.0019500000635161994
v 0.0013779223663732416 0.003971473779529332 -0.0019500000635161994
v 0.0002606656635180117 0.001477174228057265 -0.0019500000635161994
v 0.0002606656635180117 0.001477174228057265 -0.0019500000635161994
v 0.0013779223663732416 0.003971473779529332 -0.0019500000635161994
v 0.0001529174915049226 0.004182593431323766 -0.0019500000635161994
v 0.0002606656635180117 0.001477174228057265 -0.0019500000635161994
v 0.0001529174915049226 0.004182593431323766 -0.0019500000635161994
v -0.0004060682840645315 0.001443988177925348 -0.0019500000635161994
v -0.0004060682840645315 0.001443988177925348 -0.0019500000635161994
v 0.0001529174915049226 0.004182593431323766 -0.0019500000635161994
v -0.0009665489196777348 0.004040683154016732 -0.0019500000635161994
v -0.0004060682840645315 0.001443988177925348 -0.0019500000635161994
v -0.0009665489196777348 0.004040683154016732 -0.0019500000635161994
v -0.0019777100533247003 0.003604690078645944 -0.0019500000635161994
v -0.0032787802629172815 0.0024717052001506086 -0.0019500000635161994
v -0.003254105104133488 0.002454978413879871 -0.0019500876078382132
v -0.0026534267235547317 0.0030858411919325586 -0.0019500000635161994
v -0.0026534267235547317 0.0030858411919325586 -0.0019500000635161994
v -0.003254105104133488 0.002454978413879871 -0.0019500876078382132
v -0.0032338122837245477 0.0024358250666409727 -0.0019501823699101804
v -0.0026534267235547317 0.0030858411919325586 -0.0019500000635161994
v -0.0032338122837245477 0.0024358250666409727 -0.0019501823699101804
v -0.00320981675758958 0.002404427388682961 -0.001950146979652345
v -0.00320981675758958 0.002404427388682961 -0.001950146979652345
v -0.003192218486219646 0.002371269511058926 -0.00195000774692744
v -0.0026534267235547317 0.0030858411919325586 -0.0019500000635161994
v -0.0026534267235547317 0.0030858411919325586 -0.0019500000635161994
v -0.003192218486219646 0.002371269511058926 -0.00195000774692744
v -0.003183742053806783 0.0023492749314755197 -0.0019500021589919923
v -0.0026534267235547317 0.0030858411919325586 -0.0019500000635161994
v -0.003183742053806783 0.0023492749314755197 -0.0019500021589919923
v -0.00099238264374435 0.0011248046066612003 -0.0019500000635161994
v -0.00099238264374435 0.0011248046066612003 -0.0019500000635161994
v -0.003183742053806783 0.0023492749314755197 -0.0019500021589919923
v -0.00317077385261655 0.002291264478117227 -0.001949958619661629
v -0.00099238264374435 0.0011248046066612003 -0.0019500000635161994
v -0.00317077385261655 0.002291264478117227 -0.001949958619661629
v -0.0013821375323459513 0.000582833308726549 -0.0019500000635161994
v -0.0013821375323459513 0.000582833308726549 -0.0019500000635161994
v -0.00317077385261655 0.002291264478117227 -0.001949958619661629
v -0.0031729722395539297 0.002206275705248117 -0.0019500000635161994
v -0.0013821375323459513 0.000582833308726549 -0.0019500000635161994
v -0.0031729722395539297 0.002206275705248117 -0.0019500000635161994
v -0.0014981424901634461 -7.457241736119612e-05 -0.0019500000635161994
v -0.0014981424901634461 -7.457241736119612e-05 -0.0019500000635161994
v -0.0031729722395539297 0.002206275705248117 -0.0019500000635161994
v -0.0032902134116739048 0.00029446568805724377 -0.0019500000635161994
v -0.0014981424901634461 -7.457241736119612e-05 -0.0019500000635161994
v -0.0032902134116739048 0.00029446568805724377 -0.0019500000635161994
v -0.0012601459166035063 -0.0008136564283631741 -0.0019500000635161994
v -0.0012601459166035063 -0.0008136564283631741 -0.0019500000635161994
v -0.0032902134116739048 0.00029446568805724377 -0.0019500000635161994
v -0.0029790999833494438 -0.001630707876756787 -0.0019500000635161994
v -0.0012601459166035063 -0.0008136564283631741 -0.0019500000635161994
v -0.0029790999833494438 -0.001630707876756787 -0.0019500000635161994
v -0.002249089302495123 -0.0034390655346214767 -0.0019500000635161994
v 0.0013174278428778059 0.000717205402906984 -0.0034499999601393934
v 0.0013086812105029828 0.0007330480148084461 -0.0034499999601393934
v 0.007476614788174633 0.0004124185652472078 -0.0034499999601393934
v 0.006131971720606091 -0.005173061974346637 -0.0034499999601393934
v 0.005893966648727658 -0.00443398393690586 -0.0034499999601393934
v 0.007195679470896724 -0.004991884808987378 -0.0034499999601393934
v 0.0014965438749641187 -0.005380311980843543 -0.0034499999601393934
v 0.0006200955831445757 -0.004713520407676696 -0.0034499999601393934
v 7.456780440406877e-05 -0.0014981430722400544 -0.0034499999601393934
v 0.005893966648727658 -0.00443398393690586 -0.0034499999601393934
v 0.00531831802800298 -0.003912917803972959 -0.0034499999601393934
v 0.007195679470896724 -0.004991884808987378 -0.0034499999601393934
v 0.007195679470896724 -0.004991884808987378 -0.0034499999601393934
v 0.00531831802800298 -0.003912917803972959 -0.0034499999601393934
v 0.0013347191270440823 -0.0006844906602054833 -0.0034499999601393934
v 0.007195679470896724 -0.004991884808987378 -0.0034499999601393934
v 0.0013347191270440823 -0.0006844906602054833 -0.0034499999601393934
v 0.007476614788174633 0.0004124185652472078 -0.0034499999601393934
v 0.007476614788174633 0.0004124185652472078 -0.0034499999601393934
v 0.0013347191270440823 -0.0006844906602054833 -0.0034499999601393934
v 0.0014981471467763192 7.457312312908469e-05 -0.0034499999601393934
v 0.007476614788174633 0.0004124185652472078 -0.0034499999601393934
v 0.0014981471467763192 7.457312312908469e-05 -0.0034499999601393934
v 0.0013174278428778059 0.000717205402906984 -0.0034499999601393934
v 0.0006200955831445757 -0.004713520407676696 -0.0034499999601393934
v -0.0004578374209813776 -0.004488028120249509 -0.0034499999601393934
v 7.456780440406877e-05 -0.0014981430722400544 -0.0034499999601393934
v 7.456780440406877e-05 -0.0014981430722400544 -0.0034499999601393934
v -0.0004578374209813776 -0.004488028120249509 -0.0034499999601393934
v -0.0011713752755895261 -0.00436846213415265 -0.0034499999601393934
v 7.456780440406877e-05 -0.0014981430722400544 -0.0034499999601393934
v -0.0011713752755895261 -0.00436846213415265 -0.0034499999601393934
v -0.0006844886229373518 -0.0013347164494916795 -0.0034499999601393934
v 7.456780440406877e-05 -0.0014981430722400544 -0.0034499999601393934
v 0.0008136518299579624 -0.0012601466150954364 -0.0034499999601393934
v 0.0014965438749641187 -0.005380311980843543 -0.0034499999601393934
v 0.0014965438749641187 -0.005380311980843543 -0.0034499999601393934
v 0.0008136518299579624 -0.0012601466150954364 -0.0034499999601393934
v 0.0031356748659163726 -0.005322205834090709 -0.0034499999601393934
v 0.0014965438749641187 -0.005380311980843543 -0.0034499999601393934
v 0.0031356748659163726 -0.005322205834090709 -0.0034499999601393934
v 0.0020014569163322457 -0.0063590025529265395 -0.0034499999601393934
v 0.0020014569163322457 -0.0063590025529265395 -0.0034499999601393934
v 0.0031356748659163726 -0.005322205834090709 -0.0034499999601393934
v 0.003316394286230208 -0.005964838434010743 -0.0034499999601393934
v 0.0020014569163322457 -0.0063590025529265395 -0.0034499999601393934
v 0.003316394286230208 -0.005964838434010743 -0.0034499999601393934
v 0.002313148695975543 -0.007023308891803025 -0.0034499999601393934
v 0.002313148695975543 -0.007023308891803025 -0.0034499999601393934
v 0.003316394286230208 -0.005964838434010743 -0.0034499999601393934
v 0.003758045844733717 -0.006465425714850425 -0.0034499999601393934
v 0.006131971720606091 -0.005173061974346637 -0.0034499999601393934
v 0.007195679470896724 -0.004991884808987378 -0.0034499999601393934
v 0.006015958264470103 -0.005830473266541957 -0.0034499999601393934
v 0.006015958264470103 -0.005830473266541957 -0.0034499999601393934
v 0.007195679470896724 -0.004991884808987378 -0.0034499999601393934
v 0.006849944125860933 -0.006250923965126275 -0.0034499999601393934
v 0.006015958264470103 -0.005830473266541957 -0.0034499999601393934
v 0.006849944125860933 -0.006250923965126275 -0.0034499999601393934
v 0.005626204423606398 -0.006372437346726655 -0.0034499999601393934
v 0.005626204423606398 -0.006372437346726655 -0.0034499999601393934
v 0.006849944125860933 -0.006250923965126275 -0.0034499999601393934
v 0.006008699070662263 -0.0072494363412261 -0.0034499999601393934
v 0.005626204423606398 -0.006372437346726655 -0.0034499999601393934
v 0.006008699070662263 -0.0072494363412261 -0.0034499999601393934
v 0.005039896350353959 -0.006691629532724618 -0.0034499999601393934
v 0.005039896350353959 -0.006691629532724618 -0.0034499999601393934
v 0.006008699070662263 -0.0072494363412261 -0.0034499999601393934
v 0.0048266099765896815 -0.007803859654814004 -0.0034499999601393934
v 0.005039896350353959 -0.006691629532724618 -0.0034499999601393934
v 0.0048266099765896815 -0.007803859654814004 -0.0034499999601393934
v 0.00437315506860614 -0.006724814418703317 -0.0034499999601393934
v 0.00437315506860614 -0.006724814418703317 -0.0034499999601393934
v 0.0048266099765896815 -0.007803859654814004 -0.0034499999601393934
v 0.0035209897905588167 -0.007812260184437036 -0.0034499999601393934
v 0.00437315506860614 -0.006724814418703317 -0.0034499999601393934
v 0.0035209897905588167 -0.007812260184437036 -0.0034499999601393934
v 0.003758045844733717 -0.006465425714850425 -0.0034499999601393934
v 0.003758045844733717 -0.006465425714850425 -0.0034499999601393934
v 0.0035209897905588167 -0.007812260184437036 -0.0034499999601393934
v 0.002843455178663136 -0.00753048900514841 -0.0034499999601393934
v 0.003758045844733717 -0.006465425714850425 -0.0034499999601393934
v 0.002843455178663136 -0.00753048900514841 -0.0034499999601393934
v 0.002313148695975543 -0.007023308891803025 -0.0034499999601393934
v -0.0011713752755895261 -0.00436846213415265 -0.0034499999601393934
v -0.0017956885276362309 -0.004002864472568034 -0.0034499999601393934
v -0.0006844886229373518 -0.0013347164494916795 -0.0034499999601393934
v -0.0006844886229373518 -0.0013347164494916795 -0.0034499999601393934
v -0.0017956885276362309 -0.004002864472568034 -0.0034499999601393934
v -0.002249089302495123 -0.0034390655346214767 -0.0034499999601393934
v -0.0006844886229373518 -0.0013347164494916795 -0.0034499999601393934
v -0.002249089302495123 -0.0034390655346214767 -0.0034499999601393934
v -0.0012601459166035063 -0.0008136564283631741 -0.0034499999601393934
v -0.0012601459166035063 -0.0008136564283631741 -0.0034499999601393934
v -0.002249089302495123 -0.0034390655346214767 -0.0034499999601393934
v -0.0029790999833494438 -0.001630707876756787 -0.0034499999601393934
v -0.0012601459166035063 -0.0008136564283631741 -0.0034499999601393934
v -0.0029790999833494438 -0.001630707876756787 -0.0034499999601393934
v -0.0014981424901634461 -7.457241736119612e-05 -0.0034499999601393934
v -0.0014981424901634461 -7.457241736119612e-05 -0.0034499999601393934
v -0.0029790999833494438 -0.001630707876756787 -0.0034499999601393934
v -0.0032902134116739048 0.00029446568805724377 -0.0034499999601393934
v -0.0014981424901634461 -7.457241736119612e-05 -0.0034499999601393934
v -0.0032902134116739048 0.00029446568805724377 -0.0034499999601393934
v -0.0013821375323459513 0.000582833308726549 -0.0034499999601393934
v -0.0013821375323459513 0.000582833308726549 -0.0034499999601393934
v -0.0032902134116739048 0.00029446568805724377 -0.0034499999601393934
v -0.003226311178877951 0.0018549644155427811 -0.0034499999601393934
v -0.0013821375323459513 0.000582833308726549 -0.0034499999601393934
v -0.003226311178877951 0.0018549644155427811 -0.0034499999601393934
v -0.0013003866188228137 0.0007476602331735193 -0.0034499999601393934
v 0.00531831802800298 -0.003912917803972959 -0.0034499999601393934
v 0.004559254273772241 -0.0037494897842407222 -0.0034499999601393934
v 0.0013347191270440823 -0.0006844906602054833 -0.0034499999601393934
v 0.0013347191270440823 -0.0006844906602054833 -0.0034499999601393934
v 0.004559254273772241 -0.0037494897842407222 -0.0034499999601393934
v 0.0038201701827347296 -0.003987486008554696 -0.0034499999601393934
v 0.0013347191270440823 -0.0006844906602054833 -0.0034499999601393934
v 0.0038201701827347296 -0.003987486008554696 -0.0034499999601393934
v 0.0008136518299579624 -0.0012601466150954364 -0.0034499999601393934
v 0.0008136518299579624 -0.0012601466150954364 -0.0034499999601393934
v 0.0038201701827347296 -0.003987486008554696 -0.0034499999601393934
v 0.0032991028856486095 -0.004563142079859971 -0.0034499999601393934
v 0.0008136518299579624 -0.0012601466150954364 -0.0034499999601393934
v 0.0032991028856486095 -0.004563142079859971 -0.0034499999601393934
v 0.0031356748659163726 -0.005322205834090709 -0.0034499999601393934
v 0.004559254273772241 -0.0037494897842407222 -0.006550000049173831
v 0.00531831802800298 -0.003912917803972959 -0.006550000049173831
v 0.0013347191270440823 -0.0006844906602054833 -0.006550000049173831
v 0.0013347191270440823 -0.0006844906602054833 -0.006550000049173831
v 0.00531831802800298 -0.003912917803972959 -0.006550000049173831
v 0.007195679470896724 -0.004991884808987378 -0.006550000049173831
v 0.0013347191270440823 -0.0006844906602054833 -0.006550000049173831
v 0.007195679470896724 -0.004991884808987378 -0.006550000049173831
v 0.0014981471467763192 7.457312312908469e-05 -0.006550000049173831
v 0.0014981471467763192 7.457312312908469e-05 -0.006550000049173831
v 0.007195679470896724 -0.004991884808987378 -0.006550000049173831
v 0.007476614788174633 0.0004124185652472078 -0.006550000049173831
v 0.0014981471467763192 7.457312312908469e-05 -0.006550000049173831
v 0.007476614788174633 0.0004124185652472078 -0.006550000049173831
v 0.0013174278428778059 0.000717205402906984 -0.006550000049173831
v 0.0013174278428778059 0.000717205402906984 -0.006550000049173831
v 0.007476614788174633 0.0004124185652472078 -0.006550000049173831
v 0.0013086812105029828 0.0007330480148084461 -0.006550000049173831
v -0.0017956885276362309 -0.004002864472568034 -0.006550000049173831
v -0.0011713752755895261 -0.00436846213415265 -0.006550000049173831
v -0.0006844886229373518 -0.0013347164494916795 -0.006550000049173831
v -0.0006844886229373518 -0.0013347164494916795 -0.006550000049173831
v -0.0011713752755895261 -0.00436846213415265 -0.006550000049173831
v 7.456780440406877e-05 -0.0014981430722400544 -0.006550000049173831
v -0.0017956885276362309 -0.004002864472568034 -0.006550000049173831
v -0.0006844886229373518 -0.0013347164494916795 -0.006550000049173831
v -0.002249089302495123 -0.0034390655346214767 -0.006550000049173831
v -0.002249089302495123 -0.0034390655346214767 -0.006550000049173831
v -0.0006844886229373518 -0.0013347164494916795 -0.006550000049173831
v -0.0012601459166035063 -0.0008136564283631741 -0.006550000049173831
v -0.002249089302495123 -0.0034390655346214767 -0.006550000049173831
v -0.0012601459166035063 -0.0008136564283631741 -0.006550000049173831
v -0.0029790999833494438 -0.001630707876756787 -0.006550000049173831
v 0.003316394286230208 -0.005964838434010743 -0.006550000049173831
v 0.0031356748659163726 -0.005322205834090709 -0.006550000049173831
v 0.0008136518299579624 -0.0012601466150954364 -0.006550000049173831
v 0.0008136518299579624 -0.0012601466150954364 -0.006550000049173831
v 0.0031356748659163726 -0.005322205834090709 -0.006550000049173831
v 0.0032991028856486095 -0.004563142079859971 -0.006550000049173831
v 0.0008136518299579624 -0.0012601466150954364 -0.006550000049173831
v 0.0032991028856486095 -0.004563142079859971 -0.006550000049173831
v 0.0013347191270440823 -0.0006844906602054833 -0.006550000049173831
v 0.0013347191270440823 -0.0006844906602054833 -0.006550000049173831
v 0.0032991028856486095 -0.004563142079859971 -0.006550000049173831
v 0.0038201701827347296 -0.003987486008554696 -0.006550000049173831
v 0.0013347191270440823 -0.0006844906602054833 -0.006550000049173831
v 0.0038201701827347296 -0.003987486008554696 -0.006550000049173831
v 0.004559254273772241 -0.0037494897842407222 -0.006550000049173831
v -0.0029790999833494438 -0.001630707876756787 -0.006550000049173831
v -0.0012601459166035063 -0.0008136564283631741 -0.006550000049173831
v -0.0032902134116739048 0.00029446568805724377 -0.006550000049173831
v -0.0032902134116739048 0.00029446568805724377 -0.006550000049173831
v -0.0012601459166035063 -0.0008136564283631741 -0.006550000049173831
v -0.0014981424901634461 -7.457241736119612e-05 -0.006550000049173831
v -0.0032902134116739048 0.00029446568805724377 -0.006550000049173831
v -0.0014981424901634461 -7.457241736119612e-05 -0.006550000049173831
v -0.003226311178877951 0.0018549644155427811 -0.006550000049173831
v -0.003226311178877951 0.0018549644155427811 -0.006550000049173831
v -0.0014981424901634461 -7.457241736119612e-05 -0.006550000049173831
v -0.0013821375323459513 0.000582833308726549 -0.006550000049173831
v -0.003226311178877951 0.0018549644155427811 -0.006550000049173831
v -0.0013821375323459513 0.000582833308726549 -0.006550000049173831
v -0.0013003866188228137 0.0007476602331735193 -0.006550000049173831
v -0.0011713752755895261 -0.00436846213415265 -0.006550000049173831
v -0.0004578374209813776 -0.004488028120249509 -0.006550000049173831
v 7.456780440406877e-05 -0.0014981430722400544 -0.006550000049173831
v 7.456780440406877e-05 -0.0014981430722400544 -0.006550000049173831
v -0.0004578374209813776 -0.004488028120249509 -0.006550000049173831
v 0.0006200955831445757 -0.004713520407676696 -0.006550000049173831
v 7.456780440406877e-05 -0.0014981430722400544 -0.006550000049173831
v 0.0006200955831445757 -0.004713520407676696 -0.006550000049173831
v 0.0008136518299579624 -0.0012601466150954364 -0.006550000049173831
v 0.0008136518299579624 -0.0012601466150954364 -0.006550000049173831
v 0.0006200955831445757 -0.004713520407676696 -0.006550000049173831
v 0.0014965438749641187 -0.005380311980843543 -0.006550000049173831
v 0.0008136518299579624 -0.0012601466150954364 -0.006550000049173831
v 0.0014965438749641187 -0.005380311980843543 -0.006550000049173831
v 0.003316394286230208 -0.005964838434010743 -0.006550000049173831
v 0.00531831802800298 -0.003912917803972959 -0.006550000049173831
v 0.005893966648727658 -0.00443398393690586 -0.006550000049173831
v 0.007195679470896724 -0.004991884808987378 -0.006550000049173831
v 0.007195679470896724 -0.004991884808987378 -0.006550000049173831
v 0.005893966648727658 -0.00443398393690586 -0.006550000049173831
v 0.006131971720606091 -0.005173061974346637 -0.006550000049173831
v 0.007195679470896724 -0.004991884808987378 -0.006550000049173831
v 0.006131971720606091 -0.005173061974346637 -0.006550000049173831
v 0.006849944125860933 -0.006250923965126275 -0.006550000049173831
v 0.006849944125860933 -0.006250923965126275 -0.006550000049173831
v 0.006131971720606091 -0.005173061974346637 -0.006550000049173831
v 0.006015958264470103 -0.005830473266541957 -0.006550000049173831
v 0.006849944125860933 -0.006250923965126275 -0.006550000049173831
v 0.006015958264470103 -0.005830473266541957 -0.006550000049173831
v 0.006008699070662263 -0.0072494363412261 -0.006550000049173831
v 0.006008699070662263 -0.0072494363412261 -0.006550000049173831
v 0.006015958264470103 -0.005830473266541957 -0.006550000049173831
v 0.005626204423606398 -0.006372437346726655 -0.006550000049173831
v 0.006008699070662263 -0.0072494363412261 -0.006550000049173831
v 0.005626204423606398 -0.006372437346726655 -0.006550000049173831
v 0.0048266099765896815 -0.007803859654814004 -0.006550000049173831
v 0.0048266099765896815 -0.007803859654814004 -0.006550000049173831
v 0.005626204423606398 -0.006372437346726655 -0.006550000049173831
v 0.005039896350353959 -0.006691629532724618 -0.006550000049173831
v 0.0048266099765896815 -0.007803859654814004 -0.006550000049173831
v 0.005039896350353959 -0.006691629532724618 -0.006550000049173831
v 0.0035209897905588167 -0.007812260184437036 -0.006550000049173831
v 0.0035209897905588167 -0.007812260184437036 -0.006550000049173831
v 0.005039896350353959 -0.006691629532724618 -0.006550000049173831
v 0.00437315506860614 -0.006724814418703317 -0.006550000049173831
v 0.0035209897905588167 -0.007812260184437036 -0.006550000049173831
v 0.00437315506860614 -0.006724814418703317 -0.006550000049173831
v 0.002843455178663136 -0.00753048900514841 -0.006550000049173831
v 0.002843455178663136 -0.00753048900514841 -0.006550000049173831
v 0.00437315506860614 -0.006724814418703317 -0.006550000049173831
v 0.003758045844733717 -0.006465425714850425 -0.006550000049173831
v 0.002843455178663136 -0.00753048900514841 -0.006550000049173831
v 0.003758045844733717 -0.006465425714850425 -0.006550000049173831
v 0.002313148695975543 -0.007023308891803025 -0.006550000049173831
v 0.002313148695975543 -0.007023308891803025 -0.006550000049173831
v 0.003758045844733717 -0.006465425714850425 -0.006550000049173831
v 0.003316394286230208 -0.005964838434010743 -0.006550000049173831
v 0.002313148695975543 -0.007023308891803025 -0.006550000049173831
v 0.003316394286230208 -0.005964838434010743 -0.006550000049173831
v 0.0020014569163322457 -0.0063590025529265395 -0.006550000049173831
v 0.0020014569163322457 -0.0063590025529265395 -0.006550000049173831
v 0.003316394286230208 -0.005964838434010743 -0.006550000049173831
v 0.0014965438749641187 -0.005380311980843543 -0.006550000049173831
v -0.0032309500966221107 0.00243259803391993 -0.008049764670431612
v -0.0032787877134978784 0.0024717065971344705 -0.00805000029504299
v -0.002653435338288547 0.0030858351383358236 -0.00805000029504299
v 0.006131971720606091 -0.005173061974346637 -0.00805000029504299
v 0.005893966648727658 -0.00443398393690586 -0.00805000029504299
v 0.007195679470896724 -0.004991884808987378 -0.00805000029504299
v 0.005052132066339257 0.0007826783112250267 -0.00805000029504299
v 0.005803162697702649 0.0004690986825153231 -0.00805000029504299
v 0.0014981471467763192 7.457312312908469e-05 -0.00805000029504299
v 0.0014981471467763192 7.457312312908469e-05 -0.00805000029504299
v 0.005803162697702649 0.0004690986825153231 -0.00805000029504299
v 0.006502584554255011 0.0004343172186054289 -0.00805000029504299
v 0.0014981471467763192 7.457312312908469e-05 -0.00805000029504299
v 0.006502584554255011 0.0004343172186054289 -0.00805000029504299
v 0.007195679470896724 -0.004991884808987378 -0.00805000029504299
v 0.007195679470896724 -0.004991884808987378 -0.00805000029504299
v 0.006502584554255011 0.0004343172186054289 -0.00805000029504299
v 0.007241390645504001 0.0007364977500401436 -0.00805000029504299
v 0.007195679470896724 -0.004991884808987378 -0.00805000029504299
v 0.007241390645504001 0.0007364977500401436 -0.00805000029504299
v 0.007502032909542326 0.0009013456292450427 -0.00805000029504299
v 0.005893966648727658 -0.00443398393690586 -0.00805000029504299
v 0.00531831802800298 -0.003912917803972959 -0.00805000029504299
v 0.007195679470896724 -0.004991884808987378 -0.00805000029504299
v 0.007195679470896724 -0.004991884808987378 -0.00805000029504299
v 0.00531831802800298 -0.003912917803972959 -0.00805000029504299
v 0.0013347191270440823 -0.0006844906602054833 -0.00805000029504299
v 0.007195679470896724 -0.004991884808987378 -0.00805000029504299
v 0.0013347191270440823 -0.0006844906602054833 -0.00805000029504299
v 0.0014981471467763192 7.457312312908469e-05 -0.00805000029504299
v 0.0014965438749641187 -0.005380311980843543 -0.00805000029504299
v 0.0006200955831445757 -0.004713520407676696 -0.00805000029504299
v 7.456780440406877e-05 -0.0014981430722400544 -0.00805000029504299
v 0.0017393123125657448 0.003831073641777038 -0.00805000029504299
v 0.002812026767060162 0.003139680484309792 -0.00805000029504299
v 0.0008757762261666362 0.001217793091200292 -0.00805000029504299
v 0.0008757762261666362 0.001217793091200292 -0.00805000029504299
v 0.002812026767060162 0.003139680484309792 -0.00805000029504299
v 0.003628466511145236 0.0021538757719099517 -0.00805000029504299
v 0.0008757762261666362 0.001217793091200292 -0.00805000029504299
v 0.003628466511145236 0.0021538757719099517 -0.00805000029504299
v 0.0013174278428778059 0.000717205402906984 -0.00805000029504299
v 0.0013174278428778059 0.000717205402906984 -0.00805000029504299
v 0.003628466511145236 0.0021538757719099517 -0.00805000029504299
v 0.0036313787568360584 0.002148996805772185 -0.00805000029504299
v 0.0013174278428778059 0.000717205402906984 -0.00805000029504299
v 0.0036313787568360584 0.002148996805772185 -0.00805000029504299
v 0.0014981471467763192 7.457312312908469e-05 -0.00805000029504299
v 0.0014981471467763192 7.457312312908469e-05 -0.00805000029504299
v 0.0036313787568360584 0.002148996805772185 -0.00805000029504299
v 0.004252013284713032 0.0013675522059202192 -0.00805000029504299
v 0.0014981471467763192 7.457312312908469e-05 -0.00805000029504299
v 0.004252013284713032 0.0013675522059202192 -0.00805000029504299
v 0.005052132066339257 0.0007826783112250267 -0.00805000029504299
v -0.00099238264374435 0.0011248046066612003 -0.00805000029504299
v -0.002653435338288547 0.0030858351383358236 -0.00805000029504299
v -0.0019777186680585155 0.003604684025049209 -0.00805000029504299
v 7.456780440406877e-05 -0.0014981430722400544 -0.00805000029504299
v 0.0008136518299579624 -0.0012601466150954364 -0.00805000029504299
v 0.0014965438749641187 -0.005380311980843543 -0.00805000029504299
v 0.0014965438749641187 -0.005380311980843543 -0.00805000029504299
v 0.0008136518299579624 -0.0012601466150954364 -0.00805000029504299
v 0.0031356748659163726 -0.005322205834090709 -0.00805000029504299
v 0.0014965438749641187 -0.005380311980843543 -0.00805000029504299
v 0.0031356748659163726 -0.005322205834090709 -0.00805000029504299
v 0.0020014569163322457 -0.0063590025529265395 -0.00805000029504299
v 0.0020014569163322457 -0.0063590025529265395 -0.00805000029504299
v 0.0031356748659163726 -0.005322205834090709 -0.00805000029504299
v 0.003316394286230208 -0.005964838434010743 -0.00805000029504299
v 0.0020014569163322457 -0.0063590025529265395 -0.00805000029504299
v 0.003316394286230208 -0.005964838434010743 -0.00805000029504299
v 0.002313148695975543 -0.007023308891803025 -0.00805000029504299
v 0.002313148695975543 -0.007023308891803025 -0.00805000029504299
v 0.003316394286230208 -0.005964838434010743 -0.00805000029504299
v 0.003758045844733717 -0.006465425714850425 -0.00805000029504299
v 0.006131971720606091 -0.005173061974346637 -0.00805000029504299
v 0.007195679470896724 -0.004991884808987378 -0.00805000029504299
v 0.006015958264470103 -0.005830473266541957 -0.00805000029504299
v 0.006015958264470103 -0.005830473266541957 -0.00805000029504299
v 0.007195679470896724 -0.004991884808987378 -0.00805000029504299
v 0.006849944125860933 -0.006250923965126275 -0.00805000029504299
v 0.006015958264470103 -0.005830473266541957 -0.00805000029504299
v 0.006849944125860933 -0.006250923965126275 -0.00805000029504299
v 0.005626204423606398 -0.006372437346726655 -0.00805000029504299
v 0.005626204423606398 -0.006372437346726655 -0.00805000029504299
v 0.006849944125860933 -0.006250923965126275 -0.00805000029504299
v 0.006008699070662263 -0.0072494363412261 -0.00805000029504299
v 0.005626204423606398 -0.006372437346726655 -0.00805000029504299
v 0.006008699070662263 -0.0072494363412261 -0.00805000029504299
v 0.005039896350353959 -0.006691629532724618 -0.00805000029504299
v 0.005039896350353959 -0.006691629532724618 -0.00805000029504299
v 0.006008699070662263 -0.0072494363412261 -0.00805000029504299
v 0.0048266099765896815 -0.007803859654814004 -0.00805000029504299
v 0.005039896350353959 -0.006691629532724618 -0.00805000029504299
v 0.0048266099765896815 -0.007803859654814004 -0.00805000029504299
v 0.00437315506860614 -0.006724814418703317 -0.00805000029504299
v 0.00437315506860614 -0.006724814418703317 -0.00805000029504299
v 0.0048266099765896815 -0.007803859654814004 -0.00805000029504299
v 0.0035209897905588167 -0.007812260184437036 -0.00805000029504299
v 0.00437315506860614 -0.006724814418703317 -0.00805000029504299
v 0.0035209897905588167 -0.007812260184437036 -0.00805000029504299
v 0.003758045844733717 -0.006465425714850425 -0.00805000029504299
v 0.003758045844733717 -0.006465425714850425 -0.00805000029504299
v 0.0035209897905588167 -0.007812260184437036 -0.00805000029504299
v 0.002843455178663136 -0.00753048900514841 -0.00805000029504299
v 0.003758045844733717 -0.006465425714850425 -0.00805000029504299
v 0.002843455178663136 -0.00753048900514841 -0.00805000029504299
v 0.002313148695975543 -0.007023308891803025 -0.00805000029504299
v 0.0006200955831445757 -0.004713520407676696 -0.00805000029504299
v -0.0004578374209813776 -0.004488028120249509 -0.00805000029504299
v 7.456780440406877e-05 -0.0014981430722400544 -0.00805000029504299
v 7.456780440406877e-05 -0.0014981430722400544 -0.00805000029504299
v -0.0004578374209813776 -0.004488028120249509 -0.00805000029504299
v -0.0011713752755895261 -0.00436846213415265 -0.00805000029504299
v 7.456780440406877e-05 -0.0014981430722400544 -0.00805000029504299
v -0.0011713752755895261 -0.00436846213415265 -0.00805000029504299
v -0.0006844886229373518 -0.0013347164494916795 -0.00805000029504299
v 0.00531831802800298 -0.003912917803972959 -0.00805000029504299
v 0.004559254273772241 -0.0037494897842407222 -0.00805000029504299
v 0.0013347191270440823 -0.0006844906602054833 -0.00805000029504299
v 0.0013347191270440823 -0.0006844906602054833 -0.00805000029504299
v 0.004559254273772241 -0.0037494897842407222 -0.00805000029504299
v 0.0038201701827347296 -0.003987486008554696 -0.00805000029504299
v 0.0013347191270440823 -0.0006844906602054833 -0.00805000029504299
v 0.0038201701827347296 -0.003987486008554696 -0.00805000029504299
v 0.0008136518299579624 -0.0012601466150954364 -0.00805000029504299
v 0.0008136518299579624 -0.0012601466150954364 -0.00805000029504299
v 0.0038201701827347296 -0.003987486008554696 -0.00805000029504299
v 0.0032991028856486095 -0.004563142079859971 -0.00805000029504299
v 0.0008136518299579624 -0.0012601466150954364 -0.00805000029504299
v 0.0032991028856486095 -0.004563142079859971 -0.00805000029504299
v 0.0031356748659163726 -0.005322205834090709 -0.00805000029504299
v -0.00099238264374435 0.0011248046066612003 -0.00805000029504299
v -0.0019777186680585155 0.003604684025049209 -0.00805000029504299
v -0.0004060682840645315 0.001443988177925348 -0.00805000029504299
v -0.0004060682840645315 0.001443988177925348 -0.00805000029504299
v -0.0019777186680585155 0.003604684025049209 -0.00805000029504299
v -0.0009665489196777348 0.004040683154016732 -0.00805000029504299
v -0.0004060682840645315 0.001443988177925348 -0.00805000029504299
v -0.0009665489196777348 0.004040683154016732 -0.00805000029504299
v 0.0002606656635180117 0.001477174228057265 -0.00805000029504299
v 0.0002606656635180117 0.001477174228057265 -0.00805000029504299
v -0.0009665489196777348 0.004040683154016732 -0.00805000029504299
v 0.0001529174915049226 0.004182593431323766 -0.00805000029504299
v 0.0002606656635180117 0.001477174228057265 -0.00805000029504299
v 0.0001529174915049226 0.004182593431323766 -0.00805000029504299
v 0.0008757762261666362 0.001217793091200292 -0.00805000029504299
v 0.0008757762261666362 0.001217793091200292 -0.00805000029504299
v 0.0001529174915049226 0.004182593431323766 -0.00805000029504299
v 0.0013779223663732416 0.003971473779529332 -0.00805000029504299
v 0.0008757762261666362 0.001217793091200292 -0.00805000029504299
v 0.0013779223663732416 0.003971473779529332 -0.00805000029504299
v 0.0017393123125657448 0.003831073641777038 -0.00805000029504299
v -0.0032309500966221107 0.00243259803391993 -0.008049764670431612
v -0.002653435338288547 0.0030858351383358236 -0.00805000029504299
v -0.003212521551176907 0.0024085268378257747 -0.008049779571592806
v -0.0011713752755895261 -0.00436846213415265 -0.00805000029504299
v -0.0017956885276362309 -0.004002864472568034 -0.00805000029504299
v -0.0006844886229373518 -0.0013347164494916795 -0.00805000029504299
v -0.0006844886229373518 -0.0013347164494916795 -0.00805000029504299
v -0.0017956885276362309 -0.004002864472568034 -0.00805000029504299
v -0.002249089302495123 -0.0034390655346214767 -0.00805000029504299
v -0.0006844886229373518 -0.0013347164494916795 -0.00805000029504299
v -0.002249089302495123 -0.0034390655346214767 -0.00805000029504299
v -0.0012601459166035063 -0.0008136564283631741 -0.00805000029504299
v -0.0012601459166035063 -0.0008136564283631741 -0.00805000029504299
v -0.002249089302495123 -0.0034390655346214767 -0.00805000029504299
v -0.0029790999833494438 -0.001630707876756787 -0.00805000029504299
v -0.0012601459166035063 -0.0008136564283631741 -0.00805000029504299
v -0.0029790999833494438 -0.001630707876756787 -0.00805000029504299
v -0.0014981424901634461 -7.457241736119612e-05 -0.00805000029504299
v -0.0014981424901634461 -7.457241736119612e-05 -0.00805000029504299
v -0.0029790999833494438 -0.001630707876756787 -0.00805000029504299
v -0.0032902134116739048 0.00029446568805724377 -0.00805000029504299
v -0.0014981424901634461 -7.457241736119612e-05 -0.00805000029504299
v -0.0032902134116739048 0.00029446568805724377 -0.00805000029504299
v -0.0013821375323459513 0.000582833308726549 -0.00805000029504299
v -0.0013821375323459513 0.000582833308726549 -0.00805000029504299
v -0.0032902134116739048 0.00029446568805724377 -0.00805000029504299
v -0.0031729736365377916 0.00220626825466752 -0.00805000029504299
v -0.0013821375323459513 0.000582833308726549 -0.00805000029504299
v -0.0031729736365377916 0.00220626825466752 -0.00805000029504299
v -0.00099238264374435 0.0011248046066612003 -0.00805000029504299
v -0.00099238264374435 0.0011248046066612003 -0.00805000029504299
v -0.0031729736365377916 0.00220626825466752 -0.00805000029504299
v -0.0031700185500085367 0.002284208312630653 -0.008050064556300638
v -0.00099238264374435 0.0011248046066612003 -0.00805000029504299
v -0.0031700185500085367 0.002284208312630653 -0.008050064556300638
v -0.002653435338288547 0.0030858351383358236 -0.00805000029504299
v -0.002653435338288547 0.0030858351383358236 -0.00805000029504299
v -0.0031700185500085367 0.002284208312630653 -0.008050064556300638
v -0.0031921002082526697 0.002370960311964154 -0.008049964904785155
v -0.002653435338288547 0.0030858351383358236 -0.00805000029504299
v -0.0031921002082526697 0.002370960311964154 -0.008049964904785155
v -0.003212521551176907 0.0024085268378257747 -0.008049779571592806
v -0.00319237168878317 0.002089201938360929 -0.00781592447310686
v -0.0031729736365377916 0.00220626825466752 -0.00805000029504299
v -0.0032902134116739048 0.00029446568805724377 -0.00805000029504299
v -0.00319237168878317 0.002089201938360929 -0.00781592447310686
v -0.0032902134116739048 0.00029446568805724377 -0.00805000029504299
v -0.0032007547561079277 0.0020352953579276796 -0.0075582428835332385
v -0.0031729722395539297 0.002206275705248117 -0.0019500000635161994
v -0.00319237168878317 0.002089201938360929 -0.002184077631682157
v -0.0032902134116739048 0.00029446568805724377 -0.0019500000635161994
v -0.0032902134116739048 0.00029446568805724377 -0.0019500000635161994
v -0.00319237168878317 0.002089201938360929 -0.002184077631682157
v -0.0032007547561079277 0.0020352953579276796 -0.0024417620152235027
v -0.003226311178877951 0.0018549644155427811 -0.006550000049173831
v -0.003226311178877951 0.0018549644155427811 -0.0034499999601393934
v -0.0032007547561079277 0.0020352953579276796 -0.0024417620152235027
v -0.0032007547561079277 0.0020352953579276796 -0.0024417620152235027
v -0.003226311178877951 0.0018549644155427811 -0.0034499999601393934
v -0.0032902134116739048 0.00029446568805724377 -0.0034499999601393934
v -0.0032007547561079277 0.0020352953579276796 -0.0024417620152235027
v -0.0032902134116739048 0.00029446568805724377 -0.0034499999601393934
v -0.0032902134116739048 0.00029446568805724377 -0.0019500000635161994
v -0.0032902134116739048 0.00029446568805724377 -0.0019500000635161994
v -0.0032902134116739048 0.00029446568805724377 -0.0034499999601393934
v -0.0029790999833494438 -0.001630707876756787 -0.0034499999601393934
v -0.0032902134116739048 0.00029446568805724377 -0.0019500000635161994
v -0.0029790999833494438 -0.001630707876756787 -0.0034499999601393934
v -0.0029790999833494438 -0.001630707876756787 -0.0019500000635161994
v -0.0029790999833494438 -0.001630707876756787 -0.0019500000635161994
v -0.0029790999833494438 -0.001630707876756787 -0.0034499999601393934
v -0.002249089302495123 -0.0034390655346214767 -0.0034499999601393934
v -0.0029790999833494438 -0.001630707876756787 -0.0019500000635161994
v -0.002249089302495123 -0.0034390655346214767 -0.0034499999601393934
v -0.002249089302495123 -0.0034390655346214767 -0.0019500000635161994
v -0.0032007547561079277 0.0020352953579276796 -0.0024417620152235027
v -0.0032007547561079277 0.0020352953579276796 -0.0075582428835332385
v -0.003226311178877951 0.0018549644155427811 -0.006550000049173831
v -0.003226311178877951 0.0018549644155427811 -0.006550000049173831
v -0.0032007547561079277 0.0020352953579276796 -0.0075582428835332385
v -0.0032902134116739048 0.00029446568805724377 -0.00805000029504299
v -0.003226311178877951 0.0018549644155427811 -0.006550000049173831
v -0.0032902134116739048 0.00029446568805724377 -0.00805000029504299
v -0.0032902134116739048 0.00029446568805724377 -0.006550000049173831
v -0.0032902134116739048 0.00029446568805724377 -0.006550000049173831
v -0.0032902134116739048 0.00029446568805724377 -0.00805000029504299
v -0.0029790999833494438 -0.001630707876756787 -0.00805000029504299
v -0.0032902134116739048 0.00029446568805724377 -0.006550000049173831
v -0.0029790999833494438 -0.001630707876756787 -0.00805000029504299
v -0.0029790999833494438 -0.001630707876756787 -0.006550000049173831
v -0.0029790999833494438 -0.001630707876756787 -0.006550000049173831
v -0.0029790999833494438 -0.001630707876756787 -0.00805000029504299
v -0.002249089302495123 -0.0034390655346214767 -0.00805000029504299
v -0.0029790999833494438 -0.001630707876756787 -0.006550000049173831
v -0.002249089302495123 -0.0034390655346214767 -0.00805000029504299
v -0.002249089302495123 -0.0034390655346214767 -0.006550000049173831
v 0.0035209897905588167 -0.007812260184437036 -0.0019500000635161994
v 0.0035209897905588167 -0.007812260184437036 -0.0034499999601393934
v 0.0048266099765896815 -0.007803859654814004 -0.0034499999601393934
v 0.0035209897905588167 -0.007812260184437036 -0.0019500000635161994
v 0.0048266099765896815 -0.007803859654814004 -0.0034499999601393934
v 0.0048266099765896815 -0.007803859654814004 -0.0019500000635161994
v 0.0048266099765896815 -0.007803859654814004 -0.0019500000635161994
v 0.0048266099765896815 -0.007803859654814004 -0.0034499999601393934
v 0.006008699070662263 -0.0072494363412261 -0.0034499999601393934
v 0.0048266099765896815 -0.007803859654814004 -0.0019500000635161994
v 0.006008699070662263 -0.0072494363412261 -0.0034499999601393934
v 0.006008699070662263 -0.0072494363412261 -0.0019500000635161994
v 0.006008699070662263 -0.0072494363412261 -0.0019500000635161994
v 0.006008699070662263 -0.0072494363412261 -0.0034499999601393934
v 0.006849944125860933 -0.006250923965126275 -0.0034499999601393934
v 0.006008699070662263 -0.0072494363412261 -0.0019500000635161994
v 0.006849944125860933 -0.006250923965126275 -0.0034499999601393934
v 0.006849944125860933 -0.006250923965126275 -0.0019500000635161994
v 0.006849944125860933 -0.006250923965126275 -0.0019500000635161994
v 0.006849944125860933 -0.006250923965126275 -0.0034499999601393934
v 0.007195679470896724 -0.004991884808987378 -0.0034499999601393934
v 0.006849944125860933 -0.006250923965126275 -0.0019500000635161994
v 0.007195679470896724 -0.004991884808987378 -0.0034499999601393934
v 0.007195679470896724 -0.004991884808987378 -0.0019500000635161994
v 0.0031356748659163726 -0.005322205834090709 -0.0019500000635161994
v 0.0031356748659163726 -0.005322205834090709 -0.0034499999601393934
v 0.0032991028856486095 -0.004563142079859971 -0.0019500000635161994
v 0.0032991028856486095 -0.004563142079859971 -0.0019500000635161994
v 0.0031356748659163726 -0.005322205834090709 -0.0034499999601393934
v 0.0032991028856486095 -0.004563142079859971 -0.0034499999601393934
v 0.0032991028856486095 -0.004563142079859971 -0.0019500000635161994
v 0.0032991028856486095 -0.004563142079859971 -0.0034499999601393934
v 0.0038201701827347296 -0.003987486008554696 -0.0019500000635161994
v 0.0038201701827347296 -0.003987486008554696 -0.0019500000635161994
v 0.0032991028856486095 -0.004563142079859971 -0.0034499999601393934
v 0.0038201701827347296 -0.003987486008554696 -0.0034499999601393934
v 0.0038201701827347296 -0.003987486008554696 -0.0019500000635161994
v 0.0038201701827347296 -0.003987486008554696 -0.0034499999601393934
v 0.004559254273772241 -0.0037494897842407222 -0.0019500000635161994
v 0.004559254273772241 -0.0037494897842407222 -0.0019500000635161994
v 0.0038201701827347296 -0.003987486008554696 -0.0034499999601393934
v 0.004559254273772241 -0.0037494897842407222 -0.0034499999601393934
v 0.004559254273772241 -0.0037494897842407222 -0.0019500000635161994
v 0.004559254273772241 -0.0037494897842407222 -0.0034499999601393934
v 0.00531831802800298 -0.003912917803972959 -0.0019500000635161994
v 0.00531831802800298 -0.003912917803972959 -0.0019500000635161994
v 0.004559254273772241 -0.0037494897842407222 -0.0034499999601393934
v 0.00531831802800298 -0.003912917803972959 -0.0034499999601393934
v 0.00531831802800298 -0.003912917803972959 -0.0019500000635161994
v 0.00531831802800298 -0.003912917803972959 -0.0034499999601393934
v 0.005893966648727658 -0.00443398393690586 -0.0019500000635161994
v 0.005893966648727658 -0.00443398393690586 -0.0019500000635161994
v 0.00531831802800298 -0.003912917803972959 -0.0034499999601393934
v 0.005893966648727658 -0.00443398393690586 -0.0034499999601393934
v 0.005893966648727658 -0.00443398393690586 -0.0019500000635161994
v 0.005893966648727658 -0.00443398393690586 -0.0034499999601393934
v 0.006131971720606091 -0.005173061974346637 -0.0019500000635161994
v 0.006131971720606091 -0.005173061974346637 -0.0019500000635161994
v 0.005893966648727658 -0.00443398393690586 -0.0034499999601393934
v 0.006131971720606091 -0.005173061974346637 -0.0034499999601393934
v 0.0014981471467763192 7.457312312908469e-05 -0.0034499999601393934
v 0.0014981471467763192 7.457312312908469e-05 -0.0019500000635161994
v 0.0013174278428778059 0.000717205402906984 -0.0034499999601393934
v 0.0013174278428778059 0.000717205402906984 -0.0034499999601393934
v 0.0014981471467763192 7.457312312908469e-05 -0.0019500000635161994
v 0.0013174278428778059 0.000717205402906984 -0.0019500000635161994
v 0.0013174278428778059 0.000717205402906984 -0.0034499999601393934
v 0.0013174278428778059 0.000717205402906984 -0.0019500000635161994
v 0.0013086812105029828 0.0007330480148084461 -0.0034499999601393934
v 0.0013086812105029828 0.0007330480148084461 -0.0034499999601393934
v 0.0013174278428778059 0.000717205402906984 -0.0019500000635161994
v 0.0008757762261666362 0.001217793091200292 -0.0019500000635161994
v 0.0013086812105029828 0.0007330480148084461 -0.0034499999601393934
v 0.0008757762261666362 0.001217793091200292 -0.0019500000635161994
v 0.0013086812105029828 0.0007330480148084461 -0.006550000049173831
v 0.0014981471467763192 7.457312312908469e-05 -0.00805000029504299
v 0.0014981471467763192 7.457312312908469e-05 -0.006550000049173831
v 0.0013174278428778059 0.000717205402906984 -0.00805000029504299
v 0.0013174278428778059 0.000717205402906984 -0.00805000029504299
v 0.0014981471467763192 7.457312312908469e-05 -0.006550000049173831
v 0.0013174278428778059 0.000717205402906984 -0.006550000049173831
v 0.0013174278428778059 0.000717205402906984 -0.00805000029504299
v 0.0013174278428778059 0.000717205402906984 -0.006550000049173831
v 0.0008757762261666362 0.001217793091200292 -0.00805000029504299
v -0.0014981424901634461 -7.457241736119612e-05 -0.006550000049173831
v -0.0014981424901634461 -7.457241736119612e-05 -0.00805000029504299
v -0.0013821375323459513 0.000582833308726549 -0.006550000049173831
v -0.0013821375323459513 0.000582833308726549 -0.006550000049173831
v -0.0014981424901634461 -7.457241736119612e-05 -0.00805000029504299
v -0.0013821375323459513 0.000582833308726549 -0.00805000029504299
v -0.0013821375323459513 0.000582833308726549 -0.006550000049173831
v -0.0013821375323459513 0.000582833308726549 -0.00805000029504299
v -0.0013003866188228137 0.0007476602331735193 -0.006550000049173831
v -0.0013003866188228137 0.0007476602331735193 -0.006550000049173831
v -0.0013821375323459513 0.000582833308726549 -0.00805000029504299
v -0.00099238264374435 0.0011248046066612003 -0.00805000029504299
v -0.0013003866188228137 0.0007476602331735193 -0.006550000049173831
v -0.00099238264374435 0.0011248046066612003 -0.00805000029504299
v -0.0013003866188228137 0.0007476602331735193 -0.0034499999601393934
v -0.0014981424901634461 -7.457241736119612e-05 -0.0019500000635161994
v -0.0014981424901634461 -7.457241736119612e-05 -0.0034499999601393934
v -0.0013821375323459513 0.000582833308726549 -0.0019500000635161994
v -0.0013821375323459513 0.000582833308726549 -0.0019500000635161994
v -0.0014981424901634461 -7.457241736119612e-05 -0.0034499999601393934
v -0.0013821375323459513 0.000582833308726549 -0.0034499999601393934
v -0.0013821375323459513 0.000582833308726549 -0.0019500000635161994
v -0.0013821375323459513 0.000582833308726549 -0.0034499999601393934
v -0.00099238264374435 0.0011248046066612003 -0.0019500000635161994
v -0.0013821375323459513 0.000582833308726549 -0.0034499999601393934
v -0.0013003866188228137 0.0007476602331735193 -0.0034499999601393934
v -0.00099238264374435 0.0011248046066612003 -0.0019500000635161994
v -0.00099238264374435 0.0011248046066612003 -0.0019500000635161994
v -0.0013003866188228137 0.0007476602331735193 -0.0034499999601393934
v -0.00099238264374435 0.0011248046066612003 -0.00805000029504299
v -0.00099238264374435 0.0011248046066612003 -0.0019500000635161994
v -0.00099238264374435 0.0011248046066612003 -0.00805000029504299
v -0.0004060682840645315 0.001443988177925348 -0.0019500000635161994
v -0.0004060682840645315 0.001443988177925348 -0.0019500000635161994
v -0.00099238264374435 0.0011248046066612003 -0.00805000029504299
v -0.0004060682840645315 0.001443988177925348 -0.00805000029504299
v -0.0004060682840645315 0.001443988177925348 -0.0019500000635161994
v -0.0004060682840645315 0.001443988177925348 -0.00805000029504299
v 0.0002606656635180117 0.001477174228057265 -0.0019500000635161994
v 0.0002606656635180117 0.001477174228057265 -0.0019500000635161994
v -0.0004060682840645315 0.001443988177925348 -0.00805000029504299
v 0.0002606656635180117 0.001477174228057265 -0.00805000029504299
v 0.0002606656635180117 0.001477174228057265 -0.0019500000635161994
v 0.0002606656635180117 0.001477174228057265 -0.00805000029504299
v 0.0008757762261666362 0.001217793091200292 -0.0019500000635161994
v 0.0008757762261666362 0.001217793091200292 -0.0019500000635161994
v 0.0002606656635180117 0.001477174228057265 -0.00805000029504299
v 0.0008757762261666362 0.001217793091200292 -0.00805000029504299
v 0.0008757762261666362 0.001217793091200292 -0.0019500000635161994
v 0.0008757762261666362 0.001217793091200292 -0.00805000029504299
v 0.0013086812105029828 0.0007330480148084461 -0.006550000049173831
v 0.0013086812105029828 0.0007330480148084461 -0.006550000049173831
v 0.0008757762261666362 0.001217793091200292 -0.00805000029504299
v 0.0013174278428778059 0.000717205402906984 -0.006550000049173831
v 0.007195679470896724 -0.004991884808987378 -0.00805000029504299
v 0.007195679470896724 -0.004991884808987378 -0.006550000049173831
v 0.006849944125860933 -0.006250923965126275 -0.006550000049173831
v 0.007195679470896724 -0.004991884808987378 -0.00805000029504299
v 0.006849944125860933 -0.006250923965126275 -0.006550000049173831
v 0.006849944125860933 -0.006250923965126275 -0.00805000029504299
v 0.006849944125860933 -0.006250923965126275 -0.00805000029504299
v 0.006849944125860933 -0.006250923965126275 -0.006550000049173831
v 0.006008699070662263 -0.0072494363412261 -0.006550000049173831
v 0.006849944125860933 -0.006250923965126275 -0.00805000029504299
v 0.006008699070662263 -0.0072494363412261 -0.006550000049173831
v 0.006008699070662263 -0.0072494363412261 -0.00805000029504299
v 0.006008699070662263 -0.0072494363412261 -0.00805000029504299
v 0.006008699070662263 -0.0072494363412261 -0.006550000049173831
v 0.0048266099765896815 -0.007803859654814004 -0.006550000049173831
v 0.006008699070662263 -0.0072494363412261 -0.00805000029504299
v 0.0048266099765896815 -0.007803859654814004 -0.006550000049173831
v 0.0048266099765896815 -0.007803859654814004 -0.00805000029504299
v 0.0048266099765896815 -0.007803859654814004 -0.00805000029504299
v 0.0048266099765896815 -0.007803859654814004 -0.006550000049173831
v 0.0035209897905588167 -0.007812260184437036 -0.006550000049173831
v 0.0048266099765896815 -0.007803859654814004 -0.00805000029504299
v 0.0035209897905588167 -0.007812260184437036 -0.006550000049173831
v 0.0035209897905588167 -0.007812260184437036 -0.00805000029504299
v 0.006131971720606091 -0.005173061974346637 -0.00805000029504299
v 0.006131971720606091 -0.005173061974346637 -0.006550000049173831
v 0.005893966648727658 -0.00443398393690586 -0.00805000029504299
v 0.005893966648727658 -0.00443398393690586 -0.00805000029504299
v 0.006131971720606091 -0.005173061974346637 -0.006550000049173831
v 0.005893966648727658 -0.00443398393690586 -0.006550000049173831
v 0.005893966648727658 -0.00443398393690586 -0.00805000029504299
v 0.005893966648727658 -0.00443398393690586 -0.006550000049173831
v 0.00531831802800298 -0.003912917803972959 -0.00805000029504299
v 0.00531831802800298 -0.003912917803972959 -0.00805000029504299
v 0.005893966648727658 -0.00443398393690586 -0.006550000049173831
v 0.00531831802800298 -0.003912917803972959 -0.006550000049173831
v 0.00531831802800298 -0.003912917803972959 -0.00805000029504299
v 0.00531831802800298 -0.003912917803972959 -0.006550000049173831
v 0.004559254273772241 -0.0037494897842407222 -0.00805000029504299
v 0.004559254273772241 -0.0037494897842407222 -0.00805000029504299
v 0.00531831802800298 -0.003912917803972959 -0.006550000049173831
v 0.004559254273772241 -0.0037494897842407222 -0.006550000049173831
v 0.004559254273772241 -0.0037494897842407222 -0.00805000029504299
v 0.004559254273772241 -0.0037494897842407222 -0.006550000049173831
v 0.0038201701827347296 -0.003987486008554696 -0.00805000029504299
v 0.0038201701827347296 -0.003987486008554696 -0.00805000029504299
v 0.004559254273772241 -0.0037494897842407222 -0.006550000049173831
v 0.0038201701827347296 -0.003987486008554696 -0.006550000049173831
v 0.0038201701827347296 -0.003987486008554696 -0.00805000029504299
v 0.0038201701827347296 -0.003987486008554696 -0.006550000049173831
v 0.0032991028856486095 -0.004563142079859971 -0.00805000029504299
v 0.0032991028856486095 -0.004563142079859971 -0.00805000029504299
v 0.0038201701827347296 -0.003987486008554696 -0.006550000049173831
v 0.0032991028856486095 -0.004563142079859971 -0.006550000049173831
v 0.0032991028856486095 -0.004563142079859971 -0.00805000029504299
v 0.0032991028856486095 -0.004563142079859971 -0.006550000049173831
v 0.0031356748659163726 -0.005322205834090709 -0.00805000029504299
v 0.0031356748659163726 -0.005322205834090709 -0.00805000029504299
v 0.0032991028856486095 -0.004563142079859971 -0.006550000049173831
v 0.0031356748659163726 -0.005322205834090709 -0.006550000049173831
v 0.007476614788174633 0.0004124185652472078 -0.006550000049173831
v 0.007476614788174633 0.0004124185652472078 -0.0034499999601393934
v 0.0013086812105029828 0.0007330480148084461 -0.006550000049173831
v 0.0013086812105029828 0.0007330480148084461 -0.006550000049173831
v 0.007476614788174633 0.0004124185652472078 -0.0034499999601393934
v 0.0013086812105029828 0.0007330480148084461 -0.0034499999601393934
v -0.0013003866188228137 0.0007476602331735193 -0.006550000049173831
v -0.0013003866188228137 0.0007476602331735193 -0.0034499999601393934
v -0.003226311178877951 0.0018549644155427811 -0.006550000049173831
v -0.003226311178877951 0.0018549644155427811 -0.006550000049173831
v -0.0013003866188228137 0.0007476602331735193 -0.0034499999601393934
v -0.003226311178877951 0.0018549644155427811 -0.0034499999601393934
v 0.0020014569163322457 -0.0063590025529265395 -0.00805000029504299
v 0.0020014569163322457 -0.0063590025529265395 -0.006550000049173831
v 0.0014965438749641187 -0.005380311980843543 -0.00805000029504299
v 0.0014965438749641187 -0.005380311980843543 -0.00805000029504299
v 0.0020014569163322457 -0.0063590025529265395 -0.006550000049173831
v 0.0014965438749641187 -0.005380311980843543 -0.006550000049173831
v 0.0014965438749641187 -0.005380311980843543 -0.00805000029504299
v 0.0014965438749641187 -0.005380311980843543 -0.006550000049173831
v 0.0006200955831445757 -0.004713520407676696 -0.00805000029504299
v 0.0006200955831445757 -0.004713520407676696 -0.00805000029504299
v 0.0014965438749641187 -0.005380311980843543 -0.006550000049173831
v 0.0006200955831445757 -0.004713520407676696 -0.006550000049173831
v 0.0006200955831445757 -0.004713520407676696 -0.00805000029504299
v 0.0006200955831445757 -0.004713520407676696 -0.006550000049173831
v -0.0004578374209813776 -0.004488028120249509 -0.00805000029504299
v -0.0004578374209813776 -0.004488028120249509 -0.00805000029504299
v 0.0006200955831445757 -0.004713520407676696 -0.006550000049173831
v -0.0004578374209813776 -0.004488028120249509 -0.006550000049173831
v 0.0020014569163322457 -0.0063590025529265395 -0.0034499999601393934
v 0.0020014569163322457 -0.0063590025529265395 -0.0019500000635161994
v 0.0014965438749641187 -0.005380311980843543 -0.0034499999601393934
v 0.0014965438749641187 -0.005380311980843543 -0.0034499999601393934
v 0.0020014569163322457 -0.0063590025529265395 -0.0019500000635161994
v 0.0014965438749641187 -0.005380311980843543 -0.0019500000635161994
v 0.0014965438749641187 -0.005380311980843543 -0.0034499999601393934
v 0.0014965438749641187 -0.005380311980843543 -0.0019500000635161994
v 0.0006200955831445757 -0.004713520407676696 -0.0034499999601393934
v 0.0006200955831445757 -0.004713520407676696 -0.0034499999601393934
v 0.0014965438749641187 -0.005380311980843543 -0.0019500000635161994
v 0.0006200955831445757 -0.004713520407676696 -0.0019500000635161994
v 0.0006200955831445757 -0.004713520407676696 -0.0034499999601393934
v 0.0006200955831445757 -0.004713520407676696 -0.0019500000635161994
v -0.0004578374209813776 -0.004488028120249509 -0.0034499999601393934
v -0.0004578374209813776 -0.004488028120249509 -0.0034499999601393934
v 0.0006200955831445757 -0.004713520407676696 -0.0019500000635161994
v -0.0004578374209813776 -0.004488028120249509 -0.0019500000635161994
v -0.0004578374209813776 -0.004488028120249509 -0.0034499999601393934
v -0.0004578374209813776 -0.004488028120249509 -0.0019500000635161994
v -0.0011713752755895261 -0.00436846213415265 -0.0019500000635161994
v -0.0004578374209813776 -0.004488028120249509 -0.0034499999601393934
v -0.0011713752755895261 -0.00436846213415265 -0.0019500000635161994
v -0.0011713752755895261 -0.00436846213415265 -0.0034499999601393934
v -0.0011713752755895261 -0.00436846213415265 -0.0034499999601393934
v -0.0011713752755895261 -0.00436846213415265 -0.0019500000635161994
v -0.0017956885276362309 -0.004002864472568034 -0.0019500000635161994
v -0.0011713752755895261 -0.00436846213415265 -0.0034499999601393934
v -0.0017956885276362309 -0.004002864472568034 -0.0019500000635161994
v -0.0017956885276362309 -0.004002864472568034 -0.0034499999601393934
v -0.0017956885276362309 -0.004002864472568034 -0.0034499999601393934
v -0.0017956885276362309 -0.004002864472568034 -0.0019500000635161994
v -0.002249089302495123 -0.0034390655346214767 -0.0019500000635161994
v -0.0017956885276362309 -0.004002864472568034 -0.0034499999601393934
v -0.002249089302495123 -0.0034390655346214767 -0.0019500000635161994
v -0.002249089302495123 -0.0034390655346214767 -0.0034499999601393934
v -0.0004578374209813776 -0.004488028120249509 -0.00805000029504299
v -0.0004578374209813776 -0.004488028120249509 -0.006550000049173831
v -0.0011713752755895261 -0.00436846213415265 -0.006550000049173831
v -0.0004578374209813776 -0.004488028120249509 -0.00805000029504299
v -0.0011713752755895261 -0.00436846213415265 -0.006550000049173831
v -0.0011713752755895261 -0.00436846213415265 -0.00805000029504299
v -0.0011713752755895261 -0.00436846213415265 -0.00805000029504299
v -0.0011713752755895261 -0.00436846213415265 -0.006550000049173831
v -0.0017956885276362309 -0.004002864472568034 -0.006550000049173831
v -0.0011713752755895261 -0.00436846213415265 -0.00805000029504299
v -0.0017956885276362309 -0.004002864472568034 -0.006550000049173831
v -0.0017956885276362309 -0.004002864472568034 -0.00805000029504299
v -0.0017956885276362309 -0.004002864472568034 -0.00805000029504299
v -0.0017956885276362309 -0.004002864472568034 -0.006550000049173831
v -0.002249089302495123 -0.0034390655346214767 -0.006550000049173831
v -0.0017956885276362309 -0.004002864472568034 -0.00805000029504299
v -0.002249089302495123 -0.0034390655346214767 -0.006550000049173831
v -0.002249089302495123 -0.0034390655346214767 -0.00805000029504299
v 0.0020014569163322457 -0.0063590025529265395 -0.006550000049173831
v 0.0020014569163322457 -0.0063590025529265395 -0.00805000029504299
v 0.002313148695975543 -0.007023308891803025 -0.00805000029504299
v 0.0020014569163322457 -0.0063590025529265395 -0.006550000049173831
v 0.002313148695975543 -0.007023308891803025 -0.00805000029504299
v 0.002313148695975543 -0.007023308891803025 -0.006550000049173831
v 0.002313148695975543 -0.007023308891803025 -0.006550000049173831
v 0.002313148695975543 -0.007023308891803025 -0.00805000029504299
v 0.002843455178663136 -0.00753048900514841 -0.00805000029504299
v 0.002313148695975543 -0.007023308891803025 -0.006550000049173831
v 0.002843455178663136 -0.00753048900514841 -0.00805000029504299
v 0.002843455178663136 -0.00753048900514841 -0.006550000049173831
v 0.002843455178663136 -0.00753048900514841 -0.006550000049173831
v 0.002843455178663136 -0.00753048900514841 -0.00805000029504299
v 0.0035209897905588167 -0.007812260184437036 -0.00805000029504299
v 0.002843455178663136 -0.00753048900514841 -0.006550000049173831
v 0.0035209897905588167 -0.007812260184437036 -0.00805000029504299
v 0.0035209897905588167 -0.007812260184437036 -0.006550000049173831
v 0.0020014569163322457 -0.0063590025529265395 -0.0019500000635161994
v 0.0020014569163322457 -0.0063590025529265395 -0.0034499999601393934
v 0.002313148695975543 -0.007023308891803025 -0.0034499999601393934
v 0.0020014569163322457 -0.0063590025529265395 -0.0019500000635161994
v 0.002313148695975543 -0.007023308891803025 -0.0034499999601393934
v 0.002313148695975543 -0.007023308891803025 -0.0019500000635161994
v 0.002313148695975543 -0.007023308891803025 -0.0019500000635161994
v 0.002313148695975543 -0.007023308891803025 -0.0034499999601393934
v 0.002843455178663136 -0.00753048900514841 -0.0034499999601393934
v 0.002313148695975543 -0.007023308891803025 -0.0019500000635161994
v 0.002843455178663136 -0.00753048900514841 -0.0034499999601393934
v 0.002843455178663136 -0.00753048900514841 -0.0019500000635161994
v 0.002843455178663136 -0.00753048900514841 -0.0019500000635161994
v 0.002843455178663136 -0.00753048900514841 -0.0034499999601393934
v 0.0035209897905588167 -0.007812260184437036 -0.0034499999601393934
v 0.002843455178663136 -0.00753048900514841 -0.0019500000635161994
v 0.0035209897905588167 -0.007812260184437036 -0.0034499999601393934
v 0.0035209897905588167 -0.007812260184437036 -0.0019500000635161994
v -0.0033512327354401363 0.0022650281898677345 -0.00761214131489396
v -0.0033768794964998974 0.0022642519325017925 -0.0075582428835332385
v -0.0034563378430902975 0.002256866311654448 -0.0075582428835332385
v -0.003196271834895016 0.002363620093092322 -0.008034482598304747
v -0.0031921002082526697 0.002370960311964154 -0.008049964904785155
v -0.0031905341893434538 0.00229881377890706 -0.007983827963471411
v -0.0031769627239555133 0.0022653683554381128 -0.008003953844308851
v -0.0031700185500085367 0.002284208312630653 -0.008050064556300638
v -0.0031729736365377916 0.00220626825466752 -0.00805000029504299
v -0.0031933293212205185 0.002198775531724095 -0.007857186719775198
v -0.0031769627239555133 0.0022653683554381128 -0.008003953844308851
v -0.0031854819972068084 0.0021573994308710094 -0.007875774987041948
v -0.0031854819972068084 0.0021573994308710094 -0.007875774987041948
v -0.0031769627239555133 0.0022653683554381128 -0.008003953844308851
v -0.0031729736365377916 0.00220626825466752 -0.00805000029504299
v -0.0031854819972068084 0.0021573994308710094 -0.007875774987041948
v -0.0031729736365377916 0.00220626825466752 -0.00805000029504299
v -0.00319237168878317 0.002089201938360929 -0.00781592447310686
v -0.0031921002082526697 0.002370960311964154 -0.008049964904785155
v -0.003196271834895016 0.002363620093092322 -0.008034482598304747
v -0.003212521551176907 0.0024085268378257747 -0.008049779571592806
v -0.003212521551176907 0.0024085268378257747 -0.008049779571592806
v -0.003196271834895016 0.002363620093092322 -0.008034482598304747
v -0.003248857799917461 0.0024101042654365297 -0.008006460964679716
v -0.003212521551176907 0.0024085268378257747 -0.008049779571592806
v -0.003248857799917461 0.0024101042654365297 -0.008006460964679716
v -0.0032309500966221107 0.00243259803391993 -0.008049764670431612
v -0.0032309500966221107 0.00243259803391993 -0.008049764670431612
v -0.003248857799917461 0.0024101042654365297 -0.008006460964679716
v -0.0033127015922218574 0.002437588525936007 -0.007994213141500948
v -0.0032309500966221107 0.00243259803391993 -0.008049764670431612
v -0.0033127015922218574 0.002437588525936007 -0.007994213141500948
v -0.0032787877134978784 0.0024717065971344705 -0.00805000029504299
v -0.0032751611433923257 0.0023789734113961454 -0.007941341958940027
v -0.003212356008589269 0.00233025848865509 -0.007965906523168085
v -0.003228111192584039 0.0023013192694634195 -0.00789569318294525
v -0.003228111192584039 0.0023013192694634195 -0.00789569318294525
v -0.003262311685830356 0.002329910639673471 -0.00788304768502712
v -0.0032751611433923257 0.0023789734113961454 -0.007941341958940027
v -0.0032751611433923257 0.0023789734113961454 -0.007941341958940027
v -0.003262311685830356 0.002329910639673471 -0.00788304768502712
v -0.0033016460947692407 0.0023506539873778816 -0.007875207811594008
v -0.0032751611433923257 0.0023789734113961454 -0.007941341958940027
v -0.0033016460947692407 0.0023506539873778816 -0.007875207811594008
v -0.0033478720579296363 0.002402130281552672 -0.007934392429888247
v -0.0033478720579296363 0.002402130281552672 -0.007934392429888247
v -0.0033016460947692407 0.0023506539873778816 -0.007875207811594008
v -0.003342689946293832 0.0023628931958228345 -0.007872229442000387
v -0.0033478720579296363 0.002402130281552672 -0.007934392429888247
v -0.003342689946293832 0.0023628931958228345 -0.007872229442000387
v -0.003382408292964102 0.0023672084789723154 -0.007873503491282461
v -0.003212763695046307 0.002240047790110111 -0.007839522324502466
v -0.003232662566006185 0.002203755779191851 -0.007692172657698392
v -0.0032747003715485347 0.0022453002166002984 -0.007682388182729482
v -0.00319237168878317 0.002089201938360929 -0.00781592447310686
v -0.0032007547561079277 0.0020352953579276796 -0.0075582428835332385
v -0.0031854819972068084 0.0021573994308710094 -0.007875774987041948
v -0.0031854819972068084 0.0021573994308710094 -0.007875774987041948
v -0.0032007547561079277 0.0020352953579276796 -0.0075582428835332385
v -0.0032107830047607435 0.0021345065906643863 -0.0075582428835332385
v -0.0031854819972068084 0.0021573994308710094 -0.007875774987041948
v -0.0032107830047607435 0.0021345065906643863 -0.0075582428835332385
v -0.0031933293212205185 0.002198775531724095 -0.007857186719775198
v -0.0031933293212205185 0.002198775531724095 -0.007857186719775198
v -0.0032107830047607435 0.0021345065906643863 -0.0075582428835332385
v -0.00321410712786019 0.0021429348271340127 -0.0075582428835332385
v -0.0031933293212205185 0.002198775531724095 -0.007857186719775198
v -0.00321410712786019 0.0021429348271340127 -0.0075582428835332385
v -0.003232662566006185 0.002203755779191851 -0.007692172657698392
v -0.003232662566006185 0.002203755779191851 -0.007692172657698392
v -0.003212763695046307 0.002240047790110111 -0.007839522324502466
v -0.0031933293212205185 0.002198775531724095 -0.007857186719775198
v -0.0031933293212205185 0.002198775531724095 -0.007857186719775198
v -0.003212763695046307 0.002240047790110111 -0.007839522324502466
v -0.0031905341893434538 0.00229881377890706 -0.007983827963471411
v -0.0031933293212205185 0.002198775531724095 -0.007857186719775198
v -0.0031905341893434538 0.00229881377890706 -0.007983827963471411
v -0.0031769627239555133 0.0022653683554381128 -0.008003953844308851
v -0.0031769627239555133 0.0022653683554381128 -0.008003953844308851
v -0.0031905341893434538 0.00229881377890706 -0.007983827963471411
v -0.0031921002082526697 0.002370960311964154 -0.008049964904785155
v -0.0031769627239555133 0.0022653683554381128 -0.008003953844308851
v -0.0031921002082526697 0.002370960311964154 -0.008049964904785155
v -0.0031700185500085367 0.002284208312630653 -0.008050064556300638
v -0.0033512327354401363 0.0022650281898677345 -0.00761214131489396
v -0.0034563378430902975 0.002256866311654448 -0.0075582428835332385
v -0.003413319587707521 0.002269951626658439 -0.007612901274114846
v -0.003413319587707521 0.002269951626658439 -0.007612901274114846
v -0.0034563378430902975 0.002256866311654448 -0.0075582428835332385
v -0.003500713268294932 0.0022373108658939596 -0.0075582428835332385
v -0.003413319587707521 0.002269951626658439 -0.007612901274114846
v -0.003500713268294932 0.0022373108658939596 -0.0075582428835332385
v -0.0034684881102293747 0.002257878659293055 -0.007616299204528331
v -0.0034684881102293747 0.002257878659293055 -0.007616299204528331
v -0.003500713268294932 0.0022373108658939596 -0.0075582428835332385
v -0.0035415822640061396 0.0022051371634006496 -0.0075582428835332385
v -0.0034684881102293747 0.002257878659293055 -0.007616299204528331
v -0.0035415822640061396 0.0022051371634006496 -0.0075582428835332385
v -0.00351235060952604 0.0022350428625941272 -0.007621191442012786
v -0.0034169440623372806 0.0023322035558521743 -0.007810273673385381
v -0.003382408292964102 0.0023672084789723154 -0.007873503491282461
v -0.0033738058991730226 0.002333789365366101 -0.007808202877640723
v -0.0033738058991730226 0.002333789365366101 -0.007808202877640723
v -0.003382408292964102 0.0023672084789723154 -0.007873503491282461
v -0.003342689946293832 0.0023628931958228345 -0.007872229442000387
v -0.0033738058991730226 0.002333789365366101 -0.007808202877640723
v -0.003342689946293832 0.0023628931958228345 -0.007872229442000387
v -0.0033283841330558075 0.002325378358364105 -0.007808681111782788
v -0.0033283841330558075 0.002325378358364105 -0.007808681111782788
v -0.003342689946293832 0.0023628931958228345 -0.007872229442000387
v -0.0033016460947692407 0.0023506539873778816 -0.007875207811594008
v -0.0033283841330558075 0.002325378358364105 -0.007808681111782788
v -0.0033016460947692407 0.0023506539873778816 -0.007875207811594008
v -0.003283507423475386 0.0023063980042934413 -0.007814098149538038
v -0.003283507423475386 0.0023063980042934413 -0.007814098149538038
v -0.0033016460947692407 0.0023506539873778816 -0.007875207811594008
v -0.003262311685830356 0.002329910639673471 -0.00788304768502712
v -0.003283507423475386 0.0023063980042934413 -0.007814098149538038
v -0.003262311685830356 0.002329910639673471 -0.00788304768502712
v -0.0032436130568385137 0.0022771800868213172 -0.007824636995792387
v -0.0032436130568385137 0.0022771800868213172 -0.007824636995792387
v -0.003262311685830356 0.002329910639673471 -0.00788304768502712
v -0.003228111192584039 0.0023013192694634195 -0.00789569318294525
v -0.003250438487157227 0.002199900802224874 -0.0075582428835332385
v -0.003267468884587289 0.002216534689068794 -0.0075582428835332385
v -0.003290787572041155 0.0022397700231522317 -0.007614789064973592
v -0.003290787572041155 0.0022397700231522317 -0.007614789064973592
v -0.003267468884587289 0.002216534689068794 -0.0075582428835332385
v -0.0033077150583267225 0.002243635710328817 -0.0075582428835332385
v -0.003290787572041155 0.0022397700231522317 -0.007614789064973592
v -0.0033077150583267225 0.002243635710328817 -0.0075582428835332385
v -0.0033512327354401363 0.0022650281898677345 -0.00761214131489396
v -0.0033512327354401363 0.0022650281898677345 -0.00761214131489396
v -0.0033077150583267225 0.002243635710328817 -0.0075582428835332385
v -0.0033567121718078865 0.00226101279258728 -0.0075582428835332385
v -0.0033512327354401363 0.0022650281898677345 -0.00761214131489396
v -0.0033567121718078865 0.00226101279258728 -0.0075582428835332385
v -0.0033768794964998974 0.0022642519325017925 -0.0075582428835332385
v -0.00321410712786019 0.0021429348271340127 -0.0075582428835332385
v -0.003250438487157227 0.002199900802224874 -0.0075582428835332385
v -0.003232662566006185 0.002203755779191851 -0.007692172657698392
v -0.003232662566006185 0.002203755779191851 -0.007692172657698392
v -0.003250438487157227 0.002199900802224874 -0.0075582428835332385
v -0.003290787572041155 0.0022397700231522317 -0.007614789064973592
v -0.003232662566006185 0.002203755779191851 -0.007692172657698392
v -0.003290787572041155 0.0022397700231522317 -0.007614789064973592
v -0.0032747003715485347 0.0022453002166002984 -0.007682388182729482
v -0.0032747003715485347 0.0022453002166002984 -0.007682388182729482
v -0.003290787572041155 0.0022397700231522317 -0.007614789064973592
v -0.0033512327354401363 0.0022650281898677345 -0.00761214131489396
v -0.0032747003715485347 0.0022453002166002984 -0.007682388182729482
v -0.0033512327354401363 0.0022650281898677345 -0.00761214131489396
v -0.0033275303430855287 0.0022731507197022434 -0.007676902227103709
v -0.0033275303430855287 0.0022731507197022434 -0.007676902227103709
v -0.0033512327354401363 0.0022650281898677345 -0.00761214131489396
v -0.003413319587707521 0.002269951626658439 -0.007612901274114846
v -0.0033275303430855287 0.0022731507197022434 -0.007676902227103709
v -0.003413319587707521 0.002269951626658439 -0.007612901274114846
v -0.003383829724043609 0.002284592948853969 -0.007676148321479558
v -0.003383829724043609 0.002284592948853969 -0.007676148321479558
v -0.003413319587707521 0.002269951626658439 -0.007612901274114846
v -0.0034684881102293747 0.002257878659293055 -0.007616299204528331
v -0.003383829724043609 0.002284592948853969 -0.007676148321479558
v -0.0034684881102293747 0.002257878659293055 -0.007616299204528331
v -0.003436548402532937 0.0022811023518443103 -0.007679414004087447
v -0.003436548402532937 0.0022811023518443103 -0.007679414004087447
v -0.0034684881102293747 0.002257878659293055 -0.007616299204528331
v -0.00351235060952604 0.0022350428625941272 -0.007621191442012786
v -0.003436548402532937 0.0022811023518443103 -0.007679414004087447
v -0.00351235060952604 0.0022350428625941272 -0.007621191442012786
v -0.0034812677185982483 0.0022667723242193456 -0.007685361895710229
v -0.0034812677185982483 0.0022667723242193456 -0.007685361895710229
v -0.0034169440623372806 0.0023322035558521743 -0.007810273673385381
v -0.003436548402532937 0.0022811023518443103 -0.007679414004087447
v -0.003436548402532937 0.0022811023518443103 -0.007679414004087447
v -0.0034169440623372806 0.0023322035558521743 -0.007810273673385381
v -0.0033738058991730226 0.002333789365366101 -0.007808202877640723
v -0.003436548402532937 0.0022811023518443103 -0.007679414004087447
v -0.0033738058991730226 0.002333789365366101 -0.007808202877640723
v -0.003383829724043609 0.002284592948853969 -0.007676148321479558
v -0.003383829724043609 0.002284592948853969 -0.007676148321479558
v -0.0033738058991730226 0.002333789365366101 -0.007808202877640723
v -0.0033283841330558075 0.002325378358364105 -0.007808681111782788
v -0.003383829724043609 0.002284592948853969 -0.007676148321479558
v -0.0033283841330558075 0.002325378358364105 -0.007808681111782788
v -0.0033275303430855287 0.0022731507197022434 -0.007676902227103709
v -0.0033275303430855287 0.0022731507197022434 -0.007676902227103709
v -0.0033283841330558075 0.002325378358364105 -0.007808681111782788
v -0.003283507423475386 0.0023063980042934413 -0.007814098149538038
v -0.0033275303430855287 0.0022731507197022434 -0.007676902227103709
v -0.003283507423475386 0.0023063980042934413 -0.007814098149538038
v -0.0032747003715485347 0.0022453002166002984 -0.007682388182729482
v -0.0032747003715485347 0.0022453002166002984 -0.007682388182729482
v -0.003283507423475386 0.0023063980042934413 -0.007814098149538038
v -0.0032436130568385137 0.0022771800868213172 -0.007824636995792387
v -0.0032747003715485347 0.0022453002166002984 -0.007682388182729482
v -0.0032436130568385137 0.0022771800868213172 -0.007824636995792387
v -0.003212763695046307 0.002240047790110111 -0.007839522324502466
v -0.003212763695046307 0.002240047790110111 -0.007839522324502466
v -0.0032436130568385137 0.0022771800868213172 -0.007824636995792387
v -0.003228111192584039 0.0023013192694634195 -0.00789569318294525
v -0.003212763695046307 0.002240047790110111 -0.007839522324502466
v -0.003228111192584039 0.0023013192694634195 -0.00789569318294525
v -0.0031905341893434538 0.00229881377890706 -0.007983827963471411
v -0.0031905341893434538 0.00229881377890706 -0.007983827963471411
v -0.003228111192584039 0.0023013192694634195 -0.00789569318294525
v -0.003212356008589269 0.00233025848865509 -0.007965906523168085
v -0.0031905341893434538 0.00229881377890706 -0.007983827963471411
v -0.003212356008589269 0.00233025848865509 -0.007965906523168085
v -0.003196271834895016 0.002363620093092322 -0.008034482598304747
v -0.003196271834895016 0.002363620093092322 -0.008034482598304747
v -0.003212356008589269 0.00233025848865509 -0.007965906523168085
v -0.0032751611433923257 0.0023789734113961454 -0.007941341958940027
v -0.003196271834895016 0.002363620093092322 -0.008034482598304747
v -0.0032751611433923257 0.0023789734113961454 -0.007941341958940027
v -0.003248857799917461 0.0024101042654365297 -0.008006460964679716
v -0.003248857799917461 0.0024101042654365297 -0.008006460964679716
v -0.0032751611433923257 0.0023789734113961454 -0.007941341958940027
v -0.0033478720579296363 0.002402130281552672 -0.007934392429888247
v -0.003248857799917461 0.0024101042654365297 -0.008006460964679716
v -0.0033478720579296363 0.002402130281552672 -0.007934392429888247
v -0.0033127015922218574 0.002437588525936007 -0.007994213141500948
v -0.0032007547561079277 0.0020352953579276796 -0.0075582428835332385
v -0.0032007547561079277 0.0020352953579276796 -0.0024417620152235027
v -0.0032107830047607435 0.0021345065906643863 -0.0075582428835332385
v -0.0032107830047607435 0.0021345065906643863 -0.0075582428835332385
v -0.0032007547561079277 0.0020352953579276796 -0.0024417620152235027
v -0.0032107830047607435 0.0021345065906643863 -0.0024417620152235027
v -0.0032107830047607435 0.0021345065906643863 -0.0075582428835332385
v -0.0032107830047607435 0.0021345065906643863 -0.0024417620152235027
v -0.00321410712786019 0.0021429348271340127 -0.0075582428835332385
v -0.00321410712786019 0.0021429348271340127 -0.0075582428835332385
v -0.0032107830047607435 0.0021345065906643863 -0.0024417620152235027
v -0.0032139813993126167 0.002142624463886022 -0.0024417620152235027
v -0.00321410712786019 0.0021429348271340127 -0.0075582428835332385
v -0.0032139813993126167 0.002142624463886022 -0.0024417620152235027
v -0.003250438487157227 0.002199900802224874 -0.0075582428835332385
v -0.003250438487157227 0.002199900802224874 -0.0075582428835332385
v -0.0032139813993126167 0.002142624463886022 -0.0024417620152235027
v -0.0032502370886504663 0.0021996751893311735 -0.0024417620152235027
v -0.003250438487157227 0.002199900802224874 -0.0075582428835332385
v -0.0032502370886504663 0.0021996751893311735 -0.0024417620152235027
v -0.003267468884587289 0.002216534689068794 -0.0075582428835332385
v -0.003267468884587289 0.002216534689068794 -0.0075582428835332385
v -0.0032502370886504663 0.0021996751893311735 -0.0024417620152235027
v -0.003267468884587289 0.002216534689068794 -0.0024417620152235027
v -0.003267468884587289 0.002216534689068794 -0.0075582428835332385
v -0.003267468884587289 0.002216534689068794 -0.0024417620152235027
v -0.0033077150583267225 0.002243635710328817 -0.0075582428835332385
v -0.0033077150583267225 0.002243635710328817 -0.0075582428835332385
v -0.003267468884587289 0.002216534689068794 -0.0024417620152235027
v -0.0033074850216507925 0.002243526047095656 -0.0024417620152235027
v -0.0033077150583267225 0.002243635710328817 -0.0075582428835332385
v -0.0033074850216507925 0.002243526047095656 -0.0024417620152235027
v -0.0033567121718078865 0.00226101279258728 -0.0075582428835332385
v -0.0033567121718078865 0.00226101279258728 -0.0075582428835332385
v -0.0033074850216507925 0.002243526047095656 -0.0024417620152235027
v -0.0033567121718078865 0.00226101279258728 -0.0024417620152235027
v -0.0035415822640061396 0.0022051371634006496 -0.0024417620152235027
v -0.0035415822640061396 0.0022051371634006496 -0.0075582428835332385
v -0.0035006699617952126 0.002237340901046991 -0.0024417620152235027
v -0.0035006699617952126 0.002237340901046991 -0.0024417620152235027
v -0.0035415822640061396 0.0022051371634006496 -0.0075582428835332385
v -0.003500713268294932 0.0022373108658939596 -0.0075582428835332385
v -0.0035006699617952126 0.002237340901046991 -0.0024417620152235027
v -0.003500713268294932 0.0022373108658939596 -0.0075582428835332385
v -0.0034563378430902975 0.002256866311654448 -0.0024417620152235027
v -0.0034563378430902975 0.002256866311654448 -0.0024417620152235027
v -0.003500713268294932 0.0022373108658939596 -0.0075582428835332385
v -0.0034563378430902975 0.002256866311654448 -0.0075582428835332385
v -0.0034563378430902975 0.002256866311654448 -0.0024417620152235027
v -0.0034563378430902975 0.002256866311654448 -0.0075582428835332385
v -0.0033567121718078865 0.00226101279258728 -0.0024417620152235027
v -0.0033567121718078865 0.00226101279258728 -0.0024417620152235027
v -0.0034563378430902975 0.002256866311654448 -0.0075582428835332385
v -0.0033768794964998974 0.0022642519325017925 -0.0075582428835332385
v -0.0033567121718078865 0.00226101279258728 -0.0024417620152235027
v -0.0033768794964998974 0.0022642519325017925 -0.0075582428835332385
v -0.0033567121718078865 0.00226101279258728 -0.0075582428835332385
v -0.0034365076571702975 0.0022811177186667915 -0.0023205936886370178
v -0.0033837319351732744 0.0022845906205475326 -0.0023238575085997577
v -0.00335555267520249 0.002303254092112183 -0.0022579159121960397
v -0.00335555267520249 0.002303254092112183 -0.0022579159121960397
v -0.0033837319351732744 0.0022845906205475326 -0.0023238575085997577
v -0.003327389014884831 0.00227309507317841 -0.0023230935912579294
v -0.0034049698151648058 0.0023065188433974977 -0.002256186213344335
v -0.0034490965772420185 0.0022995392791926856 -0.002250927966088056
v -0.0034812677185982483 0.0022667723242193456 -0.0023146413732320066
v -0.003267468884587289 0.002216534689068794 -0.0024417620152235027
v -0.0032502370886504663 0.0021996751893311735 -0.0024417620152235027
v -0.0032905968837440027 0.002239652210846543 -0.002385200001299381
v -0.0032107830047607435 0.0021345065906643863 -0.0024417620152235027
v -0.0032007547561079277 0.0020352953579276796 -0.0024417620152235027
v -0.00319237168878317 0.002089201938360929 -0.002184077631682157
v -0.003212267998605968 0.0023301593028008933 -0.0020340376067906614
v -0.00320981675758958 0.002404427388682961 -0.001950146979652345
v -0.0032411816064268364 0.002357463119551539 -0.002048500347882509
v -0.0032411816064268364 0.002357463119551539 -0.002048500347882509
v -0.00320981675758958 0.002404427388682961 -0.001950146979652345
v -0.0032338122837245477 0.0024358250666409727 -0.0019501823699101804
v -0.0032411816064268364 0.002357463119551539 -0.002048500347882509
v -0.0032338122837245477 0.0024358250666409727 -0.0019501823699101804
v -0.003275099210441114 0.0023789396509528156 -0.002058645477518439
v -0.003275099210441114 0.0023789396509528156 -0.002058645477518439
v -0.0032338122837245477 0.0024358250666409727 -0.0019501823699101804
v -0.003254105104133488 0.002454978413879871 -0.0019500876078382132
v -0.003275099210441114 0.0023789396509528156 -0.002058645477518439
v -0.003254105104133488 0.002454978413879871 -0.0019500876078382132
v -0.003311474807560445 0.0023938035592436786 -0.0020642394665628667
v -0.003311474807560445 0.0023938035592436786 -0.0020642394665628667
v -0.003254105104133488 0.002454978413879871 -0.0019500876078382132
v -0.0032787802629172815 0.0024717052001506086 -0.0019500000635161994
v -0.003311474807560445 0.0023938035592436786 -0.0020642394665628667
v -0.0032787802629172815 0.0024717052001506086 -0.0019500000635161994
v -0.003347864840179683 0.00240212888456881 -0.002065608277916908
v -0.0032107830047607435 0.0021345065906643863 -0.0024417620152235027
v -0.00319237168878317 0.002089201938360929 -0.002184077631682157
v -0.0031854656990617527 0.002157154027372598 -0.002124116057530045
v -0.0031854656990617527 0.002157154027372598 -0.002124116057530045
v -0.00319237168878317 0.002089201938360929 -0.002184077631682157
v -0.0031729722395539297 0.002206275705248117 -0.0019500000635161994
v -0.0031854656990617527 0.002157154027372598 -0.002124116057530045
v -0.0031729722395539297 0.002206275705248117 -0.0019500000635161994
v -0.003176917089149357 0.0022652011830359693 -0.0019959402270615097
v -0.003176917089149357 0.0022652011830359693 -0.0019959402270615097
v -0.0031729722395539297 0.002206275705248117 -0.0019500000635161994
v -0.00317077385261655 0.002291264478117227 -0.001949958619661629
v -0.003176917089149357 0.0022652011830359693 -0.0019959402270615097
v -0.00317077385261655 0.002291264478117227 -0.001949958619661629
v -0.003190452698618175 0.00229867803864181 -0.0020160900894552465
v -0.003190452698618175 0.00229867803864181 -0.0020160900894552465
v -0.00317077385261655 0.002291264478117227 -0.001949958619661629
v -0.003183742053806783 0.0023492749314755197 -0.0019500021589919923
v -0.003190452698618175 0.00229867803864181 -0.0020160900894552465
v -0.003183742053806783 0.0023492749314755197 -0.0019500021589919923
v -0.003212267998605968 0.0023301593028008933 -0.0020340376067906614
v -0.003212267998605968 0.0023301593028008933 -0.0020340376067906614
v -0.003183742053806783 0.0023492749314755197 -0.0019500021589919923
v -0.003192218486219646 0.002371269511058926 -0.00195000774692744
v -0.003212267998605968 0.0023301593028008933 -0.0020340376067906614
v -0.003192218486219646 0.002371269511058926 -0.00195000774692744
v -0.00320981675758958 0.002404427388682961 -0.001950146979652345
v -0.003327389014884831 0.00227309507317841 -0.0023230935912579294
v -0.003274540184065701 0.0022451803088188167 -0.0023175883106887336
v -0.003243489656597377 0.0022770669311285015 -0.002175320871174335
v -0.003243489656597377 0.0022770669311285015 -0.002175320871174335
v -0.003274540184065701 0.0022451803088188167 -0.0023175883106887336
v -0.0032325156498700393 0.002203562762588262 -0.0023077817168086763
v -0.003243489656597377 0.0022770669311285015 -0.002175320871174335
v -0.0032325156498700393 0.002203562762588262 -0.0023077817168086763
v -0.0032126496080309166 0.002239883411675691 -0.002160409232601523
v -0.0032126496080309166 0.002239883411675691 -0.002160409232601523
v -0.0032325156498700393 0.002203562762588262 -0.0023077817168086763
v -0.003193253651261331 0.002198565052822232 -0.002142720622941851
v -0.0034169440623372806 0.0023322035558521743 -0.0021897284314036365
v -0.0034490965772420185 0.0022995392791926856 -0.002250927966088056
v -0.003373767947778107 0.002333790063858032 -0.002191800624132156
v -0.003373767947778107 0.002333790063858032 -0.002191800624132156
v -0.0034490965772420185 0.0022995392791926856 -0.002250927966088056
v -0.0034049698151648058 0.0023065188433974977 -0.002256186213344335
v -0.003373767947778107 0.002333790063858032 -0.002191800624132156
v -0.0034049698151648058 0.0023065188433974977 -0.002256186213344335
v -0.0033283047378063215 0.0023253562394529577 -0.0021913161035627122
v -0.0034365076571702975 0.0022811177186667915 -0.0023205936886370178
v -0.003468447597697379 0.0022578940261155363 -0.002383708721026778
v -0.0034132190048694624 0.002269963733851909 -0.0023871071171015497
v -0.0034365076571702975 0.0022811177186667915 -0.0023205936886370178
v -0.0034132190048694624 0.002269963733851909 -0.0023871071171015497
v -0.0033837319351732744 0.0022845906205475326 -0.0023238575085997577
v -0.0033837319351732744 0.0022845906205475326 -0.0023238575085997577
v -0.0034132190048694624 0.002269963733851909 -0.0023871071171015497
v -0.003351065330207349 0.002264990238472819 -0.0023878607898950572
v -0.0033837319351732744 0.0022845906205475326 -0.0023238575085997577
v -0.003351065330207349 0.002264990238472819 -0.0023878607898950572
v -0.003327389014884831 0.00227309507317841 -0.0023230935912579294
v -0.003327389014884831 0.00227309507317841 -0.0023230935912579294
v -0.003351065330207349 0.002264990238472819 -0.0023878607898950572
v -0.0032905968837440027 0.002239652210846543 -0.002385200001299381
v -0.003327389014884831 0.00227309507317841 -0.0023230935912579294
v -0.0032905968837440027 0.002239652210846543 -0.002385200001299381
v -0.003274540184065701 0.0022451803088188167 -0.0023175883106887336
v -0.003274540184065701 0.0022451803088188167 -0.0023175883106887336
v -0.0032905968837440027 0.002239652210846543 -0.002385200001299381
v -0.0032502370886504663 0.0021996751893311735 -0.0024417620152235027
v -0.003274540184065701 0.0022451803088188167 -0.0023175883106887336
v -0.0032502370886504663 0.0021996751893311735 -0.0024417620152235027
v -0.0032325156498700393 0.002203562762588262 -0.0023077817168086763
v -0.0032325156498700393 0.002203562762588262 -0.0023077817168086763
v -0.0032502370886504663 0.0021996751893311735 -0.0024417620152235027
v -0.0032139813993126167 0.002142624463886022 -0.0024417620152235027
v -0.0032325156498700393 0.002203562762588262 -0.0023077817168086763
v -0.0032139813993126167 0.002142624463886022 -0.0024417620152235027
v -0.003193253651261331 0.002198565052822232 -0.002142720622941851
v -0.00351235060952604 0.0022350428625941272 -0.002378812991082668
v -0.003468447597697379 0.0022578940261155363 -0.002383708721026778
v -0.0034812677185982483 0.0022667723242193456 -0.0023146413732320066
v -0.0034812677185982483 0.0022667723242193456 -0.0023146413732320066
v -0.003468447597697379 0.0022578940261155363 -0.002383708721026778
v -0.0034365076571702975 0.0022811177186667915 -0.0023205936886370178
v -0.0034812677185982483 0.0022667723242193456 -0.0023146413732320066
v -0.0034365076571702975 0.0022811177186667915 -0.0023205936886370178
v -0.0034049698151648058 0.0023065188433974977 -0.002256186213344335
v -0.0034049698151648058 0.0023065188433974977 -0.002256186213344335
v -0.0034365076571702975 0.0022811177186667915 -0.0023205936886370178
v -0.00335555267520249 0.002303254092112183 -0.0022579159121960397
v -0.0034049698151648058 0.0023065188433974977 -0.002256186213344335
v -0.00335555267520249 0.002303254092112183 -0.0022579159121960397
v -0.0033283047378063215 0.0023253562394529577 -0.0021913161035627122
v -0.0033283047378063215 0.0023253562394529577 -0.0021913161035627122
v -0.00335555267520249 0.002303254092112183 -0.0022579159121960397
v -0.003327389014884831 0.00227309507317841 -0.0023230935912579294
v -0.0033283047378063215 0.0023253562394529577 -0.0021913161035627122
v -0.003327389014884831 0.00227309507317841 -0.0023230935912579294
v -0.0032833965960890068 0.0023063400294631715 -0.002185883233323693
v -0.0032833965960890068 0.0023063400294631715 -0.002185883233323693
v -0.003327389014884831 0.00227309507317841 -0.0023230935912579294
v -0.003243489656597377 0.0022770669311285015 -0.002175320871174335
v -0.003267468884587289 0.002216534689068794 -0.0024417620152235027
v -0.0032905968837440027 0.002239652210846543 -0.002385200001299381
v -0.0033074850216507925 0.002243526047095656 -0.0024417620152235027
v -0.0033074850216507925 0.002243526047095656 -0.0024417620152235027
v -0.0032905968837440027 0.002239652210846543 -0.002385200001299381
v -0.003351065330207349 0.002264990238472819 -0.0023878607898950572
v -0.0033074850216507925 0.002243526047095656 -0.0024417620152235027
v -0.003351065330207349 0.002264990238472819 -0.0023878607898950572
v -0.0033567121718078865 0.00226101279258728 -0.0024417620152235027
v -0.0033567121718078865 0.00226101279258728 -0.0024417620152235027
v -0.003351065330207349 0.002264990238472819 -0.0023878607898950572
v -0.0034132190048694624 0.002269963733851909 -0.0023871071171015497
v -0.0033567121718078865 0.00226101279258728 -0.0024417620152235027
v -0.0034132190048694624 0.002269963733851909 -0.0023871071171015497
v -0.0034563378430902975 0.002256866311654448 -0.0024417620152235027
v -0.0034563378430902975 0.002256866311654448 -0.0024417620152235027
v -0.0034132190048694624 0.002269963733851909 -0.0023871071171015497
v -0.003468447597697379 0.0022578940261155363 -0.002383708721026778
v -0.0034563378430902975 0.002256866311654448 -0.0024417620152235027
v -0.003468447597697379 0.0022578940261155363 -0.002383708721026778
v -0.0035006699617952126 0.002237340901046991 -0.0024417620152235027
v -0.0035006699617952126 0.002237340901046991 -0.0024417620152235027
v -0.003468447597697379 0.0022578940261155363 -0.002383708721026778
v -0.00351235060952604 0.0022350428625941272 -0.002378812991082668
v -0.0035006699617952126 0.002237340901046991 -0.0024417620152235027
v -0.00351235060952604 0.0022350428625941272 -0.002378812991082668
v -0.0035415822640061396 0.0022051371634006496 -0.0024417620152235027
v -0.003347864840179683 0.00240212888456881 -0.002065608277916908
v -0.0034169440623372806 0.0023322035558521743 -0.0021897284314036365
v -0.003311474807560445 0.0023938035592436786 -0.0020642394665628667
v -0.003311474807560445 0.0023938035592436786 -0.0020642394665628667
v -0.0034169440623372806 0.0023322035558521743 -0.0021897284314036365
v -0.003373767947778107 0.002333790063858032 -0.002191800624132156
v -0.003311474807560445 0.0023938035592436786 -0.0020642394665628667
v -0.003373767947778107 0.002333790063858032 -0.002191800624132156
v -0.003275099210441114 0.0023789396509528156 -0.002058645477518439
v -0.003275099210441114 0.0023789396509528156 -0.002058645477518439
v -0.003373767947778107 0.002333790063858032 -0.002191800624132156
v -0.0033283047378063215 0.0023253562394529577 -0.0021913161035627122
v -0.003275099210441114 0.0023789396509528156 -0.002058645477518439
v -0.0033283047378063215 0.0023253562394529577 -0.0021913161035627122
v -0.0032411816064268364 0.002357463119551539 -0.002048500347882509
v -0.0032411816064268364 0.002357463119551539 -0.002048500347882509
v -0.0033283047378063215 0.0023253562394529577 -0.0021913161035627122
v -0.0032833965960890068 0.0023063400294631715 -0.002185883233323693
v -0.0032411816064268364 0.002357463119551539 -0.002048500347882509
v -0.0032833965960890068 0.0023063400294631715 -0.002185883233323693
v -0.003212267998605968 0.0023301593028008933 -0.0020340376067906614
v -0.003212267998605968 0.0023301593028008933 -0.0020340376067906614
v -0.0032833965960890068 0.0023063400294631715 -0.002185883233323693
v -0.003243489656597377 0.0022770669311285015 -0.002175320871174335
v -0.003212267998605968 0.0023301593028008933 -0.0020340376067906614
v -0.003243489656597377 0.0022770669311285015 -0.002175320871174335
v -0.003190452698618175 0.00229867803864181 -0.0020160900894552465
v -0.003190452698618175 0.00229867803864181 -0.0020160900894552465
v -0.003243489656597377 0.0022770669311285015 -0.002175320871174335
v -0.0032126496080309166 0.002239883411675691 -0.002160409232601523
v -0.003190452698618175 0.00229867803864181 -0.0020160900894552465
v -0.0032126496080309166 0.002239883411675691 -0.002160409232601523
v -0.003176917089149357 0.0022652011830359693 -0.0019959402270615097
v -0.003176917089149357 0.0022652011830359693 -0.0019959402270615097
v -0.0032126496080309166 0.002239883411675691 -0.002160409232601523
v -0.003193253651261331 0.002198565052822232 -0.002142720622941851
v -0.003176917089149357 0.0022652011830359693 -0.0019959402270615097
v -0.003193253651261331 0.002198565052822232 -0.002142720622941851
v -0.0031854656990617527 0.002157154027372598 -0.002124116057530045
v -0.0031854656990617527 0.002157154027372598 -0.002124116057530045
v -0.003193253651261331 0.002198565052822232 -0.002142720622941851
v -0.0032139813993126167 0.002142624463886022 -0.0024417620152235027
v -0.0031854656990617527 0.002157154027372598 -0.002124116057530045
v -0.0032139813993126167 0.002142624463886022 -0.0024417620152235027
v -0.0032107830047607435 0.0021345065906643863 -0.0024417620152235027
v -0.0036031678318977373 0.0021419145632535215 -0.007415997330099343
v -0.0036031678318977373 0.0021419145632535215 -0.0025840078014880414
v -0.003660639282315971 0.0021633880678564306 -0.007279053796082734
v -0.003660639282315971 0.0021633880678564306 -0.007279053796082734
v -0.0036031678318977373 0.0021419145632535215 -0.0025840078014880414
v -0.003660632064566018 0.0021633866708725687 -0.0027209406252950426
v -0.003660639282315971 0.0021633880678564306 -0.007279053796082734
v -0.003660632064566018 0.0021633866708725687 -0.0027209406252950426
v -0.0037134073209017533 0.0021831113845109935 -0.007139657624065875
v -0.0037134073209017533 0.0021831113845109935 -0.007139657624065875
v -0.003660632064566018 0.0021633866708725687 -0.0027209406252950426
v -0.0037673038896173256 0.0022032505366951223 -0.006979428231716155
v -0.0037673038896173256 0.0022032505366951223 -0.006979428231716155
v -0.003660632064566018 0.0021633866708725687 -0.0027209406252950426
v -0.0037134084850549715 0.0021831039339303966 -0.0028603498358279462
v -0.0037673038896173256 0.0022032505366951223 -0.006979428231716155
v -0.0037134084850549715 0.0021831039339303966 -0.0028603498358279462
v -0.003913815133273603 0.0022579981014132495 -0.0036080935969948764
v -0.003913815133273603 0.0022579981014132495 -0.0036080935969948764
v -0.004015706945210697 0.0022960752248764034 -0.004410662688314914
v -0.0037673038896173256 0.0022032505366951223 -0.006979428231716155
v -0.0037673038896173256 0.0022032505366951223 -0.006979428231716155
v -0.004015706945210697 0.0022960752248764034 -0.004410662688314914
v -0.004029359202831985 0.0023011818993836637 -0.005349169485270976
v -0.0037673038896173256 0.0022032505366951223 -0.006979428231716155
v -0.004029359202831985 0.0023011818993836637 -0.005349169485270976
v -0.0039414186030626314 0.0022683183196932073 -0.006234006024897098
usemtl DefaultMaterial
f 1 2 3
f 4 5 6
f 7 8 9
f 10 11 12
f 13 14 15
f 16 17 18
f 19 20 21
f 22 23 24
f 25 26 27
f 28 29 30
f 31 32 33
f 34 35 36
f 37 38 39
f 40 41 42
f 43 44 45
f 46 47 48
f 49 50 51
f 52 53 54
f 55 56 57
f 58 59 60
f 61 62 63
f 64 65 66
f 67 68 69
f 70 71 72
f 73 74 75
f 76 77 78
f 79 80 81
f 82 83 84
f 85 86 87
f 88 89 90
f 91 92 93
f 94 95 96
f 97 98 99
f 100 101 102
f 103 104 105
f 106 107 108
f 109 110 111
f 112 113 114
f 115 116 117
f 118 119 120
f 121 122 123
f 124 125 126
f 127 128 129
f 130 131 132
f 133 134 135
f 136 137 138
f 139 140 141
f 142 143 144
f 145 146 147
f 148 149 150
f 151 152 153
f 154 155 156
f 157 158 159
f 160 161 162
f 163 164 165
f 166 167 168
f 169 170 171
f 172 173 174
f 175 176 177
f 178 179 180
f 181 182 183
f 184 185 186
f 187 188 189
f 190 191 192
f 193 194 195
f 196 197 198
f 199 200 201
f 202 203 204
f 205 206 207
f 208 209 210
f 211 212 213
f 214 215 216
f 217 218 219
f 220 221 222
f 223 224 225
f 226 227 228
f 229 230 231
f 232 233 234
f 235 236 237
f 238 239 240
f 241 242 243
f 244 245 246
f 247 248 249
f 250 251 252
f 253 254 255
f 256 257 258
f 259 260 261
f 262 263 264
f 265 266 267
f 268 269 270
f 271 272 273
f 274 275 276
f 277 278 279
f 280 281 282
f 283 284 285
f 286 287 288
f 289 290 291
f 292 293 294
f 295 296 297
f 298 299 300
f 301 302 303
f 304 305 306
f 307 308 309
f 310 311 312
f 313 314 315
f 316 317 318
f 319 320 321
f 322 323 324
f 325 326 327
f 328 329 330
f 331 332 333
f 334 335 336
f 337 338 339
f 340 341 342
f 343 344 345
f 346 347 348
f 349 350 351
f 352 353 354
f 355 356 357
f 358 359 360
f 361 362 363
f 364 365 366
f 367 368 369
f 370 371 372
f 373 374 375
f 376 377 378
f 379 380 381
f 382 383 384
f 385 386 387
f 388 389 390
f 391 392 393
f 394 395 396
f 397 398 399
f 400 401 402
f 403 404 405
f 406 407 408
f 409 410 411
f 412 413 414
f 415 416 417
f 418 419 420
f 421 422 423
f 424 425 426
f 427 428 429
f 430 431 432
f 433 434 435
f 436 437 438
f 439 440 441
f 442 443 444
f 445 446 447
f 448 449 450
f 451 452 453
f 454 455 456
f 457 458 459
f 460 461 462
f 463 464 465
f 466 467 468
f 469 470 471
f 472 473 474
f 475 476 477
f 478 479 480
f 481 482 483
f 484 485 486
f 487 488 489
f 490 491 492
f 493 494 495
f 496 497 498
f 499 500 501
f 502 503 504
f 505 506 507
f 508 509 510
f 511 512 513
f 514 515 516
f 517 518 519
f 520 521 522
f 523 524 525
f 526 527 528
f 529 530 531
f 532 533 534
f 535 536 537
f 538 539 540
f 541 542 543
f 544 545 546
f 547 548 549
f 550 551 552
f 553 554 555
f 556 557 558
f 559 560 561
f 562 563 564
f 565 566 567
f 568 569 570
f 571 572 573
f 574 575 576
f 577 578 579
f 580 581 582
f 583 584 585
f 586 587 588
f 589 590 591
f 592 593 594
f 595 596 597
f 598 599 600
f 601 602 603
f 604 605 606
f 607 608 609
f 610 611 612
f 613 614 615
f 616 617 618
f 619 620 621
f 622 623 624
f 625 626 627
f 628 629 630
f 631 632 633
f 634 635 636
f 637 638 639
f 640 641 642
f 643 644 645
f 646 647 648
f 649 650 651
f 652 653 654
f 655 656 657
f 658 659 660
f 661 662 663
f 664 665 666
f 667 668 669
f 670 671 672
f 673 674 675
f 676 677 678
f 679 680 681
f 682 683 684
f 685 686 687
f 688 689 690
f 691 692 693
f 694 695 696
f 697 698 699
f 700 701 702
f 703 704 705
f 706 707 708
f 709 710 711
f 712 713 714
f 715 716 717
f 718 719 720
f 721 722 723
f 724 725 726
f 727 728 729
f 730 731 732
f 733 734 735
f 736 737 738
f 739 740 741
f 742 743 744
f 745 746 747
f 748 749 750
f 751 752 753
f 754 755 756
f 757 758 759
f 760 761 762
f 763 764 765
f 766 767 768
f 769 770 771
f 772 773 774
f 775 776 777
f 778 779 780
f 781 782 783
f 784 785 786
f 787 788 789
f 790 791 792
f 793 794 795
f 796 797 798
f 799 800 801
f 802 803 804
f 805 806 807
f 808 809 810
f 811 812 813
f 814 815 816
f 817 818 819
f 820 821 822
f 823 824 825
f 826 827 828
f 829 830 831
f 832 833 834
f 835 836 837
f 838 839 840
f 841 842 843
f 844 845 846
f 847 848 849
f 850 851 852
f 853 854 855
f 856 857 858
f 859 860 861
f 862 863 864
f 865 866 867
f 868 869 870
f 871 872 873
f 874 875 876
f 877 878 879
f 880 881 882
f 883 884 885
f 886 887 888
f 889 890 891
f 892 893 894
f 895 896 897
f 898 899 900
f 901 902 903
f 904 905 906
f 907 908 909
f 910 911 912
f 913 914 915
f 916 917 918
f 919 920 921
f 922 923 924
f 925 926 927
f 928 929 930
f 931 932 933
f 934 935 936
f 937 938 939
f 940 941 942
f 943 944 945
f 946 947 948
f 949 950 951
f 952 953 954
f 955 956 957
f 958 959 960
f 961 962 963
f 964 965 966
f 967 968 969
f 970 971 972
f 973 974 975
f 976 977 978
f 979 980 981
f 982 983 984
f 985 986 987
f 988 989 990
f 991 992 993
f 994 995 996
f 997 998 999
f 1000 1001 1002
f 1003 1004 1005
f 1006 1007 1008
f 1009 1010 1011
f 1012 1013 1014
f 1015 1016 1017
f 1018 1019 1020
f 1021 1022 1023
f 1024 1025 1026
f 1027 1028 1029
f 1030 1031 1032
f 1033 1034 1035
f 1036 1037 1038
f 1039 1040 1041
f 1042 1043 1044
f 1045 1046 1047
f 1048 1049 1050
f 1051 1052 1053
f 1054 1055 1056
f 1057 1058 1059
f 1060 1061 1062
f 1063 1064 1065
f 1066 1067 1068
f 1069 1070 1071
f 1072 1073 1074
f 1075 1076 1077
f 1078 1079 1080
f 1081 1082 1083
f 1084 1085 1086
f 1087 1088 1089
f 1090 1091 1092
f 1093 1094 1095
f 1096 1097 1098
f 1099 1100 1101
f 1102 1103 1104
f 1105 1106 1107
f 1108 1109 1110
f 1111 1112 1113
f 1114 1115 1116
f 1117 1118 1119
f 1120 1121 1122
f 1123 1124 1125
f 1126 1127 1128
f 1129 1130 1131
f 1132 1133 1134
f 1135 1136 1137
f 1138 1139 1140
f 1141 1142 1143
f 1144 1145 1146
f 1147 1148 1149
f 1150 1151 1152
f 1153 1154 1155
f 1156 1157 1158
f 1159 1160 1161
f 1162 1163 1164
f 1165 1166 1167
f 1168 1169 1170
f 1171 1172 1173
f 1174 1175 1176
f 1177 1178 1179
f 1180 1181 1182
f 1183 1184 1185
f 1186 1187 1188
f 1189 1190 1191
f 1192 1193 1194
f 1195 1196 1197
f 1198 1199 1200
f 1201 1202 1203
f 1204 1205 1206
f 1207 1208 1209
f 1210 1211 1212
f 1213 1214 1215
f 1216 1217 1218
f 1219 1220 1221
f 1222 1223 1224
f 1225 1226 1227
f 1228 1229 1230
f 1231 1232 1233
f 1234 1235 1236
f 1237 1238 1239
f 1240 1241 1242
f 1243 1244 1245
f 1246 1247 1248
f 1249 1250 1251
f 1252 1253 1254
f 1255 1256 1257
f 1258 1259 1260
f 1261 1262 1263
f 1264 1265 1266
f 1267 1268 1269
f 1270 1271 1272
f 1273 1274 1275
f 1276 1277 1278
f 1279 1280 1281
f 1282 1283 1284
f 1285 1286 1287
f 1288 1289 1290
f 1291 1292 1293
f 1294 1295 1296
f 1297 1298 1299
f 1300 1301 1302
f 1303 1304 1305
f 1306 1307 1308
f 1309 1310 1311
f 1312 1313 1314
f 1315 1316 1317
f 1318 1319 1320
f 1321 1322 1323
f 1324 1325 1326
f 1327 1328 1329
f 1330 1331 1332
f 1333 1334 1335
f 1336 1337 1338
f 1339 1340 1341
f 1342 1343 1344
f 1345 1346 1347
f 1348 1349 1350
f 1351 1352 1353
f 1354 1355 1356
f 1357 1358 1359
f 1360 1361 1362
f 1363 1364 1365
f 1366 1367 1368
f 1369 1370 1371
f 1372 1373 1374
f 1375 1376 1377
f 1378 1379 1380
f 1381 1382 1383
f 1384 1385 1386
f 1387 1388 1389
f 1390 1391 1392
f 1393 1394 1395
f 1396 1397 1398
f 1399 1400 1401
f 1402 1403 1404
f 1405 1406 1407
f 1408 1409 1410
f 1411 1412 1413
f 1414 1415 1416
f 1417 1418 1419
f 1420 1421 1422
f 1423 1424 1425
f 1426 1427 1428
f 1429 1430 1431
f 1432 1433 1434
f 1435 1436 1437
f 1438 1439 1440
f 1441 1442 1443
f 1444 1445 1446
f 1447 1448 1449
f 1450 1451 1452
f 1453 1454 1455
f 1456 1457 1458
f 1459 1460 1461
f 1462 1463 1464
f 1465 1466 1467
f 1468 1469 1470
f 1471 1472 1473
f 1474 1475 1476
f 1477 1478 1479
f 1480 1481 1482
f 1483 1484 1485
f 1486 1487 1488
f 1489 1490 1491
f 1492 1493 1494
f 1495 1496 1497
f 1498 1499 1500
f 1501 1502 1503
f 1504 1505 1506
f 1507 1508 1509
f 1510 1511 1512
f 1513 1514 1515
f 1516 1517 1518
f 1519 1520 1521
f 1522 1523 1524
f 1525 1526 1527
f 1528 1529 1530
f 1531 1532 1533
f 1534 1535 1536
f 1537 1538 1539
f 1540 1541 1542
f 1543 1544 1545
f 1546 1547 1548
f 1549 1550 1551
f 1552 1553 1554
f 1555 1556 1557
f 1558 1559 1560
f 1561 1562 1563
f 1564 1565 1566
f 1567 1568 1569
f 1570 1571 1572
f 1573 1574 1575
f 1576 1577 1578
f 1579 1580 1581
f 1582 1583 1584
f 1585 1586 1587
f 1588 1589 1590
f 1591 1592 1593
f 1594 1595 1596
f 1597 1598 1599
f 1600 1601 1602
f 1603 1604 1605
f 1606 1607 1608
f 1609 1610 1611
f 1612 1613 1614
f 1615 1616 1617
f 1618 1619 1620
f 1621 1622 1623
f 1624 1625 1626
f 1627 1628 1629
f 1630 1631 1632
f 1633 1634 1635
f 1636 1637 1638
f 1639 1640 1641
f 1642 1643 1644
f 1645 1646 1647
f 1648 1649 1650
f 1651 1652 1653
f 1654 1655 1656
f 1657 1658 1659
f 1660 1661 1662
f 1663 1664 1665
f 1666 1667 1668
f 1669 1670 1671
f 1672 1673 1674
f 1675 1676 1677
f 1678 1679 1680
f 1681 1682 1683
f 1684 1685 1686
f 1687 1688 1689
f 1690 1691 1692
f 1693 1694 1695
f 1696 1697 1698
f 1699 1700 1701
f 1702 1703 1704
f 1705 1706 1707
f 1708 1709 1710
f 1711 1712 1713
f 1714 1715 1716
f 1717 1718 1719
f 1720 1721 1722
f 1723 1724 1725
f 1726 1727 1728
f 1729 1730 1731
f 1732 1733 1734
f 1735 1736 1737
f 1738 1739 1740
f 1741 1742 1743
f 1744 1745 1746
f 1747 1748 1749
f 1750 1751 1752
f 1753 1754 1755
f 1756 1757 1758
f 1759 1760 1761
f 1762 1763 1764
f 1765 1766 1767
f 1768 1769 1770
f 1771 1772 1773
f 1774 1775 1776
f 1777 1778 1779
f 1780 1781 1782
f 1783 1784 1785
f 1786 1787 1788
f 1789 1790 1791
f 1792 1793 1794
f 1795 1796 1797
f 1798 1799 1800
f 1801 1802 1803
f 1804 1805 1806
f 1807 1808 1809
f 1810 1811 1812
f 1813 1814 1815
f 1816 1817 1818
f 1819 1820 1821
f 1822 1823 1824
f 1825 1826 1827
f 1828 1829 1830
f 1831 1832 1833
f 1834 1835 1836
f 1837 1838 1839
f 1840 1841 1842
f 1843 1844 1845
f 1846 1847 1848
f 1849 1850 1851
f 1852 1853 1854
f 1855 1856 1857
f 1858 1859 1860
f 1861 1862 1863
f 1864 1865 1866
f 1867 1868 1869
f 1870 1871 1872
f 1873 1874 1875
f 1876 1877 1878
f 1879 1880 1881
f 1882 1883 1884
f 1885 1886 1887
f 1888 1889 1890
f 1891 1892 1893
f 1894 1895 1896
f 1897 1898 1899
f 1900 1901 1902
f 1903 1904 1905
f 1906 1907 1908
f 1909 1910 1911
f 1912 1913 1914
f 1915 1916 1917
f 1918 1919 1920
f 1921 1922 1923
f 1924 1925 1926
f 1927 1928 1929
f 1930 1931 1932
f 1933 1934 1935
f 1936 1937 1938
f 1939 1940 1941
f 1942 1943 1944
f 1945 1946 1947
f 1948 1949 1950
f 1951 1952 1953
f 1954 1955 1956
f 1957 1958 1959
f 1960 1961 1962
f 1963 1964 1965
f 1966 1967 1968
f 1969 1970 1971
f 1972 1973 1974
f 1975 1976 1977
f 1978 1979 1980
f 1981 1982 1983
f 1984 1985 1986
f 1987 1988 1989
f 1990 1991 1992
f 1993 1994 1995
f 1996 1997 1998
f 1999 2000 2001
f 2002 2003 2004
f 2005 2006 2007
f 2008 2009 2010
f 2011 2012 2013
f 2014 2015 2016
f 2017 2018 2019
f 2020 2021 2022
f 2023 2024 2025
f 2026 2027 2028
f 2029 2030 2031
f 2032 2033 2034
f 2035 2036 2037
f 2038 2039 2040
f 2041 2042 2043
f 2044 2045 2046
f 2047 2048 2049
f 2050 2051 2052
f 2053 2054 2055
f 2056 2057 2058
f 2059 2060 2061
f 2062 2063 2064
f 2065 2066 2067
f 2068 2069 2070
f 2071 2072 2073
f 2074 2075 2076
f 2077 2078 2079
f 2080 2081 2082
f 2083 2084 2085
f 2086 2087 2088
f 2089 2090 2091
f 2092 2093 2094
f 2095 2096 2097
f 2098 2099 2100
f 2101 2102 2103
f 2104 2105 2106
f 2107 2108 2109
f 2110 2111 2112
f 2113 2114 2115
f 2116 2117 2118
f 2119 2120 2121
f 2122 2123 2124
f 2125 2126 2127
f 2128 2129 2130
f 2131 2132 2133
f 2134 2135 2136
f 2137 2138 2139
f 2140 2141 2142
f 2143 2144 2145
f 2146 2147 2148
f 2149 2150 2151
f 2152 2153 2154
f 2155 2156 2157
f 2158 2159 2160
f 2161 2162 2163
f 2164 2165 2166
f 2167 2168 2169
f 2170 2171 2172
f 2173 2174 2175
f 2176 2177 2178
f 2179 2180 2181
f 2182 2183 2184
f 2185 2186 2187
f 2188 2189 2190
f 2191 2192 2193
f 2194 2195 2196
f 2197 2198 2199
f 2200 2201 2202
f 2203 2204 2205
f 2206 2207 2208
f 2209 2210 2211
f 2212 2213 2214
f 2215 2216 2217
f 2218 2219 2220
f 2221 2222 2223
f 2224 2225 2226
f 2227 2228 2229
f 2230 2231 2232
f 2233 2234 2235
f 2236 2237 2238
f 2239 2240 2241
f 2242 2243 2244
f 2245 2246 2247
f 2248 2249 2250
f 2251 2252 2253
f 2254 2255 2256
f 2257 2258 2259
f 2260 2261 2262
f 2263 2264 2265
f 2266 2267 2268
f 2269 2270 2271
f 2272 2273 2274
f 2275 2276 2277
f 2278 2279 2280
f 2281 2282 2283
f 2284 2285 2286
f 2287 2288 2289
f 2290 2291 2292
f 2293 2294 2295
f 2296 2297 2298
f 2299 2300 2301
f 2302 2303 2304
f 2305 2306 2307
f 2308 2309 2310
f 2311 2312 2313
f 2314 2315 2316
f 2317 2318 2319
f 2320 2321 2322
f 2323 2324 2325
f 2326 2327 2328
f 2329 2330 2331
f 2332 2333 2334
f 2335 2336 2337
f 2338 2339 2340
f 2341 2342 2343
f 2344 2345 2346
f 2347 2348 2349
f 2350 2351 2352
f 2353 2354 2355
f 2356 2357 2358
f 2359 2360 2361
f 2362 2363 2364
f 2365 2366 2367
f 2368 2369 2370
f 2371 2372 2373
f 2374 2375 2376
f 2377 2378 2379
f 2380 2381 2382
f 2383 2384 2385
f 2386 2387 2388
f 2389 2390 2391
f 2392 2393 2394
f 2395 2396 2397
f 2398 2399 2400
f 2401 2402 2403
f 2404 2405 2406
f 2407 2408 2409
f 2410 2411 2412
f 2413 2414 2415
f 2416 2417 2418
f 2419 2420 2421
f 2422 2423 2424
f 2425 2426 2427
f 2428 2429 2430
f 2431 2432 2433
f 2434 2435 2436
f 2437 2438 2439
f 2440 2441 2442
f 2443 2444 2445
f 2446 2447 2448
f 2449 2450 2451
f 2452 2453 2454
f 2455 2456 2457
f 2458 2459 2460
f 2461 2462 2463
f 2464 2465 2466
f 2467 2468 2469
f 2470 2471 2472
f 2473 2474 2475
f 2476 2477 2478
f 2479 2480 2481
f 2482 2483 2484
f 2485 2486 2487
f 2488 2489 2490
f 2491 2492 2493
f 2494 2495 2496
f 2497 2498 2499
f 2500 2501 2502
f 2503 2504 2505
f 2506 2507 2508
f 2509 2510 2511
f 2512 2513 2514
f 2515 2516 2517
f 2518 2519 2520
f 2521 2522 2523
f 2524 2525 2526
f 2527 2528 2529
f 2530 2531 2532
f 2533 2534 2535
f 2536 2537 2538
f 2539 2540 2541
f 2542 2543 2544
f 2545 2546 2547
f 2548 2549 2550
f 2551 2552 2553
f 2554 2555 2556
f 2557 2558 2559
f 2560 2561 2562
f 2563 2564 2565
f 2566 2567 2568
f 2569 2570 2571
f 2572 2573 2574
f 2575 2576 2577
f 2578 2579 2580
f 2581 2582 2583
f 2584 2585 2586
f 2587 2588 2589
f 2590 2591 2592
f 2593 2594 2595
f 2596 2597 2598
f 2599 2600 2601
f 2602 2603 2604
f 2605 2606 2607
f 2608 2609 2610
f 2611 2612 2613
f 2614 2615 2616
f 2617 2618 2619
f 2620 2621 2622
f 2623 2624 2625
f 2626 2627 2628
f 2629 2630 2631
f 2632 2633 2634
f 2635 2636 2637
f 2638 2639 2640
f 2641 2642 2643
f 2644 2645 2646
f 2647 2648 2649
f 2650 2651 2652
f 2653 2654 2655
f 2656 2657 2658
f 2659 2660 2661
f 2662 2663 2664
f 2665 2666 2667
f 2668 2669 2670
f 2671 2672 2673
f 2674 2675 2676
f 2677 2678 2679
f 2680 2681 2682
f 2683 2684 2685
f 2686 2687 2688
f 2689 2690 2691
f 2692 2693 2694
f 2695 2696 2697
f 2698 2699 2700
f 2701 2702 2703
f 2704 2705 2706
f 2707 2708 2709
f 2710 2711 2712
f 2713 2714 2715
f 2716 2717 2718
f 2719 2720 2721
f 2722 2723 2724
f 2725 2726 2727
f 2728 2729 2730
f 2731 2732 2733
f 2734 2735 2736
f 2737 2738 2739
f 2740 2741 2742
f 2743 2744 2745
f 2746 2747 2748
f 2749 2750 2751
f 2752 2753 2754
f 2755 2756 2757
f 2758 2759 2760
f 2761 2762 2763
f 2764 2765 2766
f 2767 2768 2769
f 2770 2771 2772
f 2773 2774 2775
f 2776 2777 2778
f 2779 2780 2781
f 2782 2783 2784
f 2785 2786 2787
f 2788 2789 2790
f 2791 2792 2793
f 2794 2795 2796
f 2797 2798 2799
f 2800 2801 2802
f 2803 2804 2805
f 2806 2807 2808
f 2809 2810 2811
f 2812 2813 2814
f 2815 2816 2817
f 2818 2819 2820
f 2821 2822 2823
f 2824 2825 2826
f 2827 2828 2829
f 2830 2831 2832
f 2833 2834 2835
f 2836 2837 2838
f 2839 2840 2841
f 2842 2843 2844
f 2845 2846 2847
f 2848 2849 2850
f 2851 2852 2853
f 2854 2855 2856
f 2857 2858 2859
f 2860 2861 2862
f 2863 2864 2865
f 2866 2867 2868
f 2869 2870 2871
f 2872 2873 2874
f 2875 2876 2877
f 2878 2879 2880
f 2881 2882 2883
f 2884 2885 2886
f 2887 2888 2889
f 2890 2891 2892
f 2893 2894 2895
f 2896 2897 2898
f 2899 2900 2901
f 2902 2903 2904
f 2905 2906 2907
f 2908 2909 2910
f 2911 2912 2913
f 2914 2915 2916
f 2917 2918 2919
f 2920 2921 2922
f 2923 2924 2925
f 2926 2927 2928
f 2929 2930 2931
f 2932 2933 2934
f 2935 2936 2937
f 2938 2939 2940
f 2941 2942 2943
f 2944 2945 2946
f 2947 2948 2949
f 2950 2951 2952
f 2953 2954 2955
f 2956 2957 2958
f 2959 2960 2961
f 2962 2963 2964
f 2965 2966 2967
f 2968 2969 2970
f 2971 2972 2973
f 2974 2975 2976
f 2977 2978 2979
f 2980 2981 2982
f 2983 2984 2985
f 2986 2987 2988
f 2989 2990 2991
f 2992 2993 2994
f 2995 2996 2997
f 2998 2999 3000
f 3001 3002 3003
f 3004 3005 3006
f 3007 3008 3009
f 3010 3011 3012
f 3013 3014 3015
f 3016 3017 3018
f 3019 3020 3021
f 3022 3023 3024
f 3025 3026 3027
f 3028 3029 3030
f 3031 3032 3033
f 3034 3035 3036
f 3037 3038 3039
f 3040 3041 3042
f 3043 3044 3045
f 3046 3047 3048
f 3049 3050 3051
f 3052 3053 3054
f 3055 3056 3057
f 3058 3059 3060
f 3061 3062 3063
f 3064 3065 3066
f 3067 3068 3069
f 3070 3071 3072
f 3073 3074 3075
f 3076 3077 3078
f 3079 3080 3081
f 3082 3083 3084
f 3085 3086 3087
f 3088 3089 3090
f 3091 3092 3093
f 3094 3095 3096
f 3097 3098 3099
f 3100 3101 3102
f 3103 3104 3105
f 3106 3107 3108
f 3109 3110 3111
f 3112 3113 3114
f 3115 3116 3117
f 3118 3119 3120
f 3121 3122 3123
f 3124 3125 3126
f 3127 3128 3129
f 3130 3131 3132
f 3133 3134 3135
f 3136 3137 3138
f 3139 3140 3141
f 3142 3143 3144
f 3145 3146 3147
f 3148 3149 3150
f 3151 3152 3153
f 3154 3155 3156
f 3157 3158 3159
f 3160 3161 3162
f 3163 3164 3165
f 3166 3167 3168
f 3169 3170 3171
f 3172 3173 3174
f 3175 3176 3177
f 3178 3179 3180
f 3181 3182 3183
f 3184 3185 3186
f 3187 3188 3189
f 3190 3191 3192
f 3193 3194 3195
f 3196 3197 3198
f 3199 3200 3201
f 3202 3203 3204
f 3205 3206 3207
f 3208 3209 3210
f 3211 3212 3213
f 3214 3215 3216
f 3217 3218 3219
f 3220 3221 3222
f 3223 3224 3225
f 3226 3227 3228
f 3229 3230 3231
f 3232 3233 3234
f 3235 3236 3237
f 3238 3239 3240
f 3241 3242 3243
f 3244 3245 3246
f 3247 3248 3249
f 3250 3251 3252
f 3253 3254 3255
f 3256 3257 3258
f 3259 3260 3261
f 3262 3263 3264
f 3265 3266 3267
f 3268 3269 3270
f 3271 3272 3273
f 3274 3275 3276
f 3277 3278 3279
f 3280 3281 3282
f 3283 3284 3285
f 3286 3287 3288
f 3289 3290 3291
f 3292 3293 3294
f 3295 3296 3297
f 3298 3299 3300
f 3301 3302 3303
f 3304 3305 3306
f 3307 3308 3309
f 3310 3311 3312
f 3313 3314 3315
f 3316 3317 3318
f 3319 3320 3321
f 3322 3323 3324
f 3325 3326 3327
f 3328 3329 3330
f 3331 3332 3333
f 3334 3335 3336
f 3337 3338 3339
f 3340 3341 3342
f 3343 3344 3345
f 3346 3347 3348
f 3349 3350 3351
f 3352 3353 3354
f 3355 3356 3357
f 3358 3359 3360
f 3361 3362 3363
f 3364 3365 3366
f 3367 3368 3369
f 3370 3371 3372
f 3373 3374 3375
f 3376 3377 3378
f 3379 3380 3381
f 3382 3383 3384
f 3385 3386 3387
f 3388 3389 3390
f 3391 3392 3393
f 3394 3395 3396
f 3397 3398 3399
f 3400 3401 3402
f 3403 3404 3405
f 3406 3407 3408
f 3409 3410 3411
f 3412 3413 3414
f 3415 3416 3417
f 3418 3419 3420
f 3421 3422 3423
f 3424 3425 3426
f 3427 3428 3429
f 3430 3431 3432
f 3433 3434 3435
f 3436 3437 3438
f 3439 3440 3441
f 3442 3443 3444
f 3445 3446 3447
f 3448 3449 3450
f 3451 3452 3453
f 3454 3455 3456
f 3457 3458 3459
f 3460 3461 3462
f 3463 3464 3465
f 3466 3467 3468
f 3469 3470 3471
f 3472 3473 3474
f 3475 3476 3477
f 3478 3479 3480
f 3481 3482 3483
f 3484 3485 3486
f 3487 3488 3489
f 3490 3491 3492
f 3493 3494 3495
f 3496 3497 3498
f 3499 3500 3501
f 3502 3503 3504
f 3505 3506 3507
f 3508 3509 3510
f 3511 3512 3513
f 3514 3515 3516
f 3517 3518 3519
f 3520 3521 3522
f 3523 3524 3525
f 3526 3527 3528
f 3529 3530 3531
f 3532 3533 3534
f 3535 3536 3537
f 3538 3539 3540
f 3541 3542 3543
f 3544 3545 3546
f 3547 3548 3549
f 3550 3551 3552
f 3553 3554 3555
f 3556 3557 3558
f 3559 3560 3561
f 3562 3563 3564
f 3565 3566 3567
f 3568 3569 3570
f 3571 3572 3573
f 3574 3575 3576
f 3577 3578 3579
f 3580 3581 3582
f 3583 3584 3585
f 3586 3587 3588
f 3589 3590 3591
f 3592 3593 3594
f 3595 3596 3597
f 3598 3599 3600
f 3601 3602 3603
f 3604 3605 3606
f 3607 3608 3609
f 3610 3611 3612
f 3613 3614 3615
f 3616 3617 3618
f 3619 3620 3621
f 3622 3623 3624
f 3625 3626 3627
f 3628 3629 3630
f 3631 3632 3633
f 3634 3635 3636
f 3637 3638 3639
f 3640 3641 3642
f 3643 3644 3645
f 3646 3647 3648
f 3649 3650 3651
f 3652 3653 3654
f 3655 3656 3657
f 3658 3659 3660
f 3661 3662 3663
f 3664 3665 3666
f 3667 3668 3669
f 3670 3671 3672
f 3673 3674 3675
f 3676 3677 3678
f 3679 3680 3681
f 3682 3683 3684
f 3685 3686 3687
f 3688 3689 3690
f 3691 3692 3693
f 3694 3695 3696
f 3697 3698 3699
f 3700 3701 3702
f 3703 3704 3705
f 3706 3707 3708
f 3709 3710 3711
f 3712 3713 3714
f 3715 3716 3717
f 3718 3719 3720
f 3721 3722 3723
f 3724 3725 3726
f 3727 3728 3729
f 3730 3731 3732
f 3733 3734 3735
f 3736 3737 3738
f 3739 3740 3741
f 3742 3743 3744
f 3745 3746 3747
f 3748 3749 3750
f 3751 3752 3753
f 3754 3755 3756
f 3757 3758 3759
f 3760 3761 3762
f 3763 3764 3765
f 3766 3767 3768
f 3769 3770 3771
f 3772 3773 3774
f 3775 3776 3777
f 3778 3779 3780
f 3781 3782 3783
f 3784 3785 3786
f 3787 3788 3789
f 3790 3791 3792
f 3793 3794 3795
f 3796 3797 3798
f 3799 3800 3801
f 3802 3803 3804
f 3805 3806 3807
f 3808 3809 3810
f 3811 3812 3813
f 3814 3815 3816
f 3817 3818 3819
f 3820 3821 3822
f 3823 3824 3825
f 3826 3827 3828
f 3829 3830 3831
f 3832 3833 3834
f 3835 3836 3837
f 3838 3839 3840
f 3841 3842 3843
f 3844 3845 3846
f 3847 3848 3849
f 3850 3851 3852
f 3853 3854 3855
f 3856 3857 3858
f 3859 3860 3861
f 3862 3863 3864
f 3865 3866 3867
f 3868 3869 3870
f 3871 3872 3873
f 3874 3875 3876
f 3877 3878 3879
f 3880 3881 3882
f 3883 3884 3885
f 3886 3887 3888
f 3889 3890 3891
f 3892 3893 3894
f 3895 3896 3897
f 3898 3899 3900
f 3901 3902 3903
f 3904 3905 3906
f 3907 3908 3909
f 3910 3911 3912
f 3913 3914 3915
f 3916 3917 3918
f 3919 3920 3921
f 3922 3923 3924
f 3925 3926 3927
f 3928 3929 3930
f 3931 3932 3933
f 3934 3935 3936
f 3937 3938 3939
f 3940 3941 3942
f 3943 3944 3945
f 3946 3947 3948
f 3949 3950 3951
f 3952 3953 3954
f 3955 3956 3957
f 3958 3959 3960
f 3961 3962 3963
f 3964 3965 3966
f 3967 3968 3969
f 3970 3971 3972
f 3973 3974 3975
f 3976 3977 3978
f 3979 3980 3981
f 3982 3983 3984
f 3985 3986 3987
f 3988 3989 3990
f 3991 3992 3993
f 3994 3995 3996
f 3997 3998 3999
f 4000 4001 4002
f 4003 4004 4005
f 4006 4007 4008
f 4009 4010 4011
f 4012 4013 4014
f 4015 4016 4017
f 4018 4019 4020
f 4021 4022 4023
f 4024 4025 4026
f 4027 4028 4029
f 4030 4031 4032
f 4033 4034 4035
f 4036 4037 4038
f 4039 4040 4041
f 4042 4043 4044
f 4045 4046 4047
f 4048 4049 4050
f 4051 4052 4053
f 4054 4055 4056
f 4057 4058 4059
f 4060 4061 4062
f 4063 4064 4065
f 4066 4067 4068
f 4069 4070 4071
f 4072 4073 4074
f 4075 4076 4077
f 4078 4079 4080
f 4081 4082 4083
f 4084 4085 4086
f 4087 4088 4089
f 4090 4091 4092
f 4093 4094 4095
f 4096 4097 4098
f 4099 4100 4101
f 4102 4103 4104
f 4105 4106 4107
f 4108 4109 4110
f 4111 4112 4113
f 4114 4115 4116
f 4117 4118 4119
f 4120 4121 4122
f 4123 4124 4125
f 4126 4127 4128
f 4129 4130 4131
f 4132 4133 4134
f 4135 4136 4137
f 4138 4139 4140
f 4141 4142 4143
f 4144 4145 4146
f 4147 4148 4149
f 4150 4151 4152
f 4153 4154 4155
f 4156 4157 4158
f 4159 4160 4161
f 4162 4163 4164
f 4165 4166 4167
f 4168 4169 4170
f 4171 4172 4173
f 4174 4175 4176
f 4177 4178 4179
f 4180 4181 4182
f 4183 4184 4185
f 4186 4187 4188
f 4189 4190 4191
f 4192 4193 4194
f 4195 4196 4197
f 4198 4199 4200
f 4201 4202 4203
f 4204 4205 4206
f 4207 4208 4209
f 4210 4211 4212
f 4213 4214 4215
f 4216 4217 4218
f 4219 4220 4221
f 4222 4223 4224
f 4225 4226 4227
f 4228 4229 4230
f 4231 4232 4233
f 4234 4235 4236
f 4237 4238 4239
f 4240 4241 4242
f 4243 4244 4245
f 4246 4247 4248
f 4249 4250 4251
f 4252 4253 4254
f 4255 4256 4257
f 4258 4259 4260
f 4261 4262 4263
f 4264 4265 4266
f 4267 4268 4269
f 4270 4271 4272
f 4273 4274 4275
f 4276 4277 4278
f 4279 4280 4281
f 4282 4283 4284
f 4285 4286 4287
f 4288 4289 4290
f 4291 4292 4293
f 4294 4295 4296
f 4297 4298 4299
f 4300 4301 4302
f 4303 4304 4305
f 4306 4307 4308
f 4309 4310 4311
f 4312 4313 4314
f 4315 4316 4317
f 4318 4319 4320
f 4321 4322 4323
f 4324 4325 4326
f 4327 4328 4329
f 4330 4331 4332
f 4333 4334 4335
f 4336 4337 4338
f 4339 4340 4341
f 4342 4343 4344
f 4345 4346 4347
f 4348 4349 4350
f 4351 4352 4353
f 4354 4355 4356
f 4357 4358 4359
f 4360 4361 4362
f 4363 4364 4365
f 4366 4367 4368
f 4369 4370 4371
f 4372 4373 4374
f 4375 4376 4377
f 4378 4379 4380
f 4381 4382 4383
f 4384 4385 4386
f 4387 4388 4389
f 4390 4391 4392
f 4393 4394 4395
f 4396 4397 4398
f 4399 4400 4401
f 4402 4403 4404
f 4405 4406 4407
f 4408 4409 4410
f 4411 4412 4413
f 4414 4415 4416
f 4417 4418 4419
f 4420 4421 4422
f 4423 4424 4425
f 4426 4427 4428
f 4429 4430 4431
f 4432 4433 4434
f 4435 4436 4437
f 4438 4439 4440
f 4441 4442 4443
f 4444 4445 4446
f 4447 4448 4449
f 4450 4451 4452
f 4453 4454 4455
f 4456 4457 4458
f 4459 4460 4461
f 4462 4463 4464
f 4465 4466 4467
f 4468 4469 4470
f 4471 4472 4473
f 4474 4475 4476
f 4477 4478 4479
f 4480 4481 4482
f 4483 4484 4485
f 4486 4487 4488
f 4489 4490 4491
f 4492 4493 4494
f 4495 4496 4497
f 4498 4499 4500
f 4501 4502 4503
f 4504 4505 4506
f 4507 4508 4509
f 4510 4511 4512
f 4513 4514 4515
f 4516 4517 4518
f 4519 4520 4521
f 4522 4523 4524
f 4525 4526 4527
f 4528 4529 4530
f 4531 4532 4533
f 4534 4535 4536
f 4537 4538 4539
f 4540 4541 4542
f 4543 4544 4545
f 4546 4547 4548
f 4549 4550 4551
f 4552 4553 4554
f 4555 4556 4557
f 4558 4559 4560
f 4561 4562 4563
f 4564 4565 4566
f 4567 4568 4569
f 4570 4571 4572
f 4573 4574 4575
f 4576 4577 4578
f 4579 4580 4581
f 4582 4583 4584
f 4585 4586 4587
f 4588 4589 4590
f 4591 4592 4593
f 4594 4595 4596
f 4597 4598 4599
f 4600 4601 4602
f 4603 4604 4605
f 4606 4607 4608
f 4609 4610 4611
f 4612 4613 4614
f 4615 4616 4617
f 4618 4619 4620
f 4621 4622 4623
f 4624 4625 4626
f 4627 4628 4629
f 4630 4631 4632
f 4633 4634 4635
f 4636 4637 4638
f 4639 4640 4641
f 4642 4643 4644
f 4645 4646 4647
f 4648 4649 4650
f 4651 4652 4653
f 4654 4655 4656
f 4657 4658 4659
f 4660 4661 4662
f 4663 4664 4665
f 4666 4667 4668
f 4669 4670 4671
f 4672 4673 4674
f 4675 4676 4677
f 4678 4679 4680
f 4681 4682 4683
f 4684 4685 4686
f 4687 4688 4689
f 4690 4691 4692
f 4693 4694 4695
f 4696 4697 4698
f 4699 4700 4701
f 4702 4703 4704
f 4705 4706 4707
f 4708 4709 4710
f 4711 4712 4713
f 4714 4715 4716
f 4717 4718 4719
f 4720 4721 4722
f 4723 4724 4725
f 4726 4727 4728
f 4729 4730 4731
f 4732 4733 4734
f 4735 4736 4737
f 4738 4739 4740
f 4741 4742 4743
f 4744 4745 4746
f 4747 4748 4749
f 4750 4751 4752
f 4753 4754 4755
f 4756 4757 4758
f 4759 4760 4761
f 4762 4763 4764
f 4765 4766 4767
f 4768 4769 4770
f 4771 4772 4773
f 4774 4775 4776
f 4777 4778 4779
f 4780 4781 4782
f 4783 4784 4785
f 4786 4787 4788
f 4789 4790 4791
f 4792 4793 4794
f 4795 4796 4797
f 4798 4799 4800
f 4801 4802 4803
f 4804 4805 4806
f 4807 4808 4809
f 4810 4811 4812
f 4813 4814 4815
f 4816 4817 4818
f 4819 4820 4821
f 4822 4823 4824
f 4825 4826 4827
f 4828 4829 4830
f 4831 4832 4833
f 4834 4835 4836
f 4837 4838 4839
f 4840 4841 4842
f 4843 4844 4845
f 4846 4847 4848
f 4849 4850 4851
f 4852 4853 4854
f 4855 4856 4857
f 4858 4859 4860
f 4861 4862 4863
f 4864 4865 4866
f 4867 4868 4869
f 4870 4871 4872
f 4873 4874 4875
f 4876 4877 4878
f 4879 4880 4881
f 4882 4883 4884
f 4885 4886 4887
f 4888 4889 4890
f 4891 4892 4893
f 4894 4895 4896
f 4897 4898 4899
f 4900 4901 4902
f 4903 4904 4905
f 4906 4907 4908
f 4909 4910 4911
f 4912 4913 4914
f 4915 4916 4917
f 4918 4919 4920
f 4921 4922 4923
f 4924 4925 4926
f 4927 4928 4929
f 4930 4931 4932
f 4933 4934 4935
f 4936 4937 4938
f 4939 4940 4941
f 4942 4943 4944
f 4945 4946 4947
f 4948 4949 4950
f 4951 4952 4953
f 4954 4955 4956
f 4957 4958 4959
f 4960 4961 4962
f 4963 4964 4965
f 4966 4967 4968
f 4969 4970 4971
f 4972 4973 4974
f 4975 4976 4977
f 4978 4979 4980
f 4981 4982 4983
f 4984 4985 4986
f 4987 4988 4989
f 4990 4991 4992
f 4993 4994 4995
f 4996 4997 4998
f 4999 5000 5001
f 5002 5003 5004
f 5005 5006 5007
f 5008 5009 5010
f 5011 5012 5013
f 5014 5015 5016
f 5017 5018 5019
f 5020 5021 5022
f 5023 5024 5025
f 5026 5027 5028
f 5029 5030 5031
f 5032 5033 5034
f 5035 5036 5037
f 5038 5039 5040
f 5041 5042 5043
f 5044 5045 5046
f 5047 5048 5049
f 5050 5051 5052
f 5053 5054 5055
f 5056 5057 5058
f 5059 5060 5061
f 5062 5063 5064
f 5065 5066 5067
f 5068 5069 5070
f 5071 5072 5073
f 5074 5075 5076
f 5077 5078 5079
f 5080 5081 5082
f 5083 5084 5085
f 5086 5087 5088
f 5089 5090 5091
f 5092 5093 5094
f 5095 5096 5097
f 5098 5099 5100
f 5101 5102 5103
f 5104 5105 5106
f 5107 5108 5109
f 5110 5111 5112
f 5113 5114 5115
f 5116 5117 5118
f 5119 5120 5121
f 5122 5123 5124
f 5125 5126 5127
f 5128 5129 5130
f 5131 5132 5133
f 5134 5135 5136
f 5137 5138 5139
f 5140 5141 5142
f 5143 5144 5145
f 5146 5147 5148
f 5149 5150 5151
f 5152 5153 5154
f 5155 5156 5157
f 5158 5159 5160
f 5161 5162 5163
f 5164 5165 5166
f 5167 5168 5169
f 5170 5171 5172
f 5173 5174 5175
f 5176 5177 5178
f 5179 5180 5181
f 5182 5183 5184
f 5185 5186 5187
f 5188 5189 5190
f 5191 5192 5193
f 5194 5195 5196
f 5197 5198 5199
f 5200 5201 5202
f 5203 5204 5205
f 5206 5207 5208
f 5209 5210 5211
f 5212 5213 5214
f 5215 5216 5217
f 5218 5219 5220
f 5221 5222 5223
f 5224 5225 5226
f 5227 5228 5229
f 5230 5231 5232
f 5233 5234 5235
f 5236 5237 5238
f 5239 5240 5241
f 5242 5243 5244
f 5245 5246 5247
f 5248 5249 5250
f 5251 5252 5253
f 5254 5255 5256
f 5257 5258 5259
f 5260 5261 5262
f 5263 5264 5265
f 5266 5267 5268
f 5269 5270 5271
f 5272 5273 5274
f 5275 5276 5277
f 5278 5279 5280
f 5281 5282 5283
f 5284 5285 5286
f 5287 5288 5289
f 5290 5291 5292
f 5293 5294 5295
f 5296 5297 5298
f 5299 5300 5301
f 5302 5303 5304
f 5305 5306 5307
f 5308 5309 5310
f 5311 5312 5313
f 5314 5315 5316
f 5317 5318 5319
f 5320 5321 5322
f 5323 5324 5325
f 5326 5327 5328
f 5329 5330 5331
f 5332 5333 5334
f 5335 5336 5337
f 5338 5339 5340
f 5341 5342 5343
f 5344 5345 5346
f 5347 5348 5349
f 5350 5351 5352
f 5353 5354 5355
f 5356 5357 5358
f 5359 5360 5361
f 5362 5363 5364
f 5365 5366 5367
f 5368 5369 5370
f 5371 5372 5373
f 5374 5375 5376
f 5377 5378 5379
f 5380 5381 5382
f 5383 5384 5385
f 5386 5387 5388
f 5389 5390 5391
f 5392 5393 5394
f 5395 5396 5397
f 5398 5399 5400
f 5401 5402 5403
f 5404 5405 5406
f 5407 5408 5409
f 5410 5411 5412
f 5413 5414 5415
f 5416 5417 5418
f 5419 5420 5421
f 5422 5423 5424
f 5425 5426 5427
f 5428 5429 5430
f 5431 5432 5433
f 5434 5435 5436
f 5437 5438 5439
f 5440 5441 5442
f 5443 5444 5445
f 5446 5447 5448
f 5449 5450 5451
f 5452 5453 5454
f 5455 5456 5457
f 5458 5459 5460
f 5461 5462 5463
f 5464 5465 5466
f 5467 5468 5469
f 5470 5471 5472
f 5473 5474 5475
f 5476 5477 5478
f 5479 5480 5481
f 5482 5483 5484
f 5485 5486 5487
f 5488 5489 5490
f 5491 5492 5493
f 5494 5495 5496
f 5497 5498 5499
f 5500 5501 5502
f 5503 5504 5505
f 5506 5507 5508
f 5509 5510 5511
f 5512 5513 5514
f 5515 5516 5517
f 5518 5519 5520
f 5521 5522 5523
f 5524 5525 5526
f 5527 5528 5529
f 5530 5531 5532
f 5533 5534 5535
f 5536 5537 5538
f 5539 5540 5541
f 5542 5543 5544
f 5545 5546 5547
f 5548 5549 5550
f 5551 5552 5553
f 5554 5555 5556
f 5557 5558 5559
f 5560 5561 5562
f 5563 5564 5565
f 5566 5567 5568
f 5569 5570 5571
f 5572 5573 5574
f 5575 5576 5577
f 5578 5579 5580
f 5581 5582 5583
f 5584 5585 5586
f 5587 5588 5589
f 5590 5591 5592
f 5593 5594 5595
f 5596 5597 5598
f 5599 5600 5601
f 5602 5603 5604
f 5605 5606 5607
f 5608 5609 5610
f 5611 5612 5613
f 5614 5615 5616
f 5617 5618 5619
f 5620 5621 5622
f 5623 5624 5625
f 5626 5627 5628
f 5629 5630 5631
f 5632 5633 5634
f 5635 5636 5637
f 5638 5639 5640
f 5641 5642 5643
f 5644 5645 5646
f 5647 5648 5649
f 5650 5651 5652
f 5653 5654 5655
f 5656 5657 5658
f 5659 5660 5661
f 5662 5663 5664
f 5665 5666 5667
f 5668 5669 5670
f 5671 5672 5673
f 5674 5675 5676
f 5677 5678 5679
f 5680 5681 5682
f 5683 5684 5685
f 5686 5687 5688
f 5689 5690 5691
f 5692 5693 5694
f 5695 5696 5697
f 5698 5699 5700
f 5701 5702 5703
f 5704 5705 5706
f 5707 5708 5709
f 5710 5711 5712
f 5713 5714 5715
f 5716 5717 5718
f 5719 5720 5721
f 5722 5723 5724
f 5725 5726 5727
f 5728 5729 5730
f 5731 5732 5733
f 5734 5735 5736
f 5737 5738 5739
f 5740 5741 5742
f 5743 5744 5745
f 5746 5747 5748
f 5749 5750 5751
f 5752 5753 5754
f 5755 5756 5757
f 5758 5759 5760
f 5761 5762 5763
f 5764 5765 5766
f 5767 5768 5769
f 5770 5771 5772
f 5773 5774 5775
f 5776 5777 5778
f 5779 5780 5781
f 5782 5783 5784
f 5785 5786 5787
f 5788 5789 5790
f 5791 5792 5793
f 5794 5795 5796
f 5797 5798 5799
f 5800 5801 5802
f 5803 5804 5805
f 5806 5807 5808
f 5809 5810 5811
f 5812 5813 5814
f 5815 5816 5817
f 5818 5819 5820
f 5821 5822 5823
f 5824 5825 5826
f 5827 5828 5829
f 5830 5831 5832
f 5833 5834 5835
f 5836 5837 5838
f 5839 5840 5841
f 5842 5843 5844
f 5845 5846 5847
f 5848 5849 5850
f 5851 5852 5853
f 5854 5855 5856
f 5857 5858 5859
f 5860 5861 5862
f 5863 5864 5865
f 5866 5867 5868
f 5869 5870 5871
f 5872 5873 5874
f 5875 5876 5877
f 5878 5879 5880
f 5881 5882 5883
f 5884 5885 5886
f 5887 5888 5889
f 5890 5891 5892
f 5893 5894 5895
f 5896 5897 5898
f 5899 5900 5901
f 5902 5903 5904
f 5905 5906 5907
f 5908 5909 5910
f 5911 5912 5913
f 5914 5915 5916
f 5917 5918 5919
f 5920 5921 5922
f 5923 5924 5925
f 5926 5927 5928
f 5929 5930 5931
f 5932 5933 5934
f 5935 5936 5937
f 5938 5939 5940
f 5941 5942 5943
f 5944 5945 5946
f 5947 5948 5949
f 5950 5951 5952
f 5953 5954 5955
f 5956 5957 5958
f 5959 5960 5961
f 5962 5963 5964
f 5965 5966 5967
f 5968 5969 5970
f 5971 5972 5973
f 5974 5975 5976
f 5977 5978 5979
f 5980 5981 5982
f 5983 5984 5985
f 5986 5987 5988
f 5989 5990 5991
f 5992 5993 5994
f 5995 5996 5997
f 5998 5999 6000
f 6001 6002 6003
f 6004 6005 6006
f 6007 6008 6009
f 6010 6011 6012
f 6013 6014 6015
f 6016 6017 6018
f 6019 6020 6021
f 6022 6023 6024
f 6025 6026 6027
f 6028 6029 6030
f 6031 6032 6033
f 6034 6035 6036
f 6037 6038 6039
f 6040 6041 6042
f 6043 6044 6045
f 6046 6047 6048
f 6049 6050 6051
f 6052 6053 6054
f 6055 6056 6057
f 6058 6059 6060
f 6061 6062 6063
f 6064 6065 6066
f 6067 6068 6069
f 6070 6071 6072
f 6073 6074 6075
f 6076 6077 6078
f 6079 6080 6081
f 6082 6083 6084
f 6085 6086 6087
f 6088 6089 6090
f 6091 6092 6093
f 6094 6095 6096
f 6097 6098 6099
f 6100 6101 6102
f 6103 6104 6105
f 6106 6107 6108
f 6109 6110 6111
f 6112 6113 6114
f 6115 6116 6117
f 6118 6119 6120
f 6121 6122 6123
f 6124 6125 6126
f 6127 6128 6129
f 6130 6131 6132
f 6133 6134 6135
f 6136 6137 6138
f 6139 6140 6141
f 6142 6143 6144
f 6145 6146 6147
f 6148 6149 6150
f 6151 6152 6153
f 6154 6155 6156
f 6157 6158 6159
f 6160 6161 6162
f 6163 6164 6165
f 6166 6167 6168
f 6169 6170 6171
f 6172 6173 6174
f 6175 6176 6177
f 6178 6179 6180
f 6181 6182 6183
f 6184 6185 6186
f 6187 6188 6189
f 6190 6191 6192
f 6193 6194 6195
f 6196 6197 6198
f 6199 6200 6201
f 6202 6203 6204
f 6205 6206 6207
f 6208 6209 6210
f 6211 6212 6213
f 6214 6215 6216
f 6217 6218 6219
f 6220 6221 6222
f 6223 6224 6225
f 6226 6227 6228
f 6229 6230 6231
f 6232 6233 6234
f 6235 6236 6237
f 6238 6239 6240
f 6241 6242 6243
f 6244 6245 6246
f 6247 6248 6249
f 6250 6251 6252
f 6253 6254 6255
f 6256 6257 6258
f 6259 6260 6261
f 6262 6263 6264
f 6265 6266 6267
f 6268 6269 6270
f 6271 6272 6273
f 6274 6275 6276
f 6277 6278 6279
f 6280 6281 6282
f 6283 6284 6285
f 6286 6287 6288
f 6289 6290 6291
f 6292 6293 6294
f 6295 6296 6297
f 6298 6299 6300
f 6301 6302 6303
f 6304 6305 6306
f 6307 6308 6309
f 6310 6311 6312
f 6313 6314 6315
f 6316 6317 6318
f 6319 6320 6321
f 6322 6323 6324
f 6325 6326 6327
f 6328 6329 6330
f 6331 6332 6333
f 6334 6335 6336
f 6337 6338 6339
f 6340 6341 6342
f 6343 6344 6345
f 6346 6347 6348
f 6349 6350 6351
f 6352 6353 6354
f 6355 6356 6357
f 6358 6359 6360
f 6361 6362 6363
f 6364 6365 6366
f 6367 6368 6369
f 6370 6371 6372
f 6373 6374 6375
f 6376 6377 6378
f 6379 6380 6381
f 6382 6383 6384
f 6385 6386 6387
f 6388 6389 6390
f 6391 6392 6393
f 6394 6395 6396
f 6397 6398 6399
f 6400 6401 6402
f 6403 6404 6405
f 6406 6407 6408
f 6409 6410 6411
f 6412 6413 6414
f 6415 6416 6417
f 6418 6419 6420
f 6421 6422 6423
f 6424 6425 6426
f 6427 6428 6429
f 6430 6431 6432
f 6433 6434 6435
f 6436 6437 6438
f 6439 6440 6441
f 6442 6443 6444
f 6445 6446 6447
f 6448 6449 6450
f 6451 6452 6453
f 6454 6455 6456
f 6457 6458 6459
f 6460 6461 6462
f 6463 6464 6465
f 6466 6467 6468
f 6469 6470 6471
f 6472 6473 6474
f 6475 6476 6477
f 6478 6479 6480
f 6481 6482 6483
f 6484 6485 6486
f 6487 6488 6489
f 6490 6491 6492
f 6493 6494 6495
f 6496 6497 6498
f 6499 6500 6501
f 6502 6503 6504
f 6505 6506 6507
f 6508 6509 6510
f 6511 6512 6513
f 6514 6515 6516
f 6517 6518 6519
f 6520 6521 6522
f 6523 6524 6525
f 6526 6527 6528
f 6529 6530 6531
f 6532 6533 6534
f 6535 6536 6537
f 6538 6539 6540
f 6541 6542 6543
f 6544 6545 6546
f 6547 6548 6549
f 6550 6551 6552
f 6553 6554 6555
f 6556 6557 6558
f 6559 6560 6561
f 6562 6563 6564
f 6565 6566 6567
f 6568 6569 6570
f 6571 6572 6573
f 6574 6575 6576
f 6577 6578 6579
f 6580 6581 6582
f 6583 6584 6585
f 6586 6587 6588
f 6589 6590 6591
f 6592 6593 6594
f 6595 6596 6597
f 6598 6599 6600
f 6601 6602 6603
f 6604 6605 6606
f 6607 6608 6609
f 6610 6611 6612
f 6613 6614 6615
f 6616 6617 6618
f 6619 6620 6621
f 6622 6623 6624
f 6625 6626 6627
f 6628 6629 6630
f 6631 6632 6633
f 6634 6635 6636
f 6637 6638 6639
f 6640 6641 6642
f 6643 6644 6645
f 6646 6647 6648
f 6649 6650 6651
f 6652 6653 6654
f 6655 6656 6657
f 6658 6659 6660
f 6661 6662 6663
f 6664 6665 6666
f 6667 6668 6669
f 6670 6671 6672
f 6673 6674 6675
f 6676 6677 6678
f 6679 6680 6681
f 6682 6683 6684
f 6685 6686 6687
f 6688 6689 6690
f 6691 6692 6693
f 6694 6695 6696
f 6697 6698 6699
f 6700 6701 6702
f 6703 6704 6705
f 6706 6707 6708
f 6709 6710 6711
f 6712 6713 6714
f 6715 6716 6717
f 6718 6719 6720
f 6721 6722 6723
f 6724 6725 6726
f 6727 6728 6729
f 6730 6731 6732
f 6733 6734 6735
f 6736 6737 6738
f 6739 6740 6741
f 6742 6743 6744
f 6745 6746 6747
f 6748 6749 6750
f 6751 6752 6753
f 6754 6755 6756
f 6757 6758 6759
f 6760 6761 6762
f 6763 6764 6765
f 6766 6767 6768
f 6769 6770 6771
f 6772 6773 6774
f 6775 6776 6777
f 6778 6779 6780
f 6781 6782 6783
f 6784 6785 6786
f 6787 6788 6789
f 6790 6791 6792
f 6793 6794 6795
f 6796 6797 6798
f 6799 6800 6801
f 6802 6803 6804
f 6805 6806 6807
f 6808 6809 6810
f 6811 6812 6813
f 6814 6815 6816
f 6817 6818 6819
f 6820 6821 6822
f 6823 6824 6825
f 6826 6827 6828
f 6829 6830 6831
f 6832 6833 6834
f 6835 6836 6837
f 6838 6839 6840
f 6841 6842 6843
f 6844 6845 6846
f 6847 6848 6849
f 6850 6851 6852
f 6853 6854 6855
f 6856 6857 6858
f 6859 6860 6861
f 6862 6863 6864
f 6865 6866 6867
f 6868 6869 6870
f 6871 6872 6873
f 6874 6875 6876
f 6877 6878 6879
f 6880 6881 6882
f 6883 6884 6885
f 6886 6887 6888
f 6889 6890 6891
f 6892 6893 6894
f 6895 6896 6897
f 6898 6899 6900
f 6901 6902 6903
f 6904 6905 6906
f 6907 6908 6909
f 6910 6911 6912
f 6913 6914 6915
f 6916 6917 6918
f 6919 6920 6921
f 6922 6923 6924
f 6925 6926 6927
f 6928 6929 6930
f 6931 6932 6933
f 6934 6935 6936
f 6937 6938 6939
f 6940 6941 6942
f 6943 6944 6945
f 6946 6947 6948
f 6949 6950 6951
f 6952 6953 6954
f 6955 6956 6957
f 6958 6959 6960
f 6961 6962 6963
f 6964 6965 6966
f 6967 6968 6969
f 6970 6971 6972
f 6973 6974 6975
f 6976 6977 6978
f 6979 6980 6981
f 6982 6983 6984
f 6985 6986 6987
f 6988 6989 6990
f 6991 6992 6993
f 6994 6995 6996
f 6997 6998 6999
f 7000 7001 7002
f 7003 7004 7005
f 7006 7007 7008
f 7009 7010 7011
f 7012 7013 7014
f 7015 7016 7017
f 7018 7019 7020
f 7021 7022 7023
f 7024 7025 7026
f 7027 7028 7029
f 7030 7031 7032
f 7033 7034 7035
f 7036 7037 7038
f 7039 7040 7041
f 7042 7043 7044
f 7045 7046 7047
f 7048 7049 7050
f 7051 7052 7053
f 7054 7055 7056
f 7057 7058 7059
f 7060 7061 7062
f 7063 7064 7065
f 7066 7067 7068
f 7069 7070 7071
f 7072 7073 7074
f 7075 7076 7077
f 7078 7079 7080
f 7081 7082 7083
f 7084 7085 7086
f 7087 7088 7089
f 7090 7091 7092
f 7093 7094 7095
f 7096 7097 7098
f 7099 7100 7101
f 7102 7103 7104
f 7105 7106 7107
f 7108 7109 7110
f 7111 7112 7113
f 7114 7115 7116
f 7117 7118 7119
f 7120 7121 7122
f 7123 7124 7125
f 7126 7127 7128
f 7129 7130 7131
f 7132 7133 7134
f 7135 7136 7137
f 7138 7139 7140
f 7141 7142 7143
f 7144 7145 7146
f 7147 7148 7149
f 7150 7151 7152
f 7153 7154 7155
f 7156 7157 7158
f 7159 7160 7161
f 7162 7163 7164
f 7165 7166 7167
f 7168 7169 7170
f 7171 7172 7173
f 7174 7175 7176
f 7177 7178 7179
f 7180 7181 7182
f 7183 7184 7185
f 7186 7187 7188
f 7189 7190 7191
f 7192 7193 7194
f 7195 7196 7197
f 7198 7199 7200
f 7201 7202 7203
f 7204 7205 7206
f 7207 7208 7209
f 7210 7211 7212
f 7213 7214 7215
f 7216 7217 7218
f 7219 7220 7221
f 7222 7223 7224
f 7225 7226 7227
f 7228 7229 7230
f 7231 7232 7233
f 7234 7235 7236
f 7237 7238 7239
f 7240 7241 7242
f 7243 7244 7245
f 7246 7247 7248
f 7249 7250 7251
f 7252 7253 7254
f 7255 7256 7257
f 7258 7259 7260
f 7261 7262 7263
f 7264 7265 7266
f 7267 7268 7269
f 7270 7271 7272
f 7273 7274 7275
f 7276 7277 7278
f 7279 7280 7281
f 7282 7283 7284
f 7285 7286 7287
f 7288 7289 7290
f 7291 7292 7293
f 7294 7295 7296
f 7297 7298 7299
f 7300 7301 7302
f 7303 7304 7305
f 7306 7307 7308
f 7309 7310 7311
f 7312 7313 7314
f 7315 7316 7317
f 7318 7319 7320
f 7321 7322 7323
f 7324 7325 7326
f 7327 7328 7329
f 7330 7331 7332
f 7333 7334 7335
f 7336 7337 7338
f 7339 7340 7341
f 7342 7343 7344
f 7345 7346 7347
f 7348 7349 7350
f 7351 7352 7353
f 7354 7355 7356
f 7357 7358 7359
f 7360 7361 7362
f 7363 7364 7365
f 7366 7367 7368
f 7369 7370 7371
f 7372 7373 7374
f 7375 7376 7377
f 7378 7379 7380
f 7381 7382 7383
f 7384 7385 7386
f 7387 7388 7389
f 7390 7391 7392
f 7393 7394 7395
f 7396 7397 7398
f 7399 7400 7401
f 7402 7403 7404
f 7405 7406 7407
f 7408 7409 7410
f 7411 7412 7413
f 7414 7415 7416
f 7417 7418 7419
f 7420 7421 7422
f 7423 7424 7425
f 7426 7427 7428
f 7429 7430 7431
f 7432 7433 7434
f 7435 7436 7437
f 7438 7439 7440
f 7441 7442 7443
f 7444 7445 7446
f 7447 7448 7449
f 7450 7451 7452
f 7453 7454 7455
f 7456 7457 7458
f 7459 7460 7461
f 7462 7463 7464
f 7465 7466 7467
f 7468 7469 7470
f 7471 7472 7473
f 7474 7475 7476
f 7477 7478 7479
f 7480 7481 7482
f 7483 7484 7485
f 7486 7487 7488
f 7489 7490 7491
f 7492 7493 7494
f 7495 7496 7497
f 7498 7499 7500
f 7501 7502 7503
f 7504 7505 7506
f 7507 7508 7509
f 7510 7511 7512
f 7513 7514 7515
f 7516 7517 7518
f 7519 7520 7521
f 7522 7523 7524
f 7525 7526 7527
f 7528 7529 7530
f 7531 7532 7533
f 7534 7535 7536
f 7537 7538 7539
f 7540 7541 7542
f 7543 7544 7545
f 7546 7547 7548
f 7549 7550 7551
f 7552 7553 7554
f 7555 7556 7557
f 7558 7559 7560
f 7561 7562 7563
f 7564 7565 7566
f 7567 7568 7569
f 7570 7571 7572
f 7573 7574 7575
f 7576 7577 7578
f 7579 7580 7581
f 7582 7583 7584
f 7585 7586 7587
f 7588 7589 7590
f 7591 7592 7593
f 7594 7595 7596
f 7597 7598 7599
f 7600 7601 7602
f 7603 7604 7605
f 7606 7607 7608
f 7609 7610 7611
f 7612 7613 7614
f 7615 7616 7617
f 7618 7619 7620
f 7621 7622 7623
f 7624 7625 7626
f 7627 7628 7629
f 7630 7631 7632
f 7633 7634 7635
f 7636 7637 7638
f 7639 7640 7641
f 7642 7643 7644
f 7645 7646 7647
f 7648 7649 7650
f 7651 7652 7653
f 7654 7655 7656
f 7657 7658 7659
f 7660 7661 7662
f 7663 7664 7665
f 7666 7667 7668
f 7669 7670 7671
f 7672 7673 7674
f 7675 7676 7677
f 7678 7679 7680
f 7681 7682 7683
f 7684 7685 7686
f 7687 7688 7689
f 7690 7691 7692
f 7693 7694 7695
f 7696 7697 7698
f 7699 7700 7701
f 7702 7703 7704
f 7705 7706 7707
f 7708 7709 7710
f 7711 7712 7713
f 7714 7715 7716
f 7717 7718 7719
f 7720 7721 7722
f 7723 7724 7725
f 7726 7727 7728
f 7729 7730 7731
f 7732 7733 7734
f 7735 7736 7737
f 7738 7739 7740
f 7741 7742 7743
f 7744 7745 7746
f 7747 7748 7749
f 7750 7751 7752
f 7753 7754 7755
f 7756 7757 7758
f 7759 7760 7761
f 7762 7763 7764
f 7765 7766 7767
f 7768 7769 7770
f 7771 7772 7773
f 7774 7775 7776
f 7777 7778 7779
f 7780 7781 7782
f 7783 7784 7785
f 7786 7787 7788
f 7789 7790 7791
f 7792 7793 7794
f 7795 7796 7797
f 7798 7799 7800
f 7801 7802 7803
f 7804 7805 7806
f 7807 7808 7809
f 7810 7811 7812
f 7813 7814 7815
f 7816 7817 7818
f 7819 7820 7821
f 7822 7823 7824
f 7825 7826 7827
f 7828 7829 7830
f 7831 7832 7833
f 7834 7835 7836
f 7837 7838 7839
f 7840 7841 7842
f 7843 7844 7845
f 7846 7847 7848
f 7849 7850 7851
f 7852 7853 7854
f 7855 7856 7857
f 7858 7859 7860
f 7861 7862 7863
f 7864 7865 7866
f 7867 7868 7869
f 7870 7871 7872
f 7873 7874 7875
f 7876 7877 7878
f 7879 7880 7881
f 7882 7883 7884
f 7885 7886 7887
f 7888 7889 7890
f 7891 7892 7893
f 7894 7895 7896
f 7897 7898 7899
f 7900 7901 7902
f 7903 7904 7905
f 7906 7907 7908
f 7909 7910 7911
f 7912 7913 7914
f 7915 7916 7917
f 7918 7919 7920
f 7921 7922 7923
f 7924 7925 7926
f 7927 7928 7929
f 7930 7931 7932
f 7933 7934 7935
f 7936 7937 7938
f 7939 7940 7941
f 7942 7943 7944
f 7945 7946 7947
f 7948 7949 7950
f 7951 7952 7953
f 7954 7955 7956
f 7957 7958 7959
f 7960 7961 7962
f 7963 7964 7965
f 7966 7967 7968
f 7969 7970 7971
f 7972 7973 7974
f 7975 7976 7977
f 7978 7979 7980
f 7981 7982 7983
f 7984 7985 7986
f 7987 7988 7989
f 7990 7991 7992
f 7993 7994 7995
f 7996 7997 7998
f 7999 8000 8001
f 8002 8003 8004
f 8005 8006 8007
f 8008 8009 8010
f 8011 8012 8013
f 8014 8015 8016
f 8017 8018 8019
f 8020 8021 8022
f 8023 8024 8025
f 8026 8027 8028
f 8029 8030 8031
f 8032 8033 8034
f 8035 8036 8037
f 8038 8039 8040
f 8041 8042 8043
f 8044 8045 8046
f 8047 8048 8049
f 8050 8051 8052
f 8053 8054 8055
f 8056 8057 8058
f 8059 8060 8061
f 8062 8063 8064
f 8065 8066 8067
f 8068 8069 8070
f 8071 8072 8073
f 8074 8075 8076
f 8077 8078 8079
f 8080 8081 8082
f 8083 8084 8085
f 8086 8087 8088
f 8089 8090 8091
f 8092 8093 8094
f 8095 8096 8097
f 8098 8099 8100
f 8101 8102 8103
f 8104 8105 8106
f 8107 8108 8109
f 8110 8111 8112
f 8113 8114 8115
f 8116 8117 8118
f 8119 8120 8121
f 8122 8123 8124
f 8125 8126 8127
f 8128 8129 8130
f 8131 8132 8133
f 8134 8135 8136
f 8137 8138 8139
f 8140 8141 8142
f 8143 8144 8145
f 8146 8147 8148
f 8149 8150 8151
f 8152 8153 8154
f 8155 8156 8157
f 8158 8159 8160
f 8161 8162 8163
f 8164 8165 8166
f 8167 8168 8169
f 8170 8171 8172
f 8173 8174 8175
f 8176 8177 8178
f 8179 8180 8181
f 8182 8183 8184
f 8185 8186 8187
f 8188 8189 8190
f 8191 8192 8193
f 8194 8195 8196
f 8197 8198 8199
f 8200 8201 8202
f 8203 8204 8205
f 8206 8207 8208
f 8209 8210 8211
f 8212 8213 8214
f 8215 8216 8217
f 8218 8219 8220
f 8221 8222 8223
f 8224 8225 8226
f 8227 8228 8229
f 8230 8231 8232
f 8233 8234 8235
f 8236 8237 8238
f 8239 8240 8241
f 8242 8243 8244
f 8245 8246 8247
f 8248 8249 8250
f 8251 8252 8253
f 8254 8255 8256
f 8257 8258 8259
f 8260 8261 8262
f 8263 8264 8265
f 8266 8267 8268
f 8269 8270 8271
f 8272 8273 8274
f 8275 8276 8277
f 8278 8279 8280
f 8281 8282 8283
f 8284 8285 8286
f 8287 8288 8289
f 8290 8291 8292
f 8293 8294 8295
f 8296 8297 8298
f 8299 8300 8301
f 8302 8303 8304
f 8305 8306 8307
f 8308 8309 8310
f 8311 8312 8313
f 8314 8315 8316
f 8317 8318 8319
f 8320 8321 8322
f 8323 8324 8325
f 8326 8327 8328
f 8329 8330 8331
f 8332 8333 8334
f 8335 8336 8337
f 8338 8339 8340
f 8341 8342 8343
f 8344 8345 8346
f 8347 8348 8349
f 8350 8351 8352
f 8353 8354 8355
f 8356 8357 8358
f 8359 8360 8361
f 8362 8363 8364
f 8365 8366 8367
f 8368 8369 8370
f 8371 8372 8373
f 8374 8375 8376
f 8377 8378 8379
f 8380 8381 8382
f 8383 8384 8385
f 8386 8387 8388
f 8389 8390 8391
f 8392 8393 8394
f 8395 8396 8397
f 8398 8399 8400
f 8401 8402 8403
f 8404 8405 8406
f 8407 8408 8409
f 8410 8411 8412
f 8413 8414 8415
f 8416 8417 8418
f 8419 8420 8421
f 8422 8423 8424
f 8425 8426 8427
f 8428 8429 8430
f 8431 8432 8433
f 8434 8435 8436
f 8437 8438 8439
f 8440 8441 8442
f 8443 8444 8445
f 8446 8447 8448
f 8449 8450 8451
f 8452 8453 8454
f 8455 8456 8457
f 8458 8459 8460
f 8461 8462 8463
f 8464 8465 8466
f 8467 8468 8469
f 8470 8471 8472
f 8473 8474 8475
f 8476 8477 8478
f 8479 8480 8481
f 8482 8483 8484
f 8485 8486 8487
f 8488 8489 8490
f 8491 8492 8493
f 8494 8495 8496
f 8497 8498 8499
f 8500 8501 8502
f 8503 8504 8505
f 8506 8507 8508
f 8509 8510 8511
f 8512 8513 8514
f 8515 8516 8517
f 8518 8519 8520
f 8521 8522 8523
f 8524 8525 8526
f 8527 8528 8529
f 8530 8531 8532
f 8533 8534 8535
f 8536 8537 8538
f 8539 8540 8541
f 8542 8543 8544
f 8545 8546 8547
f 8548 8549 8550
f 8551 8552 8553
f 8554 8555 8556
f 8557 8558 8559
f 8560 8561 8562
f 8563 8564 8565
f 8566 8567 8568
f 8569 8570 8571
f 8572 8573 8574
f 8575 8576 8577
f 8578 8579 8580
f 8581 8582 8583
f 8584 8585 8586
f 8587 8588 8589
f 8590 8591 8592
f 8593 8594 8595
f 8596 8597 8598
f 8599 8600 8601
f 8602 8603 8604
f 8605 8606 8607
f 8608 8609 8610
f 8611 8612 8613
f 8614 8615 8616
f 8617 8618 8619
f 8620 8621 8622
f 8623 8624 8625
f 8626 8627 8628
f 8629 8630 8631
f 8632 8633 8634
f 8635 8636 8637
f 8638 8639 8640
f 8641 8642 8643
f 8644 8645 8646
f 8647 8648 8649
f 8650 8651 8652
f 8653 8654 8655
f 8656 8657 8658
f 8659 8660 8661
f 8662 8663 8664
f 8665 8666 8667
f 8668 8669 8670
f 8671 8672 8673
f 8674 8675 8676
f 8677 8678 8679
f 8680 8681 8682
f 8683 8684 8685
f 8686 8687 8688
f 8689 8690 8691
f 8692 8693 8694
f 8695 8696 8697
f 8698 8699 8700
f 8701 8702 8703
f 8704 8705 8706
f 8707 8708 8709
f 8710 8711 8712
f 8713 8714 8715
f 8716 8717 8718
f 8719 8720 8721
f 8722 8723 8724
f 8725 8726 8727
f 8728 8729 8730
f 8731 8732 8733
f 8734 8735 8736
f 8737 8738 8739
f 8740 8741 8742
f 8743 8744 8745
f 8746 8747 8748
f 8749 8750 8751
f 8752 8753 8754
f 8755 8756 8757
f 8758 8759 8760
f 8761 8762 8763
f 8764 8765 8766
f 8767 8768 8769
f 8770 8771 8772
f 8773 8774 8775
f 8776 8777 8778
f 8779 8780 8781
f 8782 8783 8784
f 8785 8786 8787
f 8788 8789 8790
f 8791 8792 8793
f 8794 8795 8796
f 8797 8798 8799
f 8800 8801 8802
f 8803 8804 8805
f 8806 8807 8808
f 8809 8810 8811
f 8812 8813 8814
f 8815 8816 8817
f 8818 8819 8820
f 8821 8822 8823
f 8824 8825 8826
f 8827 8828 8829
f 8830 8831 8832
f 8833 8834 8835
f 8836 8837 8838
f 8839 8840 8841
f 8842 8843 8844
f 8845 8846 8847
f 8848 8849 8850
f 8851 8852 8853
f 8854 8855 8856
f 8857 8858 8859
f 8860 8861 8862
f 8863 8864 8865
f 8866 8867 8868
f 8869 8870 8871
f 8872 8873 8874
f 8875 8876 8877
f 8878 8879 8880
f 8881 8882 8883
f 8884 8885 8886
f 8887 8888 8889
f 8890 8891 8892
f 8893 8894 8895
f 8896 8897 8898
f 8899 8900 8901
f 8902 8903 8904
f 8905 8906 8907
f 8908 8909 8910
f 8911 8912 8913
f 8914 8915 8916
f 8917 8918 8919
f 8920 8921 8922
f 8923 8924 8925
f 8926 8927 8928
f 8929 8930 8931
f 8932 8933 8934
f 8935 8936 8937
f 8938 8939 8940
f 8941 8942 8943
f 8944 8945 8946
f 8947 8948 8949
f 8950 8951 8952
f 8953 8954 8955
f 8956 8957 8958
f 8959 8960 8961
f 8962 8963 8964
f 8965 8966 8967
f 8968 8969 8970
f 8971 8972 8973
f 8974 8975 8976
f 8977 8978 8979
f 8980 8981 8982
f 8983 8984 8985
f 8986 8987 8988
f 8989 8990 8991
f 8992 8993 8994
f 8995 8996 8997
f 8998 8999 9000
f 9001 9002 9003
f 9004 9005 9006
f 9007 9008 9009
f 9010 9011 9012
f 9013 9014 9015
f 9016 9017 9018
f 9019 9020 9021
f 9022 9023 9024
f 9025 9026 9027
f 9028 9029 9030
f 9031 9032 9033
f 9034 9035 9036
f 9037 9038 9039
f 9040 9041 9042
f 9043 9044 9045
f 9046 9047 9048
f 9049 9050 9051
f 9052 9053 9054
f 9055 9056 9057
f 9058 9059 9060
f 9061 9062 9063
f 9064 9065 9066
f 9067 9068 9069
f 9070 9071 9072
f 9073 9074 9075
f 9076 9077 9078
f 9079 9080 9081
f 9082 9083 9084
f 9085 9086 9087
f 9088 9089 9090
f 9091 9092 9093
f 9094 9095 9096
f 9097 9098 9099
f 9100 9101 9102
f 9103 9104 9105
f 9106 9107 9108
f 9109 9110 9111
f 9112 9113 9114
f 9115 9116 9117
f 9118 9119 9120
f 9121 9122 9123
f 9124 9125 9126
f 9127 9128 9129
f 9130 9131 9132
f 9133 9134 9135
f 9136 9137 9138
f 9139 9140 9141
f 9142 9143 9144
f 9145 9146 9147
f 9148 9149 9150
f 9151 9152 9153
f 9154 9155 9156
f 9157 9158 9159
f 9160 9161 9162
f 9163 9164 9165
f 9166 9167 9168
f 9169 9170 9171
f 9172 9173 9174
f 9175 9176 9177
f 9178 9179 9180
f 9181 9182 9183
f 9184 9185 9186
f 9187 9188 9189
f 9190 9191 9192
f 9193 9194 9195
f 9196 9197 9198
f 9199 9200 9201
f 9202 9203 9204
f 9205 9206 9207
f 9208 9209 9210
f 9211 9212 9213
f 9214 9215 9216
f 9217 9218 9219
f 9220 9221 9222
f 9223 9224 9225
f 9226 9227 9228
f 9229 9230 9231
f 9232 9233 9234
f 9235 9236 9237
f 9238 9239 9240
f 9241 9242 9243
f 9244 9245 9246
f 9247 9248 9249
f 9250 9251 9252
f 9253 9254 9255
f 9256 9257 9258
f 9259 9260 9261
f 9262 9263 9264
f 9265 9266 9267
f 9268 9269 9270
f 9271 9272 9273
f 9274 9275 9276
f 9277 9278 9279
f 9280 9281 9282
f 9283 9284 9285
f 9286 9287 9288
f 9289 9290 9291
f 9292 9293 9294
f 9295 9296 9297
f 9298 9299 9300
f 9301 9302 9303
f 9304 9305 9306
f 9307 9308 9309
f 9310 9311 9312
f 9313 9314 9315
f 9316 9317 9318
f 9319 9320 9321
f 9322 9323 9324
f 9325 9326 9327
f 9328 9329 9330
f 9331 9332 9333
f 9334 9335 9336
f 9337 9338 9339
f 9340 9341 9342
f 9343 9344 9345
f 9346 9347 9348
f 9349 9350 9351
f 9352 9353 9354
f 9355 9356 9357
f 9358 9359 9360
f 9361 9362 9363
f 9364 9365 9366
f 9367 9368 9369
f 9370 9371 9372
f 9373 9374 9375
f 9376 9377 9378
f 9379 9380 9381
f 9382 9383 9384
f 9385 9386 9387
f 9388 9389 9390
f 9391 9392 9393
f 9394 9395 9396
f 9397 9398 9399
f 9400 9401 9402
f 9403 9404 9405
f 9406 9407 9408
f 9409 9410 9411
f 9412 9413 9414
f 9415 9416 9417
f 9418 9419 9420
f 9421 9422 9423
f 9424 9425 9426
f 9427 9428 9429
f 9430 9431 9432
f 9433 9434 9435
f 9436 9437 9438
f 9439 9440 9441
f 9442 9443 9444
f 9445 9446 9447
f 9448 9449 9450
f 9451 9452 9453
f 9454 9455 9456
f 9457 9458 9459
f 9460 9461 9462
f 9463 9464 9465
f 9466 9467 9468
f 9469 9470 9471
f 9472 9473 9474
f 9475 9476 9477
f 9478 9479 9480
f 9481 9482 9483
f 9484 9485 9486
f 9487 9488 9489
f 9490 9491 9492
f 9493 9494 9495
f 9496 9497 9498
f 9499 9500 9501
f 9502 9503 9504
f 9505 9506 9507
f 9508 9509 9510
f 9511 9512 9513
f 9514 9515 9516
f 9517 9518 9519
f 9520 9521 9522
f 9523 9524 9525
f 9526 9527 9528
f 9529 9530 9531
f 9532 9533 9534
f 9535 9536 9537
f 9538 9539 9540
f 9541 9542 9543
f 9544 9545 9546
f 9547 9548 9549
f 9550 9551 9552
f 9553 9554 9555
f 9556 9557 9558
f 9559 9560 9561
f 9562 9563 9564
f 9565 9566 9567
f 9568 9569 9570
f 9571 9572 9573
f 9574 9575 9576
f 9577 9578 9579
f 9580 9581 9582
f 9583 9584 9585
f 9586 9587 9588
f 9589 9590 9591
f 9592 9593 9594
f 9595 9596 9597
f 9598 9599 9600
f 9601 9602 9603
f 9604 9605 9606
f 9607 9608 9609
f 9610 9611 9612
f 9613 9614 9615
f 9616 9617 9618
f 9619 9620 9621
f 9622 9623 9624
f 9625 9626 9627
f 9628 9629 9630
f 9631 9632 9633
f 9634 9635 9636
f 9637 9638 9639
f 9640 9641 9642
f 9643 9644 9645
f 9646 9647 9648
f 9649 9650 9651
f 9652 9653 9654
f 9655 9656 9657
f 9658 9659 9660
f 9661 9662 9663
f 9664 9665 9666
f 9667 9668 9669
f 9670 9671 9672
f 9673 9674 9675
f 9676 9677 9678
f 9679 9680 9681
f 9682 9683 9684
f 9685 9686 9687
f 9688 9689 9690
f 9691 9692 9693
f 9694 9695 9696
f 9697 9698 9699
f 9700 9701 9702
f 9703 9704 9705
f 9706 9707 9708
f 9709 9710 9711
f 9712 9713 9714
f 9715 9716 9717
f 9718 9719 9720
f 9721 9722 9723
f 9724 9725 9726
f 9727 9728 9729
f 9730 9731 9732
f 9733 9734 9735
f 9736 9737 9738
f 9739 9740 9741
f 9742 9743 9744
f 9745 9746 9747
f 9748 9749 9750
f 9751 9752 9753
f 9754 9755 9756
f 9757 9758 9759
f 9760 9761 9762
f 9763 9764 9765
f 9766 9767 9768
f 9769 9770 9771
f 9772 9773 9774
f 9775 9776 9777
f 9778 9779 9780
f 9781 9782 9783
f 9784 9785 9786
f 9787 9788 9789
f 9790 9791 9792
f 9793 9794 9795
f 9796 9797 9798
f 9799 9800 9801
f 9802 9803 9804
f 9805 9806 9807
f 9808 9809 9810
f 9811 9812 9813
f 9814 9815 9816
f 9817 9818 9819
f 9820 9821 9822
f 9823 9824 9825
f 9826 9827 9828
f 9829 9830 9831
f 9832 9833 9834
f 9835 9836 9837
f 9838 9839 9840
f 9841 9842 9843
f 9844 9845 9846
f 9847 9848 9849
f 9850 9851 9852
f 9853 9854 9855
f 9856 9857 9858
f 9859 9860 9861
f 9862 9863 9864
f 9865 9866 9867
f 9868 9869 9870
f 9871 9872 9873
f 9874 9875 9876
f 9877 9878 9879
f 9880 9881 9882
f 9883 9884 9885
f 9886 9887 9888
f 9889 9890 9891
f 9892 9893 9894
f 9895 9896 9897
f 9898 9899 9900
f 9901 9902 9903
f 9904 9905 9906
f 9907 9908 9909
f 9910 9911 9912
f 9913 9914 9915
f 9916 9917 9918
f 9919 9920 9921
f 9922 9923 9924
f 9925 9926 9927
f 9928 9929 9930
f 9931 9932 9933
f 9934 9935 9936
f 9937 9938 9939
f 9940 9941 9942
f 9943 9944 9945
f 9946 9947 9948
f 9949 9950 9951
f 9952 9953 9954
f 9955 9956 9957
f 9958 9959 9960
f 9961 9962 9963
f 9964 9965 9966
f 9967 9968 9969
f 9970 9971 9972
f 9973 9974 9975
f 9976 9977 9978
f 9979 9980 9981
f 9982 9983 9984
f 9985 9986 9987
f 9988 9989 9990
f 9991 9992 9993
f 9994 9995 9996
f 9997 9998 9999
f 10000 10001 10002
f 10003 10004 10005
f 10006 10007 10008
f 10009 10010 10011
f 10012 10013 10014
f 10015 10016 10017
f 10018 10019 10020
f 10021 10022 10023
f 10024 10025 10026
f 10027 10028 10029
f 10030 10031 10032
f 10033 10034 10035
f 10036 10037 10038
f 10039 10040 10041
f 10042 10043 10044
f 10045 10046 10047
f 10048 10049 10050
f 10051 10052 10053
f 10054 10055 10056
f 10057 10058 10059
f 10060 10061 10062
f 10063 10064 10065
f 10066 10067 10068
f 10069 10070 10071
f 10072 10073 10074
f 10075 10076 10077
f 10078 10079 10080
f 10081 10082 10083
f 10084 10085 10086
f 10087 10088 10089
f 10090 10091 10092
f 10093 10094 10095
f 10096 10097 10098
f 10099 10100 10101
f 10102 10103 10104
f 10105 10106 10107
f 10108 10109 10110
f 10111 10112 10113
f 10114 10115 10116
f 10117 10118 10119
f 10120 10121 10122
f 10123 10124 10125
f 10126 10127 10128
f 10129 10130 10131
f 10132 10133 10134
f 10135 10136 10137
f 10138 10139 10140
f 10141 10142 10143
f 10144 10145 10146
f 10147 10148 10149
f 10150 10151 10152
f 10153 10154 10155
f 10156 10157 10158
f 10159 10160 10161
f 10162 10163 10164
f 10165 10166 10167
f 10168 10169 10170
f 10171 10172 10173
f 10174 10175 10176
f 10177 10178 10179
f 10180 10181 10182
f 10183 10184 10185
f 10186 10187 10188
f 10189 10190 10191
f 10192 10193 10194
f 10195 10196 10197
f 10198 10199 10200
f 10201 10202 10203
f 10204 10205 10206
f 10207 10208 10209
f 10210 10211 10212
f 10213 10214 10215
f 10216 10217 10218
f 10219 10220 10221
f 10222 10223 10224
f 10225 10226 10227
f 10228 10229 10230
f 10231 10232 10233
f 10234 10235 10236
f 10237 10238 10239
f 10240 10241 10242
f 10243 10244 10245
f 10246 10247 10248
f 10249 10250 10251
f 10252 10253 10254
f 10255 10256 10257
f 10258 10259 10260
f 10261 10262 10263
f 10264 10265 10266
f 10267 10268 10269
f 10270 10271 10272
f 10273 10274 10275
f 10276 10277 10278
f 10279 10280 10281
f 10282 10283 10284
f 10285 10286 10287
f 10288 10289 10290
f 10291 10292 10293
f 10294 10295 10296
f 10297 10298 10299
f 10300 10301 10302
f 10303 10304 10305
f 10306 10307 10308
f 10309 10310 10311
f 10312 10313 10314
f 10315 10316 10317
f 10318 10319 10320
f 10321 10322 10323
f 10324 10325 10326
f 10327 10328 10329
f 10330 10331 10332
f 10333 10334 10335
f 10336 10337 10338
f 10339 10340 10341
f 10342 10343 10344
f 10345 10346 10347
f 10348 10349 10350
f 10351 10352 10353
f 10354 10355 10356
f 10357 10358 10359
f 10360 10361 10362
f 10363 10364 10365
f 10366 10367 10368
f 10369 10370 10371
f 10372 10373 10374
f 10375 10376 10377
f 10378 10379 10380
f 10381 10382 10383
f 10384 10385 10386
f 10387 10388 10389
f 10390 10391 10392
f 10393 10394 10395
f 10396 10397 10398
f 10399 10400 10401
f 10402 10403 10404
f 10405 10406 10407
f 10408 10409 10410
f 10411 10412 10413
f 10414 10415 10416
f 10417 10418 10419
f 10420 10421 10422
f 10423 10424 10425
f 10426 10427 10428
f 10429 10430 10431
f 10432 10433 10434
f 10435 10436 10437
f 10438 10439 10440
f 10441 10442 10443
f 10444 10445 10446
f 10447 10448 10449
f 10450 10451 10452
f 10453 10454 10455
f 10456 10457 10458
f 10459 10460 10461
f 10462 10463 10464
f 10465 10466 10467
f 10468 10469 10470
f 10471 10472 10473
f 10474 10475 10476
f 10477 10478 10479
f 10480 10481 10482
f 10483 10484 10485
f 10486 10487 10488
f 10489 10490 10491
f 10492 10493 10494
f 10495 10496 10497
f 10498 10499 10500
f 10501 10502 10503
f 10504 10505 10506
f 10507 10508 10509
f 10510 10511 10512
f 10513 10514 10515
f 10516 10517 10518
f 10519 10520 10521
f 10522 10523 10524
f 10525 10526 10527
f 10528 10529 10530
f 10531 10532 10533
f 10534 10535 10536
f 10537 10538 10539
f 10540 10541 10542
f 10543 10544 10545
f 10546 10547 10548
f 10549 10550 10551
f 10552 10553 10554
f 10555 10556 10557
f 10558 10559 10560
f 10561 10562 10563
f 10564 10565 10566
f 10567 10568 10569
f 10570 10571 10572
f 10573 10574 10575
f 10576 10577 10578
f 10579 10580 10581
f 10582 10583 10584
f 10585 10586 10587
f 10588 10589 10590
f 10591 10592 10593
f 10594 10595 10596
f 10597 10598 10599
f 10600 10601 10602
f 10603 10604 10605
f 10606 10607 10608
f 10609 10610 10611
f 10612 10613 10614
f 10615 10616 10617
f 10618 10619 10620
f 10621 10622 10623
f 10624 10625 10626
f 10627 10628 10629
f 10630 10631 10632
f 10633 10634 10635
f 10636 10637 10638
f 10639 10640 10641
f 10642 10643 10644
f 10645 10646 10647
f 10648 10649 10650
f 10651 10652 10653
f 10654 10655 10656
f 10657 10658 10659
f 10660 10661 10662
f 10663 10664 10665
f 10666 10667 10668
f 10669 10670 10671
f 10672 10673 10674
f 10675 10676 10677
f 10678 10679 10680
f 10681 10682 10683
f 10684 10685 10686
f 10687 10688 10689
f 10690 10691 10692
f 10693 10694 10695
f 10696 10697 10698
f 10699 10700 10701
f 10702 10703 10704
f 10705 10706 10707
f 10708 10709 10710
f 10711 10712 10713
f 10714 10715 10716
f 10717 10718 10719
f 10720 10721 10722
f 10723 10724 10725
f 10726 10727 10728
f 10729 10730 10731
f 10732 10733 10734
f 10735 10736 10737
f 10738 10739 10740
f 10741 10742 10743
f 10744 10745 10746
f 10747 10748 10749
f 10750 10751 10752
f 10753 10754 10755
f 10756 10757 10758
f 10759 10760 10761
f 10762 10763 10764
f 10765 10766 10767
f 10768 10769 10770
f 10771 10772 10773
f 10774 10775 10776
f 10777 10778 10779
f 10780 10781 10782
f 10783 10784 10785
f 10786 10787 10788
f 10789 10790 10791
f 10792 10793 10794
f 10795 10796 10797
f 10798 10799 10800
f 10801 10802 10803
f 10804 10805 10806
f 10807 10808 10809
f 10810 10811 10812
f 10813 10814 10815
f 10816 10817 10818
f 10819 10820 10821
f 10822 10823 10824
f 10825 10826 10827
f 10828 10829 10830
f 10831 10832 10833
f 10834 10835 10836
f 10837 10838 10839
f 10840 10841 10842
f 10843 10844 10845
f 10846 10847 10848
f 10849 10850 10851
f 10852 10853 10854
f 10855 10856 10857
f 10858 10859 10860
f 10861 10862 10863
f 10864 10865 10866
f 10867 10868 10869
f 10870 10871 10872
f 10873 10874 10875
f 10876 10877 10878
f 10879 10880 10881
f 10882 10883 10884
f 10885 10886 10887
f 10888 10889 10890
f 10891 10892 10893
f 10894 10895 10896
f 10897 10898 10899
f 10900 10901 10902
f 10903 10904 10905
f 10906 10907 10908
f 10909 10910 10911
f 10912 10913 10914
f 10915 10916 10917
f 10918 10919 10920
f 10921 10922 10923
f 10924 10925 10926
f 10927 10928 10929
f 10930 10931 10932
f 10933 10934 10935
f 10936 10937 10938
f 10939 10940 10941
f 10942 10943 10944
f 10945 10946 10947
f 10948 10949 10950
f 10951 10952 10953
f 10954 10955 10956
f 10957 10958 10959
f 10960 10961 10962
f 10963 10964 10965
f 10966 10967 10968
f 10969 10970 10971
f 10972 10973 10974
