mtllib R_thumb_distal_visuals_Link14_R_mesh.mtl
v -0.000521585170645267 -0.007374858018010854 -0.0024500000290572656
v -0.0009128389065153901 -0.007686174940317868 -0.0029499998781830085
v -0.00030474780942313384 -0.008217626251280306 -0.0029499998781830085
v -0.000521585170645267 -0.007374858018010854 -0.0024500000290572656
v -0.00030474780942313384 -0.008217626251280306 -0.0029499998781830085
v -4.862445348408075e-05 -0.007788209244608878 -0.0024500000290572656
v -4.862445348408075e-05 -0.007788209244608878 -0.0024500000290572656
v -0.00030474780942313384 -0.008217626251280306 -0.0029499998781830085
v -0.00024270672292914252 -0.008253308944404123 -0.0029499998781830085
v -4.862445348408075e-05 -0.007788209244608878 -0.0024500000290572656
v -0.00024270672292914252 -0.008253308944404123 -0.0029499998781830085
v 0.0005398246576078238 -0.008007929660379885 -0.0024500000290572656
v -0.00024270672292914252 -0.008253308944404123 -0.0029499998781830085
v 0.00045182876056060217 -0.00850012432783842 -0.0029499998781830085
v 0.0005398246576078238 -0.008007929660379885 -0.0024500000290572656
v 0.0005398246576078238 -0.008007929660379885 -0.0024500000290572656
v 0.00045182876056060217 -0.00850012432783842 -0.0029499998781830085
v 0.0005934504442848267 -0.008520821109414099 -0.0029499998781830085
v 0.0005398246576078238 -0.008007929660379885 -0.0024500000290572656
v 0.0005934504442848267 -0.008520821109414099 -0.0029499998781830085
v 0.0011679553426802163 -0.008005710318684576 -0.0024500000290572656
v 0.002013984601944686 -0.00820944271981716 -0.0029499998781830085
v 0.0017548344330862173 -0.007781843189150094 -0.0024500000290572656
v 0.0014683310873806483 -0.008447987027466295 -0.0029499998781830085
v 0.0014683310873806483 -0.008447987027466295 -0.0029499998781830085
v 0.0017548344330862173 -0.007781843189150094 -0.0024500000290572656
v 0.0011679553426802163 -0.008005710318684576 -0.0024500000290572656
v 0.0014683310873806483 -0.008447987027466295 -0.0029499998781830085
v 0.0011679553426802163 -0.008005710318684576 -0.0024500000290572656
v 0.0012594207655638463 -0.008497274480760096 -0.0029499998781830085
v 0.0012594207655638463 -0.008497274480760096 -0.0029499998781830085
v 0.0011679553426802163 -0.008005710318684576 -0.0024500000290572656
v 0.0005934504442848267 -0.008520821109414099 -0.0029499998781830085
v 0.0019071109127253303 -0.007034394890069961 -0.0024500000290572656
v 0.0019071109127253303 -0.007034394890069961 -0.004449999891221525
v 0.0013287026667967445 -0.007367689162492751 -0.0024500000290572656
v 0.0013287026667967445 -0.007367689162492751 -0.0024500000290572656
v 0.0019071109127253303 -0.007034394890069961 -0.004449999891221525
v 0.0013287026667967445 -0.007367689162492751 -0.004449999891221525
v 0.0013287026667967445 -0.007367689162492751 -0.0024500000290572656
v 0.0013287026667967445 -0.007367689162492751 -0.004449999891221525
v 0.0006629686686210338 -0.007417012471705674 -0.0024500000290572656
v 0.0006629686686210338 -0.007417012471705674 -0.0024500000290572656
v 0.0013287026667967445 -0.007367689162492751 -0.004449999891221525
v 0.0006629686686210338 -0.007417012471705674 -0.004449999891221525
v 0.0006629686686210338 -0.007417012471705674 -0.0024500000290572656
v 0.0006629686686210338 -0.007417012471705674 -0.004449999891221525
v 4.175710637355225e-05 -0.007172601763159036 -0.0024500000290572656
v 4.175710637355225e-05 -0.007172601763159036 -0.0024500000290572656
v 0.0006629686686210338 -0.007417012471705674 -0.004449999891221525
v 4.175710637355225e-05 -0.007172601763159036 -0.004449999891221525
v 4.175710637355225e-05 -0.007172601763159036 -0.0024500000290572656
v 4.175710637355225e-05 -0.007172601763159036 -0.004449999891221525
v -0.00041188931209035234 -0.006682861130684613 -0.0024500000290572656
v -0.00041188931209035234 -0.006682861130684613 -0.0024500000290572656
v 4.175710637355225e-05 -0.007172601763159036 -0.004449999891221525
v -0.00041188931209035234 -0.006682861130684613 -0.004449999891221525
v -0.00041188931209035234 -0.006682861130684613 -0.0024500000290572656
v -0.00041188931209035234 -0.006682861130684613 -0.004449999891221525
v -0.0006081229657866063 -0.006044792942702769 -0.0024500000290572656
v -0.0006081229657866063 -0.006044792942702769 -0.0024500000290572656
v -0.00041188931209035234 -0.006682861130684613 -0.004449999891221525
v -0.0006081229657866063 -0.006044792942702769 -0.004449999891221525
v -0.0006081229657866063 -0.006044792942702769 -0.0024500000290572656
v -0.0006081229657866063 -0.006044792942702769 -0.004449999891221525
v -0.0005080695846118035 -0.005384769290685653 -0.0024500000290572656
v -0.0005080695846118035 -0.005384769290685653 -0.0024500000290572656
v -0.0006081229657866063 -0.006044792942702769 -0.004449999891221525
v -0.0005080695846118035 -0.005384769290685653 -0.004449999891221525
v -0.0005080695846118035 -0.005384769290685653 -0.0024500000290572656
v -0.0005080695846118035 -0.005384769290685653 -0.004449999891221525
v -0.00013155510532669728 -0.0048335213214159 -0.0024500000290572656
v -0.00013155510532669728 -0.0048335213214159 -0.0024500000290572656
v -0.0005080695846118035 -0.005384769290685653 -0.004449999891221525
v -0.00013155510532669728 -0.0048335213214159 -0.004449999891221525
v 0.0010193302296102051 -0.0011004384141415355 -0.0024500000290572656
v 0.0010193302296102051 -0.0011004384141415355 -0.004449999891221525
v 0.0004409220418892803 -0.0014337329193949697 -0.0024500000290572656
v 0.0004409220418892803 -0.0014337329193949697 -0.0024500000290572656
v 0.0010193302296102051 -0.0011004384141415355 -0.004449999891221525
v 0.0004409220418892803 -0.0014337329193949697 -0.004449999891221525
v 0.0004409220418892803 -0.0014337329193949697 -0.0024500000290572656
v 0.0004409220418892803 -0.0014337329193949697 -0.004449999891221525
v -0.00022481179621536296 -0.0014830562286078928 -0.0024500000290572656
v -0.00022481179621536296 -0.0014830562286078928 -0.0024500000290572656
v 0.0004409220418892803 -0.0014337329193949697 -0.004449999891221525
v -0.00022481179621536296 -0.0014830562286078928 -0.004449999891221525
v -0.00022481179621536296 -0.0014830562286078928 -0.0024500000290572656
v -0.00022481179621536296 -0.0014830562286078928 -0.004449999891221525
v -0.0008460237295366827 -0.0012386451708152888 -0.0024500000290572656
v -0.0008460237295366827 -0.0012386451708152888 -0.0024500000290572656
v -0.00022481179621536296 -0.0014830562286078928 -0.004449999891221525
v -0.0008460237295366827 -0.0012386451708152888 -0.004449999891221525
v -0.0008460237295366827 -0.0012386451708152888 -0.0024500000290572656
v -0.0008460237295366827 -0.0012386451708152888 -0.004449999891221525
v -0.0012996698496863252 -0.0007489050040021538 -0.0024500000290572656
v -0.0012996698496863252 -0.0007489050040021538 -0.0024500000290572656
v -0.0008460237295366827 -0.0012386451708152888 -0.004449999891221525
v -0.0012996698496863252 -0.0007489050040021538 -0.004449999891221525
v -0.0012996698496863252 -0.0007489050040021538 -0.0024500000290572656
v -0.0012996698496863252 -0.0007489050040021538 -0.004449999891221525
v -0.00149589718785137 -0.00011083282879553734 -0.0024500000290572656
v -0.00149589718785137 -0.00011083282879553734 -0.0024500000290572656
v -0.0012996698496863252 -0.0007489050040021538 -0.004449999891221525
v -0.00149589718785137 -0.00011083282879553734 -0.004449999891221525
v -0.00149589718785137 -0.00011083282879553734 -0.0024500000290572656
v -0.00149589718785137 -0.00011083282879553734 -0.004449999891221525
v -0.001395850093103946 0.0005491870688274502 -0.0024500000290572656
v -0.001395850093103946 0.0005491870688274502 -0.0024500000290572656
v -0.00149589718785137 -0.00011083282879553734 -0.004449999891221525
v -0.001395850093103946 0.0005491870688274502 -0.004449999891221525
v -0.001395850093103946 0.0005491870688274502 -0.0024500000290572656
v -0.001395850093103946 0.0005491870688274502 -0.004449999891221525
v -0.0010193292982876305 0.0011004389962181447 -0.0024500000290572656
v -0.0010193292982876305 0.0011004389962181447 -0.0024500000290572656
v -0.001395850093103946 0.0005491870688274502 -0.004449999891221525
v -0.0010193292982876305 0.0011004389962181447 -0.004449999891221525
v 3.833578739431689e-05 -0.005016925744712352 -0.00954999960958958
v 3.833578739431689e-05 -0.005016925744712352 -0.0075500002130866085
v -0.00027542730094864975 -0.005476300138980149 -0.00954999960958958
v -0.00027542730094864975 -0.005476300138980149 -0.00954999960958958
v 3.833578739431689e-05 -0.005016925744712352 -0.0075500002130866085
v -0.00027542730094864975 -0.005476300138980149 -0.0075500002130866085
v -0.00027542730094864975 -0.005476300138980149 -0.00954999960958958
v -0.00027542730094864975 -0.005476300138980149 -0.0075500002130866085
v -0.0003588018298614772 -0.006026317831128835 -0.00954999960958958
v -0.0003588018298614772 -0.006026317831128835 -0.00954999960958958
v -0.00027542730094864975 -0.005476300138980149 -0.0075500002130866085
v -0.0003588018298614772 -0.006026317831128835 -0.0075500002130866085
v -0.0003588018298614772 -0.006026317831128835 -0.00954999960958958
v -0.0003588018298614772 -0.006026317831128835 -0.0075500002130866085
v -0.0001952789461938665 -0.006558045279234647 -0.00954999960958958
v -0.0001952789461938665 -0.006558045279234647 -0.00954999960958958
v -0.0003588018298614772 -0.006026317831128835 -0.0075500002130866085
v -0.0001952789461938665 -0.006558045279234647 -0.0075500002130866085
v -0.0001952789461938665 -0.006558045279234647 -0.00954999960958958
v -0.0001952789461938665 -0.006558045279234647 -0.0075500002130866085
v 0.00018276137416251012 -0.006966160144656896 -0.00954999960958958
v 0.00018276137416251012 -0.006966160144656896 -0.00954999960958958
v -0.0001952789461938665 -0.006558045279234647 -0.0075500002130866085
v 0.00018276137416251012 -0.006966160144656896 -0.0075500002130866085
v 0.00018276137416251012 -0.006966160144656896 -0.00954999960958958
v 0.00018276137416251012 -0.006966160144656896 -0.0075500002130866085
v 0.0007004339131526652 -0.007169838994741439 -0.00954999960958958
v 0.0007004339131526652 -0.007169838994741439 -0.00954999960958958
v 0.00018276137416251012 -0.006966160144656896 -0.0075500002130866085
v 0.0007004339131526652 -0.007169838994741439 -0.0075500002130866085
v 0.0007004339131526652 -0.007169838994741439 -0.00954999960958958
v 0.0007004339131526652 -0.007169838994741439 -0.0075500002130866085
v 0.0012552161933854229 -0.007128733210265636 -0.00954999960958958
v 0.0012552161933854229 -0.007128733210265636 -0.00954999960958958
v 0.0007004339131526652 -0.007169838994741439 -0.0075500002130866085
v 0.0012552161933854229 -0.007128733210265636 -0.0075500002130866085
v 0.0012552161933854229 -0.007128733210265636 -0.00954999960958958
v 0.0012552161933854229 -0.007128733210265636 -0.0075500002130866085
v 0.0017372197471559056 -0.0068509895354509345 -0.00954999960958958
v 0.0017372197471559056 -0.0068509895354509345 -0.00954999960958958
v 0.0012552161933854229 -0.007128733210265636 -0.0075500002130866085
v 0.0017372197471559056 -0.0068509895354509345 -0.0075500002130866085
v -0.0010193292982876305 0.0011004389962181447 -0.00954999960958958
v -0.0010193292982876305 0.0011004389962181447 -0.0075500002130866085
v -0.001395850093103946 0.0005491870688274502 -0.00954999960958958
v -0.001395850093103946 0.0005491870688274502 -0.00954999960958958
v -0.0010193292982876305 0.0011004389962181447 -0.0075500002130866085
v -0.001395850093103946 0.0005491870688274502 -0.0075500002130866085
v -0.001395850093103946 0.0005491870688274502 -0.00954999960958958
v -0.001395850093103946 0.0005491870688274502 -0.0075500002130866085
v -0.00149589718785137 -0.00011083282879553734 -0.00954999960958958
v -0.00149589718785137 -0.00011083282879553734 -0.00954999960958958
v -0.001395850093103946 0.0005491870688274502 -0.0075500002130866085
v -0.00149589718785137 -0.00011083282879553734 -0.0075500002130866085
v -0.00149589718785137 -0.00011083282879553734 -0.00954999960958958
v -0.00149589718785137 -0.00011083282879553734 -0.0075500002130866085
v -0.0012996698496863252 -0.0007489050040021538 -0.00954999960958958
v -0.0012996698496863252 -0.0007489050040021538 -0.00954999960958958
v -0.00149589718785137 -0.00011083282879553734 -0.0075500002130866085
v -0.0012996698496863252 -0.0007489050040021538 -0.0075500002130866085
v -0.0012996698496863252 -0.0007489050040021538 -0.00954999960958958
v -0.0012996698496863252 -0.0007489050040021538 -0.0075500002130866085
v -0.0008460237295366827 -0.0012386451708152888 -0.00954999960958958
v -0.0008460237295366827 -0.0012386451708152888 -0.00954999960958958
v -0.0012996698496863252 -0.0007489050040021538 -0.0075500002130866085
v -0.0008460237295366827 -0.0012386451708152888 -0.0075500002130866085
v -0.0008460237295366827 -0.0012386451708152888 -0.00954999960958958
v -0.0008460237295366827 -0.0012386451708152888 -0.0075500002130866085
v -0.00022481179621536296 -0.0014830562286078928 -0.00954999960958958
v -0.00022481179621536296 -0.0014830562286078928 -0.00954999960958958
v -0.0008460237295366827 -0.0012386451708152888 -0.0075500002130866085
v -0.00022481179621536296 -0.0014830562286078928 -0.0075500002130866085
v -0.00022481179621536296 -0.0014830562286078928 -0.00954999960958958
v -0.00022481179621536296 -0.0014830562286078928 -0.0075500002130866085
v 0.0004409220418892803 -0.0014337329193949697 -0.00954999960958958
v 0.0004409220418892803 -0.0014337329193949697 -0.00954999960958958
v -0.00022481179621536296 -0.0014830562286078928 -0.0075500002130866085
v 0.0004409220418892803 -0.0014337329193949697 -0.0075500002130866085
v 0.0004409220418892803 -0.0014337329193949697 -0.00954999960958958
v 0.0004409220418892803 -0.0014337329193949697 -0.0075500002130866085
v 0.0010193302296102051 -0.0011004384141415355 -0.00954999960958958
v 0.0010193302296102051 -0.0011004384141415355 -0.00954999960958958
v 0.0004409220418892803 -0.0014337329193949697 -0.0075500002130866085
v 0.0010193302296102051 -0.0011004384141415355 -0.0075500002130866085
v -0.0037458343431353586 -0.004125748295336961 -0.009050000458955768
v -0.0037458343431353586 -0.004125748295336961 -0.0075500002130866085
v -0.004311687778681518 -0.003274843096733093 -0.00913701951503754
v -0.004311687778681518 -0.003274843096733093 -0.00913701951503754
v -0.0037458343431353586 -0.004125748295336961 -0.0075500002130866085
v -0.004431259352713825 -0.003045169403776526 -0.0075500002130866085
v -0.004311687778681518 -0.003274843096733093 -0.00913701951503754
v -0.004431259352713825 -0.003045169403776526 -0.0075500002130866085
v -0.004432968795299532 -0.003041709074750542 -0.009187274612486366
v -0.004432968795299532 -0.003041709074750542 -0.009187274612486366
v -0.004431259352713825 -0.003045169403776526 -0.0075500002130866085
v -0.004725738428533079 -0.0023379223421216007 -0.009396377950906757
v -0.004725738428533079 -0.0023379223421216007 -0.009396377950906757
v -0.004431259352713825 -0.003045169403776526 -0.0075500002130866085
v -0.004871956538408996 -0.0018438192782923577 -0.0075500002130866085
v -0.004725738428533079 -0.0023379223421216007 -0.009396377950906757
v -0.004871956538408996 -0.0018438192782923577 -0.0075500002130866085
v -0.0048476061783731 -0.0019380331505089996 -0.00954999960958958
v -0.0048476061783731 -0.0019380331505089996 -0.00954999960958958
v -0.004871956538408996 -0.0018438192782923577 -0.0075500002130866085
v -0.004871956538408996 -0.0018438192782923577 -0.00954999960958958
v -0.004871956538408996 -0.0018438192782923577 -0.00954999960958958
v -0.004871956538408996 -0.0018438192782923577 -0.0075500002130866085
v -0.005047868471592667 -0.0005763338413089513 -0.0075500002130866085
v -0.004871956538408996 -0.0018438192782923577 -0.00954999960958958
v -0.005047868471592667 -0.0005763338413089513 -0.0075500002130866085
v -0.005047868471592667 -0.0005763338413089513 -0.00954999960958958
v -0.005047868471592667 -0.0005763338413089513 -0.00954999960958958
v -0.005047868471592667 -0.0005763338413089513 -0.0075500002130866085
v -0.004951009526848796 0.0006996261654421686 -0.0075500002130866085
v -0.005047868471592667 -0.0005763338413089513 -0.00954999960958958
v -0.004951009526848796 0.0006996261654421686 -0.0075500002130866085
v -0.004951009526848796 0.0006996261654421686 -0.00954999960958958
v -0.004951009526848796 0.0006996261654421686 -0.00954999960958958
v -0.004951009526848796 0.0006996261654421686 -0.0075500002130866085
v -0.004585777875036003 0.0019260277040302751 -0.0075500002130866085
v -0.004951009526848796 0.0006996261654421686 -0.00954999960958958
v -0.004585777875036003 0.0019260277040302751 -0.0075500002130866085
v -0.004585777875036003 0.0019260277040302751 -0.00954999960958958
v -0.004585777875036003 0.0019260277040302751 -0.00954999960958958
v -0.004585777875036003 0.0019260277040302751 -0.0075500002130866085
v -0.003968784119933845 0.003047089325264096 -0.0075500002130866085
v -0.004585777875036003 0.0019260277040302751 -0.00954999960958958
v -0.003968784119933845 0.003047089325264096 -0.0075500002130866085
v -0.003968784119933845 0.003047089325264096 -0.00954999960958958
v -0.003968784119933845 0.003047089325264096 -0.00954999960958958
v -0.003968784119933845 0.003047089325264096 -0.0075500002130866085
v -0.003128095762804152 0.0040118177421391 -0.0075500002130866085
v -0.003968784119933845 0.003047089325264096 -0.00954999960958958
v -0.003128095762804152 0.0040118177421391 -0.0075500002130866085
v -0.003128095762804152 0.0040118177421391 -0.00954999960958958
v -0.004488558042794468 -0.002925764303654432 -0.00278403307311237
v -0.0048476061783731 -0.0019380331505089996 -0.0024500000290572656
v -0.004431259352713825 -0.003045169403776526 -0.004449999891221525
v -0.004431259352713825 -0.003045169403776526 -0.004449999891221525
v -0.0048476061783731 -0.0019380331505089996 -0.0024500000290572656
v -0.004871956538408996 -0.0018438192782923577 -0.004449999891221525
v -0.004488558042794468 -0.002925764303654432 -0.00278403307311237
v -0.004431259352713825 -0.003045169403776526 -0.004449999891221525
v -0.0039649242535233515 -0.0038324652705341573 -0.002938831923529507
v -0.0039649242535233515 -0.0038324652705341573 -0.002938831923529507
v -0.004431259352713825 -0.003045169403776526 -0.004449999891221525
v -0.0037458343431353586 -0.004125748295336961 -0.004449999891221525
v -0.0039649242535233515 -0.0038324652705341573 -0.002938831923529507
v -0.0037458343431353586 -0.004125748295336961 -0.004449999891221525
v -0.0037458343431353586 -0.004125748295336961 -0.0029499998781830085
v -0.0048476061783731 -0.0019380331505089996 -0.0024500000290572656
v -0.004871956538408996 -0.0018438192782923577 -0.0024500000290572656
v -0.004871956538408996 -0.0018438192782923577 -0.004449999891221525
v -0.004871956538408996 -0.0018438192782923577 -0.004449999891221525
v -0.004871956538408996 -0.0018438192782923577 -0.0024500000290572656
v -0.005047868471592667 -0.0005763338413089513 -0.0024500000290572656
v -0.004871956538408996 -0.0018438192782923577 -0.004449999891221525
v -0.005047868471592667 -0.0005763338413089513 -0.0024500000290572656
v -0.005047868471592667 -0.0005763338413089513 -0.004449999891221525
v -0.005047868471592667 -0.0005763338413089513 -0.004449999891221525
v -0.005047868471592667 -0.0005763338413089513 -0.0024500000290572656
v -0.004951009526848796 0.0006996261654421686 -0.0024500000290572656
v -0.005047868471592667 -0.0005763338413089513 -0.004449999891221525
v -0.004951009526848796 0.0006996261654421686 -0.0024500000290572656
v -0.004951009526848796 0.0006996261654421686 -0.004449999891221525
v -0.004951009526848796 0.0006996261654421686 -0.004449999891221525
v -0.004951009526848796 0.0006996261654421686 -0.0024500000290572656
v -0.004585777875036003 0.0019260277040302751 -0.0024500000290572656
v -0.004951009526848796 0.0006996261654421686 -0.004449999891221525
v -0.004585777875036003 0.0019260277040302751 -0.0024500000290572656
v -0.004585777875036003 0.0019260277040302751 -0.004449999891221525
v -0.004585777875036003 0.0019260277040302751 -0.004449999891221525
v -0.004585777875036003 0.0019260277040302751 -0.0024500000290572656
v -0.003968784119933845 0.003047089325264096 -0.0024500000290572656
v -0.004585777875036003 0.0019260277040302751 -0.004449999891221525
v -0.003968784119933845 0.003047089325264096 -0.0024500000290572656
v -0.003968784119933845 0.003047089325264096 -0.004449999891221525
v -0.003968784119933845 0.003047089325264096 -0.004449999891221525
v -0.003968784119933845 0.003047089325264096 -0.0024500000290572656
v -0.003128095762804152 0.0040118177421391 -0.0024500000290572656
v -0.003968784119933845 0.003047089325264096 -0.004449999891221525
v -0.003128095762804152 0.0040118177421391 -0.0024500000290572656
v -0.003128095762804152 0.0040118177421391 -0.004449999891221525
v 0.004777280613780023 -0.007931242696940897 -0.0011811315780505542
v 0.004674366209656002 -0.007652757689356803 -0.0009279728983528916
v 0.004275849089026453 -0.006310978438705205 -0.0028545586392283453
v 0.004275849089026453 -0.006310978438705205 -0.0028545586392283453
v 0.004674366209656002 -0.007652757689356803 -0.0009279728983528916
v 0.0045228763483464735 -0.007203157991170882 -0.0005986572359688582
v 0.004275849089026453 -0.006310978438705205 -0.0028545586392283453
v 0.004300422035157682 -0.00641339411959052 -0.0029499998781830085
v 0.004777280613780023 -0.007931242696940897 -0.0011811315780505542
v 0.004777280613780023 -0.007931242696940897 -0.0011811315780505542
v 0.004300422035157682 -0.00641339411959052 -0.0029499998781830085
v 0.004300422035157682 -0.00641339411959052 -0.004449999891221525
v 0.004777280613780023 -0.007931242696940897 -0.0011811315780505542
v 0.004300422035157682 -0.00641339411959052 -0.004449999891221525
v 0.004777280613780023 -0.007931242696940897 -0.010818871669471269
v 0.004300422035157682 -0.00641339411959052 -0.004449999891221525
v 0.004300422035157682 -0.00641339411959052 -0.0075500002130866085
v 0.004777280613780023 -0.007931242696940897 -0.010818871669471269
v 0.004777280613780023 -0.007931242696940897 -0.010818871669471269
v 0.004300422035157682 -0.00641339411959052 -0.0075500002130866085
v 0.004300422035157682 -0.00641339411959052 -0.009050000458955768
v 0.004777280613780023 -0.007931242696940897 -0.010818871669471269
v 0.004300422035157682 -0.00641339411959052 -0.009050000458955768
v 0.004693280905485155 -0.0077061476185917846 -0.01102707721292973
v 0.004693280905485155 -0.0077061476185917846 -0.01102707721292973
v 0.004300422035157682 -0.00641339411959052 -0.009050000458955768
v 0.004275849089026453 -0.006310978438705205 -0.009145441465079788
v 0.004693280905485155 -0.0077061476185917846 -0.01102707721292973
v 0.004275849089026453 -0.006310978438705205 -0.009145441465079788
v 0.004533499013632538 -0.007238237652927636 -0.011378046125173574
v 0.004029508214443924 -0.004788048099726438 -0.00954999960958958
v 0.004029684234410526 -0.0047901072539389125 -0.012409959919750696
v 0.004058866761624815 -0.005081484094262122 -0.012327633798122411
v 0.004058866761624815 -0.005081484094262122 -0.012327633798122411
v 0.00416152970865369 -0.005765634588897227 -0.012101767584681516
v 0.004029508214443924 -0.004788048099726438 -0.00954999960958958
v 0.004029508214443924 -0.004788048099726438 -0.00954999960958958
v 0.00416152970865369 -0.005765634588897227 -0.012101767584681516
v 0.004181032534688713 -0.005868984386324882 -0.012062958441674715
v 0.004029508214443924 -0.004788048099726438 -0.00954999960958958
v 0.004181032534688713 -0.005868984386324882 -0.012062958441674715
v 0.00418110564351082 -0.0058693639002740374 -0.00954999960958958
v 0.00418110564351082 -0.0058693639002740374 -0.00954999960958958
v 0.004181032534688713 -0.005868984386324882 -0.012062958441674715
v 0.004276567138731481 -0.006313960533589124 -0.011878939345479017
v 0.00418110564351082 -0.0058693639002740374 -0.00954999960958958
v 0.004276567138731481 -0.006313960533589124 -0.011878939345479017
v 0.004275849089026453 -0.006310978438705205 -0.009145441465079788
v 0.004275849089026453 -0.006310978438705205 -0.009145441465079788
v 0.004276567138731481 -0.006313960533589124 -0.011878939345479017
v 0.004348912276327612 -0.006604522932320832 -0.011741509661078458
v 0.004275849089026453 -0.006310978438705205 -0.009145441465079788
v 0.004348912276327612 -0.006604522932320832 -0.011741509661078458
v 0.004533499013632538 -0.007238237652927636 -0.011378046125173574
v 0.004029684234410526 -0.0047901072539389125 -0.012409959919750696
v 0.004029508214443924 -0.004788048099726438 -0.00954999960958958
v 0.004003301728516819 -0.0043471651151776305 -0.012522171251475816
v 0.004003301728516819 -0.0043471651151776305 -0.012522171251475816
v 0.004029508214443924 -0.004788048099726438 -0.00954999960958958
v 0.004022879991680385 -0.003492372343316674 -0.00954999960958958
v 0.004003301728516819 -0.0043471651151776305 -0.012522171251475816
v 0.004022879991680385 -0.003492372343316674 -0.00954999960958958
v 0.004013608675450088 -0.003615132067352533 -0.012678233906626707
v 0.004013608675450088 -0.003615132067352533 -0.012678233906626707
v 0.004022879991680385 -0.003492372343316674 -0.00954999960958958
v 0.00402282737195492 -0.0034929753746837373 -0.012701089493930345
v 0.00402282737195492 -0.0034929753746837373 -0.012701089493930345
v 0.004022879991680385 -0.003492372343316674 -0.00954999960958958
v 0.004182515665888788 -0.0025831426028162237 -0.00954999960958958
v 0.00402282737195492 -0.0034929753746837373 -0.012701089493930345
v 0.004182515665888788 -0.0025831426028162237 -0.00954999960958958
v 0.004076920915395023 -0.0030577282886952157 -0.012776041403412824
v 0.004076920915395023 -0.0030577282886952157 -0.012776041403412824
v 0.004182515665888788 -0.0025831426028162237 -0.00954999960958958
v 0.004194159992039205 -0.0025418952573090787 -0.00954999960958958
v 0.004076920915395023 -0.0030577282886952157 -0.012776041403412824
v 0.004194159992039205 -0.0025418952573090787 -0.00954999960958958
v 0.004194159992039205 -0.0025418952573090787 -0.012849963270127778
v 0.00407749740406871 -0.0052323141135275355 0.0002820395748130978
v 0.004029508214443924 -0.004788048099726438 -0.0024500000290572656
v 0.004204672761261465 -0.005985472816973924 1.7746984667610384e-05
v 0.004204672761261465 -0.005985472816973924 1.7746984667610384e-05
v 0.004029508214443924 -0.004788048099726438 -0.0024500000290572656
v 0.00418110564351082 -0.0058693639002740374 -0.0024500000290572656
v 0.004204672761261465 -0.005985472816973924 1.7746984667610384e-05
v 0.00418110564351082 -0.0058693639002740374 -0.0024500000290572656
v 0.0042768744751811045 -0.0063133169896900645 -0.00012032577797072014
v 0.0042768744751811045 -0.0063133169896900645 -0.00012032577797072014
v 0.00418110564351082 -0.0058693639002740374 -0.0024500000290572656
v 0.004275849089026453 -0.006310978438705205 -0.0028545586392283453
v 0.0042768744751811045 -0.0063133169896900645 -0.00012032577797072014
v 0.004275849089026453 -0.006310978438705205 -0.0028545586392283453
v 0.004357307218015196 -0.006635437719523906 -0.000273384910542518
v 0.004357307218015196 -0.006635437719523906 -0.000273384910542518
v 0.004275849089026453 -0.006310978438705205 -0.0028545586392283453
v 0.0045228763483464735 -0.007203157991170882 -0.0005986572359688582
v 0.004003328736871483 -0.003822750877588987 0.0006373386713676158
v 0.004022879991680385 -0.003492372343316674 -0.0024500000290572656
v 0.0040081054903566855 -0.004462314769625663 0.0004944481770507993
v 0.0040081054903566855 -0.004462314769625663 0.0004944481770507993
v 0.004022879991680385 -0.003492372343316674 -0.0024500000290572656
v 0.004029508214443924 -0.004788048099726438 -0.0024500000290572656
v 0.0040081054903566855 -0.004462314769625663 0.0004944481770507993
v 0.004029508214443924 -0.004788048099726438 -0.0024500000290572656
v 0.004029860254377128 -0.004790498409420251 0.0004099120269529523
v 0.004029860254377128 -0.004790498409420251 0.0004099120269529523
v 0.004029508214443924 -0.004788048099726438 -0.0024500000290572656
v 0.00407749740406871 -0.0052323141135275355 0.0002820395748130978
v 0.004003328736871483 -0.003822750877588987 0.0006373386713676158
v 0.004023821558803322 -0.003493825206533074 0.0007007296080701056
v 0.004022879991680385 -0.003492372343316674 -0.0024500000290572656
v 0.004022879991680385 -0.003492372343316674 -0.0024500000290572656
v 0.004023821558803322 -0.003493825206533074 0.0007007296080701056
v 0.004064741544425489 -0.003149340162053704 0.0007604492711834613
v 0.004022879991680385 -0.003492372343316674 -0.0024500000290572656
v 0.004064741544425489 -0.003149340162053704 0.0007604492711834613
v 0.004182515665888788 -0.0025831426028162237 -0.0024500000290572656
v 0.004182515665888788 -0.0025831426028162237 -0.0024500000290572656
v 0.004064741544425489 -0.003149340162053704 0.0007604492711834613
v 0.004194159992039205 -0.0025418952573090787 0.0008499596151523295
v 0.004182515665888788 -0.0025831426028162237 -0.0024500000290572656
v 0.004194159992039205 -0.0025418952573090787 0.0008499596151523295
v 0.004194159992039205 -0.0025418952573090787 -0.0024500000290572656
v 0.012903236784040933 -0.0005323023651726543 -0.008580240420997146
v 0.013241793029010301 -8.497232192894443e-05 -0.008579664863646034
v 0.01329688541591168 -0.00015294726472347972 -0.007289833389222625
v 0.005446533206850293 -0.008772335946559904 -0.007014961447566751
v 0.005387675017118457 -0.008698362857103346 -0.008579654619097713
v 0.007156283594667915 -0.007079316768795251 -0.0072898319922387635
v 0.007156283594667915 -0.007079316768795251 -0.0072898319922387635
v 0.005387675017118457 -0.008698362857103346 -0.008579654619097713
v 0.008417954668402675 -0.0056720180436968795 -0.008579609915614132
v 0.007156283594667915 -0.007079316768795251 -0.0072898319922387635
v 0.008417954668402675 -0.0056720180436968795 -0.008579609915614132
v 0.008688905276358131 -0.00551240425556898 -0.007289828732609752
v 0.007114006206393245 -0.007002428174018859 -0.0034203701652586477
v 0.005387675017118457 -0.008698362857103346 -0.003420348512008788
v 0.005410630255937579 -0.008727211505174635 -0.0038878775667399185
v 0.011977091431617742 -0.0017276360886171458 -0.008581220172345642
v 0.011936534196138387 -0.0018819188699126241 -0.007289824075996879
v 0.011899254284799104 -0.001825883751735091 -0.008581291884183887
v 0.011899254284799104 -0.001825883751735091 -0.008581291884183887
v 0.011936534196138387 -0.0018819188699126241 -0.007289824075996879
v 0.010020595043897634 -0.0040869927033782 -0.007289825472980741
v 0.011899254284799104 -0.001825883751735091 -0.008581291884183887
v 0.010020595043897634 -0.0040869927033782 -0.007289825472980741
v 0.010803035460412507 -0.0031278433743864294 -0.008579573594033722
v 0.008688905276358131 -0.00551240425556898 -0.007289828732609752
v 0.008417954668402675 -0.0056720180436968795 -0.008579609915614132
v 0.010020595043897634 -0.0040869927033782 -0.007289825472980741
v 0.010020595043897634 -0.0040869927033782 -0.007289825472980741
v 0.008417954668402675 -0.0056720180436968795 -0.008579609915614132
v 0.009685217402875427 -0.004326443187892436 -0.008579585701227192
v 0.010020595043897634 -0.0040869927033782 -0.007289825472980741
v 0.009685217402875427 -0.004326443187892436 -0.008579585701227192
v 0.010803035460412507 -0.0031278433743864294 -0.008579573594033722
v 0.013315157964825635 -0.00017549216863699255 -0.006000001914799216
v 0.01329688541591168 -0.00015294726472347972 -0.004710169974714519
v 0.011936534196138387 -0.0018819188699126241 -0.0047101792879402655
v 0.010780001990497117 -0.003108611330389976 -0.0034204295370727795
v 0.010020595043897634 -0.0040869927033782 -0.0047101778909564036
v 0.011882790364325052 -0.0018120289314538238 -0.0034204195253551024
v 0.011882790364325052 -0.0018120289314538238 -0.0034204195253551024
v 0.010020595043897634 -0.0040869927033782 -0.0047101778909564036
v 0.011936534196138387 -0.0018819188699126241 -0.0047101792879402655
v 0.011882790364325052 -0.0018120289314538238 -0.0034204195253551024
v 0.011936534196138387 -0.0018819188699126241 -0.0047101792879402655
v 0.01290237437933684 -0.0005312392604537307 -0.003420368069782855
v 0.01290237437933684 -0.0005312392604537307 -0.003420368069782855
v 0.011936534196138387 -0.0018819188699126241 -0.0047101792879402655
v 0.01329688541591168 -0.00015294726472347972 -0.004710169974714519
v 0.01290237437933684 -0.0005312392604537307 -0.003420368069782855
v 0.01329688541591168 -0.00015294726472347972 -0.004710169974714519
v 0.013241793029010301 -8.497232192894443e-05 -0.003420338267460467
v 0.010780001990497117 -0.003108611330389976 -0.0034204295370727795
v 0.009971122257411485 -0.004014015663415193 -0.003420421853661539
v 0.010020595043897634 -0.0040869927033782 -0.0047101778909564036
v 0.010020595043897634 -0.0040869927033782 -0.0047101778909564036
v 0.009971122257411485 -0.004014015663415193 -0.003420421853661539
v 0.008642789907753471 -0.00543749239295721 -0.00342039833776653
v 0.010020595043897634 -0.0040869927033782 -0.0047101778909564036
v 0.008642789907753471 -0.00543749239295721 -0.00342039833776653
v 0.008688905276358131 -0.00551240425556898 -0.004710174631327392
v 0.008688905276358131 -0.00551240425556898 -0.004710174631327392
v 0.008642789907753471 -0.00543749239295721 -0.00342039833776653
v 0.007114006206393245 -0.007002428174018859 -0.0034203701652586477
v 0.008688905276358131 -0.00551240425556898 -0.004710174631327392
v 0.007114006206393245 -0.007002428174018859 -0.0034203701652586477
v 0.007156283594667915 -0.007079316768795251 -0.004710171371698381
v 0.007156283594667915 -0.007079316768795251 -0.004710171371698381
v 0.007114006206393245 -0.007002428174018859 -0.0034203701652586477
v 0.005410630255937579 -0.008727211505174635 -0.0038878775667399185
v 0.01329688541591168 -0.00015294726472347972 -0.007289833389222625
v 0.013315157964825635 -0.00017549216863699255 -0.006000001914799216
v 0.01195436622947455 -0.001905103796161711 -0.006000001914799216
v 0.01195436622947455 -0.001905103796161711 -0.006000001914799216
v 0.013315157964825635 -0.00017549216863699255 -0.006000001914799216
v 0.011936534196138387 -0.0018819188699126241 -0.0047101792879402655
v 0.01195436622947455 -0.001905103796161711 -0.006000001914799216
v 0.011936534196138387 -0.0018819188699126241 -0.0047101792879402655
v 0.010037022642791276 -0.004111208952963351 -0.006000001914799216
v 0.010037022642791276 -0.004111208952963351 -0.006000001914799216
v 0.011936534196138387 -0.0018819188699126241 -0.0047101792879402655
v 0.010020595043897634 -0.0040869927033782 -0.0047101778909564036
v 0.010037022642791276 -0.004111208952963351 -0.006000001914799216
v 0.010020595043897634 -0.0040869927033782 -0.0047101778909564036
v 0.008704223670065406 -0.005537263117730617 -0.006000001914799216
v 0.008704223670065406 -0.005537263117730617 -0.006000001914799216
v 0.010020595043897634 -0.0040869927033782 -0.0047101778909564036
v 0.008688905276358131 -0.00551240425556898 -0.004710174631327392
v 0.008704223670065406 -0.005537263117730617 -0.006000001914799216
v 0.008688905276358131 -0.00551240425556898 -0.004710174631327392
v 0.007170326076447967 -0.007104830350726842 -0.006000001914799216
v 0.007170326076447967 -0.007104830350726842 -0.006000001914799216
v 0.008688905276358131 -0.00551240425556898 -0.004710174631327392
v 0.007156283594667915 -0.007079316768795251 -0.004710171371698381
v 0.007170326076447967 -0.007104830350726842 -0.006000001914799216
v 0.007156283594667915 -0.007079316768795251 -0.004710171371698381
v 0.0054541588760912444 -0.008781914599239824 -0.005450721364468339
v 0.0054541588760912444 -0.008781914599239824 -0.005450721364468339
v 0.007156283594667915 -0.007079316768795251 -0.004710171371698381
v 0.005410630255937579 -0.008727211505174635 -0.0038878775667399185
v 0.0054541588760912444 -0.008781914599239824 -0.005450721364468339
v 0.005446533206850293 -0.008772335946559904 -0.007014961447566751
v 0.007170326076447967 -0.007104830350726842 -0.006000001914799216
v 0.007170326076447967 -0.007104830350726842 -0.006000001914799216
v 0.005446533206850293 -0.008772335946559904 -0.007014961447566751
v 0.007156283594667915 -0.007079316768795251 -0.0072898319922387635
v 0.007170326076447967 -0.007104830350726842 -0.006000001914799216
v 0.007156283594667915 -0.007079316768795251 -0.0072898319922387635
v 0.008704223670065406 -0.005537263117730617 -0.006000001914799216
v 0.008704223670065406 -0.005537263117730617 -0.006000001914799216
v 0.007156283594667915 -0.007079316768795251 -0.0072898319922387635
v 0.008688905276358131 -0.00551240425556898 -0.007289828732609752
v 0.008704223670065406 -0.005537263117730617 -0.006000001914799216
v 0.008688905276358131 -0.00551240425556898 -0.007289828732609752
v 0.010037022642791276 -0.004111208952963351 -0.006000001914799216
v 0.010037022642791276 -0.004111208952963351 -0.006000001914799216
v 0.008688905276358131 -0.00551240425556898 -0.007289828732609752
v 0.010020595043897634 -0.0040869927033782 -0.007289825472980741
v 0.010037022642791276 -0.004111208952963351 -0.006000001914799216
v 0.010020595043897634 -0.0040869927033782 -0.007289825472980741
v 0.01195436622947455 -0.001905103796161711 -0.006000001914799216
v 0.01195436622947455 -0.001905103796161711 -0.006000001914799216
v 0.010020595043897634 -0.0040869927033782 -0.007289825472980741
v 0.011936534196138387 -0.0018819188699126241 -0.007289824075996879
v 0.01195436622947455 -0.001905103796161711 -0.006000001914799216
v 0.011936534196138387 -0.0018819188699126241 -0.007289824075996879
v 0.01329688541591168 -0.00015294726472347972 -0.007289833389222625
v 0.01329688541591168 -0.00015294726472347972 -0.007289833389222625
v 0.011936534196138387 -0.0018819188699126241 -0.007289824075996879
v 0.011977091431617742 -0.0017276360886171458 -0.008581220172345642
v 0.01329688541591168 -0.00015294726472347972 -0.007289833389222625
v 0.011977091431617742 -0.0017276360886171458 -0.008581220172345642
v 0.012903236784040933 -0.0005323023651726543 -0.008580240420997146
v 0.010803035460412507 -0.0031278433743864294 -0.008579573594033722
v 0.009685217402875427 -0.004326443187892436 -0.008579585701227192
v 0.010734115727245813 -0.0030662491917610164 -0.009375935420393947
v 0.010734115727245813 -0.0030662491917610164 -0.009375935420393947
v 0.009685217402875427 -0.004326443187892436 -0.008579585701227192
v 0.009598735719919208 -0.004266561940312385 -0.009363515302538875
v 0.010734115727245813 -0.0030662491917610164 -0.009375935420393947
v 0.009598735719919208 -0.004266561940312385 -0.009363515302538875
v 0.010722274892032152 -0.0030578381847590204 -0.00942945666611195
v 0.010722274892032152 -0.0030578381847590204 -0.00942945666611195
v 0.009598735719919208 -0.004266561940312385 -0.009363515302538875
v 0.010628834366798406 -0.0029902416281402107 -0.009761049412190918
v 0.010628834366798406 -0.0029902416281402107 -0.009761049412190918
v 0.009598735719919208 -0.004266561940312385 -0.009363515302538875
v 0.00950869265943766 -0.0041983616538345805 -0.009754192084074024
v 0.010628834366798406 -0.0029902416281402107 -0.009761049412190918
v 0.00950869265943766 -0.0041983616538345805 -0.009754192084074024
v 0.010625328868627553 -0.002987619256600737 -0.009771443903446203
v 0.010625328868627553 -0.002987619256600737 -0.009771443903446203
v 0.00950869265943766 -0.0041983616538345805 -0.009754192084074024
v 0.009374510496854786 -0.0040794690139591685 -0.01013653445988894
v 0.010625328868627553 -0.002987619256600737 -0.009771443903446203
v 0.009374510496854786 -0.0040794690139591685 -0.01013653445988894
v 0.01045834925025702 -0.0028560531791299577 -0.010176829062402254
v 0.01045834925025702 -0.0028560531791299577 -0.010176829062402254
v 0.009374510496854786 -0.0040794690139591685 -0.01013653445988894
v 0.009193641133606437 -0.003901136107742786 -0.010505582205951219
v 0.01045834925025702 -0.0028560531791299577 -0.010176829062402254
v 0.009193641133606437 -0.003901136107742786 -0.010505582205951219
v 0.010281800292432313 -0.0027060969732701774 -0.010494844056665903
v 0.010281800292432313 -0.0027060969732701774 -0.010494844056665903
v 0.009193641133606437 -0.003901136107742786 -0.010505582205951219
v 0.00896795187145472 -0.003662751521915197 -0.01085737999528647
v 0.010281800292432313 -0.0027060969732701774 -0.010494844056665903
v 0.00896795187145472 -0.003662751521915197 -0.01085737999528647
v 0.01004533283412457 -0.0024956825654953714 -0.01082945335656405
v 0.01004533283412457 -0.0024956825654953714 -0.01082945335656405
v 0.00896795187145472 -0.003662751521915197 -0.01085737999528647
v 0.00974465906620026 -0.0022171640302985902 -0.011136623099446302
v 0.00974465906620026 -0.0022171640302985902 -0.011136623099446302
v 0.00896795187145472 -0.003662751521915197 -0.01085737999528647
v 0.008701913058757785 -0.0033681683707982297 -0.01118911243975163
v 0.00974465906620026 -0.0022171640302985902 -0.011136623099446302
v 0.008701913058757785 -0.0033681683707982297 -0.01118911243975163
v 0.00840124394744635 -0.0030227832030504938 -0.011499099433422094
v 0.00974465906620026 -0.0022171640302985902 -0.011136623099446302
v 0.00840124394744635 -0.0030227832030504938 -0.011499099433422094
v 0.00942623242735863 -0.001922189607284963 -0.011461936868727212
v 0.00942623242735863 -0.001922189607284963 -0.011461936868727212
v 0.00840124394744635 -0.0030227832030504938 -0.011499099433422094
v 0.009065240621566776 -0.0015792197082191704 -0.011743073351681238
v 0.009065240621566776 -0.0015792197082191704 -0.011743073351681238
v 0.00840124394744635 -0.0030227832030504938 -0.011499099433422094
v 0.006902982480823997 -0.0038432716391980644 -0.011818139813840394
v 0.009065240621566776 -0.0015792197082191704 -0.011743073351681238
v 0.006902982480823997 -0.0038432716391980644 -0.011818139813840394
v 0.008676392026245597 -0.0012039728462696073 -0.012002725154161458
v 0.008676392026245597 -0.0012039728462696073 -0.012002725154161458
v 0.006902982480823997 -0.0038432716391980644 -0.011818139813840394
v 0.006596450228244069 -0.003361411159858107 -0.01208707038313151
v 0.008676392026245597 -0.0012039728462696073 -0.012002725154161458
v 0.006596450228244069 -0.003361411159858107 -0.01208707038313151
v 0.008619674481451515 -0.0011487401789054272 -0.01203761156648398
v 0.008619674481451515 -0.0011487401789054272 -0.01203761156648398
v 0.006596450228244069 -0.003361411159858107 -0.01208707038313151
v 0.005960537586361172 -0.002302720677107572 -0.01254416443407536
v 0.008619674481451515 -0.0011487401789054272 -0.01203761156648398
v 0.005960537586361172 -0.002302720677107572 -0.01254416443407536
v 0.00785212125629187 -0.00038791456609033043 -0.012451321817934518
v 0.005332950036972764 -0.001191813964396715 -0.012889879755675798
v 0.0070165628567338025 0.0004730177170131355 -0.012802070006728178
v 0.005960537586361172 -0.002302720677107572 -0.01254416443407536
v 0.005960537586361172 -0.002302720677107572 -0.01254416443407536
v 0.0070165628567338025 0.0004730177170131355 -0.012802070006728178
v 0.007502611726522449 -3.240901060053147e-05 -0.012609405443072324
v 0.005960537586361172 -0.002302720677107572 -0.01254416443407536
v 0.007502611726522449 -3.240901060053147e-05 -0.012609405443072324
v 0.00785212125629187 -0.00038791456609033043 -0.012451321817934518
v 0.005332950036972764 -0.001191813964396715 -0.012889879755675798
v 0.004420729354023935 -0.0004364735796116292 -0.013131576590240007
v 0.0070165628567338025 0.0004730177170131355 -0.012802070006728178
v 0.0070165628567338025 0.0004730177170131355 -0.012802070006728178
v 0.004420729354023935 -0.0004364735796116292 -0.013131576590240007
v 0.005401346832513812 0.000538526044692844 -0.01310963928699494
v 0.0070165628567338025 0.0004730177170131355 -0.012802070006728178
v 0.005401346832513812 0.000538526044692844 -0.01310963928699494
v 0.006208856590092185 0.0013463416835293172 -0.013053380884230142
v 0.004351335112005474 -0.0018217203905805943 -0.012946169823408132
v 0.004414551425725223 -0.0012855334207415579 -0.013018999248743062
v 0.005332950036972764 -0.001191813964396715 -0.012889879755675798
v 0.005332950036972764 -0.001191813964396715 -0.012889879755675798
v 0.004414551425725223 -0.0012855334207415579 -0.013018999248743062
v 0.004425552673637869 -0.0011088892351835964 -0.01304285135120154
v 0.005332950036972764 -0.001191813964396715 -0.012889879755675798
v 0.004425552673637869 -0.0011088892351835964 -0.01304285135120154
v 0.004420729354023935 -0.0004364735796116292 -0.013131576590240007
v 0.004013608675450088 -0.003615132067352533 -0.012678233906626707
v 0.00402282737195492 -0.0034929753746837373 -0.012701089493930345
v 0.005960537586361172 -0.002302720677107572 -0.01254416443407536
v 0.00402282737195492 -0.0034929753746837373 -0.012701089493930345
v 0.004076920915395023 -0.0030577282886952157 -0.012776041403412824
v 0.005960537586361172 -0.002302720677107572 -0.01254416443407536
v 0.005960537586361172 -0.002302720677107572 -0.01254416443407536
v 0.004076920915395023 -0.0030577282886952157 -0.012776041403412824
v 0.004194159992039205 -0.0025418952573090787 -0.012849963270127778
v 0.005960537586361172 -0.002302720677107572 -0.01254416443407536
v 0.004194159992039205 -0.0025418952573090787 -0.012849963270127778
v 0.005332950036972764 -0.001191813964396715 -0.012889879755675798
v 0.005332950036972764 -0.001191813964396715 -0.012889879755675798
v 0.004194159992039205 -0.0025418952573090787 -0.012849963270127778
v 0.004201237577944996 -0.0025166003033518787 -0.012853275053203111
v 0.005332950036972764 -0.001191813964396715 -0.012889879755675798
v 0.004201237577944996 -0.0025166003033518787 -0.012853275053203111
v 0.004351335112005474 -0.0018217203905805943 -0.012946169823408132
v 0.00416152970865369 -0.005765634588897227 -0.012101767584681516
v 0.004058866761624815 -0.005081484094262122 -0.012327633798122411
v 0.006596450228244069 -0.003361411159858107 -0.01208707038313151
v 0.006596450228244069 -0.003361411159858107 -0.01208707038313151
v 0.004058866761624815 -0.005081484094262122 -0.012327633798122411
v 0.004029684234410526 -0.0047901072539389125 -0.012409959919750696
v 0.006596450228244069 -0.003361411159858107 -0.01208707038313151
v 0.004029684234410526 -0.0047901072539389125 -0.012409959919750696
v 0.005960537586361172 -0.002302720677107572 -0.01254416443407536
v 0.005960537586361172 -0.002302720677107572 -0.01254416443407536
v 0.004029684234410526 -0.0047901072539389125 -0.012409959919750696
v 0.004003301728516819 -0.0043471651151776305 -0.012522171251475816
v 0.005960537586361172 -0.002302720677107572 -0.01254416443407536
v 0.004003301728516819 -0.0043471651151776305 -0.012522171251475816
v 0.004013608675450088 -0.003615132067352533 -0.012678233906626707
v 0.00416152970865369 -0.005765634588897227 -0.012101767584681516
v 0.006596450228244069 -0.003361411159858107 -0.01208707038313151
v 0.004181032534688713 -0.005868984386324882 -0.012062958441674715
v 0.004181032534688713 -0.005868984386324882 -0.012062958441674715
v 0.006596450228244069 -0.003361411159858107 -0.01208707038313151
v 0.006902982480823997 -0.0038432716391980644 -0.011818139813840394
v 0.004181032534688713 -0.005868984386324882 -0.012062958441674715
v 0.006902982480823997 -0.0038432716391980644 -0.011818139813840394
v 0.004276567138731481 -0.006313960533589124 -0.011878939345479017
v 0.004348912276327612 -0.006604522932320832 -0.011741509661078458
v 0.007193082943558696 -0.0042804963886737815 -0.01152362115681172
v 0.004533499013632538 -0.007238237652927636 -0.011378046125173574
v 0.004533499013632538 -0.007238237652927636 -0.011378046125173574
v 0.007193082943558696 -0.0042804963886737815 -0.01152362115681172
v 0.007460318505764011 -0.004665188025683164 -0.011204732581973081
v 0.004533499013632538 -0.007238237652927636 -0.011378046125173574
v 0.007460318505764011 -0.004665188025683164 -0.011204732581973081
v 0.004693280905485155 -0.0077061476185917846 -0.01102707721292973
v 0.004693280905485155 -0.0077061476185917846 -0.01102707721292973
v 0.007460318505764011 -0.004665188025683164 -0.011204732581973081
v 0.007698785979300741 -0.004990997724235057 -0.0108632417395711
v 0.004693280905485155 -0.0077061476185917846 -0.01102707721292973
v 0.007698785979300741 -0.004990997724235057 -0.0108632417395711
v 0.004777280613780023 -0.007931242696940897 -0.010818871669471269
v 0.004777280613780023 -0.007931242696940897 -0.010818871669471269
v 0.007698785979300741 -0.004990997724235057 -0.0108632417395711
v 0.007903301157057289 -0.005253180861473083 -0.010501894168555742
v 0.004777280613780023 -0.007931242696940897 -0.010818871669471269
v 0.007903301157057289 -0.005253180861473083 -0.010501894168555742
v 0.004913055803626778 -0.00810215715318918 -0.010579948313534265
v 0.004913055803626778 -0.00810215715318918 -0.010579948313534265
v 0.007903301157057289 -0.005253180861473083 -0.010501894168555742
v 0.008069870062172416 -0.005449202377349137 -0.010124727152287965
v 0.004913055803626778 -0.00810215715318918 -0.010579948313534265
v 0.008069870062172416 -0.005449202377349137 -0.010124727152287965
v 0.0051097786054015186 -0.008349513635039328 -0.010135889984667306
v 0.0051097786054015186 -0.008349513635039328 -0.010135889984667306
v 0.008069870062172416 -0.005449202377349137 -0.010124727152287965
v 0.008196674287319187 -0.005580862518399953 -0.009737054817378524
v 0.0051097786054015186 -0.008349513635039328 -0.010135889984667306
v 0.008196674287319187 -0.005580862518399953 -0.009737054817378524
v 0.005245484411716464 -0.008520255796611307 -0.009688329882919792
v 0.005245484411716464 -0.008520255796611307 -0.009688329882919792
v 0.008196674287319187 -0.005580862518399953 -0.009737054817378524
v 0.008285281248390678 -0.0056570013985037795 -0.009345341473817829
v 0.005245484411716464 -0.008520255796611307 -0.009688329882919792
v 0.008285281248390678 -0.0056570013985037795 -0.009345341473817829
v 0.0053369337692856815 -0.008637525141239165 -0.009178731590509418
v 0.0053369337692856815 -0.008637525141239165 -0.009178731590509418
v 0.008285281248390678 -0.0056570013985037795 -0.009345341473817829
v 0.008417954668402675 -0.0056720180436968795 -0.008579609915614132
v 0.0053369337692856815 -0.008637525141239165 -0.009178731590509418
v 0.008417954668402675 -0.0056720180436968795 -0.008579609915614132
v 0.005387675017118457 -0.008698362857103346 -0.008579654619097713
v 0.009685217402875427 -0.004326443187892436 -0.008579585701227192
v 0.008417954668402675 -0.0056720180436968795 -0.008579609915614132
v 0.009598735719919208 -0.004266561940312385 -0.009363515302538875
v 0.009598735719919208 -0.004266561940312385 -0.009363515302538875
v 0.008417954668402675 -0.0056720180436968795 -0.008579609915614132
v 0.008285281248390678 -0.0056570013985037795 -0.009345341473817829
v 0.009598735719919208 -0.004266561940312385 -0.009363515302538875
v 0.008285281248390678 -0.0056570013985037795 -0.009345341473817829
v 0.00950869265943766 -0.0041983616538345805 -0.009754192084074024
v 0.00950869265943766 -0.0041983616538345805 -0.009754192084074024
v 0.008285281248390678 -0.0056570013985037795 -0.009345341473817829
v 0.008196674287319187 -0.005580862518399953 -0.009737054817378524
v 0.00950869265943766 -0.0041983616538345805 -0.009754192084074024
v 0.008196674287319187 -0.005580862518399953 -0.009737054817378524
v 0.009374510496854786 -0.0040794690139591685 -0.01013653445988894
v 0.009374510496854786 -0.0040794690139591685 -0.01013653445988894
v 0.008196674287319187 -0.005580862518399953 -0.009737054817378524
v 0.008069870062172416 -0.005449202377349137 -0.010124727152287965
v 0.009374510496854786 -0.0040794690139591685 -0.01013653445988894
v 0.008069870062172416 -0.005449202377349137 -0.010124727152287965
v 0.009193641133606437 -0.003901136107742786 -0.010505582205951219
v 0.009193641133606437 -0.003901136107742786 -0.010505582205951219
v 0.008069870062172416 -0.005449202377349137 -0.010124727152287965
v 0.007903301157057289 -0.005253180861473083 -0.010501894168555742
v 0.009193641133606437 -0.003901136107742786 -0.010505582205951219
v 0.007903301157057289 -0.005253180861473083 -0.010501894168555742
v 0.00896795187145472 -0.003662751521915197 -0.01085737999528647
v 0.00896795187145472 -0.003662751521915197 -0.01085737999528647
v 0.007903301157057289 -0.005253180861473083 -0.010501894168555742
v 0.007698785979300741 -0.004990997724235057 -0.0108632417395711
v 0.00896795187145472 -0.003662751521915197 -0.01085737999528647
v 0.007698785979300741 -0.004990997724235057 -0.0108632417395711
v 0.008701913058757785 -0.0033681683707982297 -0.01118911243975163
v 0.008701913058757785 -0.0033681683707982297 -0.01118911243975163
v 0.007698785979300741 -0.004990997724235057 -0.0108632417395711
v 0.007460318505764011 -0.004665188025683164 -0.011204732581973081
v 0.008701913058757785 -0.0033681683707982297 -0.01118911243975163
v 0.007460318505764011 -0.004665188025683164 -0.011204732581973081
v 0.00840124394744635 -0.0030227832030504938 -0.011499099433422094
v 0.00840124394744635 -0.0030227832030504938 -0.011499099433422094
v 0.007460318505764011 -0.004665188025683164 -0.011204732581973081
v 0.007193082943558696 -0.0042804963886737815 -0.01152362115681172
v 0.00840124394744635 -0.0030227832030504938 -0.011499099433422094
v 0.007193082943558696 -0.0042804963886737815 -0.01152362115681172
v 0.006902982480823997 -0.0038432716391980644 -0.011818139813840394
v 0.006902982480823997 -0.0038432716391980644 -0.011818139813840394
v 0.007193082943558696 -0.0042804963886737815 -0.01152362115681172
v 0.004348912276327612 -0.006604522932320832 -0.011741509661078458
v 0.006902982480823997 -0.0038432716391980644 -0.011818139813840394
v 0.004348912276327612 -0.006604522932320832 -0.011741509661078458
v 0.004276567138731481 -0.006313960533589124 -0.011878939345479017
v 0.00838073901832104 -0.0030444527510553594 -0.0005003128317184748
v 0.00947989244014025 -0.0019727076869457956 -0.0005841048550792041
v 0.009264957159757618 -0.0017696187132969496 -0.0004067945410497488
v 0.007886637002229694 -0.005270305555313825 -0.0014982357388362295
v 0.00768241006880999 -0.0050078355707228175 -0.001136783394031227
v 0.004777280613780023 -0.007931242696940897 -0.0011811315780505542
v 0.004777280613780023 -0.007931242696940897 -0.0011811315780505542
v 0.00768241006880999 -0.0050078355707228175 -0.001136783394031227
v 0.007444306276738647 -0.004681648220866918 -0.0007951807347126308
v 0.004777280613780023 -0.007931242696940897 -0.0011811315780505542
v 0.007444306276738647 -0.004681648220866918 -0.0007951807347126308
v 0.004674366209656002 -0.007652757689356803 -0.0009279728983528916
v 0.004674366209656002 -0.007652757689356803 -0.0009279728983528916
v 0.007444306276738647 -0.004681648220866918 -0.0007951807347126308
v 0.007177497725933794 -0.004296482540667056 -0.0004761897143907847
v 0.004674366209656002 -0.007652757689356803 -0.0009279728983528916
v 0.007177497725933794 -0.004296482540667056 -0.0004761897143907847
v 0.0045228763483464735 -0.007203157991170882 -0.0005986572359688582
v 0.0045228763483464735 -0.007203157991170882 -0.0005986572359688582
v 0.007177497725933794 -0.004296482540667056 -0.0004761897143907847
v 0.004357307218015196 -0.006635437719523906 -0.000273384910542518
v 0.004357307218015196 -0.006635437719523906 -0.000273384910542518
v 0.007177497725933794 -0.004296482540667056 -0.0004761897143907847
v 0.0068878922611475026 -0.003858680138364434 -0.00018159003229811796
v 0.004357307218015196 -0.006635437719523906 -0.000273384910542518
v 0.0068878922611475026 -0.003858680138364434 -0.00018159003229811796
v 0.0042768744751811045 -0.0063133169896900645 -0.00012032577797072014
v 0.0042768744751811045 -0.0063133169896900645 -0.00012032577797072014
v 0.0068878922611475026 -0.003858680138364434 -0.00018159003229811796
v 0.004204672761261465 -0.005985472816973924 1.7746984667610384e-05
v 0.004204672761261465 -0.005985472816973924 1.7746984667610384e-05
v 0.0068878922611475026 -0.003858680138364434 -0.00018159003229811796
v 0.0065819141454994705 -0.003376152832061052 8.738988981349398e-05
v 0.004204672761261465 -0.005985472816973924 1.7746984667610384e-05
v 0.0065819141454994705 -0.003376152832061052 8.738988981349398e-05
v 0.00407749740406871 -0.0052323141135275355 0.0002820395748130978
v 0.005321007221937182 -0.0012034891406074164 0.0008901019464246933
v 0.004194159992039205 -0.0025418952573090787 0.0008499596151523295
v 0.0059472369030118015 -0.002315950114279985 0.0005444806884042921
v 0.0059472369030118015 -0.002315950114279985 0.0005444806884042921
v 0.004194159992039205 -0.0025418952573090787 0.0008499596151523295
v 0.004064741544425489 -0.003149340162053704 0.0007604492711834613
v 0.0059472369030118015 -0.002315950114279985 0.0005444806884042921
v 0.004064741544425489 -0.003149340162053704 0.0007604492711834613
v 0.004023821558803322 -0.003493825206533074 0.0007007296080701056
v 0.004023821558803322 -0.003493825206533074 0.0007007296080701056
v 0.004003328736871483 -0.003822750877588987 0.0006373386713676158
v 0.0059472369030118015 -0.002315950114279985 0.0005444806884042921
v 0.0059472369030118015 -0.002315950114279985 0.0005444806884042921
v 0.004003328736871483 -0.003822750877588987 0.0006373386713676158
v 0.0040081054903566855 -0.004462314769625663 0.0004944481770507993
v 0.0059472369030118015 -0.002315950114279985 0.0005444806884042921
v 0.0040081054903566855 -0.004462314769625663 0.0004944481770507993
v 0.0065819141454994705 -0.003376152832061052 8.738988981349398e-05
v 0.0065819141454994705 -0.003376152832061052 8.738988981349398e-05
v 0.0040081054903566855 -0.004462314769625663 0.0004944481770507993
v 0.004029860254377128 -0.004790498409420251 0.0004099120269529523
v 0.0065819141454994705 -0.003376152832061052 8.738988981349398e-05
v 0.004029860254377128 -0.004790498409420251 0.0004099120269529523
v 0.00407749740406871 -0.0052323141135275355 0.0002820395748130978
v 0.005401346832513812 0.000538526044692844 0.0011096360394731168
v 0.004420729354023935 -0.0004364735796116292 0.0011315733427181844
v 0.005321007221937182 -0.0012034891406074164 0.0008901019464246933
v 0.005321007221937182 -0.0012034891406074164 0.0008901019464246933
v 0.004420729354023935 -0.0004364735796116292 0.0011315733427181844
v 0.004425934981554748 -0.001100837718695402 0.0010439307661727075
v 0.004425934981554748 -0.001100837718695402 0.0010439307661727075
v 0.004414550494402649 -0.0012855322565883396 0.0010189964668825273
v 0.005321007221937182 -0.0012034891406074164 0.0008901019464246933
v 0.005321007221937182 -0.0012034891406074164 0.0008901019464246933
v 0.004414550494402649 -0.0012855322565883396 0.0010189964668825273
v 0.004353367723524572 -0.0018089021323248742 0.0009479049476794903
v 0.005321007221937182 -0.0012034891406074164 0.0008901019464246933
v 0.004353367723524572 -0.0018089021323248742 0.0009479049476794903
v 0.004194159992039205 -0.0025418952573090787 0.0008499596151523295
v 0.004777280613780023 -0.007931242696940897 -0.0011811315780505542
v 0.0050054038874805 -0.008218421600759028 -0.0016098649939522154
v 0.007886637002229694 -0.005270305555313825 -0.0014982357388362295
v 0.007886637002229694 -0.005270305555313825 -0.0014982357388362295
v 0.0050054038874805 -0.008218421600759028 -0.0016098649939522154
v 0.005163851194083693 -0.008417229168117045 -0.0020204086322337398
v 0.007886637002229694 -0.005270305555313825 -0.0014982357388362295
v 0.005163851194083693 -0.008417229168117045 -0.0020204086322337398
v 0.008053004741668705 -0.005466541275382041 -0.001875487039797009
v 0.008053004741668705 -0.005466541275382041 -0.001875487039797009
v 0.005163851194083693 -0.008417229168117045 -0.0020204086322337398
v 0.005270914174616339 -0.00855334661900997 -0.0024257972836494454
v 0.008053004741668705 -0.005466541275382041 -0.001875487039797009
v 0.005270914174616339 -0.00855334661900997 -0.0024257972836494454
v 0.008179697208106521 -0.005598363000899552 -0.0022632055915892133
v 0.008179697208106521 -0.005598363000899552 -0.0022632055915892133
v 0.005270914174616339 -0.00855334661900997 -0.0024257972836494454
v 0.005345971789211037 -0.008648556657135485 -0.002895236248150469
v 0.008179697208106521 -0.005598363000899552 -0.0022632055915892133
v 0.005345971789211037 -0.008648556657135485 -0.002895236248150469
v 0.008268274366855625 -0.005674609914422034 -0.0026549126487225307
v 0.008268274366855625 -0.005674609914422034 -0.0026549126487225307
v 0.005345971789211037 -0.008648556657135485 -0.002895236248150469
v 0.005387675017118457 -0.008698362857103346 -0.003420348512008788
v 0.008268274366855625 -0.005674609914422034 -0.0026549126487225307
v 0.005387675017118457 -0.008698362857103346 -0.003420348512008788
v 0.007114006206393245 -0.007002428174018859 -0.0034203701652586477
v 0.009576537646353248 -0.004290641285479068 -0.002636771416291596
v 0.008642789907753471 -0.00543749239295721 -0.00342039833776653
v 0.009971122257411485 -0.004014015663415193 -0.003420421853661539
v 0.007114006206393245 -0.007002428174018859 -0.0034203701652586477
v 0.008642789907753471 -0.00543749239295721 -0.00342039833776653
v 0.008268274366855625 -0.005674609914422034 -0.0026549126487225307
v 0.008268274366855625 -0.005674609914422034 -0.0026549126487225307
v 0.008642789907753471 -0.00543749239295721 -0.00342039833776653
v 0.009576537646353248 -0.004290641285479068 -0.002636771416291596
v 0.008268274366855625 -0.005674609914422034 -0.0026549126487225307
v 0.009576537646353248 -0.004290641285479068 -0.002636771416291596
v 0.008179697208106521 -0.005598363000899552 -0.0022632055915892133
v 0.008179697208106521 -0.005598363000899552 -0.0022632055915892133
v 0.009576537646353248 -0.004290641285479068 -0.002636771416291596
v 0.009486517868936065 -0.004222320858389138 -0.0022460415493696937
v 0.008179697208106521 -0.005598363000899552 -0.0022632055915892133
v 0.009486517868936065 -0.004222320858389138 -0.0022460415493696937
v 0.008053004741668705 -0.005466541275382041 -0.001875487039797009
v 0.008053004741668705 -0.005466541275382041 -0.001875487039797009
v 0.009486517868936065 -0.004222320858389138 -0.0022460415493696937
v 0.009352439083158973 -0.004103209823369979 -0.0018635703017935165
v 0.008053004741668705 -0.005466541275382041 -0.001875487039797009
v 0.009352439083158973 -0.004103209823369979 -0.0018635703017935165
v 0.007886637002229694 -0.005270305555313825 -0.0014982357388362295
v 0.007886637002229694 -0.005270305555313825 -0.0014982357388362295
v 0.009352439083158973 -0.004103209823369979 -0.0018635703017935165
v 0.00917178858071566 -0.003924548160284757 -0.0014943516580387956
v 0.007886637002229694 -0.005270305555313825 -0.0014982357388362295
v 0.00917178858071566 -0.003924548160284757 -0.0014943516580387956
v 0.00768241006880999 -0.0050078355707228175 -0.001136783394031227
v 0.00768241006880999 -0.0050078355707228175 -0.001136783394031227
v 0.00917178858071566 -0.003924548160284757 -0.0014943516580387956
v 0.008946424350142482 -0.0036857221275568004 -0.001142368535511196
v 0.00768241006880999 -0.0050078355707228175 -0.001136783394031227
v 0.008946424350142482 -0.0036857221275568004 -0.001142368535511196
v 0.007444306276738647 -0.004681648220866918 -0.0007951807347126308
v 0.007444306276738647 -0.004681648220866918 -0.0007951807347126308
v 0.008946424350142482 -0.0036857221275568004 -0.001142368535511196
v 0.008680842816829685 -0.003390556667000055 -0.0008104576845653358
v 0.007444306276738647 -0.004681648220866918 -0.0007951807347126308
v 0.008680842816829685 -0.003390556667000055 -0.0008104576845653358
v 0.007177497725933794 -0.004296482540667056 -0.0004761897143907847
v 0.007177497725933794 -0.004296482540667056 -0.0004761897143907847
v 0.008680842816829685 -0.003390556667000055 -0.0008104576845653358
v 0.00838073901832104 -0.0030444527510553594 -0.0005003128317184748
v 0.007177497725933794 -0.004296482540667056 -0.0004761897143907847
v 0.00838073901832104 -0.0030444527510553594 -0.0005003128317184748
v 0.0068878922611475026 -0.003858680138364434 -0.00018159003229811796
v 0.0068878922611475026 -0.003858680138364434 -0.00018159003229811796
v 0.00838073901832104 -0.0030444527510553594 -0.0005003128317184748
v 0.009264957159757618 -0.0017696187132969496 -0.0004067945410497488
v 0.0068878922611475026 -0.003858680138364434 -0.00018159003229811796
v 0.009264957159757618 -0.0017696187132969496 -0.0004067945410497488
v 0.0065819141454994705 -0.003376152832061052 8.738988981349398e-05
v 0.006208856590092185 0.0013463416835293172 0.0010533776367083196
v 0.005401346832513812 0.000538526044692844 0.0011096360394731168
v 0.007271899376064542 0.00020579675037879494 0.0007046956452541057
v 0.007271899376064542 0.00020579675037879494 0.0007046956452541057
v 0.005401346832513812 0.000538526044692844 0.0011096360394731168
v 0.005321007221937182 -0.0012034891406074164 0.0008901019464246933
v 0.007271899376064542 0.00020579675037879494 0.0007046956452541057
v 0.005321007221937182 -0.0012034891406074164 0.0008901019464246933
v 0.00785212125629187 -0.00038791456609033043 0.00045131816295906923
v 0.00785212125629187 -0.00038791456609033043 0.00045131816295906923
v 0.005321007221937182 -0.0012034891406074164 0.0008901019464246933
v 0.0059472369030118015 -0.002315950114279985 0.0005444806884042921
v 0.00785212125629187 -0.00038791456609033043 0.00045131816295906923
v 0.0059472369030118015 -0.002315950114279985 0.0005444806884042921
v 0.008348857983946804 -0.0008831898448988794 0.00019527802942320713
v 0.008348857983946804 -0.0008831898448988794 0.00019527802942320713
v 0.0059472369030118015 -0.002315950114279985 0.0005444806884042921
v 0.0065819141454994705 -0.003376152832061052 8.738988981349398e-05
v 0.008348857983946804 -0.0008831898448988794 0.00019527802942320713
v 0.0065819141454994705 -0.003376152832061052 8.738988981349398e-05
v 0.008676392026245597 -0.0012039728462696073 2.721492137425231e-06
v 0.008676392026245597 -0.0012039728462696073 2.721492137425231e-06
v 0.0065819141454994705 -0.003376152832061052 8.738988981349398e-05
v 0.009264957159757618 -0.0017696187132969496 -0.0004067945410497488
v 0.00947989244014025 -0.0019727076869457956 -0.0005841048550792041
v 0.00838073901832104 -0.0030444527510553594 -0.0005003128317184748
v 0.009754749946296219 -0.0022293580695986743 -0.0008424434927292171
v 0.009754749946296219 -0.0022293580695986743 -0.0008424434927292171
v 0.00838073901832104 -0.0030444527510553594 -0.0005003128317184748
v 0.008680842816829685 -0.003390556667000055 -0.0008104576845653358
v 0.009754749946296219 -0.0022293580695986743 -0.0008424434927292171
v 0.008680842816829685 -0.003390556667000055 -0.0008104576845653358
v 0.010058968327939516 -0.0025081343483179803 -0.0011893751798197631
v 0.010058968327939516 -0.0025081343483179803 -0.0011893751798197631
v 0.008680842816829685 -0.003390556667000055 -0.0008104576845653358
v 0.008946424350142482 -0.0036857221275568004 -0.001142368535511196
v 0.010058968327939516 -0.0025081343483179803 -0.0011893751798197631
v 0.008946424350142482 -0.0036857221275568004 -0.001142368535511196
v 0.010279417969286447 -0.002704293234273791 -0.0015076537383720285
v 0.010279417969286447 -0.002704293234273791 -0.0015076537383720285
v 0.008946424350142482 -0.0036857221275568004 -0.001142368535511196
v 0.00917178858071566 -0.003924548160284757 -0.0014943516580387956
v 0.010279417969286447 -0.002704293234273791 -0.0015076537383720285
v 0.00917178858071566 -0.003924548160284757 -0.0014943516580387956
v 0.010463004931807523 -0.002860055305063724 -0.0018541215686127552
v 0.010463004931807523 -0.002860055305063724 -0.0018541215686127552
v 0.00917178858071566 -0.003924548160284757 -0.0014943516580387956
v 0.009352439083158973 -0.004103209823369979 -0.0018635703017935165
v 0.010463004931807523 -0.002860055305063724 -0.0018541215686127552
v 0.009352439083158973 -0.004103209823369979 -0.0018635703017935165
v 0.010607202537357812 -0.0029728049412369724 -0.002238943474367262
v 0.010607202537357812 -0.0029728049412369724 -0.002238943474367262
v 0.009352439083158973 -0.004103209823369979 -0.0018635703017935165
v 0.009486517868936065 -0.004222320858389138 -0.0022460415493696937
v 0.010607202537357812 -0.0029728049412369724 -0.002238943474367262
v 0.009486517868936065 -0.004222320858389138 -0.0022460415493696937
v 0.010679549537599092 -0.0030243562068790193 -0.002523128874599935
v 0.010679549537599092 -0.0030243562068790193 -0.002523128874599935
v 0.009486517868936065 -0.004222320858389138 -0.0022460415493696937
v 0.009576537646353248 -0.004290641285479068 -0.002636771416291596
v 0.010679549537599092 -0.0030243562068790193 -0.002523128874599935
v 0.009576537646353248 -0.004290641285479068 -0.002636771416291596
v 0.010699282400310045 -0.003037955844774842 -0.002624055137857796
v 0.010699282400310045 -0.003037955844774842 -0.002624055137857796
v 0.009576537646353248 -0.004290641285479068 -0.002636771416291596
v 0.009971122257411485 -0.004014015663415193 -0.003420421853661539
v 0.010699282400310045 -0.003037955844774842 -0.002624055137857796
v 0.009971122257411485 -0.004014015663415193 -0.003420421853661539
v 0.010780001990497117 -0.003108611330389976 -0.0034204295370727795
v 0.0024079869035631427 0.0035709738731384273 0.0012124885106459264
v 0.0024079869035631427 0.0035709738731384273 -0.0024500000290572656
v 0.0026623888406902565 0.003405460156500339 -0.0024500000290572656
v 0.0024079869035631427 0.0035709738731384273 0.0012124885106459264
v 0.0026623888406902565 0.003405460156500339 -0.0024500000290572656
v 0.0027665796224027885 0.0033261915668845172 0.0012849179329350597
v 0.0027665796224027885 0.0033261915668845172 0.0012849179329350597
v 0.0026623888406902565 0.003405460156500339 -0.0024500000290572656
v 0.0028838186990469707 0.003226428525522351 -0.0024500000290572656
v 0.0027665796224027885 0.0033261915668845172 0.0012849179329350597
v 0.0028838186990469707 0.003226428525522351 -0.0024500000290572656
v 0.0028838189318776144 0.0032264280598610635 0.001304264296777547
v 0.0028838186990469707 0.003226428525522351 -0.013304268009960657
v 0.0028838186990469707 0.003226428525522351 -0.00954999960958958
v 0.0026623888406902565 0.003405460156500339 -0.00954999960958958
v 0.0028838186990469707 0.003226428525522351 -0.013304268009960657
v 0.0026623888406902565 0.003405460156500339 -0.00954999960958958
v 0.0027665796224027885 0.0033261915668845172 -0.01328492164611817
v 0.0027665796224027885 0.0033261915668845172 -0.01328492164611817
v 0.0026623888406902565 0.003405460156500339 -0.00954999960958958
v 0.0024079869035631427 0.0035709738731384273 -0.00954999960958958
v 0.0027665796224027885 0.0033261915668845172 -0.01328492164611817
v 0.0024079869035631427 0.0035709738731384273 -0.00954999960958958
v 0.0024079869035631427 0.0035709738731384273 -0.013212491758167749
v 0.0005506383022293451 0.006383934523910283 -0.008095257915556434
v 0.0010765452170744543 0.006803583819419145 -0.00809524301439524
v 0.0009955418063327674 0.006638713646680116 -0.009049291722476486
v -1.000472093437566e-05 0.005635343026369809 -0.010421817190945154
v 0.0009492523386143152 0.006210082210600375 -0.010807562619447713
v 9.45026622503065e-05 0.0055101560428738585 -0.010937815532088285
v 9.45026622503065e-05 0.0055101560428738585 -0.010937815532088285
v 0.0009492523386143152 0.006210082210600375 -0.010807562619447713
v 0.000995990121737123 0.006044213194400071 -0.011193715967237955
v 9.45026622503065e-05 0.0055101560428738585 -0.010937815532088285
v 0.000995990121737123 0.006044213194400071 -0.011193715967237955
v 0.00023824941308703284 0.005345221608877181 -0.011392836458981042
v 0.000995990121737123 0.006044213194400071 -0.011193715967237955
v 0.001069900812581182 0.005848185159265994 -0.011553008109331136
v 0.00023824941308703284 0.005345221608877181 -0.011392836458981042
v 0.00023824941308703284 0.005345221608877181 -0.011392836458981042
v 0.001069900812581182 0.005848185159265994 -0.011553008109331136
v 0.0011697721201926474 0.005620894022285937 -0.01188349816948176
v 0.00023824941308703284 0.005345221608877181 -0.011392836458981042
v 0.0011697721201926474 0.005620894022285937 -0.01188349816948176
v 0.0004418905591592195 0.0051247156225144854 -0.011830597184598451
v 0.0004418905591592195 0.0051247156225144854 -0.011830597184598451
v 0.0011697721201926474 0.005620894022285937 -0.01188349816948176
v 0.0012936771381646401 0.005361106246709823 -0.012183579616248613
v 0.0004418905591592195 0.0051247156225144854 -0.011830597184598451
v 0.0012936771381646401 0.005361106246709823 -0.012183579616248613
v 0.0006864746101200584 0.004878283943980931 -0.012197898700833326
v 0.0006864746101200584 0.004878283943980931 -0.012197898700833326
v 0.0012936771381646401 0.005361106246709823 -0.012183579616248613
v 0.001439160434529186 0.005067294929176568 -0.01245193369686604
v 0.0006864746101200584 0.004878283943980931 -0.012197898700833326
v 0.001439160434529186 0.005067294929176568 -0.01245193369686604
v 0.000977891264483333 0.004608009941875934 -0.01251156628131867
v 0.000977891264483333 0.004608009941875934 -0.01251156628131867
v 0.001439160434529186 0.005067294929176568 -0.01245193369686604
v 0.0016032896237447864 0.004737758543342351 -0.012687496840953832
v 0.000977891264483333 0.004608009941875934 -0.01251156628131867
v 0.0016032896237447864 0.004737758543342351 -0.012687496840953832
v 0.0013431602856144316 0.004300849512219428 -0.012789121828973299
v 0.002253709128126503 0.0036632677074521776 -0.013174445368349557
v 0.0017748452955856928 0.003977626096457242 -0.013012564741075044
v 0.001973611069843174 0.003964546602219342 -0.013057110831141477
v 0.001973611069843174 0.003964546602219342 -0.013057110831141477
v 0.0017748452955856928 0.003977626096457242 -0.013012564741075044
v 0.0013431602856144316 0.004300849512219428 -0.012789121828973299
v 0.001973611069843174 0.003964546602219342 -0.013057110831141477
v 0.0013431602856144316 0.004300849512219428 -0.012789121828973299
v 0.001782689127139748 0.004370735492557286 -0.012889436446130281
v 0.001782689127139748 0.004370735492557286 -0.012889436446130281
v 0.0013431602856144316 0.004300849512219428 -0.012789121828973299
v 0.0016032896237447864 0.004737758543342351 -0.012687496840953832
v -0.00018143301713280388 0.005849272944033145 -0.008095295168459419
v 0.0005506383022293451 0.006383934523910283 -0.008095257915556434
v -0.0001636103697819636 0.005826205015182494 -0.008469122461974624
v -0.0001636103697819636 0.005826205015182494 -0.008469122461974624
v 0.0005506383022293451 0.006383934523910283 -0.008095257915556434
v 0.0009955418063327674 0.006638713646680116 -0.009049291722476486
v -0.0001636103697819636 0.005826205015182494 -0.008469122461974624
v 0.0009955418063327674 0.006638713646680116 -0.009049291722476486
v -9.175451123155658e-05 0.005736579187214374 -0.009710754267871383
v -9.175451123155658e-05 0.005736579187214374 -0.009710754267871383
v 0.0009955418063327674 0.006638713646680116 -0.009049291722476486
v 0.0009345866856165235 0.006460213102400302 -0.00996457133442164
v -9.175451123155658e-05 0.005736579187214374 -0.009710754267871383
v 0.0009345866856165235 0.006460213102400302 -0.00996457133442164
v 0.0009295485797338192 0.006347574293613433 -0.010396897792816167
v 0.00212578196078539 0.0067698685452342025 -0.011477436870336538
v 0.0030500155407935394 0.007637141272425651 -0.0114058367908001
v 0.0021993268746882686 0.00652972375974059 -0.011813444085419183
v 0.0021993268746882686 0.00652972375974059 -0.011813444085419183
v 0.0030500155407935394 0.007637141272425651 -0.0114058367908001
v 0.0031161291990429176 0.0073884138837456695 -0.011746251024305826
v 0.0021993268746882686 0.00652972375974059 -0.011813444085419183
v 0.0031161291990429176 0.0073884138837456695 -0.011746251024305826
v 0.0022922034841030845 0.006251946091651916 -0.01212167833000422
v 0.0022922034841030845 0.006251946091651916 -0.01212167833000422
v 0.0031161291990429176 0.0073884138837456695 -0.011746251024305826
v 0.0031963859219104065 0.007097131107002496 -0.012060874141752725
v 0.0022922034841030845 0.006251946091651916 -0.01212167833000422
v 0.0031963859219104065 0.007097131107002496 -0.012060874141752725
v 0.0024029435589909562 0.005933336913585662 -0.01240005344152451
v 0.0024029435589909562 0.005933336913585662 -0.01240005344152451
v 0.0031963859219104065 0.007097131107002496 -0.012060874141752725
v 0.003290051128715278 0.006758941803127526 -0.012346880510449415
v 0.0024029435589909562 0.005933336913585662 -0.01240005344152451
v 0.003290051128715278 0.006758941803127526 -0.012346880510449415
v 0.002529686084017159 0.005570598877966403 -0.012646592222154146
v 0.002529686084017159 0.005570598877966403 -0.012646592222154146
v 0.003290051128715278 0.006758941803127526 -0.012346880510449415
v 0.0033960624132305397 0.006369518116116523 -0.012601486407220369
v 0.002529686084017159 0.005570598877966403 -0.012646592222154146
v 0.0033960624132305397 0.006369518116116523 -0.012601486407220369
v 0.0026702019385993494 0.005160524975508451 -0.01285940501838923
v 0.0026702019385993494 0.005160524975508451 -0.01285940501838923
v 0.0033960624132305397 0.006369518116116523 -0.012601486407220369
v 0.0035130237229168432 0.005924723576754331 -0.012821958400309091
v 0.0026702019385993494 0.005160524975508451 -0.01285940501838923
v 0.0035130237229168432 0.005924723576754331 -0.012821958400309091
v 0.002821899484843017 0.004700175020843743 -0.013036668300628667
v 0.002821899484843017 0.004700175020843743 -0.013036668300628667
v 0.0035130237229168432 0.005924723576754331 -0.012821958400309091
v 0.003639232367277147 0.005420798435807227 -0.013005616143345838
v 0.002821899484843017 0.004700175020843743 -0.013036668300628667
v 0.003639232367277147 0.005420798435807227 -0.013005616143345838
v 0.0029818743932992233 0.004187067039310931 -0.0131766414269805
v 0.0029818743932992233 0.004187067039310931 -0.0131766414269805
v 0.003639232367277147 0.005420798435807227 -0.013005616143345838
v 0.0037726962473243492 0.0048545319586992255 -0.013149886392056947
v 0.0029818743932992233 0.004187067039310931 -0.0131766414269805
v 0.0037726962473243492 0.0048545319586992255 -0.013149886392056947
v 0.0027665796224027885 0.0033261915668845172 -0.01328492164611817
v 0.0027665796224027885 0.0033261915668845172 -0.01328492164611817
v 0.0037726962473243492 0.0048545319586992255 -0.013149886392056947
v 0.003723615081980826 0.004073344636708497 -0.013260120525956159
v 0.004666145890951158 0.004837860818952321 -0.013213369064033037
v 0.003723615081980826 0.004073344636708497 -0.013260120525956159
v 0.004551165737211706 0.005494250450283288 -0.013112277723848825
v 0.004551165737211706 0.005494250450283288 -0.013112277723848825
v 0.003723615081980826 0.004073344636708497 -0.013260120525956159
v 0.0037726962473243492 0.0048545319586992255 -0.013149886392056947
v 0.004551165737211706 0.005494250450283288 -0.013112277723848825
v 0.0037726962473243492 0.0048545319586992255 -0.013149886392056947
v 0.004450902342796327 0.0060068429447710505 -0.012991077266633516
v 0.004450902342796327 0.0060068429447710505 -0.012991077266633516
v 0.0037726962473243492 0.0048545319586992255 -0.013149886392056947
v 0.003639232367277147 0.005420798435807227 -0.013005616143345838
v 0.004450902342796327 0.0060068429447710505 -0.012991077266633516
v 0.003639232367277147 0.005420798435807227 -0.013005616143345838
v 0.004320484586060049 0.006605501286685466 -0.012786306440830236
v 0.004320484586060049 0.006605501286685466 -0.012786306440830236
v 0.003639232367277147 0.005420798435807227 -0.013005616143345838
v 0.0035130237229168432 0.005924723576754331 -0.012821958400309091
v 0.004320484586060049 0.006605501286685466 -0.012786306440830236
v 0.0035130237229168432 0.005924723576754331 -0.012821958400309091
v 0.00422096159309149 0.007018058560788631 -0.01259177085012198
v 0.00422096159309149 0.007018058560788631 -0.01259177085012198
v 0.0035130237229168432 0.005924723576754331 -0.012821958400309091
v 0.0033960624132305397 0.006369518116116523 -0.012601486407220369
v 0.00212578196078539 0.0067698685452342025 -0.011477436870336538
v 0.0020726153161376723 0.006975296884775161 -0.011115870438516145
v 0.00299842143431306 0.007847506552934645 -0.011042492464184766
v 0.0020347158424556264 0.0074123009108006946 -0.009902473539114004
v 0.0020832756999880084 0.007600759621709584 -0.009014796465635303
v 0.0029321734327822937 0.008469761349260805 -0.008981862105429176
v 0.00299842143431306 0.007847506552934645 -0.011042492464184766
v 0.0020726153161376723 0.006975296884775161 -0.011115870438516145
v 0.0029613210354000343 0.008023492991924284 -0.010659101419150835
v 0.0029613210354000343 0.008023492991924284 -0.010659101419150835
v 0.0020726153161376723 0.006975296884775161 -0.011115870438516145
v 0.002040323335677386 0.007148682139813899 -0.010731115005910402
v 0.0029613210354000343 0.008023492991924284 -0.010659101419150835
v 0.002040323335677386 0.007148682139813899 -0.010731115005910402
v 0.0029273042455315603 0.008288591168820856 -0.009843647480010992
v 0.0034928522072732466 0.009103551506996153 -0.008954376913607124
v 0.003537952899932863 0.009025312028825281 -0.009516348131000999
v 0.0029321734327822937 0.008469761349260805 -0.008981862105429176
v 0.0029321734327822937 0.008469761349260805 -0.008981862105429176
v 0.003537952899932863 0.009025312028825281 -0.009516348131000999
v 0.0029273042455315603 0.008288591168820856 -0.009843647480010992
v 0.0029321734327822937 0.008469761349260805 -0.008981862105429176
v 0.0029273042455315603 0.008288591168820856 -0.009843647480010992
v 0.0020347158424556264 0.0074123009108006946 -0.009902473539114004
v 0.0020347158424556264 0.0074123009108006946 -0.009902473539114004
v 0.0029273042455315603 0.008288591168820856 -0.009843647480010992
v 0.002040323335677386 0.007148682139813899 -0.010731115005910402
v 0.0038199457339942473 0.008363356813788412 -0.011358355171978479
v 0.00299842143431306 0.007847506552934645 -0.011042492464184766
v 0.0036746459081769007 0.008736560121178625 -0.010608572512865072
v 0.0036746459081769007 0.008736560121178625 -0.010608572512865072
v 0.00299842143431306 0.007847506552934645 -0.011042492464184766
v 0.0029613210354000343 0.008023492991924284 -0.010659101419150835
v 0.0036746459081769007 0.008736560121178625 -0.010608572512865072
v 0.0029613210354000343 0.008023492991924284 -0.010659101419150835
v 0.003659224836155774 0.008772427216172217 -0.010510923340916639
v 0.003659224836155774 0.008772427216172217 -0.010510923340916639
v 0.0029613210354000343 0.008023492991924284 -0.010659101419150835
v 0.0029273042455315603 0.008288591168820856 -0.009843647480010992
v 0.003659224836155774 0.008772427216172217 -0.010510923340916639
v 0.0029273042455315603 0.008288591168820856 -0.009843647480010992
v 0.003566409461200239 0.008971069939434527 -0.009798737242817884
v 0.003566409461200239 0.008971069939434527 -0.009798737242817884
v 0.0029273042455315603 0.008288591168820856 -0.009843647480010992
v 0.003537952899932863 0.009025312028825281 -0.009516348131000999
v 0.001262129750102759 0.006959582678973674 -0.008095241151750091
v 0.0021440214477479467 0.007764368318021297 -0.008095272816717628
v 0.0020832756999880084 0.007600759621709584 -0.009014796465635303
v 0.0020832756999880084 0.007600759621709584 -0.009014796465635303
v 0.0021440214477479467 0.007764368318021297 -0.008095272816717628
v 0.002405250212177635 0.008024892769753931 -0.008095298893749717
v 0.0020832756999880084 0.007600759621709584 -0.009014796465635303
v 0.002405250212177635 0.008024892769753931 -0.008095298893749717
v 0.0029321734327822937 0.008469761349260805 -0.008981862105429176
v 0.0029321734327822937 0.008469761349260805 -0.008981862105429176
v 0.002405250212177635 0.008024892769753931 -0.008095298893749717
v 0.0034466029610484856 0.009173150174319742 -0.008095506578683857
v 0.0029321734327822937 0.008469761349260805 -0.008981862105429176
v 0.0034466029610484856 0.009173150174319742 -0.008095506578683857
v 0.0034928522072732466 0.009103551506996153 -0.008954376913607124
v 0.00212578196078539 0.0067698685452342025 -0.011477436870336538
v 0.00299842143431306 0.007847506552934645 -0.011042492464184766
v 0.0030500155407935394 0.007637141272425651 -0.0114058367908001
v 0.0030500155407935394 0.007637141272425651 -0.0114058367908001
v 0.00299842143431306 0.007847506552934645 -0.011042492464184766
v 0.0038199457339942473 0.008363356813788412 -0.011358355171978479
v 0.0030500155407935394 0.007637141272425651 -0.0114058367908001
v 0.0038199457339942473 0.008363356813788412 -0.011358355171978479
v 0.0031161291990429176 0.0073884138837456695 -0.011746251024305826
v 0.0031161291990429176 0.0073884138837456695 -0.011746251024305826
v 0.0038199457339942473 0.008363356813788412 -0.011358355171978479
v 0.003905974095687272 0.008113970048725603 -0.011701945215463644
v 0.0031161291990429176 0.0073884138837456695 -0.011746251024305826
v 0.003905974095687272 0.008113970048725603 -0.011701945215463644
v 0.0031963859219104065 0.007097131107002496 -0.012060874141752725
v 0.0031963859219104065 0.007097131107002496 -0.012060874141752725
v 0.003905974095687272 0.008113970048725603 -0.011701945215463644
v 0.003999340347945692 0.007819787599146364 -0.012017540633678441
v 0.0031963859219104065 0.007097131107002496 -0.012060874141752725
v 0.003999340347945692 0.007819787599146364 -0.012017540633678441
v 0.003290051128715278 0.006758941803127526 -0.012346880510449415
v 0.003290051128715278 0.006758941803127526 -0.012346880510449415
v 0.003999340347945692 0.007819787599146364 -0.012017540633678441
v 0.004101382102817299 0.0074694440700113765 -0.012308751232922082
v 0.003290051128715278 0.006758941803127526 -0.012346880510449415
v 0.004101382102817299 0.0074694440700113765 -0.012308751232922082
v 0.0033960624132305397 0.006369518116116523 -0.012601486407220369
v 0.0033960624132305397 0.006369518116116523 -0.012601486407220369
v 0.004101382102817299 0.0074694440700113765 -0.012308751232922082
v 0.004208644386380913 0.007066700607538222 -0.012565219774842267
v 0.0033960624132305397 0.006369518116116523 -0.012601486407220369
v 0.004208644386380913 0.007066700607538222 -0.012565219774842267
v 0.00422096159309149 0.007018058560788631 -0.01259177085012198
v 0.0010765452170744543 0.006803583819419145 -0.00809524301439524
v 0.001262129750102759 0.006959582678973674 -0.008095241151750091
v 0.0009955418063327674 0.006638713646680116 -0.009049291722476486
v 0.0009955418063327674 0.006638713646680116 -0.009049291722476486
v 0.001262129750102759 0.006959582678973674 -0.008095241151750091
v 0.0020832756999880084 0.007600759621709584 -0.009014796465635303
v 0.0009955418063327674 0.006638713646680116 -0.009049291722476486
v 0.0020832756999880084 0.007600759621709584 -0.009014796465635303
v 0.0009345866856165235 0.006460213102400302 -0.00996457133442164
v 0.0009345866856165235 0.006460213102400302 -0.00996457133442164
v 0.0020832756999880084 0.007600759621709584 -0.009014796465635303
v 0.0020347158424556264 0.0074123009108006946 -0.009902473539114004
v 0.0009345866856165235 0.006460213102400302 -0.00996457133442164
v 0.0020347158424556264 0.0074123009108006946 -0.009902473539114004
v 0.0009295485797338192 0.006347574293613433 -0.010396897792816167
v 0.0009295485797338192 0.006347574293613433 -0.010396897792816167
v 0.0020347158424556264 0.0074123009108006946 -0.009902473539114004
v 0.002040323335677386 0.007148682139813899 -0.010731115005910402
v 0.0027665796224027885 0.0033261915668845172 -0.01328492164611817
v 0.0024079869035631427 0.0035709738731384273 -0.013212491758167749
v 0.0029818743932992233 0.004187067039310931 -0.0131766414269805
v 0.0029818743932992233 0.004187067039310931 -0.0131766414269805
v 0.0024079869035631427 0.0035709738731384273 -0.013212491758167749
v 0.002253709128126503 0.0036632677074521776 -0.013174445368349557
v 0.0029818743932992233 0.004187067039310931 -0.0131766414269805
v 0.002253709128126503 0.0036632677074521776 -0.013174445368349557
v 0.002821899484843017 0.004700175020843743 -0.013036668300628667
v 0.002821899484843017 0.004700175020843743 -0.013036668300628667
v 0.002253709128126503 0.0036632677074521776 -0.013174445368349557
v 0.001973611069843174 0.003964546602219342 -0.013057110831141477
v 0.002821899484843017 0.004700175020843743 -0.013036668300628667
v 0.001973611069843174 0.003964546602219342 -0.013057110831141477
v 0.0026702019385993494 0.005160524975508451 -0.01285940501838923
v 0.0026702019385993494 0.005160524975508451 -0.01285940501838923
v 0.001973611069843174 0.003964546602219342 -0.013057110831141477
v 0.001782689127139748 0.004370735492557286 -0.012889436446130281
v 0.0026702019385993494 0.005160524975508451 -0.01285940501838923
v 0.001782689127139748 0.004370735492557286 -0.012889436446130281
v 0.002529686084017159 0.005570598877966403 -0.012646592222154146
v 0.002529686084017159 0.005570598877966403 -0.012646592222154146
v 0.001782689127139748 0.004370735492557286 -0.012889436446130281
v 0.0016032896237447864 0.004737758543342351 -0.012687496840953832
v 0.002529686084017159 0.005570598877966403 -0.012646592222154146
v 0.0016032896237447864 0.004737758543342351 -0.012687496840953832
v 0.0024029435589909562 0.005933336913585662 -0.01240005344152451
v 0.0024029435589909562 0.005933336913585662 -0.01240005344152451
v 0.0016032896237447864 0.004737758543342351 -0.012687496840953832
v 0.001439160434529186 0.005067294929176568 -0.01245193369686604
v 0.0024029435589909562 0.005933336913585662 -0.01240005344152451
v 0.001439160434529186 0.005067294929176568 -0.01245193369686604
v 0.0022922034841030845 0.006251946091651916 -0.01212167833000422
v 0.0022922034841030845 0.006251946091651916 -0.01212167833000422
v 0.001439160434529186 0.005067294929176568 -0.01245193369686604
v 0.0012936771381646401 0.005361106246709823 -0.012183579616248613
v 0.0022922034841030845 0.006251946091651916 -0.01212167833000422
v 0.0012936771381646401 0.005361106246709823 -0.012183579616248613
v 0.0021993268746882686 0.00652972375974059 -0.011813444085419183
v 0.0021993268746882686 0.00652972375974059 -0.011813444085419183
v 0.0012936771381646401 0.005361106246709823 -0.012183579616248613
v 0.0011697721201926474 0.005620894022285937 -0.01188349816948176
v 0.0021993268746882686 0.00652972375974059 -0.011813444085419183
v 0.0011697721201926474 0.005620894022285937 -0.01188349816948176
v 0.00212578196078539 0.0067698685452342025 -0.011477436870336538
v 0.00212578196078539 0.0067698685452342025 -0.011477436870336538
v 0.0011697721201926474 0.005620894022285937 -0.01188349816948176
v 0.001069900812581182 0.005848185159265994 -0.011553008109331136
v 0.00212578196078539 0.0067698685452342025 -0.011477436870336538
v 0.001069900812581182 0.005848185159265994 -0.011553008109331136
v 0.0020726153161376723 0.006975296884775161 -0.011115870438516145
v 0.0020726153161376723 0.006975296884775161 -0.011115870438516145
v 0.001069900812581182 0.005848185159265994 -0.011553008109331136
v 0.000995990121737123 0.006044213194400071 -0.011193715967237955
v 0.0020726153161376723 0.006975296884775161 -0.011115870438516145
v 0.000995990121737123 0.006044213194400071 -0.011193715967237955
v 0.002040323335677386 0.007148682139813899 -0.010731115005910402
v 0.002040323335677386 0.007148682139813899 -0.010731115005910402
v 0.000995990121737123 0.006044213194400071 -0.011193715967237955
v 0.0009492523386143152 0.006210082210600375 -0.010807562619447713
v 0.002040323335677386 0.007148682139813899 -0.010731115005910402
v 0.0009492523386143152 0.006210082210600375 -0.010807562619447713
v 0.0009295485797338192 0.006347574293613433 -0.010396897792816167
v 0.0009295485797338192 0.006347574293613433 -0.010396897792816167
v 0.0009492523386143152 0.006210082210600375 -0.010807562619447713
v -1.000472093437566e-05 0.005635343026369809 -0.010421817190945154
v 0.0009295485797338192 0.006347574293613433 -0.010396897792816167
v -1.000472093437566e-05 0.005635343026369809 -0.010421817190945154
v -9.175451123155658e-05 0.005736579187214374 -0.009710754267871383
v 0.0029321734327822937 0.008469761349260805 -0.003018141491338612
v 0.002405250212177635 0.008024892769753931 -0.0039047049358487147
v 0.0021440214477479467 0.007764368318021297 -0.0039047307800501602
v 0.0024079869035631427 0.0035709738731384273 0.0012124885106459264
v 0.0027665796224027885 0.0033261915668845172 0.0012849179329350597
v 0.0029818743932992233 0.004187067039310931 0.001176637713797391
v 0.002821899484843017 0.004700175020843743 0.0010366645874455576
v 0.002030088799074293 0.003804643172770738 0.0011079289251938467
v 0.0029818743932992233 0.004187067039310931 0.001176637713797391
v 0.0029818743932992233 0.004187067039310931 0.001176637713797391
v 0.002030088799074293 0.003804643172770738 0.0011079289251938467
v 0.0023127305321395406 0.0036274648737162347 0.0011897004442289476
v 0.0029818743932992233 0.004187067039310931 0.001176637713797391
v 0.0023127305321395406 0.0036274648737162347 0.0011897004442289476
v 0.0024079869035631427 0.0035709738731384273 0.0012124885106459264
v 0.0018929826328530916 0.003895974019542336 0.0010595406638458375
v 0.001973611069843174 0.003964546602219342 0.0010571075836196546
v 0.0018842648714780816 0.0039019058458507057 0.0010562475072219972
v 0.0018842648714780816 0.0039019058458507057 0.0010562475072219972
v 0.001973611069843174 0.003964546602219342 0.0010571075836196546
v 0.001782689127139748 0.004370735492557286 0.0008894327911548321
v 0.0018842648714780816 0.0039019058458507057 0.0010562475072219972
v 0.001782689127139748 0.004370735492557286 0.0008894327911548321
v 0.0014323050854727632 0.0042307525873184195 0.0008429756271652881
v 0.0014323050854727632 0.0042307525873184195 0.0008429756271652881
v 0.001782689127139748 0.004370735492557286 0.0008894327911548321
v 0.0016032896237447864 0.004737758543342351 0.0006874936516396705
v 0.0014323050854727632 0.0042307525873184195 0.0008429756271652881
v 0.0016032896237447864 0.004737758543342351 0.0006874936516396705
v 0.0010485565289855008 0.004545964766293763 0.0005735714803449812
v 0.0016032896237447864 0.004737758543342351 0.0006874936516396705
v 0.001439160434529186 0.005067294929176568 0.0004519300418905916
v 0.0010485565289855008 0.004545964766293763 0.0005735714803449812
v 0.0010485565289855008 0.004545964766293763 0.0005735714803449812
v 0.001439160434529186 0.005067294929176568 0.0004519300418905916
v 0.0012936771381646401 0.005361106246709823 0.00018357642693445095
v 0.0010485565289855008 0.004545964766293763 0.0005735714803449812
v 0.0012936771381646401 0.005361106246709823 0.00018357642693445095
v 0.0007285536266863349 0.004837761167436837 0.00024997786385938536
v 0.0007285536266863349 0.004837761167436837 0.00024997786385938536
v 0.0012936771381646401 0.005361106246709823 0.00018357642693445095
v 0.0011697721201926474 0.005620894022285937 -0.00011650502710836014
v 0.0007285536266863349 0.004837761167436837 0.00024997786385938536
v 0.0011697721201926474 0.005620894022285937 -0.00011650502710836014
v 0.0004562024259939792 0.005109769292175769 -0.0001441578497178853
v 0.0004562024259939792 0.005109769292175769 -0.0001441578497178853
v 0.0011697721201926474 0.005620894022285937 -0.00011650502710836014
v 0.001069900812581182 0.005848185159265994 -0.0004469955456443133
v 0.0004562024259939792 0.005109769292175769 -0.0001441578497178853
v 0.001069900812581182 0.005848185159265994 -0.0004469955456443133
v 0.0002449898165650667 0.005337679293006658 -0.0005896480870433154
v -9.175451123155658e-05 0.005736579187214374 -0.0022892490960657605
v -8.260172762675215e-05 0.0057250848039984694 -0.0021800508257001647
v 0.0009345866856165235 0.006460213102400302 -0.0020354322623461494
v 0.0009345866856165235 0.006460213102400302 -0.0020354322623461494
v -8.260172762675215e-05 0.0057250848039984694 -0.0021800508257001647
v -2.537493173804252e-06 0.005626242142170667 -0.0015321158571168787
v 0.0009345866856165235 0.006460213102400302 -0.0020354322623461494
v -2.537493173804252e-06 0.005626242142170667 -0.0015321158571168787
v 0.0009295485797338192 0.006347574293613433 -0.0016031059203669435
v 0.0009295485797338192 0.006347574293613433 -0.0016031059203669435
v -2.537493173804252e-06 0.005626242142170667 -0.0015321158571168787
v 9.527352085569878e-05 0.005509257782250642 -0.0010592400794848804
v 0.0009295485797338192 0.006347574293613433 -0.0016031059203669435
v 9.527352085569878e-05 0.005509257782250642 -0.0010592400794848804
v 0.0009492523386143152 0.006210082210600375 -0.0011924410937353973
v 0.0009492523386143152 0.006210082210600375 -0.0011924410937353973
v 9.527352085569878e-05 0.005509257782250642 -0.0010592400794848804
v 0.0002449898165650667 0.005337679293006658 -0.0005896480870433154
v 0.0009492523386143152 0.006210082210600375 -0.0011924410937353973
v 0.0002449898165650667 0.005337679293006658 -0.0005896480870433154
v 0.000995990121737123 0.006044213194400071 -0.000806287687737495
v 0.000995990121737123 0.006044213194400071 -0.000806287687737495
v 0.0002449898165650667 0.005337679293006658 -0.0005896480870433154
v 0.001069900812581182 0.005848185159265994 -0.0004469955456443133
v -0.00018143301713280388 0.005849272944033145 -0.003904707962647082
v -0.00010112748714163903 0.005748335737735032 -0.002413921058177949
v 0.0005506383022293451 0.006383934523910283 -0.0039047454483807104
v 0.0005506383022293451 0.006383934523910283 -0.0039047454483807104
v -0.00010112748714163903 0.005748335737735032 -0.002413921058177949
v 0.0009955418063327674 0.006638713646680116 -0.0029507116414606584
v 0.0005506383022293451 0.006383934523910283 -0.0039047454483807104
v 0.0009955418063327674 0.006638713646680116 -0.0029507116414606584
v 0.0010765452170744543 0.006803583819419145 -0.0039047603495419043
v 0.0030500155407935394 0.007637141272425651 -0.0005941663985140624
v 0.00299842143431306 0.007847506552934645 -0.0009575107251293962
v 0.0020726153161376723 0.006975296884775161 -0.0008841327507980172
v 0.0036746459081769007 0.008736560121178625 -0.0013914307346567518
v 0.0029613210354000343 0.008023492991924284 -0.0013409022940322763
v 0.0037911115214228647 0.008442299440503119 -0.0007708722841925922
v 0.0037911115214228647 0.008442299440503119 -0.0007708722841925922
v 0.0029613210354000343 0.008023492991924284 -0.0013409022940322763
v 0.00299842143431306 0.007847506552934645 -0.0009575107251293962
v 0.0037911115214228647 0.008442299440503119 -0.0007708722841925922
v 0.00299842143431306 0.007847506552934645 -0.0009575107251293962
v 0.0038199457339942473 0.008363356813788412 -0.0006416480173356834
v 0.0038199457339942473 0.008363356813788412 -0.0006416480173356834
v 0.00299842143431306 0.007847506552934645 -0.0009575107251293962
v 0.0030500155407935394 0.007637141272425651 -0.0005941663985140624
v 0.0038199457339942473 0.008363356813788412 -0.0006416480173356834
v 0.0030500155407935394 0.007637141272425651 -0.0005941663985140624
v 0.003977919463068249 0.007889473810791968 -5.0329901569057276e-05
v 0.0020726153161376723 0.006975296884775161 -0.0008841327507980172
v 0.00299842143431306 0.007847506552934645 -0.0009575107251293962
v 0.002040323335677386 0.007148682139813899 -0.001268888707272709
v 0.002040323335677386 0.007148682139813899 -0.001268888707272709
v 0.00299842143431306 0.007847506552934645 -0.0009575107251293962
v 0.0029613210354000343 0.008023492991924284 -0.0013409022940322763
v 0.002040323335677386 0.007148682139813899 -0.001268888707272709
v 0.0029613210354000343 0.008023492991924284 -0.0013409022940322763
v 0.0020347158424556264 0.0074123009108006946 -0.0020975302904844293
v 0.0036746459081769007 0.008736560121178625 -0.0013914307346567518
v 0.00364416907541454 0.008806698955595492 -0.0015890173381194479
v 0.0029613210354000343 0.008023492991924284 -0.0013409022940322763
v 0.0029613210354000343 0.008023492991924284 -0.0013409022940322763
v 0.00364416907541454 0.008806698955595492 -0.0015890173381194479
v 0.0029273042455315603 0.008288591168820856 -0.0021563556510955104
v 0.0029613210354000343 0.008023492991924284 -0.0013409022940322763
v 0.0029273042455315603 0.008288591168820856 -0.0021563556510955104
v 0.0020347158424556264 0.0074123009108006946 -0.0020975302904844293
v 0.0020347158424556264 0.0074123009108006946 -0.0020975302904844293
v 0.0029273042455315603 0.008288591168820856 -0.0021563556510955104
v 0.0020832756999880084 0.007600759621709584 -0.002985207131132485
v 0.0020347158424556264 0.0074123009108006946 -0.0020975302904844293
v 0.0020832756999880084 0.007600759621709584 -0.002985207131132485
v 0.0009955418063327674 0.006638713646680116 -0.0029507116414606584
v 0.0027665796224027885 0.0033261915668845172 0.0012849179329350597
v 0.003723615081980826 0.004073344636708497 0.0012601168127730495
v 0.0029818743932992233 0.004187067039310931 0.001176637713797391
v 0.0029818743932992233 0.004187067039310931 0.001176637713797391
v 0.003723615081980826 0.004073344636708497 0.0012601168127730495
v 0.0037726962473243492 0.0048545319586992255 0.0011498831445351247
v 0.0029818743932992233 0.004187067039310931 0.001176637713797391
v 0.0037726962473243492 0.0048545319586992255 0.0011498831445351247
v 0.002821899484843017 0.004700175020843743 0.0010366645874455576
v 0.002821899484843017 0.004700175020843743 0.0010366645874455576
v 0.0037726962473243492 0.0048545319586992255 0.0011498831445351247
v 0.003639232367277147 0.005420798435807227 0.0010056128958240156
v 0.002821899484843017 0.004700175020843743 0.0010366645874455576
v 0.003639232367277147 0.005420798435807227 0.0010056128958240156
v 0.0026702019385993494 0.005160524975508451 0.0008594018290750687
v 0.0026702019385993494 0.005160524975508451 0.0008594018290750687
v 0.003639232367277147 0.005420798435807227 0.0010056128958240156
v 0.0035130237229168432 0.005924723576754331 0.0008219547453336421
v 0.0026702019385993494 0.005160524975508451 0.0008594018290750687
v 0.0035130237229168432 0.005924723576754331 0.0008219547453336421
v 0.002529686084017159 0.005570598877966403 0.0006465885671786967
v 0.002529686084017159 0.005570598877966403 0.0006465885671786967
v 0.0035130237229168432 0.005924723576754331 0.0008219547453336421
v 0.0033960624132305397 0.006369518116116523 0.0006014832179062071
v 0.002529686084017159 0.005570598877966403 0.0006465885671786967
v 0.0033960624132305397 0.006369518116116523 0.0006014832179062071
v 0.0024029435589909562 0.005933336913585662 0.0004000497865490617
v 0.0024029435589909562 0.005933336913585662 0.0004000497865490617
v 0.0033960624132305397 0.006369518116116523 0.0006014832179062071
v 0.003290051128715278 0.006758941803127526 0.00034687685547396557
v 0.0024029435589909562 0.005933336913585662 0.0004000497865490617
v 0.003290051128715278 0.006758941803127526 0.00034687685547396557
v 0.0022922034841030845 0.006251946091651916 0.0001216746677528136
v 0.0022922034841030845 0.006251946091651916 0.0001216746677528136
v 0.003290051128715278 0.006758941803127526 0.00034687685547396557
v 0.0031963859219104065 0.007097131107002496 6.0870479501318214e-05
v 0.0022922034841030845 0.006251946091651916 0.0001216746677528136
v 0.0031963859219104065 0.007097131107002496 6.0870479501318214e-05
v 0.0021993268746882686 0.00652972375974059 -0.00018655956955626615
v 0.0021993268746882686 0.00652972375974059 -0.00018655956955626615
v 0.0031963859219104065 0.007097131107002496 6.0870479501318214e-05
v 0.0031161291990429176 0.0073884138837456695 -0.0002537526306696237
v 0.0021993268746882686 0.00652972375974059 -0.00018655956955626615
v 0.0031161291990429176 0.0073884138837456695 -0.0002537526306696237
v 0.00212578196078539 0.0067698685452342025 -0.0005225667846389117
v 0.0034466029610484856 0.009173150174319742 -0.0039044970180839318
v 0.002405250212177635 0.008024892769753931 -0.0039047049358487147
v 0.0034928522072732466 0.009103551506996153 -0.0030456269159913076
v 0.0034928522072732466 0.009103551506996153 -0.0030456269159913076
v 0.002405250212177635 0.008024892769753931 -0.0039047049358487147
v 0.0029321734327822937 0.008469761349260805 -0.003018141491338612
v 0.0034928522072732466 0.009103551506996153 -0.0030456269159913076
v 0.0029321734327822937 0.008469761349260805 -0.003018141491338612
v 0.0035304496996104735 0.009039028547704218 -0.0025658637750893844
v 0.0035304496996104735 0.009039028547704218 -0.0025658637750893844
v 0.0029321734327822937 0.008469761349260805 -0.003018141491338612
v 0.003566409461200239 0.008971069939434527 -0.0022012663539499053
v 0.00364416907541454 0.008806698955595492 -0.0015890173381194479
v 0.003566409461200239 0.008971069939434527 -0.0022012663539499053
v 0.0029273042455315603 0.008288591168820856 -0.0021563556510955104
v 0.0029273042455315603 0.008288591168820856 -0.0021563556510955104
v 0.003566409461200239 0.008971069939434527 -0.0022012663539499053
v 0.0029321734327822937 0.008469761349260805 -0.003018141491338612
v 0.0029273042455315603 0.008288591168820856 -0.0021563556510955104
v 0.0029321734327822937 0.008469761349260805 -0.003018141491338612
v 0.0020832756999880084 0.007600759621709584 -0.002985207131132485
v 0.0020832756999880084 0.007600759621709584 -0.002985207131132485
v 0.0029321734327822937 0.008469761349260805 -0.003018141491338612
v 0.0021440214477479467 0.007764368318021297 -0.0039047307800501602
v 0.0020832756999880084 0.007600759621709584 -0.002985207131132485
v 0.0021440214477479467 0.007764368318021297 -0.0039047307800501602
v 0.0009955418063327674 0.006638713646680116 -0.0029507116414606584
v 0.0009955418063327674 0.006638713646680116 -0.0029507116414606584
v 0.0021440214477479467 0.007764368318021297 -0.0039047307800501602
v 0.001262129750102759 0.006959582678973674 -0.00390476197935641
v 0.0009955418063327674 0.006638713646680116 -0.0029507116414606584
v 0.001262129750102759 0.006959582678973674 -0.00390476197935641
v 0.0010765452170744543 0.006803583819419145 -0.0039047603495419043
v 0.003723615081980826 0.004073344636708497 0.0012601168127730495
v 0.004666145890951158 0.004837860818952321 0.0012133658165112142
v 0.0037726962473243492 0.0048545319586992255 0.0011498831445351247
v 0.0037726962473243492 0.0048545319586992255 0.0011498831445351247
v 0.004666145890951158 0.004837860818952321 0.0012133658165112142
v 0.004551165737211706 0.005494250450283288 0.0011122744763270025
v 0.0037726962473243492 0.0048545319586992255 0.0011498831445351247
v 0.004551165737211706 0.005494250450283288 0.0011122744763270025
v 0.003639232367277147 0.005420798435807227 0.0010056128958240156
v 0.003639232367277147 0.005420798435807227 0.0010056128958240156
v 0.004551165737211706 0.005494250450283288 0.0011122744763270025
v 0.004421675112098457 0.006147255189716815 0.0009498993749730293
v 0.003639232367277147 0.005420798435807227 0.0010056128958240156
v 0.004421675112098457 0.006147255189716815 0.0009498993749730293
v 0.0035130237229168432 0.005924723576754331 0.0008219547453336421
v 0.0035130237229168432 0.005924723576754331 0.0008219547453336421
v 0.004421675112098457 0.006147255189716815 0.0009498993749730293
v 0.004320484586060049 0.006605501286685466 0.000786302785854787
v 0.0035130237229168432 0.005924723576754331 0.0008219547453336421
v 0.004320484586060049 0.006605501286685466 0.000786302785854787
v 0.0033960624132305397 0.006369518116116523 0.0006014832179062071
v 0.0033960624132305397 0.006369518116116523 0.0006014832179062071
v 0.004320484586060049 0.006605501286685466 0.000786302785854787
v 0.004185777623206379 0.007155677769333123 0.0005143929156474771
v 0.0033960624132305397 0.006369518116116523 0.0006014832179062071
v 0.004185777623206379 0.007155677769333123 0.0005143929156474771
v 0.003290051128715278 0.006758941803127526 0.00034687685547396557
v 0.003290051128715278 0.006758941803127526 0.00034687685547396557
v 0.004185777623206379 0.007155677769333123 0.0005143929156474771
v 0.004101382102817299 0.0074694440700113765 0.00030874757794663326
v 0.003290051128715278 0.006758941803127526 0.00034687685547396557
v 0.004101382102817299 0.0074694440700113765 0.00030874757794663326
v 0.0031963859219104065 0.007097131107002496 6.0870479501318214e-05
v 0.0031963859219104065 0.007097131107002496 6.0870479501318214e-05
v 0.004101382102817299 0.0074694440700113765 0.00030874757794663326
v 0.003977919463068249 0.007889473810791968 -5.0329901569057276e-05
v 0.0031963859219104065 0.007097131107002496 6.0870479501318214e-05
v 0.003977919463068249 0.007889473810791968 -5.0329901569057276e-05
v 0.0031161291990429176 0.0073884138837456695 -0.0002537526306696237
v 0.0031161291990429176 0.0073884138837456695 -0.0002537526306696237
v 0.003977919463068249 0.007889473810791968 -5.0329901569057276e-05
v 0.0030500155407935394 0.007637141272425651 -0.0005941663985140624
v 0.0031161291990429176 0.0073884138837456695 -0.0002537526306696237
v 0.0030500155407935394 0.007637141272425651 -0.0005941663985140624
v 0.00212578196078539 0.0067698685452342025 -0.0005225667846389117
v 0.00212578196078539 0.0067698685452342025 -0.0005225667846389117
v 0.0030500155407935394 0.007637141272425651 -0.0005941663985140624
v 0.0020726153161376723 0.006975296884775161 -0.0008841327507980172
v -0.00010112748714163903 0.005748335737735032 -0.002413921058177949
v -9.175451123155658e-05 0.005736579187214374 -0.0022892490960657605
v 0.0009955418063327674 0.006638713646680116 -0.0029507116414606584
v 0.0009955418063327674 0.006638713646680116 -0.0029507116414606584
v -9.175451123155658e-05 0.005736579187214374 -0.0022892490960657605
v 0.0009345866856165235 0.006460213102400302 -0.0020354322623461494
v 0.0009955418063327674 0.006638713646680116 -0.0029507116414606584
v 0.0009345866856165235 0.006460213102400302 -0.0020354322623461494
v 0.0020347158424556264 0.0074123009108006946 -0.0020975302904844293
v 0.0020347158424556264 0.0074123009108006946 -0.0020975302904844293
v 0.0009345866856165235 0.006460213102400302 -0.0020354322623461494
v 0.0009295485797338192 0.006347574293613433 -0.0016031059203669435
v 0.0020347158424556264 0.0074123009108006946 -0.0020975302904844293
v 0.0009295485797338192 0.006347574293613433 -0.0016031059203669435
v 0.002040323335677386 0.007148682139813899 -0.001268888707272709
v 0.002040323335677386 0.007148682139813899 -0.001268888707272709
v 0.0009295485797338192 0.006347574293613433 -0.0016031059203669435
v 0.0009492523386143152 0.006210082210600375 -0.0011924410937353973
v 0.002040323335677386 0.007148682139813899 -0.001268888707272709
v 0.0009492523386143152 0.006210082210600375 -0.0011924410937353973
v 0.0020726153161376723 0.006975296884775161 -0.0008841327507980172
v 0.0020726153161376723 0.006975296884775161 -0.0008841327507980172
v 0.0009492523386143152 0.006210082210600375 -0.0011924410937353973
v 0.000995990121737123 0.006044213194400071 -0.000806287687737495
v 0.0020726153161376723 0.006975296884775161 -0.0008841327507980172
v 0.000995990121737123 0.006044213194400071 -0.000806287687737495
v 0.00212578196078539 0.0067698685452342025 -0.0005225667846389117
v 0.00212578196078539 0.0067698685452342025 -0.0005225667846389117
v 0.000995990121737123 0.006044213194400071 -0.000806287687737495
v 0.001069900812581182 0.005848185159265994 -0.0004469955456443133
v 0.00212578196078539 0.0067698685452342025 -0.0005225667846389117
v 0.001069900812581182 0.005848185159265994 -0.0004469955456443133
v 0.0021993268746882686 0.00652972375974059 -0.00018655956955626615
v 0.0021993268746882686 0.00652972375974059 -0.00018655956955626615
v 0.001069900812581182 0.005848185159265994 -0.0004469955456443133
v 0.0011697721201926474 0.005620894022285937 -0.00011650502710836014
v 0.0021993268746882686 0.00652972375974059 -0.00018655956955626615
v 0.0011697721201926474 0.005620894022285937 -0.00011650502710836014
v 0.0022922034841030845 0.006251946091651916 0.0001216746677528136
v 0.0022922034841030845 0.006251946091651916 0.0001216746677528136
v 0.0011697721201926474 0.005620894022285937 -0.00011650502710836014
v 0.0012936771381646401 0.005361106246709823 0.00018357642693445095
v 0.0022922034841030845 0.006251946091651916 0.0001216746677528136
v 0.0012936771381646401 0.005361106246709823 0.00018357642693445095
v 0.0024029435589909562 0.005933336913585662 0.0004000497865490617
v 0.0024029435589909562 0.005933336913585662 0.0004000497865490617
v 0.0012936771381646401 0.005361106246709823 0.00018357642693445095
v 0.001439160434529186 0.005067294929176568 0.0004519300418905916
v 0.0024029435589909562 0.005933336913585662 0.0004000497865490617
v 0.001439160434529186 0.005067294929176568 0.0004519300418905916
v 0.002529686084017159 0.005570598877966403 0.0006465885671786967
v 0.002529686084017159 0.005570598877966403 0.0006465885671786967
v 0.001439160434529186 0.005067294929176568 0.0004519300418905916
v 0.0016032896237447864 0.004737758543342351 0.0006874936516396705
v 0.002529686084017159 0.005570598877966403 0.0006465885671786967
v 0.0016032896237447864 0.004737758543342351 0.0006874936516396705
v 0.0026702019385993494 0.005160524975508451 0.0008594018290750687
v 0.0026702019385993494 0.005160524975508451 0.0008594018290750687
v 0.0016032896237447864 0.004737758543342351 0.0006874936516396705
v 0.001782689127139748 0.004370735492557286 0.0008894327911548321
v 0.0026702019385993494 0.005160524975508451 0.0008594018290750687
v 0.001782689127139748 0.004370735492557286 0.0008894327911548321
v 0.002821899484843017 0.004700175020843743 0.0010366645874455576
v 0.002821899484843017 0.004700175020843743 0.0010366645874455576
v 0.001782689127139748 0.004370735492557286 0.0008894327911548321
v 0.001973611069843174 0.003964546602219342 0.0010571075836196546
v 0.002821899484843017 0.004700175020843743 0.0010366645874455576
v 0.001973611069843174 0.003964546602219342 0.0010571075836196546
v 0.002030088799074293 0.003804643172770738 0.0011079289251938467
v 0.002030088799074293 0.003804643172770738 0.0011079289251938467
v 0.001973611069843174 0.003964546602219342 0.0010571075836196546
v 0.0018929826328530916 0.003895974019542336 0.0010595406638458375
v 0.0034466029610484856 0.009173150174319742 -0.0039044970180839318
v 0.003402514383196832 0.009235978126525877 -0.006000001914799216
v 0.002362772822380067 0.008092164061963556 -0.006000001914799216
v 0.0005171069060452285 0.006456525996327399 -0.006000001914799216
v -0.0002297456085216255 0.00590999936684966 -0.006000001914799216
v -0.00018143301713280388 0.005849272944033145 -0.003904707962647082
v -0.00018143301713280388 0.005849272944033145 -0.003904707962647082
v 0.0005506383022293451 0.006383934523910283 -0.0039047454483807104
v 0.0005171069060452285 0.006456525996327399 -0.006000001914799216
v 0.0005171069060452285 0.006456525996327399 -0.006000001914799216
v 0.0005506383022293451 0.006383934523910283 -0.0039047454483807104
v 0.0010765452170744543 0.006803583819419145 -0.0039047603495419043
v 0.0005171069060452285 0.006456525996327399 -0.006000001914799216
v 0.0010765452170744543 0.006803583819419145 -0.0039047603495419043
v 0.0012249052524566657 0.007030663546174764 -0.006000001914799216
v -0.00018143301713280388 0.005849272944033145 -0.008095295168459419
v -0.0002297456085216255 0.00590999936684966 -0.006000001914799216
v 0.0005506383022293451 0.006383934523910283 -0.008095257915556434
v 0.0005506383022293451 0.006383934523910283 -0.008095257915556434
v -0.0002297456085216255 0.00590999936684966 -0.006000001914799216
v 0.0005171069060452285 0.006456525996327399 -0.006000001914799216
v 0.0005506383022293451 0.006383934523910283 -0.008095257915556434
v 0.0005171069060452285 0.006456525996327399 -0.006000001914799216
v 0.0010765452170744543 0.006803583819419145 -0.00809524301439524
v 0.0010765452170744543 0.006803583819419145 -0.00809524301439524
v 0.0005171069060452285 0.006456525996327399 -0.006000001914799216
v 0.0012249052524566657 0.007030663546174764 -0.006000001914799216
v 0.0010765452170744543 0.006803583819419145 -0.00809524301439524
v 0.0012249052524566657 0.007030663546174764 -0.006000001914799216
v 0.001262129750102759 0.006959582678973674 -0.008095241151750091
v 0.0010765452170744543 0.006803583819419145 -0.0039047603495419043
v 0.001262129750102759 0.006959582678973674 -0.00390476197935641
v 0.0012249052524566657 0.007030663546174764 -0.006000001914799216
v 0.0012249052524566657 0.007030663546174764 -0.006000001914799216
v 0.001262129750102759 0.006959582678973674 -0.00390476197935641
v 0.0021440214477479467 0.007764368318021297 -0.0039047307800501602
v 0.0012249052524566657 0.007030663546174764 -0.006000001914799216
v 0.0021440214477479467 0.007764368318021297 -0.0039047307800501602
v 0.002362772822380067 0.008092164061963556 -0.006000001914799216
v 0.002362772822380067 0.008092164061963556 -0.006000001914799216
v 0.0021440214477479467 0.007764368318021297 -0.0039047307800501602
v 0.002405250212177635 0.008024892769753931 -0.0039047049358487147
v 0.002362772822380067 0.008092164061963556 -0.006000001914799216
v 0.002405250212177635 0.008024892769753931 -0.0039047049358487147
v 0.0034466029610484856 0.009173150174319742 -0.0039044970180839318
v 0.001262129750102759 0.006959582678973674 -0.008095241151750091
v 0.0012249052524566657 0.007030663546174764 -0.006000001914799216
v 0.0021440214477479467 0.007764368318021297 -0.008095272816717628
v 0.0021440214477479467 0.007764368318021297 -0.008095272816717628
v 0.0012249052524566657 0.007030663546174764 -0.006000001914799216
v 0.002362772822380067 0.008092164061963556 -0.006000001914799216
v 0.0021440214477479467 0.007764368318021297 -0.008095272816717628
v 0.002362772822380067 0.008092164061963556 -0.006000001914799216
v 0.002405250212177635 0.008024892769753931 -0.008095298893749717
v 0.002405250212177635 0.008024892769753931 -0.008095298893749717
v 0.002362772822380067 0.008092164061963556 -0.006000001914799216
v 0.003402514383196832 0.009235978126525877 -0.006000001914799216
v 0.002405250212177635 0.008024892769753931 -0.008095298893749717
v 0.003402514383196832 0.009235978126525877 -0.006000001914799216
v 0.0034466029610484856 0.009173150174319742 -0.008095506578683857
v 0.004414542112499477 -0.0012856189860031007 -0.00954999960958958
v 0.004351335112005474 -0.0018217203905805943 -0.012946169823408132
v 0.004194159992039205 -0.0025418952573090787 -0.00954999960958958
v 0.004194159992039205 -0.0025418952573090787 -0.00954999960958958
v 0.004351335112005474 -0.0018217203905805943 -0.012946169823408132
v 0.004201237577944996 -0.0025166003033518787 -0.012853275053203111
v 0.004194159992039205 -0.0025418952573090787 -0.00954999960958958
v 0.004201237577944996 -0.0025166003033518787 -0.012853275053203111
v 0.004194159992039205 -0.0025418952573090787 -0.012849963270127778
v 0.004401292186230423 -0.00019778986461460588 -0.013161656446754938
v 0.004420729354023935 -0.0004364735796116292 -0.013131576590240007
v 0.00440129265189171 -0.00019777604029513893 -0.00954999960958958
v 0.00440129265189171 -0.00019777604029513893 -0.00954999960958958
v 0.004420729354023935 -0.0004364735796116292 -0.013131576590240007
v 0.004425552673637869 -0.0011088892351835964 -0.01304285135120154
v 0.00440129265189171 -0.00019777604029513893 -0.00954999960958958
v 0.004425552673637869 -0.0011088892351835964 -0.01304285135120154
v 0.004414542112499477 -0.0012856189860031007 -0.00954999960958958
v 0.004414542112499477 -0.0012856189860031007 -0.00954999960958958
v 0.004425552673637869 -0.0011088892351835964 -0.01304285135120154
v 0.004414551425725223 -0.0012855334207415579 -0.013018999248743062
v 0.004414542112499477 -0.0012856189860031007 -0.00954999960958958
v 0.004414551425725223 -0.0012855334207415579 -0.013018999248743062
v 0.004351335112005474 -0.0018217203905805943 -0.012946169823408132
v 0.0041670729406178015 0.0009771297918632624 -0.00954999960958958
v 0.004274669568985702 0.0005687748780474066 -0.013248400762677198
v 0.00440129265189171 -0.00019777604029513893 -0.00954999960958958
v 0.00440129265189171 -0.00019777604029513893 -0.00954999960958958
v 0.004274669568985702 0.0005687748780474066 -0.013248400762677198
v 0.004385959822684528 -6.247921555768697e-05 -0.013178127817809587
v 0.00440129265189171 -0.00019777604029513893 -0.00954999960958958
v 0.004385959822684528 -6.247921555768697e-05 -0.013178127817809587
v 0.004401292186230423 -0.00019778986461460588 -0.013161656446754938
v 0.003745388239622118 0.0020355228334665294 -0.013349221087992197
v 0.003821690101176502 0.0018802990671247242 -0.013343423604965215
v 0.0037453635595738905 0.002035563345998525 -0.00954999960958958
v 0.0037453635595738905 0.002035563345998525 -0.00954999960958958
v 0.003821690101176502 0.0018802990671247242 -0.013343423604965215
v 0.004082502331584694 0.0012398662511259315 -0.013306237757205968
v 0.0037453635595738905 0.002035563345998525 -0.00954999960958958
v 0.004082502331584694 0.0012398662511259315 -0.013306237757205968
v 0.0041670729406178015 0.0009771297918632624 -0.00954999960958958
v 0.0041670729406178015 0.0009771297918632624 -0.00954999960958958
v 0.004082502331584694 0.0012398662511259315 -0.013306237757205968
v 0.004167110659182073 0.0009769811294972894 -0.013285731896758085
v 0.0041670729406178015 0.0009771297918632624 -0.00954999960958958
v 0.004167110659182073 0.0009769811294972894 -0.013285731896758085
v 0.004274669568985702 0.0005687748780474066 -0.013248400762677198
v 0.003745388239622118 0.0020355228334665294 -0.013349221087992197
v 0.0037453635595738905 0.002035563345998525 -0.00954999960958958
v 0.0035049421712756174 0.0024603351484984155 -0.01335622370243073
v 0.0035049421712756174 0.0024603351484984155 -0.01335622370243073
v 0.0037453635595738905 0.002035563345998525 -0.00954999960958958
v 0.0031947540119290365 0.00289465207606554 -0.00954999960958958
v 0.0035049421712756174 0.0024603351484984155 -0.01335622370243073
v 0.0031947540119290365 0.00289465207606554 -0.00954999960958958
v 0.003202379681169988 0.002885275054723024 -0.01334212720394135
v 0.003202379681169988 0.002885275054723024 -0.01334212720394135
v 0.0031947540119290365 0.00289465207606554 -0.00954999960958958
v 0.0028838186990469707 0.003226428525522351 -0.00954999960958958
v 0.003202379681169988 0.002885275054723024 -0.01334212720394135
v 0.0028838186990469707 0.003226428525522351 -0.00954999960958958
v 0.0028838186990469707 0.003226428525522351 -0.013304268009960657
v 0.004420729354023935 -0.0004364735796116292 0.0011315733427181844
v 0.004401300102472307 -0.00019781761511694637 0.0011616480769589548
v 0.00440129265189171 -0.00019777604029513893 -0.0024500000290572656
v 0.0028838189318776144 0.0032264280598610635 0.001304264296777547
v 0.0028838186990469707 0.003226428525522351 -0.0024500000290572656
v 0.003072266932576896 0.00303709995932877 0.0013293848605826504
v 0.003072266932576896 0.00303709995932877 0.0013293848605826504
v 0.0028838186990469707 0.003226428525522351 -0.0024500000290572656
v 0.0031947540119290365 0.00289465207606554 -0.0024500000290572656
v 0.003072266932576896 0.00303709995932877 0.0013293848605826504
v 0.0031947540119290365 0.00289465207606554 -0.0024500000290572656
v 0.0031946732196956886 0.002894756384193897 0.0013414683053269989
v 0.0031946732196956886 0.002894756384193897 0.0013414683053269989
v 0.0031947540119290365 0.00289465207606554 -0.0024500000290572656
v 0.003381163813173772 0.0026474066544324155 0.0013533100718632347
v 0.003381163813173772 0.0026474066544324155 0.0013533100718632347
v 0.0031947540119290365 0.00289465207606554 -0.0024500000290572656
v 0.0037453635595738905 0.002035563345998525 -0.0024500000290572656
v 0.003381163813173772 0.0026474066544324155 0.0013533100718632347
v 0.0037453635595738905 0.002035563345998525 -0.0024500000290572656
v 0.0036833356134593504 0.0021538375876843925 0.0013526041293516762
v 0.0041670729406178015 0.0009771297918632624 -0.0024500000290572656
v 0.003962005488574507 0.0015608458779752252 0.0013273122021928436
v 0.0037453635595738905 0.002035563345998525 -0.0024500000290572656
v 0.0037453635595738905 0.002035563345998525 -0.0024500000290572656
v 0.003962005488574507 0.0015608458779752252 0.0013273122021928436
v 0.0037453984841704386 0.0020355060696601863 0.001349217374809087
v 0.0037453635595738905 0.002035563345998525 -0.0024500000290572656
v 0.0037453984841704386 0.0020355060696601863 0.001349217374809087
v 0.0036833356134593504 0.0021538375876843925 0.0013526041293516762
v 0.00424002902582288 0.0007125271367840468 0.001262299367226661
v 0.004180820658802988 0.0009304542327299713 0.0012818115064874298
v 0.0041670729406178015 0.0009771297918632624 -0.0024500000290572656
v 0.0041670729406178015 0.0009771297918632624 -0.0024500000290572656
v 0.004180820658802988 0.0009304542327299713 0.0012818115064874298
v 0.004167078062891962 0.0009770927717909215 0.0012857407564297325
v 0.0041670729406178015 0.0009771297918632624 -0.0024500000290572656
v 0.004167078062891962 0.0009770927717909215 0.0012857407564297325
v 0.003962005488574507 0.0015608458779752252 0.0013273122021928436
v 0.00440129265189171 -0.00019777604029513893 -0.0024500000290572656
v 0.004401300102472307 -0.00019781761511694637 0.0011616480769589548
v 0.0041670729406178015 0.0009771297918632624 -0.0024500000290572656
v 0.0041670729406178015 0.0009771297918632624 -0.0024500000290572656
v 0.004401300102472307 -0.00019781761511694637 0.0011616480769589548
v 0.004346432629972698 0.0002075130905723199 0.0012096312129870061
v 0.0041670729406178015 0.0009771297918632624 -0.0024500000290572656
v 0.004346432629972698 0.0002075130905723199 0.0012096312129870061
v 0.00424002902582288 0.0007125271367840468 0.001262299367226661
v 0.004414542112499477 -0.0012856189860031007 -0.0024500000290572656
v 0.004194159992039205 -0.0025418952573090787 -0.0024500000290572656
v 0.004194159992039205 -0.0025418952573090787 0.0008499596151523295
v 0.004194159992039205 -0.0025418952573090787 0.0008499596151523295
v 0.004353367723524572 -0.0018089021323248742 0.0009479049476794903
v 0.004414542112499477 -0.0012856189860031007 -0.0024500000290572656
v 0.004414542112499477 -0.0012856189860031007 -0.0024500000290572656
v 0.004353367723524572 -0.0018089021323248742 0.0009479049476794903
v 0.004414550494402649 -0.0012855322565883396 0.0010189964668825273
v 0.004414542112499477 -0.0012856189860031007 -0.0024500000290572656
v 0.004414550494402649 -0.0012855322565883396 0.0010189964668825273
v 0.00440129265189171 -0.00019777604029513893 -0.0024500000290572656
v 0.00440129265189171 -0.00019777604029513893 -0.0024500000290572656
v 0.004414550494402649 -0.0012855322565883396 0.0010189964668825273
v 0.004425934981554748 -0.001100837718695402 0.0010439307661727075
v 0.00440129265189171 -0.00019777604029513893 -0.0024500000290572656
v 0.004425934981554748 -0.001100837718695402 0.0010439307661727075
v 0.004420729354023935 -0.0004364735796116292 0.0011315733427181844
v 0.0043344292789697664 0.0022099663037806745 -0.013317505829036241
v 0.003745388239622118 0.0020355228334665294 -0.013349221087992197
v 0.004105189815163614 0.002661669626832008 -0.01333294995129109
v 0.004105189815163614 0.002661669626832008 -0.01333294995129109
v 0.003745388239622118 0.0020355228334665294 -0.013349221087992197
v 0.0035049421712756174 0.0024603351484984155 -0.01335622370243073
v 0.004105189815163614 0.002661669626832008 -0.01333294995129109
v 0.0035049421712756174 0.0024603351484984155 -0.01335622370243073
v 0.0038903106469661015 0.0030957879498600955 -0.013331556692719465
v 0.0038903106469661015 0.0030957879498600955 -0.013331556692719465
v 0.0035049421712756174 0.0024603351484984155 -0.01335622370243073
v 0.003202379681169988 0.002885275054723024 -0.01334212720394135
v 0.0038903106469661015 0.0030957879498600955 -0.013331556692719465
v 0.003202379681169988 0.002885275054723024 -0.01334212720394135
v 0.003723615081980826 0.004073344636708497 -0.013260120525956159
v 0.003723615081980826 0.004073344636708497 -0.013260120525956159
v 0.003202379681169988 0.002885275054723024 -0.01334212720394135
v 0.0028838186990469707 0.003226428525522351 -0.013304268009960657
v 0.003723615081980826 0.004073344636708497 -0.013260120525956159
v 0.0028838186990469707 0.003226428525522351 -0.013304268009960657
v 0.0027665796224027885 0.0033261915668845172 -0.01328492164611817
v 0.005811726208776238 0.00180918606929481 -0.01314507052302361
v 0.004274669568985702 0.0005687748780474066 -0.013248400762677198
v 0.005607082042843106 0.0020846778061240907 -0.013186116702854639
v 0.005607082042843106 0.0020846778061240907 -0.013186116702854639
v 0.004274669568985702 0.0005687748780474066 -0.013248400762677198
v 0.004167110659182073 0.0009769811294972894 -0.013285731896758085
v 0.005607082042843106 0.0020846778061240907 -0.013186116702854639
v 0.004167110659182073 0.0009769811294972894 -0.013285731896758085
v 0.00524354446679354 0.002706008497625589 -0.013248712755739694
v 0.00524354446679354 0.002706008497625589 -0.013248712755739694
v 0.004167110659182073 0.0009769811294972894 -0.013285731896758085
v 0.004082502331584694 0.0012398662511259315 -0.013306237757205968
v 0.00524354446679354 0.002706008497625589 -0.013248712755739694
v 0.004082502331584694 0.0012398662511259315 -0.013306237757205968
v 0.0043344292789697664 0.0022099663037806745 -0.013317505829036241
v 0.0043344292789697664 0.0022099663037806745 -0.013317505829036241
v 0.004082502331584694 0.0012398662511259315 -0.013306237757205968
v 0.003821690101176502 0.0018802990671247242 -0.013343423604965215
v 0.0043344292789697664 0.0022099663037806745 -0.013317505829036241
v 0.003821690101176502 0.0018802990671247242 -0.013343423604965215
v 0.003745388239622118 0.0020355228334665294 -0.013349221087992197
v 0.005401346832513812 0.000538526044692844 -0.01310963928699494
v 0.004420729354023935 -0.0004364735796116292 -0.013131576590240007
v 0.004401292186230423 -0.00019778986461460588 -0.013161656446754938
v 0.005811726208776238 0.00180918606929481 -0.01314507052302361
v 0.006208856590092185 0.0013463416835293172 -0.013053380884230142
v 0.004274669568985702 0.0005687748780474066 -0.013248400762677198
v 0.004274669568985702 0.0005687748780474066 -0.013248400762677198
v 0.006208856590092185 0.0013463416835293172 -0.013053380884230142
v 0.005401346832513812 0.000538526044692844 -0.01310963928699494
v 0.004274669568985702 0.0005687748780474066 -0.013248400762677198
v 0.005401346832513812 0.000538526044692844 -0.01310963928699494
v 0.004385959822684528 -6.247921555768697e-05 -0.013178127817809587
v 0.004385959822684528 -6.247921555768697e-05 -0.013178127817809587
v 0.005401346832513812 0.000538526044692844 -0.01310963928699494
v 0.004401292186230423 -0.00019778986461460588 -0.013161656446754938
v 0.003723615081980826 0.004073344636708497 -0.013260120525956159
v 0.004666145890951158 0.004837860818952321 -0.013213369064033037
v 0.0038903106469661015 0.0030957879498600955 -0.013331556692719465
v 0.0038903106469661015 0.0030957879498600955 -0.013331556692719465
v 0.004666145890951158 0.004837860818952321 -0.013213369064033037
v 0.004838875494897367 0.003889979794621467 -0.01327750831842423
v 0.0038903106469661015 0.0030957879498600955 -0.013331556692719465
v 0.004838875494897367 0.003889979794621467 -0.01327750831842423
v 0.004105189815163614 0.002661669626832008 -0.01333294995129109
v 0.004105189815163614 0.002661669626832008 -0.01333294995129109
v 0.004838875494897367 0.003889979794621467 -0.01327750831842423
v 0.0048949629999697234 0.0036610304377973075 -0.013280693441629415
v 0.004105189815163614 0.002661669626832008 -0.01333294995129109
v 0.0048949629999697234 0.0036610304377973075 -0.013280693441629415
v 0.0043344292789697664 0.0022099663037806745 -0.013317505829036241
v 0.0043344292789697664 0.0022099663037806745 -0.013317505829036241
v 0.0048949629999697234 0.0036610304377973075 -0.013280693441629415
v 0.005135498940944674 0.0029453493189066644 -0.013263549655675893
v 0.0043344292789697664 0.0022099663037806745 -0.013317505829036241
v 0.005135498940944674 0.0029453493189066644 -0.013263549655675893
v 0.00524354446679354 0.002706008497625589 -0.013248712755739694
v 0.0038903106469661015 0.0030957879498600955 0.0013315534451976425
v 0.003381163813173772 0.0026474066544324155 0.0013533100718632347
v 0.0036833356134593504 0.0021538375876843925 0.0013526041293516762
v 0.0037453984841704386 0.0020355060696601863 0.001349217374809087
v 0.003962005488574507 0.0015608458779752252 0.0013273122021928436
v 0.005135498940944674 0.0029453493189066644 0.001263546408154071
v 0.005135498940944674 0.0029453493189066644 0.001263546408154071
v 0.003962005488574507 0.0015608458779752252 0.0013273122021928436
v 0.005501933861523869 0.0022430366370826955 0.0012057108106091623
v 0.005401346832513812 0.000538526044692844 0.0011096360394731168
v 0.006208856590092185 0.0013463416835293172 0.0010533776367083196
v 0.005607082042843106 0.0020846778061240907 0.001186113455332816
v 0.004180820658802988 0.0009304542327299713 0.0012818115064874298
v 0.00424002902582288 0.0007125271367840468 0.001262299367226661
v 0.005607082042843106 0.0020846778061240907 0.001186113455332816
v 0.005607082042843106 0.0020846778061240907 0.001186113455332816
v 0.00424002902582288 0.0007125271367840468 0.001262299367226661
v 0.004346432629972698 0.0002075130905723199 0.0012096312129870061
v 0.005607082042843106 0.0020846778061240907 0.001186113455332816
v 0.004346432629972698 0.0002075130905723199 0.0012096312129870061
v 0.005401346832513812 0.000538526044692844 0.0011096360394731168
v 0.005401346832513812 0.000538526044692844 0.0011096360394731168
v 0.004346432629972698 0.0002075130905723199 0.0012096312129870061
v 0.004401300102472307 -0.00019781761511694637 0.0011616480769589548
v 0.005401346832513812 0.000538526044692844 0.0011096360394731168
v 0.004401300102472307 -0.00019781761511694637 0.0011616480769589548
v 0.004420729354023935 -0.0004364735796116292 0.0011315733427181844
v 0.005501933861523869 0.0022430366370826955 0.0012057108106091623
v 0.003962005488574507 0.0015608458779752252 0.0013273122021928436
v 0.005607082042843106 0.0020846778061240907 0.001186113455332816
v 0.005607082042843106 0.0020846778061240907 0.001186113455332816
v 0.003962005488574507 0.0015608458779752252 0.0013273122021928436
v 0.004167078062891962 0.0009770927717909215 0.0012857407564297325
v 0.005607082042843106 0.0020846778061240907 0.001186113455332816
v 0.004167078062891962 0.0009770927717909215 0.0012857407564297325
v 0.004180820658802988 0.0009304542327299713 0.0012818115064874298
v 0.0027665796224027885 0.0033261915668845172 0.0012849179329350597
v 0.0028838189318776144 0.0032264280598610635 0.001304264296777547
v 0.003723615081980826 0.004073344636708497 0.0012601168127730495
v 0.003723615081980826 0.004073344636708497 0.0012601168127730495
v 0.0028838189318776144 0.0032264280598610635 0.001304264296777547
v 0.003072266932576896 0.00303709995932877 0.0013293848605826504
v 0.003723615081980826 0.004073344636708497 0.0012601168127730495
v 0.003072266932576896 0.00303709995932877 0.0013293848605826504
v 0.0038903106469661015 0.0030957879498600955 0.0013315534451976425
v 0.0038903106469661015 0.0030957879498600955 0.0013315534451976425
v 0.003072266932576896 0.00303709995932877 0.0013293848605826504
v 0.0031946732196956886 0.002894756384193897 0.0013414683053269989
v 0.0038903106469661015 0.0030957879498600955 0.0013315534451976425
v 0.0031946732196956886 0.002894756384193897 0.0013414683053269989
v 0.003381163813173772 0.0026474066544324155 0.0013533100718632347
v 0.0037453984841704386 0.0020355060696601863 0.001349217374809087
v 0.005135498940944674 0.0029453493189066644 0.001263546408154071
v 0.0036833356134593504 0.0021538375876843925 0.0013526041293516762
v 0.0036833356134593504 0.0021538375876843925 0.0013526041293516762
v 0.005135498940944674 0.0029453493189066644 0.001263546408154071
v 0.005057765170931819 0.003142668399959802 0.0012723003746941692
v 0.0036833356134593504 0.0021538375876843925 0.0013526041293516762
v 0.005057765170931819 0.003142668399959802 0.0012723003746941692
v 0.0038903106469661015 0.0030957879498600955 0.0013315534451976425
v 0.0038903106469661015 0.0030957879498600955 0.0013315534451976425
v 0.005057765170931819 0.003142668399959802 0.0012723003746941692
v 0.004838875494897367 0.003889979794621467 0.0012775050709024078
v 0.0038903106469661015 0.0030957879498600955 0.0013315534451976425
v 0.004838875494897367 0.003889979794621467 0.0012775050709024078
v 0.003723615081980826 0.004073344636708497 0.0012601168127730495
v 0.003723615081980826 0.004073344636708497 0.0012601168127730495
v 0.004838875494897367 0.003889979794621467 0.0012775050709024078
v 0.00478182313963771 0.00416242517530918 0.0012678477214649326
v 0.003723615081980826 0.004073344636708497 0.0012601168127730495
v 0.00478182313963771 0.00416242517530918 0.0012678477214649326
v 0.004666145890951158 0.004837860818952321 0.0012133658165112142
v 0.012507368810474878 0.0009032428497448562 -0.0009401131537742917
v 0.01227204035967589 0.0012275245971977709 -0.0006590483826585117
v 0.01187521312385798 0.0007952958694659172 -0.0006275701452977959
v 0.011509900912642484 -0.00023557225358672437 -0.0008971503120847051
v 0.011748496443033224 -0.0005131501820869743 -0.0012112212134525184
v 0.01234460342675448 0.0001921352377394214 -0.0012231565779075033
v 0.008676392026245597 -0.0012039728462696073 2.721492137425231e-06
v 0.009712001308798793 -8.903361595002933e-05 -5.08668090333231e-05
v 0.008348857983946804 -0.0008831898448988794 0.00019527802942320713
v 0.008348857983946804 -0.0008831898448988794 0.00019527802942320713
v 0.009712001308798793 -8.903361595002933e-05 -5.08668090333231e-05
v 0.008946434594690803 0.0007521493243984877 0.0003760421532206239
v 0.011234453879296785 8.662419713800772e-05 -0.0006066163186915221
v 0.009712001308798793 -8.903361595002933e-05 -5.08668090333231e-05
v 0.010406910441815858 -0.0008317281026393174 -0.0005750305135734381
v 0.010406910441815858 -0.0008317281026393174 -0.0005750305135734381
v 0.009712001308798793 -8.903361595002933e-05 -5.08668090333231e-05
v 0.008676392026245597 -0.0012039728462696073 2.721492137425231e-06
v 0.010406910441815858 -0.0008317281026393174 -0.0005750305135734381
v 0.008676392026245597 -0.0012039728462696073 2.721492137425231e-06
v 0.009264957159757618 -0.0017696187132969496 -0.0004067945410497488
v 0.007426584139466289 0.0025223025586456056 0.000940396159421653
v 0.006208856590092185 0.0013463416835293172 0.0010533776367083196
v 0.008170390501618389 0.001636064378544688 0.0007052199798636142
v 0.008170390501618389 0.001636064378544688 0.0007052199798636142
v 0.006208856590092185 0.0013463416835293172 0.0010533776367083196
v 0.007271899376064542 0.00020579675037879494 0.0007046956452541057
v 0.008170390501618389 0.001636064378544688 0.0007052199798636142
v 0.007271899376064542 0.00020579675037879494 0.0007046956452541057
v 0.008946434594690803 0.0007521493243984877 0.0003760421532206239
v 0.008946434594690803 0.0007521493243984877 0.0003760421532206239
v 0.007271899376064542 0.00020579675037879494 0.0007046956452541057
v 0.00785212125629187 -0.00038791456609033043 0.00045131816295906923
v 0.008946434594690803 0.0007521493243984877 0.0003760421532206239
v 0.00785212125629187 -0.00038791456609033043 0.00045131816295906923
v 0.008348857983946804 -0.0008831898448988794 0.00019527802942320713
v 0.009355810470879081 0.004201319999992847 0.0007242664578370753
v 0.008495111949741844 0.0034814665559679265 0.0008258560555987063
v 0.00997361913323403 0.003321541706100106 0.0005241140606813135
v 0.00997361913323403 0.003321541706100106 0.0005241140606813135
v 0.008495111949741844 0.0034814665559679265 0.0008258560555987063
v 0.009173694998025898 0.0025942302308976646 0.0006084476481191816
v 0.00997361913323403 0.003321541706100106 0.0005241140606813135
v 0.009173694998025898 0.0025942302308976646 0.0006084476481191816
v 0.010635484941303735 0.002420400502160191 0.0002417552168481053
v 0.010635484941303735 0.002420400502160191 0.0002417552168481053
v 0.009173694998025898 0.0025942302308976646 0.0006084476481191816
v 0.009889956563711172 0.0016979962820187209 0.0003028024802915753
v 0.010635484941303735 0.002420400502160191 0.0002417552168481053
v 0.009889956563711172 0.0016979962820187209 0.0003028024802915753
v 0.011288615874946123 0.001556731993332505 -0.00013899133773520594
v 0.011288615874946123 0.001556731993332505 -0.00013899133773520594
v 0.009889956563711172 0.0016979962820187209 0.0003028024802915753
v 0.010596497915685182 0.0008420945378020405 -0.00010079082130687315
v 0.011288615874946123 0.001556731993332505 -0.00013899133773520594
v 0.010596497915685182 0.0008420945378020405 -0.00010079082130687315
v 0.011593701317906385 0.0011593546951189635 -0.000369572371710092
v 0.011593701317906385 0.0011593546951189635 -0.000369572371710092
v 0.010596497915685182 0.0008420945378020405 -0.00010079082130687315
v 0.010927760042250162 0.0004480576317291706 -0.0003409328055568041
v 0.011593701317906385 0.0011593546951189635 -0.000369572371710092
v 0.010927760042250162 0.0004480576317291706 -0.0003409328055568041
v 0.01187521312385798 0.0007952958694659172 -0.0006275701452977959
v 0.01187521312385798 0.0007952958694659172 -0.0006275701452977959
v 0.01227204035967589 0.0012275245971977709 -0.0006590483826585117
v 0.011593701317906385 0.0011593546951189635 -0.000369572371710092
v 0.011593701317906385 0.0011593546951189635 -0.000369572371710092
v 0.01227204035967589 0.0012275245971977709 -0.0006590483826585117
v 0.012008953839540487 0.001592577085830271 -0.00040568393887951986
v 0.011593701317906385 0.0011593546951189635 -0.000369572371710092
v 0.012008953839540487 0.001592577085830271 -0.00040568393887951986
v 0.011288615874946123 0.001556731993332505 -0.00013899133773520594
v 0.011288615874946123 0.001556731993332505 -0.00013899133773520594
v 0.012008953839540487 0.001592577085830271 -0.00040568393887951986
v 0.011680639348924165 0.0020519567187875505 -0.00014998001279309397
v 0.011288615874946123 0.001556731993332505 -0.00013899133773520594
v 0.011680639348924165 0.0020519567187875505 -0.00014998001279309397
v 0.010635484941303735 0.002420400502160191 0.0002417552168481053
v 0.012524291872978216 -3.8557627703994506e-05 -0.0015572112752124674
v 0.011946191079914575 -0.0007424025679938494 -0.0015468307537958032
v 0.012664766050875192 -0.00021997185831423846 -0.0019114151364192375
v 0.012664766050875192 -0.00021997185831423846 -0.0019114151364192375
v 0.011946191079914575 -0.0007424025679938494 -0.0015468307537958032
v 0.012100938707590108 -0.0009218360646627842 -0.0019012241391465077
v 0.012664766050875192 -0.00021997185831423846 -0.0019114151364192375
v 0.012100938707590108 -0.0009218360646627842 -0.0019012241391465077
v 0.012767036445438867 -0.0003537578741088509 -0.0022813149262219676
v 0.012767036445438867 -0.0003537578741088509 -0.0022813149262219676
v 0.012100938707590108 -0.0009218360646627842 -0.0019012241391465077
v 0.012213403359055524 -0.0010528216371312735 -0.002270806347951294
v 0.012767036445438867 -0.0003537578741088509 -0.0022813149262219676
v 0.012213403359055524 -0.0010528216371312735 -0.002270806347951294
v 0.012835227884352212 -0.0004443243378773331 -0.002661143429577352
v 0.012835227884352212 -0.0004443243378773331 -0.002661143429577352
v 0.012213403359055524 -0.0010528216371312735 -0.002270806347951294
v 0.012287739664316183 -0.0011403162498027084 -0.0026510544121265424
v 0.012879097834229475 0.00039578860742039973 -0.0015790540492162115
v 0.01234460342675448 0.0001921352377394214 -0.0012231565779075033
v 0.012524291872978216 -3.8557627703994506e-05 -0.0015572112752124674
v 0.012524291872978216 -3.8557627703994506e-05 -0.0015572112752124674
v 0.01234460342675448 0.0001921352377394214 -0.0012231565779075033
v 0.011748496443033224 -0.0005131501820869743 -0.0012112212134525184
v 0.012524291872978216 -3.8557627703994506e-05 -0.0015572112752124674
v 0.011748496443033224 -0.0005131501820869743 -0.0012112212134525184
v 0.011946191079914575 -0.0007424025679938494 -0.0015468307537958032
v 0.012879097834229475 0.00039578860742039973 -0.0015790540492162115
v 0.012524291872978216 -3.8557627703994506e-05 -0.0015572112752124674
v 0.01299503911286593 0.00023908571165520695 -0.0018800668185576805
v 0.01299503911286593 0.00023908571165520695 -0.0018800668185576805
v 0.012524291872978216 -3.8557627703994506e-05 -0.0015572112752124674
v 0.012664766050875192 -0.00021997185831423846 -0.0019114151364192375
v 0.01299503911286593 0.00023908571165520695 -0.0018800668185576805
v 0.012664766050875192 -0.00021997185831423846 -0.0019114151364192375
v 0.013109297491610055 8.597835403634234e-05 -0.002298243110999466
v 0.013109297491610055 8.597835403634234e-05 -0.002298243110999466
v 0.012664766050875192 -0.00021997185831423846 -0.0019114151364192375
v 0.012767036445438867 -0.0003537578741088509 -0.0022813149262219676
v 0.013109297491610055 8.597835403634234e-05 -0.002298243110999466
v 0.012767036445438867 -0.0003537578741088509 -0.0022813149262219676
v 0.013167335651814943 9.291348760598337e-06 -0.0026171230711042894
v 0.013167335651814943 9.291348760598337e-06 -0.0026171230711042894
v 0.012767036445438867 -0.0003537578741088509 -0.0022813149262219676
v 0.012835227884352212 -0.0004443243378773331 -0.002661143429577352
v 0.013167335651814943 9.291348760598337e-06 -0.0026171230711042894
v 0.012835227884352212 -0.0004443243378773331 -0.002661143429577352
v 0.013241793029010301 -8.497232192894443e-05 -0.003420338267460467
v 0.013241793029010301 -8.497232192894443e-05 -0.003420338267460467
v 0.012835227884352212 -0.0004443243378773331 -0.002661143429577352
v 0.01290237437933684 -0.0005312392604537307 -0.003420368069782855
v 0.01290237437933684 -0.0005312392604537307 -0.003420368069782855
v 0.012835227884352212 -0.0004443243378773331 -0.002661143429577352
v 0.012287739664316183 -0.0011403162498027084 -0.0026510544121265424
v 0.01290237437933684 -0.0005312392604537307 -0.003420368069782855
v 0.012287739664316183 -0.0011403162498027084 -0.0026510544121265424
v 0.011882790364325052 -0.0018120289314538238 -0.0034204195253551024
v 0.011882790364325052 -0.0018120289314538238 -0.0034204195253551024
v 0.012287739664316183 -0.0011403162498027084 -0.0026510544121265424
v 0.010699282400310045 -0.003037955844774842 -0.002624055137857796
v 0.011882790364325052 -0.0018120289314538238 -0.0034204195253551024
v 0.010699282400310045 -0.003037955844774842 -0.002624055137857796
v 0.010780001990497117 -0.003108611330389976 -0.0034204295370727795
v 0.011509900912642484 -0.00023557225358672437 -0.0008971503120847051
v 0.009754749946296219 -0.0022293580695986743 -0.0008424434927292171
v 0.011748496443033224 -0.0005131501820869743 -0.0012112212134525184
v 0.011748496443033224 -0.0005131501820869743 -0.0012112212134525184
v 0.009754749946296219 -0.0022293580695986743 -0.0008424434927292171
v 0.010058968327939516 -0.0025081343483179803 -0.0011893751798197631
v 0.011748496443033224 -0.0005131501820869743 -0.0012112212134525184
v 0.010058968327939516 -0.0025081343483179803 -0.0011893751798197631
v 0.011946191079914575 -0.0007424025679938494 -0.0015468307537958032
v 0.011946191079914575 -0.0007424025679938494 -0.0015468307537958032
v 0.010058968327939516 -0.0025081343483179803 -0.0011893751798197631
v 0.010279417969286447 -0.002704293234273791 -0.0015076537383720285
v 0.011946191079914575 -0.0007424025679938494 -0.0015468307537958032
v 0.010279417969286447 -0.002704293234273791 -0.0015076537383720285
v 0.012100938707590108 -0.0009218360646627842 -0.0019012241391465077
v 0.012100938707590108 -0.0009218360646627842 -0.0019012241391465077
v 0.010279417969286447 -0.002704293234273791 -0.0015076537383720285
v 0.010463004931807523 -0.002860055305063724 -0.0018541215686127552
v 0.012100938707590108 -0.0009218360646627842 -0.0019012241391465077
v 0.010463004931807523 -0.002860055305063724 -0.0018541215686127552
v 0.012213403359055524 -0.0010528216371312735 -0.002270806347951294
v 0.012213403359055524 -0.0010528216371312735 -0.002270806347951294
v 0.010463004931807523 -0.002860055305063724 -0.0018541215686127552
v 0.010607202537357812 -0.0029728049412369724 -0.002238943474367262
v 0.012213403359055524 -0.0010528216371312735 -0.002270806347951294
v 0.010607202537357812 -0.0029728049412369724 -0.002238943474367262
v 0.012287739664316183 -0.0011403162498027084 -0.0026510544121265424
v 0.012287739664316183 -0.0011403162498027084 -0.0026510544121265424
v 0.010607202537357812 -0.0029728049412369724 -0.002238943474367262
v 0.010679549537599092 -0.0030243562068790193 -0.002523128874599935
v 0.012287739664316183 -0.0011403162498027084 -0.0026510544121265424
v 0.010679549537599092 -0.0030243562068790193 -0.002523128874599935
v 0.010699282400310045 -0.003037955844774842 -0.002624055137857796
v 0.009913180954754358 0.004645441658794879 0.0006552070262841884
v 0.009355810470879081 0.004201319999992847 0.0007242664578370753
v 0.010489929467439657 0.003766468726098537 0.0004610588657669725
v 0.010489929467439657 0.003766468726098537 0.0004610588657669725
v 0.009355810470879081 0.004201319999992847 0.0007242664578370753
v 0.00997361913323403 0.003321541706100106 0.0005241140606813135
v 0.010489929467439657 0.003766468726098537 0.0004610588657669725
v 0.00997361913323403 0.003321541706100106 0.0005241140606813135
v 0.01090715173631907 0.003154783276841044 0.0002874822239391507
v 0.01090715173631907 0.003154783276841044 0.0002874822239391507
v 0.00997361913323403 0.003321541706100106 0.0005241140606813135
v 0.010635484941303735 0.002420400502160191 0.0002417552168481053
v 0.01090715173631907 0.003154783276841044 0.0002874822239391507
v 0.010635484941303735 0.002420400502160191 0.0002417552168481053
v 0.011111230589449411 0.0028604860417544837 0.0001890241983346642
v 0.011111230589449411 0.0028604860417544837 0.0001890241983346642
v 0.010635484941303735 0.002420400502160191 0.0002417552168481053
v 0.011680639348924165 0.0020519567187875505 -0.00014998001279309397
v 0.012706009671092039 0.000631259346846491 -0.0012396153761073953
v 0.012507368810474878 0.0009032428497448562 -0.0009401131537742917
v 0.012127131223678594 0.00047117006033658976 -0.0009125306387431924
v 0.012127131223678594 0.00047117006033658976 -0.0009125306387431924
v 0.012507368810474878 0.0009032428497448562 -0.0009401131537742917
v 0.01187521312385798 0.0007952958694659172 -0.0006275701452977959
v 0.012127131223678594 0.00047117006033658976 -0.0009125306387431924
v 0.01187521312385798 0.0007952958694659172 -0.0006275701452977959
v 0.011234453879296785 8.662419713800772e-05 -0.0006066163186915221
v 0.011234453879296785 8.662419713800772e-05 -0.0006066163186915221
v 0.01187521312385798 0.0007952958694659172 -0.0006275701452977959
v 0.010927760042250162 0.0004480576317291706 -0.0003409328055568041
v 0.011234453879296785 8.662419713800772e-05 -0.0006066163186915221
v 0.010927760042250162 0.0004480576317291706 -0.0003409328055568041
v 0.009712001308798793 -8.903361595002933e-05 -5.08668090333231e-05
v 0.009712001308798793 -8.903361595002933e-05 -5.08668090333231e-05
v 0.010927760042250162 0.0004480576317291706 -0.0003409328055568041
v 0.010596497915685182 0.0008420945378020405 -0.00010079082130687315
v 0.009712001308798793 -8.903361595002933e-05 -5.08668090333231e-05
v 0.010596497915685182 0.0008420945378020405 -0.00010079082130687315
v 0.008946434594690803 0.0007521493243984877 0.0003760421532206239
v 0.008946434594690803 0.0007521493243984877 0.0003760421532206239
v 0.010596497915685182 0.0008420945378020405 -0.00010079082130687315
v 0.009889956563711172 0.0016979962820187209 0.0003028024802915753
v 0.008946434594690803 0.0007521493243984877 0.0003760421532206239
v 0.009889956563711172 0.0016979962820187209 0.0003028024802915753
v 0.008170390501618389 0.001636064378544688 0.0007052199798636142
v 0.008170390501618389 0.001636064378544688 0.0007052199798636142
v 0.009889956563711172 0.0016979962820187209 0.0003028024802915753
v 0.009173694998025898 0.0025942302308976646 0.0006084476481191816
v 0.008170390501618389 0.001636064378544688 0.0007052199798636142
v 0.009173694998025898 0.0025942302308976646 0.0006084476481191816
v 0.007426584139466289 0.0025223025586456056 0.000940396159421653
v 0.007426584139466289 0.0025223025586456056 0.000940396159421653
v 0.009173694998025898 0.0025942302308976646 0.0006084476481191816
v 0.008495111949741844 0.0034814665559679265 0.0008258560555987063
v 0.012879097834229475 0.00039578860742039973 -0.0015790540492162115
v 0.012706009671092039 0.000631259346846491 -0.0012396153761073953
v 0.01234460342675448 0.0001921352377394214 -0.0012231565779075033
v 0.01234460342675448 0.0001921352377394214 -0.0012231565779075033
v 0.012706009671092039 0.000631259346846491 -0.0012396153761073953
v 0.012127131223678594 0.00047117006033658976 -0.0009125306387431924
v 0.01234460342675448 0.0001921352377394214 -0.0012231565779075033
v 0.012127131223678594 0.00047117006033658976 -0.0009125306387431924
v 0.011509900912642484 -0.00023557225358672437 -0.0008971503120847051
v 0.011509900912642484 -0.00023557225358672437 -0.0008971503120847051
v 0.012127131223678594 0.00047117006033658976 -0.0009125306387431924
v 0.011234453879296785 8.662419713800772e-05 -0.0006066163186915221
v 0.011509900912642484 -0.00023557225358672437 -0.0008971503120847051
v 0.011234453879296785 8.662419713800772e-05 -0.0006066163186915221
v 0.009754749946296219 -0.0022293580695986743 -0.0008424434927292171
v 0.009754749946296219 -0.0022293580695986743 -0.0008424434927292171
v 0.011234453879296785 8.662419713800772e-05 -0.0006066163186915221
v 0.010406910441815858 -0.0008317281026393174 -0.0005750305135734381
v 0.009754749946296219 -0.0022293580695986743 -0.0008424434927292171
v 0.010406910441815858 -0.0008317281026393174 -0.0005750305135734381
v 0.00947989244014025 -0.0019727076869457956 -0.0005841048550792041
v 0.00947989244014025 -0.0019727076869457956 -0.0005841048550792041
v 0.010406910441815858 -0.0008317281026393174 -0.0005750305135734381
v 0.009264957159757618 -0.0017696187132969496 -0.0004067945410497488
v 0.008443037979304794 0.005600120406597852 -0.01293455064296723
v 0.009056483395397667 0.006027143914252519 -0.01285974588245154
v 0.00955810304731131 0.005210638046264648 -0.012753144837915903
v 0.008020313456654552 0.004104793537408113 -0.012941394932568078
v 0.008495111949741844 0.0034814665559679265 -0.012825859710574155
v 0.007426584139466289 0.0025223025586456056 -0.012940399348735815
v 0.00893783383071423 0.004791250452399253 -0.012831240892410284
v 0.008020313456654552 0.004104793537408113 -0.012941394932568078
v 0.007538072764873508 0.004914768505841493 -0.013038787059485918
v 0.008495111949741844 0.0034814665559679265 -0.012825859710574155
v 0.008020313456654552 0.004104793537408113 -0.012941394932568078
v 0.009355810470879081 0.004201319999992847 -0.012724270112812524
v 0.009355810470879081 0.004201319999992847 -0.012724270112812524
v 0.008020313456654552 0.004104793537408113 -0.012941394932568078
v 0.00893783383071423 0.004791250452399253 -0.012831240892410284
v 0.009355810470879081 0.004201319999992847 -0.012724270112812524
v 0.00893783383071423 0.004791250452399253 -0.012831240892410284
v 0.009913180954754358 0.004645441658794879 -0.012655210681259637
v 0.0063860905356705215 0.006286072079092263 -0.013076690025627618
v 0.007587279193103317 0.007319121155887841 -0.012947778217494493
v 0.007133340463042263 0.005800749175250529 -0.013079506345093255
v 0.007133340463042263 0.005800749175250529 -0.013079506345093255
v 0.007587279193103317 0.007319121155887841 -0.012947778217494493
v 0.007976930588483814 0.0064812968485057345 -0.012986239045858388
v 0.007133340463042263 0.005800749175250529 -0.013079506345093255
v 0.007976930588483814 0.0064812968485057345 -0.012986239045858388
v 0.007322715129703287 0.0053565329872071734 -0.013068616390228277
v 0.007322715129703287 0.0053565329872071734 -0.013068616390228277
v 0.007976930588483814 0.0064812968485057345 -0.012986239045858388
v 0.008443037979304794 0.005600120406597852 -0.01293455064296723
v 0.005135498940944674 0.0029453493189066644 -0.013263549655675893
v 0.0064204712398350265 0.004019109997898339 -0.013153593055903917
v 0.00524354446679354 0.002706008497625589 -0.013248712755739694
v 0.00524354446679354 0.002706008497625589 -0.013248712755739694
v 0.0064204712398350265 0.004019109997898339 -0.013153593055903917
v 0.0066433427855372455 0.003589715808629989 -0.013114774599671369
v 0.00524354446679354 0.002706008497625589 -0.013248712755739694
v 0.0066433427855372455 0.003589715808629989 -0.013114774599671369
v 0.005607082042843106 0.0020846778061240907 -0.013186116702854639
v 0.005607082042843106 0.0020846778061240907 -0.013186116702854639
v 0.0066433427855372455 0.003589715808629989 -0.013114774599671369
v 0.006892716977745298 0.003193498589098453 -0.013064391911029821
v 0.005607082042843106 0.0020846778061240907 -0.013186116702854639
v 0.006892716977745298 0.003193498589098453 -0.013064391911029821
v 0.005811726208776238 0.00180918606929481 -0.01314507052302361
v 0.009056483395397667 0.006027143914252519 -0.01285974588245154
v 0.008443037979304794 0.005600120406597852 -0.01293455064296723
v 0.00853474717587233 0.006912322249263524 -0.012920219451189046
v 0.00853474717587233 0.006912322249263524 -0.012920219451189046
v 0.008443037979304794 0.005600120406597852 -0.01293455064296723
v 0.007976930588483814 0.0064812968485057345 -0.012986239045858388
v 0.00853474717587233 0.006912322249263524 -0.012920219451189046
v 0.007976930588483814 0.0064812968485057345 -0.012986239045858388
v 0.00830959249287844 0.007311096880584954 -0.012918981723487382
v 0.00830959249287844 0.007311096880584954 -0.012918981723487382
v 0.007976930588483814 0.0064812968485057345 -0.012986239045858388
v 0.007587279193103317 0.007319121155887841 -0.012947778217494493
v 0.00830959249287844 0.007311096880584954 -0.012918981723487382
v 0.007587279193103317 0.007319121155887841 -0.012947778217494493
v 0.008073886856436733 0.007738696876913308 -0.012889042496681219
v 0.004666145890951158 0.004837860818952321 -0.013213369064033037
v 0.0063860905356705215 0.006286072079092263 -0.013076690025627618
v 0.004838875494897367 0.003889979794621467 -0.01327750831842423
v 0.004838875494897367 0.003889979794621467 -0.01327750831842423
v 0.0063860905356705215 0.006286072079092263 -0.013076690025627618
v 0.007133340463042263 0.005800749175250529 -0.013079506345093255
v 0.004838875494897367 0.003889979794621467 -0.01327750831842423
v 0.007133340463042263 0.005800749175250529 -0.013079506345093255
v 0.0048949629999697234 0.0036610304377973075 -0.013280693441629415
v 0.0048949629999697234 0.0036610304377973075 -0.013280693441629415
v 0.007133340463042263 0.005800749175250529 -0.013079506345093255
v 0.007322715129703287 0.0053565329872071734 -0.013068616390228277
v 0.0048949629999697234 0.0036610304377973075 -0.013280693441629415
v 0.007322715129703287 0.0053565329872071734 -0.013068616390228277
v 0.007538072764873508 0.004914768505841493 -0.013038787059485918
v 0.007538072764873508 0.004914768505841493 -0.013038787059485918
v 0.007322715129703287 0.0053565329872071734 -0.013068616390228277
v 0.008443037979304794 0.005600120406597852 -0.01293455064296723
v 0.007538072764873508 0.004914768505841493 -0.013038787059485918
v 0.008443037979304794 0.005600120406597852 -0.01293455064296723
v 0.00893783383071423 0.004791250452399253 -0.012831240892410284
v 0.00893783383071423 0.004791250452399253 -0.012831240892410284
v 0.008443037979304794 0.005600120406597852 -0.01293455064296723
v 0.00955810304731131 0.005210638046264648 -0.012753144837915903
v 0.00893783383071423 0.004791250452399253 -0.012831240892410284
v 0.00955810304731131 0.005210638046264648 -0.012753144837915903
v 0.009913180954754358 0.004645441658794879 -0.012655210681259637
v 0.005135498940944674 0.0029453493189066644 -0.013263549655675893
v 0.0048949629999697234 0.0036610304377973075 -0.013280693441629415
v 0.0064204712398350265 0.004019109997898339 -0.013153593055903917
v 0.0064204712398350265 0.004019109997898339 -0.013153593055903917
v 0.0048949629999697234 0.0036610304377973075 -0.013280693441629415
v 0.007538072764873508 0.004914768505841493 -0.013038787059485918
v 0.0064204712398350265 0.004019109997898339 -0.013153593055903917
v 0.007538072764873508 0.004914768505841493 -0.013038787059485918
v 0.0066433427855372455 0.003589715808629989 -0.013114774599671369
v 0.0066433427855372455 0.003589715808629989 -0.013114774599671369
v 0.007538072764873508 0.004914768505841493 -0.013038787059485918
v 0.008020313456654552 0.004104793537408113 -0.012941394932568078
v 0.0066433427855372455 0.003589715808629989 -0.013114774599671369
v 0.008020313456654552 0.004104793537408113 -0.012941394932568078
v 0.006892716977745298 0.003193498589098453 -0.013064391911029821
v 0.006892716977745298 0.003193498589098453 -0.013064391911029821
v 0.008020313456654552 0.004104793537408113 -0.012941394932568078
v 0.007426584139466289 0.0025223025586456056 -0.012940399348735815
v 0.006892716977745298 0.003193498589098453 -0.013064391911029821
v 0.007426584139466289 0.0025223025586456056 -0.012940399348735815
v 0.005811726208776238 0.00180918606929481 -0.01314507052302361
v 0.005811726208776238 0.00180918606929481 -0.01314507052302361
v 0.007426584139466289 0.0025223025586456056 -0.012940399348735815
v 0.006208856590092185 0.0013463416835293172 -0.013053380884230142
v 0.007976930588483814 0.0064812968485057345 0.000986235798336566
v 0.00853474717587233 0.006912322249263524 0.0009202157962135975
v 0.008073886856436733 0.007738696876913308 0.0008890388417057697
v 0.007426584139466289 0.0025223025586456056 0.000940396159421653
v 0.008495111949741844 0.0034814665559679265 0.0008258560555987063
v 0.008020313456654552 0.004104793537408113 0.0009413917432539169
v 0.007322715129703287 0.0053565329872071734 0.001068612677045167
v 0.007133340463042263 0.005800749175250529 0.0010795026319101457
v 0.004838875494897367 0.003889979794621467 0.0012775050709024078
v 0.005057765170931819 0.003142668399959802 0.0012723003746941692
v 0.005135498940944674 0.0029453493189066644 0.001263546408154071
v 0.0064204712398350265 0.004019109997898339 0.0011535898083820943
v 0.008495111949741844 0.0034814665559679265 0.0008258560555987063
v 0.009355810470879081 0.004201319999992847 0.0007242664578370753
v 0.008020313456654552 0.004104793537408113 0.0009413917432539169
v 0.008020313456654552 0.004104793537408113 0.0009413917432539169
v 0.009355810470879081 0.004201319999992847 0.0007242664578370753
v 0.00893783383071423 0.004791250452399253 0.0008312377030961219
v 0.008020313456654552 0.004104793537408113 0.0009413917432539169
v 0.00893783383071423 0.004791250452399253 0.0008312377030961219
v 0.007538072764873508 0.004914768505841493 0.0010387833463028078
v 0.007538072764873508 0.004914768505841493 0.0010387833463028078
v 0.00893783383071423 0.004791250452399253 0.0008312377030961219
v 0.008443037979304794 0.005600120406597852 0.0009345474536530678
v 0.007538072764873508 0.004914768505841493 0.0010387833463028078
v 0.008443037979304794 0.005600120406597852 0.0009345474536530678
v 0.007322715129703287 0.0053565329872071734 0.001068612677045167
v 0.007322715129703287 0.0053565329872071734 0.001068612677045167
v 0.008443037979304794 0.005600120406597852 0.0009345474536530678
v 0.007976930588483814 0.0064812968485057345 0.000986235798336566
v 0.007322715129703287 0.0053565329872071734 0.001068612677045167
v 0.007976930588483814 0.0064812968485057345 0.000986235798336566
v 0.007133340463042263 0.005800749175250529 0.0010795026319101457
v 0.0064204712398350265 0.004019109997898339 0.0011535898083820943
v 0.005135498940944674 0.0029453493189066644 0.001263546408154071
v 0.0066433427855372455 0.003589715808629989 0.0011147708864882593
v 0.0066433427855372455 0.003589715808629989 0.0011147708864882593
v 0.005135498940944674 0.0029453493189066644 0.001263546408154071
v 0.005501933861523869 0.0022430366370826955 0.0012057108106091623
v 0.0066433427855372455 0.003589715808629989 0.0011147708864882593
v 0.005501933861523869 0.0022430366370826955 0.0012057108106091623
v 0.006892716977745298 0.003193498589098453 0.0010643886635079984
v 0.006892716977745298 0.003193498589098453 0.0010643886635079984
v 0.005501933861523869 0.0022430366370826955 0.0012057108106091623
v 0.005607082042843106 0.0020846778061240907 0.001186113455332816
v 0.006892716977745298 0.003193498589098453 0.0010643886635079984
v 0.005607082042843106 0.0020846778061240907 0.001186113455332816
v 0.006208856590092185 0.0013463416835293172 0.0010533776367083196
v 0.007976930588483814 0.0064812968485057345 0.000986235798336566
v 0.008073886856436733 0.007738696876913308 0.0008890388417057697
v 0.007133340463042263 0.005800749175250529 0.0010795026319101457
v 0.007133340463042263 0.005800749175250529 0.0010795026319101457
v 0.008073886856436733 0.007738696876913308 0.0008890388417057697
v 0.006820763461291793 0.006658887956291436 0.0010328768985345964
v 0.007133340463042263 0.005800749175250529 0.0010795026319101457
v 0.006820763461291793 0.006658887956291436 0.0010328768985345964
v 0.0063860905356705215 0.006286072079092263 0.0010766867781057958
v 0.0063860905356705215 0.006286072079092263 0.0010766867781057958
v 0.004666145890951158 0.004837860818952321 0.0012133658165112142
v 0.007133340463042263 0.005800749175250529 0.0010795026319101457
v 0.007133340463042263 0.005800749175250529 0.0010795026319101457
v 0.004666145890951158 0.004837860818952321 0.0012133658165112142
v 0.00478182313963771 0.00416242517530918 0.0012678477214649326
v 0.007133340463042263 0.005800749175250529 0.0010795026319101457
v 0.00478182313963771 0.00416242517530918 0.0012678477214649326
v 0.004838875494897367 0.003889979794621467 0.0012775050709024078
v 0.009355810470879081 0.004201319999992847 0.0007242664578370753
v 0.009913180954754358 0.004645441658794879 0.0006552070262841884
v 0.00893783383071423 0.004791250452399253 0.0008312377030961219
v 0.00893783383071423 0.004791250452399253 0.0008312377030961219
v 0.009913180954754358 0.004645441658794879 0.0006552070262841884
v 0.0097458316013217 0.0049105449579656115 0.000703779223840684
v 0.00893783383071423 0.004791250452399253 0.0008312377030961219
v 0.0097458316013217 0.0049105449579656115 0.000703779223840684
v 0.008443037979304794 0.005600120406597852 0.0009345474536530678
v 0.008443037979304794 0.005600120406597852 0.0009345474536530678
v 0.0097458316013217 0.0049105449579656115 0.000703779223840684
v 0.009056483395397667 0.006027143914252519 0.0008597426931373779
v 0.008443037979304794 0.005600120406597852 0.0009345474536530678
v 0.009056483395397667 0.006027143914252519 0.0008597426931373779
v 0.007976930588483814 0.0064812968485057345 0.000986235798336566
v 0.007976930588483814 0.0064812968485057345 0.000986235798336566
v 0.009056483395397667 0.006027143914252519 0.0008597426931373779
v 0.008769423700869087 0.006508226972073316 0.0009014449897222225
v 0.007976930588483814 0.0064812968485057345 0.000986235798336566
v 0.008769423700869087 0.006508226972073316 0.0009014449897222225
v 0.00853474717587233 0.006912322249263524 0.0009202157962135975
v 0.006208856590092185 0.0013463416835293172 0.0010533776367083196
v 0.007426584139466289 0.0025223025586456056 0.000940396159421653
v 0.006892716977745298 0.003193498589098453 0.0010643886635079984
v 0.006892716977745298 0.003193498589098453 0.0010643886635079984
v 0.007426584139466289 0.0025223025586456056 0.000940396159421653
v 0.008020313456654552 0.004104793537408113 0.0009413917432539169
v 0.006892716977745298 0.003193498589098453 0.0010643886635079984
v 0.008020313456654552 0.004104793537408113 0.0009413917432539169
v 0.0066433427855372455 0.003589715808629989 0.0011147708864882593
v 0.0066433427855372455 0.003589715808629989 0.0011147708864882593
v 0.008020313456654552 0.004104793537408113 0.0009413917432539169
v 0.007538072764873508 0.004914768505841493 0.0010387833463028078
v 0.0066433427855372455 0.003589715808629989 0.0011147708864882593
v 0.007538072764873508 0.004914768505841493 0.0010387833463028078
v 0.0064204712398350265 0.004019109997898339 0.0011535898083820943
v 0.0064204712398350265 0.004019109997898339 0.0011535898083820943
v 0.007538072764873508 0.004914768505841493 0.0010387833463028078
v 0.007322715129703287 0.0053565329872071734 0.001068612677045167
v 0.0064204712398350265 0.004019109997898339 0.0011535898083820943
v 0.007322715129703287 0.0053565329872071734 0.001068612677045167
v 0.005057765170931819 0.003142668399959802 0.0012723003746941692
v 0.005057765170931819 0.003142668399959802 0.0012723003746941692
v 0.007322715129703287 0.0053565329872071734 0.001068612677045167
v 0.004838875494897367 0.003889979794621467 0.0012775050709024078
v 0.015696873888373382 0.0065940534695982924 -0.0006137809832580391
v 0.015387555584311492 0.007104373071342706 -0.00036834768252447264
v 0.0145880226045847 0.006612786091864108 -0.00022415333660319458
v 0.01090715173631907 0.003154783276841044 0.0002874822239391507
v 0.011111230589449411 0.0028604860417544837 0.0001890241983346642
v 0.01247519720345736 0.003952974453568458 -6.765436410205441e-05
v 0.013109297491610055 8.597835403634234e-05 -0.002298243110999466
v 0.014173021540045745 0.0015687731793150304 -0.0021474091336131105
v 0.01299503911286593 0.00023908571165520695 -0.0018800668185576805
v 0.01299503911286593 0.00023908571165520695 -0.0018800668185576805
v 0.014173021540045745 0.0015687731793150304 -0.0021474091336131105
v 0.014060126617550857 0.0017192426603287456 -0.0018292105523869404
v 0.01299503911286593 0.00023908571165520695 -0.0018800668185576805
v 0.014060126617550857 0.0017192426603287456 -0.0018292105523869404
v 0.012879097834229475 0.00039578860742039973 -0.0015790540492162115
v 0.012879097834229475 0.00039578860742039973 -0.0015790540492162115
v 0.014060126617550857 0.0017192426603287456 -0.0018292105523869404
v 0.013914917595684535 0.001915713073685765 -0.0015216440660879022
v 0.012879097834229475 0.00039578860742039973 -0.0015790540492162115
v 0.013914917595684535 0.001915713073685765 -0.0015216440660879022
v 0.012706009671092039 0.000631259346846491 -0.0012396153761073953
v 0.012706009671092039 0.000631259346846491 -0.0012396153761073953
v 0.013914917595684535 0.001915713073685765 -0.0015216440660879022
v 0.013737695291638381 0.002158681163564324 -0.0012286690762266523
v 0.012706009671092039 0.000631259346846491 -0.0012396153761073953
v 0.013737695291638381 0.002158681163564324 -0.0012286690762266523
v 0.012507368810474878 0.0009032428497448562 -0.0009401131537742917
v 0.012507368810474878 0.0009032428497448562 -0.0009401131537742917
v 0.013737695291638381 0.002158681163564324 -0.0012286690762266523
v 0.013530281372368341 0.002446435391902923 -0.0009534692508168523
v 0.012507368810474878 0.0009032428497448562 -0.0009401131537742917
v 0.013530281372368341 0.002446435391902923 -0.0009534692508168523
v 0.01227204035967589 0.0012275245971977709 -0.0006590483826585117
v 0.01227204035967589 0.0012275245971977709 -0.0006590483826585117
v 0.013530281372368341 0.002446435391902923 -0.0009534692508168523
v 0.01329578179866076 0.00277540017850697 -0.0006984647479839626
v 0.01227204035967589 0.0012275245971977709 -0.0006590483826585117
v 0.01329578179866076 0.00277540017850697 -0.0006984647479839626
v 0.012008953839540487 0.001592577085830271 -0.00040568393887951986
v 0.012008953839540487 0.001592577085830271 -0.00040568393887951986
v 0.01329578179866076 0.00277540017850697 -0.0006984647479839626
v 0.013038348406553274 0.003140468150377273 -0.0004653272335417571
v 0.012008953839540487 0.001592577085830271 -0.00040568393887951986
v 0.013038348406553274 0.003140468150377273 -0.0004653272335417571
v 0.011680639348924165 0.0020519567187875505 -0.00014998001279309397
v 0.015387555584311492 0.007104373071342706 -0.00036834768252447264
v 0.014834869652986533 0.008016280829906462 -1.6046986274886883e-05
v 0.0145880226045847 0.006612786091864108 -0.00022415333660319458
v 0.0145880226045847 0.006612786091864108 -0.00022415333660319458
v 0.014834869652986533 0.008016280829906462 -1.6046986274886883e-05
v 0.014058277942240245 0.007537972182035445 9.477807179791857e-05
v 0.0145880226045847 0.006612786091864108 -0.00022415333660319458
v 0.014058277942240245 0.007537972182035445 9.477807179791857e-05
v 0.012578033842146402 0.0065741781145334235 0.00030124111799523245
v 0.01631999388337136 0.004728210624307393 -0.0017253662226721653
v 0.01628543250262738 0.005623187404125928 -0.0012367613380774862
v 0.015991309657692916 0.005315390415489673 -0.0012071741512045269
v 0.015991309657692916 0.005315390415489673 -0.0012071741512045269
v 0.01628543250262738 0.005623187404125928 -0.0012367613380774862
v 0.015892883762717254 0.006270695012062787 -0.0007945786346681419
v 0.015991309657692916 0.005315390415489673 -0.0012071741512045269
v 0.015892883762717254 0.006270695012062787 -0.0007945786346681419
v 0.015088290907442577 0.005746844690293073 -0.0006165386294014755
v 0.016896087676286704 0.004615960642695426 -0.0023233222309499988
v 0.01673088781535626 0.004888468887656926 -0.0019474456785246739
v 0.01631999388337136 0.004728210624307393 -0.0017253662226721653
v 0.01631999388337136 0.004728210624307393 -0.0017253662226721653
v 0.01673088781535626 0.004888468887656926 -0.0019474456785246739
v 0.016658974811434753 0.0050070835277438155 -0.0018095801351591953
v 0.01631999388337136 0.004728210624307393 -0.0017253662226721653
v 0.016658974811434753 0.0050070835277438155 -0.0018095801351591953
v 0.01628543250262738 0.005623187404125928 -0.0012367613380774862
v 0.01654676906764508 0.0043044211342930785 -0.0022407032083719977
v 0.016677564010024078 0.004039459861814975 -0.0027105712797492756
v 0.01699508726596833 0.004452594555914401 -0.0026169097982347025
v 0.01699508726596833 0.004452594555914401 -0.0026169097982347025
v 0.016677564010024078 0.004039459861814975 -0.0027105712797492756
v 0.01703931391239167 0.004379564430564641 -0.002782507333904506
v 0.01703931391239167 0.004379564430564641 -0.002782507333904506
v 0.016677564010024078 0.004039459861814975 -0.0027105712797492756
v 0.01630708575248719 0.003494395641610026 -0.0030420867260545505
v 0.01703931391239167 0.004379564430564641 -0.002782507333904506
v 0.01630708575248719 0.003494395641610026 -0.0030420867260545505
v 0.017107414081692703 0.004266925156116485 -0.0031637689098715795
v 0.017107414081692703 0.004266925156116485 -0.0031637689098715795
v 0.01630708575248719 0.003494395641610026 -0.0030420867260545505
v 0.015393109060823924 0.002480479888617992 -0.003420332912355663
v 0.017107414081692703 0.004266925156116485 -0.0031637689098715795
v 0.015393109060823924 0.002480479888617992 -0.003420332912355663
v 0.017126426100730903 0.004235196392983197 -0.003420338267460467
v 0.0158672221004963 0.00437522493302822 -0.0015893819509074098
v 0.015523259527981288 0.004989124368876218 -0.0010792877292260532
v 0.014352508820593364 0.004159254487603902 -0.0007734250393696133
v 0.014352508820593364 0.004159254487603902 -0.0007734250393696133
v 0.015523259527981288 0.004989124368876218 -0.0010792877292260532
v 0.013858985155820853 0.004943599924445151 -0.0003460234147496523
v 0.014352508820593364 0.004159254487603902 -0.0007734250393696133
v 0.013858985155820853 0.004943599924445151 -0.0003460234147496523
v 0.01247519720345736 0.003952974453568458 -6.765436410205441e-05
v 0.01247519720345736 0.003952974453568458 -6.765436410205441e-05
v 0.013858985155820853 0.004943599924445151 -0.0003460234147496523
v 0.01188629493117333 0.0048257545568048945 0.00024072843370959174
v 0.01247519720345736 0.003952974453568458 -6.765436410205441e-05
v 0.01188629493117333 0.0048257545568048945 0.00024072843370959174
v 0.01090715173631907 0.003154783276841044 0.0002874822239391507
v 0.01090715173631907 0.003154783276841044 0.0002874822239391507
v 0.01188629493117333 0.0048257545568048945 0.00024072843370959174
v 0.010489929467439657 0.003766468726098537 0.0004610588657669725
v 0.015892883762717254 0.006270695012062787 -0.0007945786346681419
v 0.015696873888373382 0.0065940534695982924 -0.0006137809832580391
v 0.015088290907442577 0.005746844690293073 -0.0006165386294014755
v 0.015088290907442577 0.005746844690293073 -0.0006165386294014755
v 0.015696873888373382 0.0065940534695982924 -0.0006137809832580391
v 0.0145880226045847 0.006612786091864108 -0.00022415333660319458
v 0.015088290907442577 0.005746844690293073 -0.0006165386294014755
v 0.0145880226045847 0.006612786091864108 -0.00022415333660319458
v 0.013320011086761957 0.005811564158648252 1.4059988870940294e-06
v 0.013320011086761957 0.005811564158648252 1.4059988870940294e-06
v 0.0145880226045847 0.006612786091864108 -0.00022415333660319458
v 0.012578033842146402 0.0065741781145334235 0.00030124111799523245
v 0.013320011086761957 0.005811564158648252 1.4059988870940294e-06
v 0.012578033842146402 0.0065741781145334235 0.00030124111799523245
v 0.011318899691104894 0.005698408465832471 0.0004722971352748575
v 0.015264018438756473 0.00269951787777245 -0.0023766863159835347
v 0.01624682545661927 0.0036379701923578973 -0.0026077285874634994
v 0.01518144831061364 0.0028362185694277282 -0.002095841336995364
v 0.01518144831061364 0.0028362185694277282 -0.002095841336995364
v 0.01624682545661927 0.0036379701923578973 -0.0026077285874634994
v 0.016107406467199333 0.003924621734768151 -0.0021118472795933494
v 0.0158672221004963 0.00437522493302822 -0.0015893819509074098
v 0.016107406467199333 0.003924621734768151 -0.0021118472795933494
v 0.01654676906764508 0.0043044211342930785 -0.0022407032083719977
v 0.014352508820593364 0.004159254487603902 -0.0007734250393696133
v 0.014764724299311645 0.0035057896748185153 -0.001270459382794798
v 0.0158672221004963 0.00437522493302822 -0.0015893819509074098
v 0.0158672221004963 0.00437522493302822 -0.0015893819509074098
v 0.014764724299311645 0.0035057896748185153 -0.001270459382794798
v 0.014932092279195792 0.0032390474807471033 -0.001538544311188162
v 0.0158672221004963 0.00437522493302822 -0.0015893819509074098
v 0.014932092279195792 0.0032390474807471033 -0.001538544311188162
v 0.016107406467199333 0.003924621734768151 -0.0021118472795933494
v 0.016107406467199333 0.003924621734768151 -0.0021118472795933494
v 0.014932092279195792 0.0032390474807471033 -0.001538544311188162
v 0.015071136876940734 0.0030156606808304782 -0.0018150157993659386
v 0.016107406467199333 0.003924621734768151 -0.0021118472795933494
v 0.015071136876940734 0.0030156606808304782 -0.0018150157993659386
v 0.01518144831061364 0.0028362185694277282 -0.002095841336995364
v 0.01630708575248719 0.003494395641610026 -0.0030420867260545505
v 0.015357812866568572 0.002539207227528095 -0.0029202506411820663
v 0.015393109060823924 0.002480479888617992 -0.003420332912355663
v 0.015393109060823924 0.002480479888617992 -0.003420332912355663
v 0.015357812866568572 0.002539207227528095 -0.0029202506411820663
v 0.014309663325548179 0.0013907367829233406 -0.002795925131067635
v 0.015393109060823924 0.002480479888617992 -0.003420332912355663
v 0.014309663325548179 0.0013907367829233406 -0.002795925131067635
v 0.01406848896294833 0.0009689106373116373 -0.00342033780179918
v 0.01406848896294833 0.0009689106373116373 -0.00342033780179918
v 0.014309663325548179 0.0013907367829233406 -0.002795925131067635
v 0.013241793029010301 -8.497232192894443e-05 -0.003420338267460467
v 0.01654676906764508 0.0043044211342930785 -0.0022407032083719977
v 0.016107406467199333 0.003924621734768151 -0.0021118472795933494
v 0.016677564010024078 0.004039459861814975 -0.0027105712797492756
v 0.016677564010024078 0.004039459861814975 -0.0027105712797492756
v 0.016107406467199333 0.003924621734768151 -0.0021118472795933494
v 0.01624682545661927 0.0036379701923578973 -0.0026077285874634994
v 0.016677564010024078 0.004039459861814975 -0.0027105712797492756
v 0.01624682545661927 0.0036379701923578973 -0.0026077285874634994
v 0.01630708575248719 0.003494395641610026 -0.0030420867260545505
v 0.01630708575248719 0.003494395641610026 -0.0030420867260545505
v 0.01624682545661927 0.0036379701923578973 -0.0026077285874634994
v 0.015264018438756473 0.00269951787777245 -0.0023766863159835347
v 0.01630708575248719 0.003494395641610026 -0.0030420867260545505
v 0.015264018438756473 0.00269951787777245 -0.0023766863159835347
v 0.015357812866568572 0.002539207227528095 -0.0029202506411820663
v 0.015357812866568572 0.002539207227528095 -0.0029202506411820663
v 0.015264018438756473 0.00269951787777245 -0.0023766863159835347
v 0.014255052432417877 0.001461251522414386 -0.002471495419740678
v 0.015357812866568572 0.002539207227528095 -0.0029202506411820663
v 0.014255052432417877 0.001461251522414386 -0.002471495419740678
v 0.014309663325548179 0.0013907367829233406 -0.002795925131067635
v 0.014309663325548179 0.0013907367829233406 -0.002795925131067635
v 0.014255052432417877 0.001461251522414386 -0.002471495419740678
v 0.013167335651814943 9.291348760598337e-06 -0.0026171230711042894
v 0.014309663325548179 0.0013907367829233406 -0.002795925131067635
v 0.013167335651814943 9.291348760598337e-06 -0.0026171230711042894
v 0.013241793029010301 -8.497232192894443e-05 -0.003420338267460467
v 0.01699508726596833 0.004452594555914401 -0.0026169097982347025
v 0.016896087676286704 0.004615960642695426 -0.0023233222309499988
v 0.01654676906764508 0.0043044211342930785 -0.0022407032083719977
v 0.01654676906764508 0.0043044211342930785 -0.0022407032083719977
v 0.016896087676286704 0.004615960642695426 -0.0023233222309499988
v 0.01631999388337136 0.004728210624307393 -0.0017253662226721653
v 0.01654676906764508 0.0043044211342930785 -0.0022407032083719977
v 0.01631999388337136 0.004728210624307393 -0.0017253662226721653
v 0.0158672221004963 0.00437522493302822 -0.0015893819509074098
v 0.0158672221004963 0.00437522493302822 -0.0015893819509074098
v 0.01631999388337136 0.004728210624307393 -0.0017253662226721653
v 0.015991309657692916 0.005315390415489673 -0.0012071741512045269
v 0.0158672221004963 0.00437522493302822 -0.0015893819509074098
v 0.015991309657692916 0.005315390415489673 -0.0012071741512045269
v 0.015523259527981288 0.004989124368876218 -0.0010792877292260532
v 0.015523259527981288 0.004989124368876218 -0.0010792877292260532
v 0.015991309657692916 0.005315390415489673 -0.0012071741512045269
v 0.015088290907442577 0.005746844690293073 -0.0006165386294014755
v 0.015523259527981288 0.004989124368876218 -0.0010792877292260532
v 0.015088290907442577 0.005746844690293073 -0.0006165386294014755
v 0.013858985155820853 0.004943599924445151 -0.0003460234147496523
v 0.013858985155820853 0.004943599924445151 -0.0003460234147496523
v 0.015088290907442577 0.005746844690293073 -0.0006165386294014755
v 0.013320011086761957 0.005811564158648252 1.4059988870940294e-06
v 0.013858985155820853 0.004943599924445151 -0.0003460234147496523
v 0.013320011086761957 0.005811564158648252 1.4059988870940294e-06
v 0.01188629493117333 0.0048257545568048945 0.00024072843370959174
v 0.01188629493117333 0.0048257545568048945 0.00024072843370959174
v 0.013320011086761957 0.005811564158648252 1.4059988870940294e-06
v 0.011318899691104894 0.005698408465832471 0.0004722971352748575
v 0.01188629493117333 0.0048257545568048945 0.00024072843370959174
v 0.011318899691104894 0.005698408465832471 0.0004722971352748575
v 0.010489929467439657 0.003766468726098537 0.0004610588657669725
v 0.010489929467439657 0.003766468726098537 0.0004610588657669725
v 0.011318899691104894 0.005698408465832471 0.0004722971352748575
v 0.009913180954754358 0.004645441658794879 0.0006552070262841884
v 0.011111230589449411 0.0028604860417544837 0.0001890241983346642
v 0.011680639348924165 0.0020519567187875505 -0.00014998001279309397
v 0.01247519720345736 0.003952974453568458 -6.765436410205441e-05
v 0.01247519720345736 0.003952974453568458 -6.765436410205441e-05
v 0.011680639348924165 0.0020519567187875505 -0.00014998001279309397
v 0.013038348406553274 0.003140468150377273 -0.0004653272335417571
v 0.01247519720345736 0.003952974453568458 -6.765436410205441e-05
v 0.013038348406553274 0.003140468150377273 -0.0004653272335417571
v 0.014352508820593364 0.004159254487603902 -0.0007734250393696133
v 0.014352508820593364 0.004159254487603902 -0.0007734250393696133
v 0.013038348406553274 0.003140468150377273 -0.0004653272335417571
v 0.01329578179866076 0.00277540017850697 -0.0006984647479839626
v 0.014352508820593364 0.004159254487603902 -0.0007734250393696133
v 0.01329578179866076 0.00277540017850697 -0.0006984647479839626
v 0.014764724299311645 0.0035057896748185153 -0.001270459382794798
v 0.014764724299311645 0.0035057896748185153 -0.001270459382794798
v 0.01329578179866076 0.00277540017850697 -0.0006984647479839626
v 0.013530281372368341 0.002446435391902923 -0.0009534692508168523
v 0.014764724299311645 0.0035057896748185153 -0.001270459382794798
v 0.013530281372368341 0.002446435391902923 -0.0009534692508168523
v 0.014932092279195792 0.0032390474807471033 -0.001538544311188162
v 0.014932092279195792 0.0032390474807471033 -0.001538544311188162
v 0.013530281372368341 0.002446435391902923 -0.0009534692508168523
v 0.013737695291638381 0.002158681163564324 -0.0012286690762266523
v 0.014932092279195792 0.0032390474807471033 -0.001538544311188162
v 0.013737695291638381 0.002158681163564324 -0.0012286690762266523
v 0.015071136876940734 0.0030156606808304782 -0.0018150157993659386
v 0.015071136876940734 0.0030156606808304782 -0.0018150157993659386
v 0.013737695291638381 0.002158681163564324 -0.0012286690762266523
v 0.013914917595684535 0.001915713073685765 -0.0015216440660879022
v 0.015071136876940734 0.0030156606808304782 -0.0018150157993659386
v 0.013914917595684535 0.001915713073685765 -0.0015216440660879022
v 0.01518144831061364 0.0028362185694277282 -0.002095841336995364
v 0.01518144831061364 0.0028362185694277282 -0.002095841336995364
v 0.013914917595684535 0.001915713073685765 -0.0015216440660879022
v 0.014060126617550857 0.0017192426603287456 -0.0018292105523869404
v 0.01518144831061364 0.0028362185694277282 -0.002095841336995364
v 0.014060126617550857 0.0017192426603287456 -0.0018292105523869404
v 0.015264018438756473 0.00269951787777245 -0.0023766863159835347
v 0.015264018438756473 0.00269951787777245 -0.0023766863159835347
v 0.014060126617550857 0.0017192426603287456 -0.0018292105523869404
v 0.014173021540045745 0.0015687731793150304 -0.0021474091336131105
v 0.015264018438756473 0.00269951787777245 -0.0023766863159835347
v 0.014173021540045745 0.0015687731793150304 -0.0021474091336131105
v 0.014255052432417877 0.001461251522414386 -0.002471495419740678
v 0.014255052432417877 0.001461251522414386 -0.002471495419740678
v 0.014173021540045745 0.0015687731793150304 -0.0021474091336131105
v 0.013109297491610055 8.597835403634234e-05 -0.002298243110999466
v 0.014255052432417877 0.001461251522414386 -0.002471495419740678
v 0.013109297491610055 8.597835403634234e-05 -0.002298243110999466
v 0.013167335651814943 9.291348760598337e-06 -0.0026171230711042894
v 0.01631898060441018 0.0034347504843026395 -0.008579671382904056
v 0.017126426100730903 0.004235196392983197 -0.008579664863646034
v 0.01717111840844155 0.004159973002970218 -0.007289833389222625
v 0.01631898060441018 0.0034347504843026395 -0.008579671382904056
v 0.01717111840844155 0.004159973002970218 -0.007289833389222625
v 0.015393109060823924 0.002480479888617992 -0.008579670451581482
v 0.015440746210515506 0.0024071394000202413 -0.004710169509053232
v 0.015393109060823924 0.002480479888617992 -0.003420332912355663
v 0.01406848896294833 0.0009689106373116373 -0.00342033780179918
v 0.01406848896294833 0.0009689106373116373 -0.00342033780179918
v 0.01412104349583388 0.0008989572525024413 -0.004710169974714519
v 0.015440746210515506 0.0024071394000202413 -0.004710169509053232
v 0.015440746210515506 0.0024071394000202413 -0.004710169509053232
v 0.01412104349583388 0.0008989572525024413 -0.004710169974714519
v 0.014138468541204936 0.0008757550385780631 -0.006000001914799216
v 0.015440746210515506 0.0024071394000202413 -0.004710169509053232
v 0.014138468541204936 0.0008757550385780631 -0.006000001914799216
v 0.015456548891961581 0.0023828188423067327 -0.006000001914799216
v 0.015456548891961581 0.0023828188423067327 -0.006000001914799216
v 0.014138468541204936 0.0008757550385780631 -0.006000001914799216
v 0.01412104349583388 0.0008989572525024413 -0.007289833389222625
v 0.015456548891961581 0.0023828188423067327 -0.006000001914799216
v 0.01412104349583388 0.0008989572525024413 -0.007289833389222625
v 0.015440746210515506 0.0024071394000202413 -0.007289833854883913
v 0.01329688541591168 -0.00015294726472347972 -0.007289833389222625
v 0.01412104349583388 0.0008989572525024413 -0.007289833389222625
v 0.013315157964825635 -0.00017549216863699255 -0.006000001914799216
v 0.013315157964825635 -0.00017549216863699255 -0.006000001914799216
v 0.01412104349583388 0.0008989572525024413 -0.007289833389222625
v 0.014138468541204936 0.0008757550385780631 -0.006000001914799216
v 0.013315157964825635 -0.00017549216863699255 -0.006000001914799216
v 0.014138468541204936 0.0008757550385780631 -0.006000001914799216
v 0.01329688541591168 -0.00015294726472347972 -0.004710169974714519
v 0.01329688541591168 -0.00015294726472347972 -0.004710169974714519
v 0.014138468541204936 0.0008757550385780631 -0.006000001914799216
v 0.01412104349583388 0.0008989572525024413 -0.004710169974714519
v 0.01329688541591168 -0.00015294726472347972 -0.004710169974714519
v 0.01412104349583388 0.0008989572525024413 -0.004710169974714519
v 0.013241793029010301 -8.497232192894443e-05 -0.003420338267460467
v 0.013241793029010301 -8.497232192894443e-05 -0.003420338267460467
v 0.01412104349583388 0.0008989572525024413 -0.004710169974714519
v 0.01406848896294833 0.0009689106373116373 -0.00342033780179918
v 0.017126426100730903 0.004235196392983197 -0.003420338267460467
v 0.015393109060823924 0.002480479888617992 -0.003420332912355663
v 0.01717111840844155 0.004159973002970218 -0.004710169974714519
v 0.01717111840844155 0.004159973002970218 -0.004710169974714519
v 0.015393109060823924 0.002480479888617992 -0.003420332912355663
v 0.015440746210515506 0.0024071394000202413 -0.004710169509053232
v 0.01717111840844155 0.004159973002970218 -0.004710169974714519
v 0.015440746210515506 0.0024071394000202413 -0.004710169509053232
v 0.01718594133853913 0.004135025199502706 -0.006000001914799216
v 0.01718594133853913 0.004135025199502706 -0.006000001914799216
v 0.015440746210515506 0.0024071394000202413 -0.004710169509053232
v 0.015456548891961581 0.0023828188423067327 -0.006000001914799216
v 0.01718594133853913 0.004135025199502706 -0.006000001914799216
v 0.015456548891961581 0.0023828188423067327 -0.006000001914799216
v 0.01717111840844155 0.004159973002970218 -0.007289833389222625
v 0.01717111840844155 0.004159973002970218 -0.007289833389222625
v 0.015456548891961581 0.0023828188423067327 -0.006000001914799216
v 0.015440746210515506 0.0024071394000202413 -0.007289833854883913
v 0.01717111840844155 0.004159973002970218 -0.007289833389222625
v 0.015440746210515506 0.0024071394000202413 -0.007289833854883913
v 0.015393109060823924 0.002480479888617992 -0.008579670451581482
v 0.015393109060823924 0.002480479888617992 -0.008579670451581482
v 0.015440746210515506 0.0024071394000202413 -0.007289833854883913
v 0.01412104349583388 0.0008989572525024413 -0.007289833389222625
v 0.015393109060823924 0.002480479888617992 -0.008579670451581482
v 0.01412104349583388 0.0008989572525024413 -0.007289833389222625
v 0.01406848896294833 0.0009689106373116373 -0.008579665794968609
v 0.01406848896294833 0.0009689106373116373 -0.008579665794968609
v 0.01412104349583388 0.0008989572525024413 -0.007289833389222625
v 0.01329688541591168 -0.00015294726472347972 -0.007289833389222625
v 0.01406848896294833 0.0009689106373116373 -0.008579665794968609
v 0.01329688541591168 -0.00015294726472347972 -0.007289833389222625
v 0.013241793029010301 -8.497232192894443e-05 -0.008579664863646034
v 0.012767685577273374 -0.0003539666067808866 -0.009718680754303936
v 0.012836193665862089 -0.00044476805487647647 -0.009338850155472759
v 0.01229355670511723 -0.0011447102297097442 -0.00934893731027842
v 0.010803035460412507 -0.0031278433743864294 -0.008579573594033722
v 0.010734115727245813 -0.0030662491917610164 -0.009375935420393947
v 0.011899254284799104 -0.001825883751735091 -0.008581291884183887
v 0.011899254284799104 -0.001825883751735091 -0.008581291884183887
v 0.010734115727245813 -0.0030662491917610164 -0.009375935420393947
v 0.01229355670511723 -0.0011447102297097442 -0.00934893731027842
v 0.011899254284799104 -0.001825883751735091 -0.008581291884183887
v 0.01229355670511723 -0.0011447102297097442 -0.00934893731027842
v 0.011977091431617742 -0.0017276360886171458 -0.008581220172345642
v 0.011977091431617742 -0.0017276360886171458 -0.008581220172345642
v 0.01229355670511723 -0.0011447102297097442 -0.00934893731027842
v 0.012836193665862089 -0.00044476805487647647 -0.009338850155472759
v 0.011977091431617742 -0.0017276360886171458 -0.008581220172345642
v 0.012836193665862089 -0.00044476805487647647 -0.009338850155472759
v 0.012903236784040933 -0.0005323023651726543 -0.008580240420997146
v 0.01287914346903563 0.0003958432644139975 -0.010420941747725015
v 0.012975708581507211 0.0002653739356901496 -0.010176504030823713
v 0.012665090151131158 -0.0002200608287239447 -0.010088584385812288
v 0.01221705693751574 -0.0010554727632552383 -0.009729187935590747
v 0.012102731503546243 -0.0009231126168742775 -0.01009877491742373
v 0.012665090151131158 -0.0002200608287239447 -0.010088584385812288
v 0.012665090151131158 -0.0002200608287239447 -0.010088584385812288
v 0.012102731503546243 -0.0009231126168742775 -0.01009877491742373
v 0.012524421326816087 -3.858468335238285e-05 -0.010442790575325494
v 0.012665090151131158 -0.0002200608287239447 -0.010088584385812288
v 0.012524421326816087 -3.858468335238285e-05 -0.010442790575325494
v 0.01287914346903563 0.0003958432644139975 -0.010420941747725015
v 0.01287914346903563 0.0003958432644139975 -0.010420941747725015
v 0.012524421326816087 -3.858468335238285e-05 -0.010442790575325494
v 0.012643256224691873 0.0007170215249061583 -0.01086309645324946
v 0.013241793029010301 -8.497232192894443e-05 -0.008579664863646034
v 0.012903236784040933 -0.0005323023651726543 -0.008580240420997146
v 0.013175875879824167 -1.1356989944033555e-06 -0.009325439110398296
v 0.013175875879824167 -1.1356989944033555e-06 -0.009325439110398296
v 0.012903236784040933 -0.0005323023651726543 -0.008580240420997146
v 0.012836193665862089 -0.00044476805487647647 -0.009338850155472759
v 0.013175875879824167 -1.1356989944033555e-06 -0.009325439110398296
v 0.012836193665862089 -0.00044476805487647647 -0.009338850155472759
v 0.01315331924706698 2.839253829733934e-05 -0.009473323822021488
v 0.01315331924706698 2.839253829733934e-05 -0.009473323822021488
v 0.012836193665862089 -0.00044476805487647647 -0.009338850155472759
v 0.012767685577273374 -0.0003539666067808866 -0.009718680754303936
v 0.01315331924706698 2.839253829733934e-05 -0.009473323822021488
v 0.012767685577273374 -0.0003539666067808866 -0.009718680754303936
v 0.013011747039854532 0.0002169082436012104 -0.010069064795970922
v 0.010596497915685182 0.0008420945378020405 -0.011899212375283246
v 0.011288615874946123 0.001556731993332505 -0.011861012317240243
v 0.010927760042250162 0.0004480576317291706 -0.011659070849418645
v 0.010927760042250162 0.0004480576317291706 -0.011659070849418645
v 0.011288615874946123 0.001556731993332505 -0.011861012317240243
v 0.011593701317906385 0.0011593546951189635 -0.01163043081760407
v 0.010927760042250162 0.0004480576317291706 -0.011659070849418645
v 0.011593701317906385 0.0011593546951189635 -0.01163043081760407
v 0.01123445481061936 8.662180334795265e-05 -0.01139338687062264
v 0.01123445481061936 8.662180334795265e-05 -0.01139338687062264
v 0.011593701317906385 0.0011593546951189635 -0.01163043081760407
v 0.01187521312385798 0.0007952958694659172 -0.011372433044016366
v 0.01123445481061936 8.662180334795265e-05 -0.01139338687062264
v 0.01187521312385798 0.0007952958694659172 -0.011372433044016366
v 0.011509930714964872 -0.00023559320834465322 -0.011102853342890745
v 0.011509930714964872 -0.00023559320834465322 -0.011102853342890745
v 0.01187521312385798 0.0007952958694659172 -0.011372433044016366
v 0.012127133086323743 0.00047116610221564764 -0.01108747255057097
v 0.011509930714964872 -0.00023559320834465322 -0.011102853342890745
v 0.012127133086323743 0.00047116610221564764 -0.01108747255057097
v 0.011748678982257848 -0.0005132782971486448 -0.010788781568408018
v 0.011748678982257848 -0.0005132782971486448 -0.010788781568408018
v 0.012127133086323743 0.00047116610221564764 -0.01108747255057097
v 0.012344640679657464 0.00019212996994610873 -0.01077684666961432
v 0.011748678982257848 -0.0005132782971486448 -0.010788781568408018
v 0.012344640679657464 0.00019212996994610873 -0.01077684666961432
v 0.011946862563490873 -0.0007428769604302942 -0.010453171096742158
v 0.008495111949741844 0.0034814665559679265 -0.012825859710574155
v 0.009355810470879081 0.004201319999992847 -0.012724270112812524
v 0.009173694998025898 0.0025942302308976646 -0.012608450837433343
v 0.009173694998025898 0.0025942302308976646 -0.012608450837433343
v 0.009355810470879081 0.004201319999992847 -0.012724270112812524
v 0.00997361913323403 0.003321541706100106 -0.012524117715656763
v 0.009173694998025898 0.0025942302308976646 -0.012608450837433343
v 0.00997361913323403 0.003321541706100106 -0.012524117715656763
v 0.009889956563711172 0.0016979962820187209 -0.012302805669605737
v 0.009889956563711172 0.0016979962820187209 -0.012302805669605737
v 0.00997361913323403 0.003321541706100106 -0.012524117715656763
v 0.010635484941303735 0.002420400502160191 -0.012241758406162267
v 0.008676392026245597 -0.0012039728462696073 -0.012002725154161458
v 0.010596497915685182 0.0008420945378020405 -0.011899212375283246
v 0.009065240621566776 -0.0015792197082191704 -0.011743073351681238
v 0.009065240621566776 -0.0015792197082191704 -0.011743073351681238
v 0.010596497915685182 0.0008420945378020405 -0.011899212375283246
v 0.010927760042250162 0.0004480576317291706 -0.011659070849418645
v 0.009065240621566776 -0.0015792197082191704 -0.011743073351681238
v 0.010927760042250162 0.0004480576317291706 -0.011659070849418645
v 0.00942623242735863 -0.001922189607284963 -0.011461936868727212
v 0.00942623242735863 -0.001922189607284963 -0.011461936868727212
v 0.010927760042250162 0.0004480576317291706 -0.011659070849418645
v 0.01123445481061936 8.662180334795265e-05 -0.01139338687062264
v 0.006208856590092185 0.0013463416835293172 -0.013053380884230142
v 0.007426584139466289 0.0025223025586456056 -0.012940399348735815
v 0.0070165628567338025 0.0004730177170131355 -0.012802070006728178
v 0.0070165628567338025 0.0004730177170131355 -0.012802070006728178
v 0.007426584139466289 0.0025223025586456056 -0.012940399348735815
v 0.008170390501618389 0.001636064378544688 -0.012705223634839063
v 0.0070165628567338025 0.0004730177170131355 -0.012802070006728178
v 0.008170390501618389 0.001636064378544688 -0.012705223634839063
v 0.007502611726522449 -3.240901060053147e-05 -0.012609405443072324
v 0.007502611726522449 -3.240901060053147e-05 -0.012609405443072324
v 0.008170390501618389 0.001636064378544688 -0.012705223634839063
v 0.008946434594690803 0.0007521493243984877 -0.012376045808196073
v 0.007502611726522449 -3.240901060053147e-05 -0.012609405443072324
v 0.008946434594690803 0.0007521493243984877 -0.012376045808196073
v 0.00785212125629187 -0.00038791456609033043 -0.012451321817934518
v 0.00785212125629187 -0.00038791456609033043 -0.012451321817934518
v 0.008946434594690803 0.0007521493243984877 -0.012376045808196073
v 0.010596497915685182 0.0008420945378020405 -0.011899212375283246
v 0.00785212125629187 -0.00038791456609033043 -0.012451321817934518
v 0.010596497915685182 0.0008420945378020405 -0.011899212375283246
v 0.008619674481451515 -0.0011487401789054272 -0.01203761156648398
v 0.008619674481451515 -0.0011487401789054272 -0.01203761156648398
v 0.010596497915685182 0.0008420945378020405 -0.011899212375283246
v 0.008676392026245597 -0.0012039728462696073 -0.012002725154161458
v 0.010734115727245813 -0.0030662491917610164 -0.009375935420393947
v 0.010722274892032152 -0.0030578381847590204 -0.00942945666611195
v 0.01229355670511723 -0.0011447102297097442 -0.00934893731027842
v 0.01229355670511723 -0.0011447102297097442 -0.00934893731027842
v 0.010722274892032152 -0.0030578381847590204 -0.00942945666611195
v 0.01221705693751574 -0.0010554727632552383 -0.009729187935590747
v 0.01229355670511723 -0.0011447102297097442 -0.00934893731027842
v 0.01221705693751574 -0.0010554727632552383 -0.009729187935590747
v 0.012767685577273374 -0.0003539666067808866 -0.009718680754303936
v 0.012767685577273374 -0.0003539666067808866 -0.009718680754303936
v 0.01221705693751574 -0.0010554727632552383 -0.009729187935590747
v 0.012665090151131158 -0.0002200608287239447 -0.010088584385812288
v 0.012767685577273374 -0.0003539666067808866 -0.009718680754303936
v 0.012665090151131158 -0.0002200608287239447 -0.010088584385812288
v 0.013011747039854532 0.0002169082436012104 -0.010069064795970922
v 0.013011747039854532 0.0002169082436012104 -0.010069064795970922
v 0.012665090151131158 -0.0002200608287239447 -0.010088584385812288
v 0.012975708581507211 0.0002653739356901496 -0.010176504030823713
v 0.009355810470879081 0.004201319999992847 -0.012724270112812524
v 0.009913180954754358 0.004645441658794879 -0.012655210681259637
v 0.00997361913323403 0.003321541706100106 -0.012524117715656763
v 0.00997361913323403 0.003321541706100106 -0.012524117715656763
v 0.009913180954754358 0.004645441658794879 -0.012655210681259637
v 0.010639262385666376 0.0035457562189549203 -0.012402738444507127
v 0.00997361913323403 0.003321541706100106 -0.012524117715656763
v 0.010639262385666376 0.0035457562189549203 -0.012402738444507127
v 0.010635484941303735 0.002420400502160191 -0.012241758406162267
v 0.010635484941303735 0.002420400502160191 -0.012241758406162267
v 0.010639262385666376 0.0035457562189549203 -0.012402738444507127
v 0.011111230589449411 0.0028604860417544837 -0.012189027853310113
v 0.012102731503546243 -0.0009231126168742775 -0.01009877491742373
v 0.011946862563490873 -0.0007428769604302942 -0.010453171096742158
v 0.012524421326816087 -3.858468335238285e-05 -0.010442790575325494
v 0.012524421326816087 -3.858468335238285e-05 -0.010442790575325494
v 0.011946862563490873 -0.0007428769604302942 -0.010453171096742158
v 0.012344640679657464 0.00019212996994610873 -0.01077684666961432
v 0.012524421326816087 -3.858468335238285e-05 -0.010442790575325494
v 0.012344640679657464 0.00019212996994610873 -0.01077684666961432
v 0.012643256224691873 0.0007170215249061583 -0.01086309645324946
v 0.012643256224691873 0.0007170215249061583 -0.01086309645324946
v 0.012344640679657464 0.00019212996994610873 -0.01077684666961432
v 0.012127133086323743 0.00047116610221564764 -0.01108747255057097
v 0.012643256224691873 0.0007170215249061583 -0.01086309645324946
v 0.012127133086323743 0.00047116610221564764 -0.01108747255057097
v 0.01227204035967589 0.0012275245971977709 -0.011340955272316938
v 0.01227204035967589 0.0012275245971977709 -0.011340955272316938
v 0.012127133086323743 0.00047116610221564764 -0.01108747255057097
v 0.01187521312385798 0.0007952958694659172 -0.011372433044016366
v 0.01227204035967589 0.0012275245971977709 -0.011340955272316938
v 0.01187521312385798 0.0007952958694659172 -0.011372433044016366
v 0.012152835726737981 0.0013926028041169045 -0.011462272144854074
v 0.012152835726737981 0.0013926028041169045 -0.011462272144854074
v 0.01187521312385798 0.0007952958694659172 -0.011372433044016366
v 0.011593701317906385 0.0011593546951189635 -0.01163043081760407
v 0.012152835726737981 0.0013926028041169045 -0.011462272144854074
v 0.011593701317906385 0.0011593546951189635 -0.01163043081760407
v 0.011723522096872335 0.001991708297282457 -0.011819656006991868
v 0.011723522096872335 0.001991708297282457 -0.011819656006991868
v 0.011593701317906385 0.0011593546951189635 -0.01163043081760407
v 0.011288615874946123 0.001556731993332505 -0.011861012317240243
v 0.011723522096872335 0.001991708297282457 -0.011819656006991868
v 0.011288615874946123 0.001556731993332505 -0.011861012317240243
v 0.011543584987521177 0.002245092531666159 -0.01194192841649056
v 0.007426584139466289 0.0025223025586456056 -0.012940399348735815
v 0.008495111949741844 0.0034814665559679265 -0.012825859710574155
v 0.008170390501618389 0.001636064378544688 -0.012705223634839063
v 0.008170390501618389 0.001636064378544688 -0.012705223634839063
v 0.008495111949741844 0.0034814665559679265 -0.012825859710574155
v 0.009173694998025898 0.0025942302308976646 -0.012608450837433343
v 0.008170390501618389 0.001636064378544688 -0.012705223634839063
v 0.009173694998025898 0.0025942302308976646 -0.012608450837433343
v 0.008946434594690803 0.0007521493243984877 -0.012376045808196073
v 0.008946434594690803 0.0007521493243984877 -0.012376045808196073
v 0.009173694998025898 0.0025942302308976646 -0.012608450837433343
v 0.009889956563711172 0.0016979962820187209 -0.012302805669605737
v 0.008946434594690803 0.0007521493243984877 -0.012376045808196073
v 0.009889956563711172 0.0016979962820187209 -0.012302805669605737
v 0.010596497915685182 0.0008420945378020405 -0.011899212375283246
v 0.010596497915685182 0.0008420945378020405 -0.011899212375283246
v 0.009889956563711172 0.0016979962820187209 -0.012302805669605737
v 0.010635484941303735 0.002420400502160191 -0.012241758406162267
v 0.010596497915685182 0.0008420945378020405 -0.011899212375283246
v 0.010635484941303735 0.002420400502160191 -0.012241758406162267
v 0.011288615874946123 0.001556731993332505 -0.011861012317240243
v 0.011288615874946123 0.001556731993332505 -0.011861012317240243
v 0.010635484941303735 0.002420400502160191 -0.012241758406162267
v 0.011111230589449411 0.0028604860417544837 -0.012189027853310113
v 0.011288615874946123 0.001556731993332505 -0.011861012317240243
v 0.011111230589449411 0.0028604860417544837 -0.012189027853310113
v 0.011543584987521177 0.002245092531666159 -0.01194192841649056
v 0.010722274892032152 -0.0030578381847590204 -0.00942945666611195
v 0.010628834366798406 -0.0029902416281402107 -0.009761049412190918
v 0.01221705693751574 -0.0010554727632552383 -0.009729187935590747
v 0.01221705693751574 -0.0010554727632552383 -0.009729187935590747
v 0.010628834366798406 -0.0029902416281402107 -0.009761049412190918
v 0.010625328868627553 -0.002987619256600737 -0.009771443903446203
v 0.01221705693751574 -0.0010554727632552383 -0.009729187935590747
v 0.010625328868627553 -0.002987619256600737 -0.009771443903446203
v 0.012102731503546243 -0.0009231126168742775 -0.01009877491742373
v 0.012102731503546243 -0.0009231126168742775 -0.01009877491742373
v 0.010625328868627553 -0.002987619256600737 -0.009771443903446203
v 0.01045834925025702 -0.0028560531791299577 -0.010176829062402254
v 0.012102731503546243 -0.0009231126168742775 -0.01009877491742373
v 0.01045834925025702 -0.0028560531791299577 -0.010176829062402254
v 0.011946862563490873 -0.0007428769604302942 -0.010453171096742158
v 0.011946862563490873 -0.0007428769604302942 -0.010453171096742158
v 0.01045834925025702 -0.0028560531791299577 -0.010176829062402254
v 0.010281800292432313 -0.0027060969732701774 -0.010494844056665903
v 0.011946862563490873 -0.0007428769604302942 -0.010453171096742158
v 0.010281800292432313 -0.0027060969732701774 -0.010494844056665903
v 0.011748678982257848 -0.0005132782971486448 -0.010788781568408018
v 0.011748678982257848 -0.0005132782971486448 -0.010788781568408018
v 0.010281800292432313 -0.0027060969732701774 -0.010494844056665903
v 0.01004533283412457 -0.0024956825654953714 -0.01082945335656405
v 0.011748678982257848 -0.0005132782971486448 -0.010788781568408018
v 0.01004533283412457 -0.0024956825654953714 -0.01082945335656405
v 0.011509930714964872 -0.00023559320834465322 -0.011102853342890745
v 0.011509930714964872 -0.00023559320834465322 -0.011102853342890745
v 0.01004533283412457 -0.0024956825654953714 -0.01082945335656405
v 0.00974465906620026 -0.0022171640302985902 -0.011136623099446302
v 0.011509930714964872 -0.00023559320834465322 -0.011102853342890745
v 0.00974465906620026 -0.0022171640302985902 -0.011136623099446302
v 0.01123445481061936 8.662180334795265e-05 -0.01139338687062264
v 0.01123445481061936 8.662180334795265e-05 -0.01139338687062264
v 0.00974465906620026 -0.0022171640302985902 -0.011136623099446302
v 0.00942623242735863 -0.001922189607284963 -0.011461936868727212
v 0.004464528989046814 0.008929516188800333 -0.011330135166645055
v 0.005135616287589076 0.009486399590969084 -0.011293544434010988
v 0.005256786011159423 0.009228321723639963 -0.011639405041933065
v 0.005135616287589076 0.009486399590969084 -0.011293544434010988
v 0.004464528989046814 0.008929516188800333 -0.011330135166645055
v 0.004933729302138093 0.009888645261526106 -0.01053708884865046
v 0.00607948284596205 0.011369232088327406 -0.009014761075377468
v 0.006149200256913903 0.011245501227676867 -0.009640711359679702
v 0.004787544719874861 0.01015188731253147 -0.009727977216243747
v 0.007587279193103317 0.007319121155887841 -0.012947778217494493
v 0.0063860905356705215 0.006286072079092263 -0.013076690025627618
v 0.006207583937793973 0.006826148834079503 -0.012994374148547655
v 0.0038199457339942473 0.008363356813788412 -0.011358355171978479
v 0.0036746459081769007 0.008736560121178625 -0.010608572512865072
v 0.00428626546636224 0.009318657219409941 -0.010575513355433946
v 0.003659224836155774 0.008772427216172217 -0.010510923340916639
v 0.003566409461200239 0.008971069939434527 -0.009798737242817884
v 0.004153599496930839 0.00956971291452646 -0.0097650270909071
v 0.004153599496930839 0.00956971291452646 -0.0097650270909071
v 0.003566409461200239 0.008971069939434527 -0.009798737242817884
v 0.003537952899932863 0.009025312028825281 -0.009516348131000999
v 0.004695324692875149 0.010298458859324454 -0.008904525078833107
v 0.004153599496930839 0.00956971291452646 -0.0097650270909071
v 0.00406554574146867 0.009711422957479952 -0.008930477313697342
v 0.00406554574146867 0.009711422957479952 -0.008930477313697342
v 0.004153599496930839 0.00956971291452646 -0.0097650270909071
v 0.003537952899932863 0.009025312028825281 -0.009516348131000999
v 0.00406554574146867 0.009711422957479952 -0.008930477313697342
v 0.003537952899932863 0.009025312028825281 -0.009516348131000999
v 0.0034928522072732466 0.009103551506996153 -0.008954376913607124
v 0.0063860905356705215 0.006286072079092263 -0.013076690025627618
v 0.004666145890951158 0.004837860818952321 -0.013213369064033037
v 0.006207583937793973 0.006826148834079503 -0.012994374148547655
v 0.006207583937793973 0.006826148834079503 -0.012994374148547655
v 0.004666145890951158 0.004837860818952321 -0.013213369064033037
v 0.004551165737211706 0.005494250450283288 -0.013112277723848825
v 0.006207583937793973 0.006826148834079503 -0.012994374148547655
v 0.004551165737211706 0.005494250450283288 -0.013112277723848825
v 0.006030628923326733 0.007328202482312917 -0.012870004400610929
v 0.006030628923326733 0.007328202482312917 -0.012870004400610929
v 0.004551165737211706 0.005494250450283288 -0.013112277723848825
v 0.004450902342796327 0.0060068429447710505 -0.012991077266633516
v 0.006030628923326733 0.007328202482312917 -0.012870004400610929
v 0.004450902342796327 0.0060068429447710505 -0.012991077266633516
v 0.0058581689372658756 0.007790438830852508 -0.012702116742730146
v 0.004450902342796327 0.0060068429447710505 -0.012991077266633516
v 0.004320484586060049 0.006605501286685466 -0.012786306440830236
v 0.0058581689372658756 0.007790438830852508 -0.012702116742730146
v 0.0058581689372658756 0.007790438830852508 -0.012702116742730146
v 0.004320484586060049 0.006605501286685466 -0.012786306440830236
v 0.00422096159309149 0.007018058560788631 -0.01259177085012198
v 0.0058581689372658756 0.007790438830852508 -0.012702116742730146
v 0.00422096159309149 0.007018058560788631 -0.01259177085012198
v 0.005692745093256238 0.008211783133447169 -0.012492200359702115
v 0.005692745093256238 0.008211783133447169 -0.012492200359702115
v 0.00422096159309149 0.007018058560788631 -0.01259177085012198
v 0.004208644386380913 0.007066700607538222 -0.012565219774842267
v 0.005692745093256238 0.008211783133447169 -0.012492200359702115
v 0.004208644386380913 0.007066700607538222 -0.012565219774842267
v 0.005536381620913747 0.008591755293309687 -0.012242833152413373
v 0.005536381620913747 0.008591755293309687 -0.012242833152413373
v 0.004208644386380913 0.007066700607538222 -0.012565219774842267
v 0.004101382102817299 0.0074694440700113765 -0.012308751232922082
v 0.005536381620913747 0.008591755293309687 -0.012242833152413373
v 0.004101382102817299 0.0074694440700113765 -0.012308751232922082
v 0.005390667356550696 0.008930424228310583 -0.011957283131778245
v 0.005390667356550696 0.008930424228310583 -0.011957283131778245
v 0.004101382102817299 0.0074694440700113765 -0.012308751232922082
v 0.003999340347945692 0.007819787599146364 -0.012017540633678441
v 0.005390667356550696 0.008930424228310583 -0.011957283131778245
v 0.003999340347945692 0.007819787599146364 -0.012017540633678441
v 0.005256786011159423 0.009228321723639963 -0.011639405041933065
v 0.0036746459081769007 0.008736560121178625 -0.010608572512865072
v 0.003659224836155774 0.008772427216172217 -0.010510923340916639
v 0.00428626546636224 0.009318657219409941 -0.010575513355433946
v 0.00428626546636224 0.009318657219409941 -0.010575513355433946
v 0.003659224836155774 0.008772427216172217 -0.010510923340916639
v 0.004153599496930839 0.00956971291452646 -0.0097650270909071
v 0.00428626546636224 0.009318657219409941 -0.010575513355433946
v 0.004153599496930839 0.00956971291452646 -0.0097650270909071
v 0.004787544719874861 0.01015188731253147 -0.009727977216243747
v 0.004787544719874861 0.01015188731253147 -0.009727977216243747
v 0.004153599496930839 0.00956971291452646 -0.0097650270909071
v 0.004695324692875149 0.010298458859324454 -0.008904525078833107
v 0.004787544719874861 0.01015188731253147 -0.009727977216243747
v 0.004695324692875149 0.010298458859324454 -0.008904525078833107
v 0.00607948284596205 0.011369232088327406 -0.009014761075377468
v 0.00607948284596205 0.011369232088327406 -0.009014761075377468
v 0.004695324692875149 0.010298458859324454 -0.008904525078833107
v 0.006027495954185727 0.011457828804850577 -0.008095514029264454
v 0.006203067954629662 0.011148640885949133 -0.009981276467442518
v 0.006298117805272343 0.010976656340062617 -0.010445035062730318
v 0.004933729302138093 0.009888645261526106 -0.01053708884865046
v 0.004933729302138093 0.009888645261526106 -0.01053708884865046
v 0.006298117805272343 0.010976656340062617 -0.010445035062730318
v 0.006410823669284585 0.010771816596388815 -0.01086790300905705
v 0.004933729302138093 0.009888645261526106 -0.01053708884865046
v 0.006410823669284585 0.010771816596388815 -0.01086790300905705
v 0.005135616287589076 0.009486399590969084 -0.011293544434010988
v 0.005135616287589076 0.009486399590969084 -0.011293544434010988
v 0.006410823669284585 0.010771816596388815 -0.01086790300905705
v 0.006523544900119307 0.010566505603492258 -0.011207108385860925
v 0.005135616287589076 0.009486399590969084 -0.011293544434010988
v 0.006523544900119307 0.010566505603492258 -0.011207108385860925
v 0.005256786011159423 0.009228321723639963 -0.011639405041933065
v 0.005256786011159423 0.009228321723639963 -0.011639405041933065
v 0.006523544900119307 0.010566505603492258 -0.011207108385860925
v 0.006713581271469596 0.010219925083220003 -0.011656528338789945
v 0.005256786011159423 0.009228321723639963 -0.011639405041933065
v 0.006713581271469596 0.010219925083220003 -0.011656528338789945
v 0.005390667356550696 0.008930424228310583 -0.011957283131778245
v 0.005390667356550696 0.008930424228310583 -0.011957283131778245
v 0.006713581271469596 0.010219925083220003 -0.011656528338789945
v 0.006826027762144807 0.010014750994741915 -0.011870203539729124
v 0.005390667356550696 0.008930424228310583 -0.011957283131778245
v 0.006826027762144807 0.010014750994741915 -0.011870203539729124
v 0.005536381620913747 0.008591755293309687 -0.012242833152413373
v 0.005536381620913747 0.008591755293309687 -0.012242833152413373
v 0.006826027762144807 0.010014750994741915 -0.011870203539729124
v 0.007097117602825168 0.009520085528492926 -0.012270480394363409
v 0.005536381620913747 0.008591755293309687 -0.012242833152413373
v 0.007097117602825168 0.009520085528492926 -0.012270480394363409
v 0.005692745093256238 0.008211783133447169 -0.012492200359702115
v 0.005692745093256238 0.008211783133447169 -0.012492200359702115
v 0.007097117602825168 0.009520085528492926 -0.012270480394363409
v 0.007197170983999971 0.009337545372545717 -0.01238529291003943
v 0.005692745093256238 0.008211783133447169 -0.012492200359702115
v 0.007197170983999971 0.009337545372545717 -0.01238529291003943
v 0.0058581689372658756 0.007790438830852508 -0.012702116742730146
v 0.0058581689372658756 0.007790438830852508 -0.012702116742730146
v 0.007197170983999971 0.009337545372545717 -0.01238529291003943
v 0.0075229099020361935 0.008743421174585818 -0.012663930654525762
v 0.0058581689372658756 0.007790438830852508 -0.012702116742730146
v 0.0075229099020361935 0.008743421174585818 -0.012663930654525762
v 0.006030628923326733 0.007328202482312917 -0.012870004400610929
v 0.006030628923326733 0.007328202482312917 -0.012870004400610929
v 0.0075229099020361935 0.008743421174585818 -0.012663930654525762
v 0.007620761636644605 0.008565003052353857 -0.012723581865429883
v 0.006030628923326733 0.007328202482312917 -0.012870004400610929
v 0.007620761636644605 0.008565003052353857 -0.012723581865429883
v 0.006207583937793973 0.006826148834079503 -0.012994374148547655
v 0.006207583937793973 0.006826148834079503 -0.012994374148547655
v 0.007620761636644605 0.008565003052353857 -0.012723581865429883
v 0.007845295593142513 0.008155592717230318 -0.01282604411244393
v 0.006207583937793973 0.006826148834079503 -0.012994374148547655
v 0.007845295593142513 0.008155592717230318 -0.01282604411244393
v 0.007587279193103317 0.007319121155887841 -0.012947778217494493
v 0.007587279193103317 0.007319121155887841 -0.012947778217494493
v 0.007845295593142513 0.008155592717230318 -0.01282604411244393
v 0.008073886856436733 0.007738696876913308 -0.012889042496681219
v 0.006027495954185727 0.011457828804850577 -0.008095514029264454
v 0.004695324692875149 0.010298458859324454 -0.008904525078833107
v 0.004731561057269575 0.010438553057610987 -0.008095508441329006
v 0.004731561057269575 0.010438553057610987 -0.008095508441329006
v 0.004695324692875149 0.010298458859324454 -0.008904525078833107
v 0.00406554574146867 0.009711422957479952 -0.008930477313697342
v 0.004731561057269575 0.010438553057610987 -0.008095508441329006
v 0.00406554574146867 0.009711422957479952 -0.008930477313697342
v 0.003703633090481164 0.009458212181925772 -0.008095506578683857
v 0.003703633090481164 0.009458212181925772 -0.008095506578683857
v 0.00406554574146867 0.009711422957479952 -0.008930477313697342
v 0.0034928522072732466 0.009103551506996153 -0.008954376913607124
v 0.003703633090481164 0.009458212181925772 -0.008095506578683857
v 0.0034928522072732466 0.009103551506996153 -0.008954376913607124
v 0.0034466029610484856 0.009173150174319742 -0.008095506578683857
v 0.006149200256913903 0.011245501227676867 -0.009640711359679702
v 0.006203067954629662 0.011148640885949133 -0.009981276467442518
v 0.004787544719874861 0.01015188731253147 -0.009727977216243747
v 0.004787544719874861 0.01015188731253147 -0.009727977216243747
v 0.006203067954629662 0.011148640885949133 -0.009981276467442518
v 0.004933729302138093 0.009888645261526106 -0.01053708884865046
v 0.004787544719874861 0.01015188731253147 -0.009727977216243747
v 0.004933729302138093 0.009888645261526106 -0.01053708884865046
v 0.00428626546636224 0.009318657219409941 -0.010575513355433946
v 0.00428626546636224 0.009318657219409941 -0.010575513355433946
v 0.004933729302138093 0.009888645261526106 -0.01053708884865046
v 0.004464528989046814 0.008929516188800333 -0.011330135166645055
v 0.00428626546636224 0.009318657219409941 -0.010575513355433946
v 0.004464528989046814 0.008929516188800333 -0.011330135166645055
v 0.0038199457339942473 0.008363356813788412 -0.011358355171978479
v 0.0038199457339942473 0.008363356813788412 -0.011358355171978479
v 0.004464528989046814 0.008929516188800333 -0.011330135166645055
v 0.005256786011159423 0.009228321723639963 -0.011639405041933065
v 0.0038199457339942473 0.008363356813788412 -0.011358355171978479
v 0.005256786011159423 0.009228321723639963 -0.011639405041933065
v 0.003905974095687272 0.008113970048725603 -0.011701945215463644
v 0.003905974095687272 0.008113970048725603 -0.011701945215463644
v 0.005256786011159423 0.009228321723639963 -0.011639405041933065
v 0.003999340347945692 0.007819787599146364 -0.012017540633678441
v 0.012522009201347833 0.006536496803164481 -0.012308993376791482
v 0.012278453446924692 0.007133104372769593 -0.012413080781698232
v 0.014045311138033874 0.007529783062636851 -0.01209661271423102
v 0.014045311138033874 0.007529783062636851 -0.01209661271423102
v 0.012278453446924692 0.007133104372769593 -0.012413080781698232
v 0.013709117658436305 0.008020334877073763 -0.012225420214235788
v 0.014045311138033874 0.007529783062636851 -0.01209661271423102
v 0.013709117658436305 0.008020334877073763 -0.012225420214235788
v 0.014834869652986533 0.008016280829906462 -0.011983956210315233
v 0.014834869652986533 0.008016280829906462 -0.011983956210315233
v 0.013709117658436305 0.008020334877073763 -0.012225420214235788
v 0.014538757503032691 0.008504867553710936 -0.012115500867366796
v 0.008073886856436733 0.007738696876913308 -0.012889042496681219
v 0.008781465701758865 0.008336469531059263 -0.0127981398254633
v 0.00830959249287844 0.007311096880584954 -0.012918981723487382
v 0.00830959249287844 0.007311096880584954 -0.012918981723487382
v 0.008781465701758865 0.008336469531059263 -0.0127981398254633
v 0.009772824123501783 0.007876628078520296 -0.012763135135173803
v 0.011336756870150571 0.005710975732654332 -0.01246985979378224
v 0.009913180954754358 0.004645441658794879 -0.012655210681259637
v 0.01081875897943974 0.006146039813756942 -0.012599932029843336
v 0.01081875897943974 0.006146039813756942 -0.012599932029843336
v 0.009913180954754358 0.004645441658794879 -0.012655210681259637
v 0.00955810304731131 0.005210638046264648 -0.012753144837915903
v 0.01081875897943974 0.006146039813756942 -0.012599932029843336
v 0.00955810304731131 0.005210638046264648 -0.012753144837915903
v 0.01032077800482512 0.00695678824558854 -0.01270480733364821
v 0.01032077800482512 0.00695678824558854 -0.01270480733364821
v 0.00955810304731131 0.005210638046264648 -0.012753144837915903
v 0.009056483395397667 0.006027143914252519 -0.01285974588245154
v 0.01032077800482512 0.00695678824558854 -0.01270480733364821
v 0.009056483395397667 0.006027143914252519 -0.01285974588245154
v 0.00853474717587233 0.006912322249263524 -0.012920219451189046
v 0.00928214937448502 0.008732661604881285 -0.012731150723993783
v 0.010630742646753793 0.009690248407423495 -0.01254525780677796
v 0.01122657116502524 0.008870269171893595 -0.012567433528602128
v 0.01122657116502524 0.008870269171893595 -0.012567433528602128
v 0.010630742646753793 0.009690248407423495 -0.01254525780677796
v 0.012132594361901288 0.01063555385917425 -0.012332405894994741
v 0.01122657116502524 0.008870269171893595 -0.012567433528602128
v 0.012132594361901288 0.01063555385917425 -0.012332405894994741
v 0.012661638669669633 0.00974810868501663 -0.012366924434900289
v 0.012661638669669633 0.00974810868501663 -0.012366924434900289
v 0.012132594361901288 0.01063555385917425 -0.012332405894994741
v 0.01295386347919703 0.011119970120489596 -0.012212657369673257
v 0.012661638669669633 0.00974810868501663 -0.012366924434900289
v 0.01295386347919703 0.011119970120489596 -0.012212657369673257
v 0.013486968353390699 0.01024032849818468 -0.012246241793036466
v 0.014082198031246669 0.00925819482654333 -0.012205292470753198
v 0.014538757503032691 0.008504867553710936 -0.012115500867366796
v 0.01324158906936646 0.008786815218627451 -0.012319939211010938
v 0.01324158906936646 0.008786815218627451 -0.012319939211010938
v 0.014538757503032691 0.008504867553710936 -0.012115500867366796
v 0.013709117658436305 0.008020334877073763 -0.012225420214235788
v 0.01324158906936646 0.008786815218627451 -0.012319939211010938
v 0.013709117658436305 0.008020334877073763 -0.012225420214235788
v 0.011792783625423913 0.007926297374069689 -0.012513780966401105
v 0.011792783625423913 0.007926297374069689 -0.012513780966401105
v 0.013709117658436305 0.008020334877073763 -0.012225420214235788
v 0.012278453446924692 0.007133104372769593 -0.012413080781698232
v 0.008781465701758865 0.008336469531059263 -0.0127981398254633
v 0.00928214937448502 0.008732661604881285 -0.012731150723993783
v 0.009772824123501783 0.007876628078520296 -0.012763135135173803
v 0.009772824123501783 0.007876628078520296 -0.012763135135173803
v 0.00928214937448502 0.008732661604881285 -0.012731150723993783
v 0.01122657116502524 0.008870269171893595 -0.012567433528602128
v 0.009772824123501783 0.007876628078520296 -0.012763135135173803
v 0.01122657116502524 0.008870269171893595 -0.012567433528602128
v 0.011792783625423913 0.007926297374069689 -0.012513780966401105
v 0.011792783625423913 0.007926297374069689 -0.012513780966401105
v 0.01122657116502524 0.008870269171893595 -0.012567433528602128
v 0.012661638669669633 0.00974810868501663 -0.012366924434900289
v 0.011792783625423913 0.007926297374069689 -0.012513780966401105
v 0.012661638669669633 0.00974810868501663 -0.012366924434900289
v 0.01324158906936646 0.008786815218627451 -0.012319939211010938
v 0.01324158906936646 0.008786815218627451 -0.012319939211010938
v 0.012661638669669633 0.00974810868501663 -0.012366924434900289
v 0.013486968353390699 0.01024032849818468 -0.012246241793036466
v 0.01324158906936646 0.008786815218627451 -0.012319939211010938
v 0.013486968353390699 0.01024032849818468 -0.012246241793036466
v 0.014082198031246669 0.00925819482654333 -0.012205292470753198
v 0.012522009201347833 0.006536496803164481 -0.012308993376791482
v 0.011336756870150571 0.005710975732654332 -0.01246985979378224
v 0.012278453446924692 0.007133104372769593 -0.012413080781698232
v 0.012278453446924692 0.007133104372769593 -0.012413080781698232
v 0.011336756870150571 0.005710975732654332 -0.01246985979378224
v 0.01081875897943974 0.006146039813756942 -0.012599932029843336
v 0.012278453446924692 0.007133104372769593 -0.012413080781698232
v 0.01081875897943974 0.006146039813756942 -0.012599932029843336
v 0.011792783625423913 0.007926297374069689 -0.012513780966401105
v 0.011792783625423913 0.007926297374069689 -0.012513780966401105
v 0.01081875897943974 0.006146039813756942 -0.012599932029843336
v 0.01032077800482512 0.00695678824558854 -0.01270480733364821
v 0.011792783625423913 0.007926297374069689 -0.012513780966401105
v 0.01032077800482512 0.00695678824558854 -0.01270480733364821
v 0.009772824123501783 0.007876628078520296 -0.012763135135173803
v 0.009772824123501783 0.007876628078520296 -0.012763135135173803
v 0.01032077800482512 0.00695678824558854 -0.01270480733364821
v 0.00853474717587233 0.006912322249263524 -0.012920219451189046
v 0.009772824123501783 0.007876628078520296 -0.012763135135173803
v 0.00853474717587233 0.006912322249263524 -0.012920219451189046
v 0.00830959249287844 0.007311096880584954 -0.012918981723487382
v 0.015607535839080817 0.015590662136673926 -0.006000001449137929
v 0.015720184892416007 0.01559852249920368 -0.005990211386233571
v 0.015711858868598945 0.015552949160337446 -0.007629151921719316
v 0.015709104016423232 0.015549430623650549 -0.007688261102885011
v 0.015629211440682418 0.015531493350863455 -0.007891810499131683
v 0.015711376443505294 0.015551473945379255 -0.007655003108084205
v 0.015711376443505294 0.015551473945379255 -0.007655003108084205
v 0.015629211440682418 0.015531493350863455 -0.007891810499131683
v 0.015711762011051185 0.015552447177469729 -0.007638076320290569
v 0.015720184892416007 0.01559852249920368 -0.005990211386233571
v 0.015607535839080817 0.015590662136673926 -0.006000001449137929
v 0.015711858868598945 0.015552948229014872 -0.004370820708572866
v 0.015711858868598945 0.015552948229014872 -0.004370820708572866
v 0.015607535839080817 0.015590662136673926 -0.006000001449137929
v 0.015581753104925163 0.015523823909461497 -0.004048037808388473
v 0.015711858868598945 0.015552948229014872 -0.004370820708572866
v 0.015581753104925163 0.015523823909461497 -0.004048037808388473
v 0.015659034252166755 0.015536768361926077 -0.004156893584877254
v 0.014394232071936137 0.015338816680014132 -0.003904475364834072
v 0.014484020881354816 0.015356783755123614 -0.003904477460309865
v 0.014397516846656806 0.015415190719068049 -0.006000001449137929
v 0.014397516846656806 0.015415190719068049 -0.006000001449137929
v 0.014484020881354816 0.015356783755123614 -0.003904477460309865
v 0.014702184125781066 0.015397515147924421 -0.0039044830482453125
v 0.014397516846656806 0.015415190719068049 -0.006000001449137929
v 0.014702184125781066 0.015397515147924421 -0.0039044830482453125
v 0.015607535839080817 0.015590662136673926 -0.006000001449137929
v 0.015607535839080817 0.015590662136673926 -0.006000001449137929
v 0.014702184125781066 0.015397515147924421 -0.0039044830482453125
v 0.015279600396752364 0.015483471564948557 -0.00390449562110007
v 0.015607535839080817 0.015590662136673926 -0.006000001449137929
v 0.015279600396752364 0.015483471564948557 -0.00390449562110007
v 0.015330023132264621 0.015489442273974417 -0.0039061822462826985
v 0.015330023132264621 0.015489442273974417 -0.0039061822462826985
v 0.015422699972987182 0.015501075424253939 -0.003929700236767532
v 0.015607535839080817 0.015590662136673926 -0.006000001449137929
v 0.015607535839080817 0.015590662136673926 -0.006000001449137929
v 0.015422699972987182 0.015501075424253939 -0.003929700236767532
v 0.01548314560204745 0.01550929620862007 -0.0039624003693461435
v 0.015607535839080817 0.015590662136673926 -0.006000001449137929
v 0.01548314560204745 0.01550929620862007 -0.0039624003693461435
v 0.015581753104925163 0.015523823909461497 -0.004048037808388473
v 0.014394232071936137 0.015338816680014132 -0.003904475364834072
v 0.014397516846656806 0.015415190719068049 -0.006000001449137929
v 0.013085280545055871 0.015006124973297117 -0.0039044509176164883
v 0.013085280545055871 0.015006124973297117 -0.0039044509176164883
v 0.014397516846656806 0.015415190719068049 -0.006000001449137929
v 0.01292486116290093 0.015034435316920279 -0.006000001449137929
v 0.013085280545055871 0.015006124973297117 -0.0039044509176164883
v 0.01292486116290093 0.015034435316920279 -0.006000001449137929
v 0.012929264456033712 0.014958441257476805 -0.0039044492878019827
v 0.011245769448578363 0.014429489150643347 -0.006000001449137929
v 0.011256825178861623 0.014354250393807886 -0.003904444398358466
v 0.01292486116290093 0.015034435316920279 -0.006000001449137929
v 0.01292486116290093 0.015034435316920279 -0.006000001449137929
v 0.011256825178861623 0.014354250393807886 -0.003904444398358466
v 0.012352974154055124 0.014768939465284346 -0.0039044448640197533
v 0.01292486116290093 0.015034435316920279 -0.006000001449137929
v 0.012352974154055124 0.014768939465284346 -0.0039044448640197533
v 0.012929264456033712 0.014958441257476805 -0.0039044492878019827
v 0.007683166302740577 0.012549892067909239 -0.003904475364834072
v 0.008633008226752285 0.0130971847102046 -0.0039044655859470385
v 0.00944493152201176 0.01360814645886421 -0.006000001449137929
v 0.00944493152201176 0.01360814645886421 -0.006000001449137929
v 0.008633008226752285 0.0130971847102046 -0.0039044655859470385
v 0.009461953304708007 0.013533816672861574 -0.003904457204043867
v 0.00944493152201176 0.01360814645886421 -0.006000001449137929
v 0.009461953304708007 0.013533816672861574 -0.003904457204043867
v 0.011245769448578363 0.014429489150643347 -0.006000001449137929
v 0.011245769448578363 0.014429489150643347 -0.006000001449137929
v 0.009461953304708007 0.013533816672861574 -0.003904457204043867
v 0.011046567000448709 0.014267023652791975 -0.0039044453296810406
v 0.011245769448578363 0.014429489150643347 -0.006000001449137929
v 0.011046567000448709 0.014267023652791975 -0.0039044453296810406
v 0.011256825178861623 0.014354250393807886 -0.003904444398358466
v 0.0036618793383240717 0.009522506035864351 -0.006000001449137929
v 0.003703633090481164 0.009458212181925772 -0.0039044970180839318
v 0.004731561057269575 0.010438553057610987 -0.003904495388269426
v 0.0034466029610484856 0.009173150174319742 -0.0039044970180839318
v 0.003703633090481164 0.009458212181925772 -0.0039044970180839318
v 0.003402514383196832 0.009235978126525877 -0.006000001914799216
v 0.003402514383196832 0.009235978126525877 -0.006000001914799216
v 0.003703633090481164 0.009458212181925772 -0.0039044970180839318
v 0.0036618793383240717 0.009522506035864351 -0.006000001449137929
v 0.003402514383196832 0.009235978126525877 -0.006000001914799216
v 0.0036618793383240717 0.009522506035864351 -0.006000001449137929
v 0.0034466029610484856 0.009173150174319742 -0.008095506578683857
v 0.006027495954185727 0.011457828804850577 -0.0039044891018420475
v 0.006043184082955125 0.011560801416635512 -0.006000001449137929
v 0.004731561057269575 0.010438553057610987 -0.003904495388269426
v 0.004731561057269575 0.010438553057610987 -0.003904495388269426
v 0.006043184082955125 0.011560801416635512 -0.006000001449137929
v 0.004696828313171865 0.010506859980523585 -0.006000001449137929
v 0.004731561057269575 0.010438553057610987 -0.003904495388269426
v 0.004696828313171865 0.010506859980523585 -0.006000001449137929
v 0.0036618793383240717 0.009522506035864351 -0.006000001449137929
v 0.0036618793383240717 0.009522506035864351 -0.006000001449137929
v 0.004696828313171865 0.010506859980523585 -0.006000001449137929
v 0.003703633090481164 0.009458212181925772 -0.008095506578683857
v 0.0036618793383240717 0.009522506035864351 -0.006000001449137929
v 0.003703633090481164 0.009458212181925772 -0.008095506578683857
v 0.0034466029610484856 0.009173150174319742 -0.008095506578683857
v 0.00861766375601292 0.013088750652968882 -0.008095537312328819
v 0.007683166302740577 0.012549892067909239 -0.008095527999103073
v 0.0076605007052421605 0.01262299809604883 -0.006000001449137929
v 0.0076605007052421605 0.01262299809604883 -0.006000001449137929
v 0.007683166302740577 0.012549892067909239 -0.008095527999103073
v 0.0060716164298355605 0.011489593423902987 -0.008095514960587028
v 0.0076605007052421605 0.01262299809604883 -0.006000001449137929
v 0.0060716164298355605 0.011489593423902987 -0.008095514960587028
v 0.006043184082955125 0.011560801416635512 -0.006000001449137929
v 0.006043184082955125 0.011560801416635512 -0.006000001449137929
v 0.0060716164298355605 0.011489593423902987 -0.008095514960587028
v 0.006027495954185727 0.011457828804850577 -0.008095514029264454
v 0.006043184082955125 0.011560801416635512 -0.006000001449137929
v 0.006027495954185727 0.011457828804850577 -0.008095514029264454
v 0.004696828313171865 0.010506859980523585 -0.006000001449137929
v 0.004696828313171865 0.010506859980523585 -0.006000001449137929
v 0.006027495954185727 0.011457828804850577 -0.008095514029264454
v 0.004731561057269575 0.010438553057610987 -0.008095508441329006
v 0.004696828313171865 0.010506859980523585 -0.006000001449137929
v 0.004731561057269575 0.010438553057610987 -0.008095508441329006
v 0.003703633090481164 0.009458212181925772 -0.008095506578683857
v 0.009461953304708007 0.013533816672861574 -0.008095546625554565
v 0.00861766375601292 0.013088750652968882 -0.008095537312328819
v 0.00944493152201176 0.01360814645886421 -0.006000001449137929
v 0.00944493152201176 0.01360814645886421 -0.006000001449137929
v 0.00861766375601292 0.013088750652968882 -0.008095537312328819
v 0.0076605007052421605 0.01262299809604883 -0.006000001449137929
v 0.00944493152201176 0.01360814645886421 -0.006000001449137929
v 0.0076605007052421605 0.01262299809604883 -0.006000001449137929
v 0.007683166302740577 0.012549892067909239 -0.003904475364834072
v 0.007683166302740577 0.012549892067909239 -0.003904475364834072
v 0.0076605007052421605 0.01262299809604883 -0.006000001449137929
v 0.006043184082955125 0.011560801416635512 -0.006000001449137929
v 0.007683166302740577 0.012549892067909239 -0.003904475364834072
v 0.006043184082955125 0.011560801416635512 -0.006000001449137929
v 0.0060716164298355605 0.011489593423902987 -0.003904488869011404
v 0.0060716164298355605 0.011489593423902987 -0.003904488869011404
v 0.006043184082955125 0.011560801416635512 -0.006000001449137929
v 0.006027495954185727 0.011457828804850577 -0.0039044891018420475
v 0.009461953304708007 0.013533816672861574 -0.008095546625554565
v 0.00944493152201176 0.01360814645886421 -0.006000001449137929
v 0.011046567000448709 0.014267023652791975 -0.00809555780142546
v 0.011046567000448709 0.014267023652791975 -0.00809555780142546
v 0.00944493152201176 0.01360814645886421 -0.006000001449137929
v 0.011245769448578363 0.014429489150643347 -0.006000001449137929
v 0.011046567000448709 0.014267023652791975 -0.00809555780142546
v 0.011245769448578363 0.014429489150643347 -0.006000001449137929
v 0.011256825178861623 0.014354250393807886 -0.008095558732748035
v 0.01292486116290093 0.015034435316920279 -0.006000001449137929
v 0.012929264456033712 0.014958441257476805 -0.008095554076135162
v 0.012352937832474714 0.014768926426768301 -0.008095558732748035
v 0.01292486116290093 0.015034435316920279 -0.006000001449137929
v 0.012352937832474714 0.014768926426768301 -0.008095558732748035
v 0.011245769448578363 0.014429489150643347 -0.006000001449137929
v 0.011245769448578363 0.014429489150643347 -0.006000001449137929
v 0.012352937832474714 0.014768926426768301 -0.008095558732748035
v 0.01177409198135138 0.014558471739292143 -0.00809555966407061
v 0.011245769448578363 0.014429489150643347 -0.006000001449137929
v 0.01177409198135138 0.014558471739292143 -0.00809555966407061
v 0.011256825178861623 0.014354250393807886 -0.008095558732748035
v 0.015456878580152995 0.01550566032528877 -0.008053531870245937
v 0.015607535839080817 0.015590662136673926 -0.006000001449137929
v 0.015629211440682418 0.015531493350863455 -0.007891810499131683
v 0.015629211440682418 0.015531493350863455 -0.007891810499131683
v 0.015607535839080817 0.015590662136673926 -0.006000001449137929
v 0.015711858868598945 0.015552949160337446 -0.007629151921719316
v 0.015629211440682418 0.015531493350863455 -0.007891810499131683
v 0.015711858868598945 0.015552949160337446 -0.007629151921719316
v 0.015711762011051185 0.015552447177469729 -0.007638076320290569
v 0.015456878580152995 0.01550566032528877 -0.008053531870245937
v 0.015421981923282153 0.015500981360673903 -0.008070608600974086
v 0.015607535839080817 0.015590662136673926 -0.006000001449137929
v 0.015607535839080817 0.015590662136673926 -0.006000001449137929
v 0.015421981923282153 0.015500981360673903 -0.008070608600974086
v 0.01527951285243035 0.015483458526432512 -0.008095507510006431
v 0.015607535839080817 0.015590662136673926 -0.006000001449137929
v 0.01527951285243035 0.015483458526432512 -0.008095507510006431
v 0.014397516846656806 0.015415190719068049 -0.006000001449137929
v 0.014397516846656806 0.015415190719068049 -0.006000001449137929
v 0.01527951285243035 0.015483458526432512 -0.008095507510006431
v 0.014394232071936137 0.015338817611336706 -0.008095527999103073
v 0.014397516846656806 0.015415190719068049 -0.006000001449137929
v 0.014394232071936137 0.015338817611336706 -0.008095527999103073
v 0.01292486116290093 0.015034435316920279 -0.006000001449137929
v 0.01292486116290093 0.015034435316920279 -0.006000001449137929
v 0.014394232071936137 0.015338817611336706 -0.008095527999103073
v 0.013597147539258008 0.01515110209584236 -0.008095544762909416
v 0.01292486116290093 0.015034435316920279 -0.006000001449137929
v 0.013597147539258008 0.01515110209584236 -0.008095544762909416
v 0.012929264456033712 0.014958441257476805 -0.008095554076135162
v 0.0066889966838061836 0.010264787822961806 -0.0003948023659177126
v 0.006474093999713662 0.010656610131263731 -0.0009334765491075818
v 0.005135616287589076 0.009486399590969084 -0.0007064592209644619
v 0.006820763461291793 0.006658887956291436 0.0010328768985345964
v 0.008073886856436733 0.007738696876913308 0.0008890388417057697
v 0.007845295593142513 0.008155592717230318 0.0008260409231297675
v 0.005135616287589076 0.009486399590969084 -0.0007064592209644619
v 0.006474093999713662 0.010656610131263731 -0.0009334765491075818
v 0.004933729302138093 0.009888645261526106 -0.0014629143988713629
v 0.00428626546636224 0.009318657219409941 -0.0014244903577491648
v 0.004153599496930839 0.00956971291452646 -0.002234976738691331
v 0.003566409461200239 0.008971069939434527 -0.0022012663539499053
v 0.0037911115214228647 0.008442299440503119 -0.0007708722841925922
v 0.004464528989046814 0.008929516188800333 -0.0006698684883303944
v 0.0036746459081769007 0.008736560121178625 -0.0013914307346567518
v 0.0036746459081769007 0.008736560121178625 -0.0013914307346567518
v 0.004464528989046814 0.008929516188800333 -0.0006698684883303944
v 0.00428626546636224 0.009318657219409941 -0.0014244903577491648
v 0.0036746459081769007 0.008736560121178625 -0.0013914307346567518
v 0.00428626546636224 0.009318657219409941 -0.0014244903577491648
v 0.00364416907541454 0.008806698955595492 -0.0015890173381194479
v 0.00364416907541454 0.008806698955595492 -0.0015890173381194479
v 0.00428626546636224 0.009318657219409941 -0.0014244903577491648
v 0.003566409461200239 0.008971069939434527 -0.0022012663539499053
v 0.003703633090481164 0.009458212181925772 -0.0039044970180839318
v 0.0034466029610484856 0.009173150174319742 -0.0039044970180839318
v 0.00406554574146867 0.009711422957479952 -0.0030695260502398027
v 0.00406554574146867 0.009711422957479952 -0.0030695260502398027
v 0.0034466029610484856 0.009173150174319742 -0.0039044970180839318
v 0.0034928522072732466 0.009103551506996153 -0.0030456269159913076
v 0.00406554574146867 0.009711422957479952 -0.0030695260502398027
v 0.0034928522072732466 0.009103551506996153 -0.0030456269159913076
v 0.004153599496930839 0.00956971291452646 -0.002234976738691331
v 0.004153599496930839 0.00956971291452646 -0.002234976738691331
v 0.0034928522072732466 0.009103551506996153 -0.0030456269159913076
v 0.0035304496996104735 0.009039028547704218 -0.0025658637750893844
v 0.004153599496930839 0.00956971291452646 -0.002234976738691331
v 0.0035304496996104735 0.009039028547704218 -0.0025658637750893844
v 0.003566409461200239 0.008971069939434527 -0.0022012663539499053
v 0.006100370083004239 0.01133246812969446 -0.0027623195201158537
v 0.004695324692875149 0.010298458859324454 -0.0030954785179346813
v 0.004787544719874861 0.01015188731253147 -0.0022720261476933965
v 0.006474093999713662 0.010656610131263731 -0.0009334765491075818
v 0.006298117805272343 0.010976656340062617 -0.001554968184791506
v 0.004933729302138093 0.009888645261526106 -0.0014629143988713629
v 0.004933729302138093 0.009888645261526106 -0.0014629143988713629
v 0.006298117805272343 0.010976656340062617 -0.001554968184791506
v 0.00624539749696851 0.011072169989347456 -0.001795790041796864
v 0.004933729302138093 0.009888645261526106 -0.0014629143988713629
v 0.00624539749696851 0.011072169989347456 -0.001795790041796864
v 0.004787544719874861 0.01015188731253147 -0.0022720261476933965
v 0.004787544719874861 0.01015188731253147 -0.0022720261476933965
v 0.00624539749696851 0.011072169989347456 -0.001795790041796864
v 0.006149200256913903 0.011245501227676867 -0.002359292237088085
v 0.004787544719874861 0.01015188731253147 -0.0022720261476933965
v 0.006149200256913903 0.011245501227676867 -0.002359292237088085
v 0.006100370083004239 0.01133246812969446 -0.0027623195201158537
v 0.0058581689372658756 0.007790438830852508 0.0007021130877546969
v 0.006030628923326733 0.007328202482312917 0.0008700012112967674
v 0.007523754145950082 0.008741884492337702 0.0006644839304499331
v 0.0063860905356705215 0.006286072079092263 0.0010766867781057958
v 0.006820763461291793 0.006658887956291436 0.0010328768985345964
v 0.006207583937793973 0.006826148834079503 0.0009943704353645448
v 0.006207583937793973 0.006826148834079503 0.0009943704353645448
v 0.006820763461291793 0.006658887956291436 0.0010328768985345964
v 0.007845295593142513 0.008155592717230318 0.0008260409231297675
v 0.006207583937793973 0.006826148834079503 0.0009943704353645448
v 0.007845295593142513 0.008155592717230318 0.0008260409231297675
v 0.006030628923326733 0.007328202482312917 0.0008700012112967674
v 0.006030628923326733 0.007328202482312917 0.0008700012112967674
v 0.007845295593142513 0.008155592717230318 0.0008260409231297675
v 0.007639377377927307 0.00853105168789625 0.0007338325376622382
v 0.006030628923326733 0.007328202482312917 0.0008700012112967674
v 0.007639377377927307 0.00853105168789625 0.0007338325376622382
v 0.007523754145950082 0.008741884492337702 0.0006644839304499331
v 0.007523754145950082 0.008741884492337702 0.0006644839304499331
v 0.007420286070555452 0.008930576033890246 0.0005902505363337698
v 0.0058581689372658756 0.007790438830852508 0.0007021130877546969
v 0.0058581689372658756 0.007790438830852508 0.0007021130877546969
v 0.007420286070555452 0.008930576033890246 0.0005902505363337698
v 0.007403693627566103 0.008960829116404055 0.0005772008444182577
v 0.0058581689372658756 0.007790438830852508 0.0007021130877546969
v 0.007403693627566103 0.008960829116404055 0.0005772008444182577
v 0.005692745093256238 0.008211783133447169 0.0004921967047266664
v 0.005692745093256238 0.008211783133447169 0.0004921967047266664
v 0.007403693627566103 0.008960829116404055 0.0005772008444182577
v 0.007077880669385198 0.009555175900459288 0.00024657760513946425
v 0.005692745093256238 0.008211783133447169 0.0004921967047266664
v 0.007077880669385198 0.009555175900459288 0.00024657760513946425
v 0.005536381620913747 0.008591755293309687 0.00024282996309921156
v 0.004666145890951158 0.004837860818952321 0.0012133658165112142
v 0.0063860905356705215 0.006286072079092263 0.0010766867781057958
v 0.004551165737211706 0.005494250450283288 0.0011122744763270025
v 0.004551165737211706 0.005494250450283288 0.0011122744763270025
v 0.0063860905356705215 0.006286072079092263 0.0010766867781057958
v 0.006207583937793973 0.006826148834079503 0.0009943704353645448
v 0.004551165737211706 0.005494250450283288 0.0011122744763270025
v 0.006207583937793973 0.006826148834079503 0.0009943704353645448
v 0.004421675112098457 0.006147255189716815 0.0009498993749730293
v 0.004421675112098457 0.006147255189716815 0.0009498993749730293
v 0.006207583937793973 0.006826148834079503 0.0009943704353645448
v 0.006030628923326733 0.007328202482312917 0.0008700012112967674
v 0.004421675112098457 0.006147255189716815 0.0009498993749730293
v 0.006030628923326733 0.007328202482312917 0.0008700012112967674
v 0.004320484586060049 0.006605501286685466 0.000786302785854787
v 0.004320484586060049 0.006605501286685466 0.000786302785854787
v 0.006030628923326733 0.007328202482312917 0.0008700012112967674
v 0.0058581689372658756 0.007790438830852508 0.0007021130877546969
v 0.004320484586060049 0.006605501286685466 0.000786302785854787
v 0.0058581689372658756 0.007790438830852508 0.0007021130877546969
v 0.004185777623206379 0.007155677769333123 0.0005143929156474771
v 0.004185777623206379 0.007155677769333123 0.0005143929156474771
v 0.0058581689372658756 0.007790438830852508 0.0007021130877546969
v 0.005692745093256238 0.008211783133447169 0.0004921967047266664
v 0.004185777623206379 0.007155677769333123 0.0005143929156474771
v 0.005692745093256238 0.008211783133447169 0.0004921967047266664
v 0.004101382102817299 0.0074694440700113765 0.00030874757794663326
v 0.004101382102817299 0.0074694440700113765 0.00030874757794663326
v 0.005692745093256238 0.008211783133447169 0.0004921967047266664
v 0.005536381620913747 0.008591755293309687 0.00024282996309921156
v 0.004101382102817299 0.0074694440700113765 0.00030874757794663326
v 0.005536381620913747 0.008591755293309687 0.00024282996309921156
v 0.003977919463068249 0.007889473810791968 -5.0329901569057276e-05
v 0.003977919463068249 0.007889473810791968 -5.0329901569057276e-05
v 0.005536381620913747 0.008591755293309687 0.00024282996309921156
v 0.005390667356550696 0.008930424228310583 -4.27200648118742e-05
v 0.003977919463068249 0.007889473810791968 -5.0329901569057276e-05
v 0.005390667356550696 0.008930424228310583 -4.27200648118742e-05
v 0.005256786011159423 0.009228321723639963 -0.00036059814738109724
v 0.006027495954185727 0.011457828804850577 -0.0039044891018420475
v 0.004731561057269575 0.010438553057610987 -0.003904495388269426
v 0.006066227797418835 0.011392311193048952 -0.003153973957523705
v 0.006066227797418835 0.011392311193048952 -0.003153973957523705
v 0.004731561057269575 0.010438553057610987 -0.003904495388269426
v 0.004695324692875149 0.010298458859324454 -0.0030954785179346813
v 0.006066227797418835 0.011392311193048952 -0.003153973957523705
v 0.004695324692875149 0.010298458859324454 -0.0030954785179346813
v 0.0060665654018521335 0.011391724459826945 -0.0031493154820054783
v 0.0060665654018521335 0.011391724459826945 -0.0031493154820054783
v 0.004695324692875149 0.010298458859324454 -0.0030954785179346813
v 0.006100370083004239 0.01133246812969446 -0.0027623195201158537
v 0.004731561057269575 0.010438553057610987 -0.003904495388269426
v 0.003703633090481164 0.009458212181925772 -0.0039044970180839318
v 0.004695324692875149 0.010298458859324454 -0.0030954785179346813
v 0.004695324692875149 0.010298458859324454 -0.0030954785179346813
v 0.003703633090481164 0.009458212181925772 -0.0039044970180839318
v 0.00406554574146867 0.009711422957479952 -0.0030695260502398027
v 0.004695324692875149 0.010298458859324454 -0.0030954785179346813
v 0.00406554574146867 0.009711422957479952 -0.0030695260502398027
v 0.004787544719874861 0.01015188731253147 -0.0022720261476933965
v 0.004787544719874861 0.01015188731253147 -0.0022720261476933965
v 0.00406554574146867 0.009711422957479952 -0.0030695260502398027
v 0.004153599496930839 0.00956971291452646 -0.002234976738691331
v 0.004787544719874861 0.01015188731253147 -0.0022720261476933965
v 0.004153599496930839 0.00956971291452646 -0.002234976738691331
v 0.004933729302138093 0.009888645261526106 -0.0014629143988713629
v 0.004933729302138093 0.009888645261526106 -0.0014629143988713629
v 0.004153599496930839 0.00956971291452646 -0.002234976738691331
v 0.00428626546636224 0.009318657219409941 -0.0014244903577491648
v 0.004933729302138093 0.009888645261526106 -0.0014629143988713629
v 0.00428626546636224 0.009318657219409941 -0.0014244903577491648
v 0.005135616287589076 0.009486399590969084 -0.0007064592209644619
v 0.005135616287589076 0.009486399590969084 -0.0007064592209644619
v 0.00428626546636224 0.009318657219409941 -0.0014244903577491648
v 0.004464528989046814 0.008929516188800333 -0.0006698684883303944
v 0.007077880669385198 0.009555175900459288 0.00024657760513946425
v 0.007003854960203174 0.009690241888165472 0.00014866673154756432
v 0.005536381620913747 0.008591755293309687 0.00024282996309921156
v 0.005536381620913747 0.008591755293309687 0.00024282996309921156
v 0.007003854960203174 0.009690241888165472 0.00014866673154756432
v 0.006836226209998134 0.009996141307055948 -0.00011198718129890045
v 0.005536381620913747 0.008591755293309687 0.00024282996309921156
v 0.006836226209998134 0.009996141307055948 -0.00011198718129890045
v 0.005390667356550696 0.008930424228310583 -4.27200648118742e-05
v 0.005390667356550696 0.008930424228310583 -4.27200648118742e-05
v 0.006836226209998134 0.009996141307055948 -0.00011198718129890045
v 0.0066889966838061836 0.010264787822961806 -0.0003948023659177126
v 0.005390667356550696 0.008930424228310583 -4.27200648118742e-05
v 0.0066889966838061836 0.010264787822961806 -0.0003948023659177126
v 0.005256786011159423 0.009228321723639963 -0.00036059814738109724
v 0.005256786011159423 0.009228321723639963 -0.00036059814738109724
v 0.0066889966838061836 0.010264787822961806 -0.0003948023659177126
v 0.005135616287589076 0.009486399590969084 -0.0007064592209644619
v 0.005256786011159423 0.009228321723639963 -0.00036059814738109724
v 0.005135616287589076 0.009486399590969084 -0.0007064592209644619
v 0.003977919463068249 0.007889473810791968 -5.0329901569057276e-05
v 0.003977919463068249 0.007889473810791968 -5.0329901569057276e-05
v 0.005135616287589076 0.009486399590969084 -0.0007064592209644619
v 0.004464528989046814 0.008929516188800333 -0.0006698684883303944
v 0.003977919463068249 0.007889473810791968 -5.0329901569057276e-05
v 0.004464528989046814 0.008929516188800333 -0.0006698684883303944
v 0.0038199457339942473 0.008363356813788412 -0.0006416480173356834
v 0.0038199457339942473 0.008363356813788412 -0.0006416480173356834
v 0.004464528989046814 0.008929516188800333 -0.0006698684883303944
v 0.0037911115214228647 0.008442299440503119 -0.0007708722841925922
v 0.009780921973288064 0.007882556878030298 0.0007620669784955684
v 0.009290087036788467 0.0087387403473258 0.0007300727884285155
v 0.008073886856436733 0.007738696876913308 0.0008890388417057697
v 0.009780921973288064 0.007882556878030298 0.0007620669784955684
v 0.01032901275902987 0.006962534505873918 0.0007037601317279044
v 0.011811171658337121 0.007937760092318056 0.0005113474908284845
v 0.013501444831490522 0.010216441936790941 0.0002460458199493588
v 0.013497822917997842 0.010222418233752249 0.0002460979740135373
v 0.012684118002653127 0.009761215187609194 0.0003637198242358865
v 0.013501444831490522 0.010216441936790941 0.0002460458199493588
v 0.012684118002653127 0.009761215187609194 0.0003637198242358865
v 0.013822634704411037 0.009686461649835108 0.00023131276248022925
v 0.014608869329094894 0.008389183320105074 9.22346298466437e-05
v 0.014088742434978492 0.009247395209968088 0.00020445621339604267
v 0.01373152248561383 0.008033622056245802 0.00022246054140850912
v 0.01373152248561383 0.008033622056245802 0.00022246054140850912
v 0.014088742434978492 0.009247395209968088 0.00020445621339604267
v 0.013264323584735399 0.008799601346254347 0.0003168612602166833
v 0.01373152248561383 0.008033622056245802 0.00022246054140850912
v 0.013264323584735399 0.008799601346254347 0.0003168612602166833
v 0.011811171658337121 0.007937760092318056 0.0005113474908284845
v 0.009056483395397667 0.006027143914252519 0.0008597426931373779
v 0.01032901275902987 0.006962534505873918 0.0007037601317279044
v 0.008769423700869087 0.006508226972073316 0.0009014449897222225
v 0.008769423700869087 0.006508226972073316 0.0009014449897222225
v 0.01032901275902987 0.006962534505873918 0.0007037601317279044
v 0.009780921973288064 0.007882556878030298 0.0007620669784955684
v 0.008769423700869087 0.006508226972073316 0.0009014449897222225
v 0.009780921973288064 0.007882556878030298 0.0007620669784955684
v 0.00853474717587233 0.006912322249263524 0.0009202157962135975
v 0.00853474717587233 0.006912322249263524 0.0009202157962135975
v 0.009780921973288064 0.007882556878030298 0.0007620669784955684
v 0.008073886856436733 0.007738696876913308 0.0008890388417057697
v 0.014088742434978492 0.009247395209968088 0.00020445621339604267
v 0.013822634704411037 0.009686461649835108 0.00023131276248022925
v 0.013264323584735399 0.008799601346254347 0.0003168612602166833
v 0.013264323584735399 0.008799601346254347 0.0003168612602166833
v 0.013822634704411037 0.009686461649835108 0.00023131276248022925
v 0.012684118002653127 0.009761215187609194 0.0003637198242358865
v 0.013264323584735399 0.008799601346254347 0.0003168612602166833
v 0.012684118002653127 0.009761215187609194 0.0003637198242358865
v 0.011811171658337121 0.007937760092318056 0.0005113474908284845
v 0.011811171658337121 0.007937760092318056 0.0005113474908284845
v 0.012684118002653127 0.009761215187609194 0.0003637198242358865
v 0.011244786903262144 0.008881958201527594 0.0005649283411912622
v 0.011811171658337121 0.007937760092318056 0.0005113474908284845
v 0.011244786903262144 0.008881958201527594 0.0005649283411912622
v 0.009780921973288064 0.007882556878030298 0.0007620669784955684
v 0.0097458316013217 0.0049105449579656115 0.000703779223840684
v 0.009913180954754358 0.004645441658794879 0.0006552070262841884
v 0.010826954618096357 0.0061518512666225425 0.0005989025230519476
v 0.010826954618096357 0.0061518512666225425 0.0005989025230519476
v 0.009913180954754358 0.004645441658794879 0.0006552070262841884
v 0.011318899691104894 0.005698408465832471 0.0004722971352748575
v 0.010826954618096357 0.0061518512666225425 0.0005989025230519476
v 0.011318899691104894 0.005698408465832471 0.0004722971352748575
v 0.012296641245484357 0.007144853007048368 0.0004107111017219724
v 0.012296641245484357 0.007144853007048368 0.0004107111017219724
v 0.011318899691104894 0.005698408465832471 0.0004722971352748575
v 0.012578033842146402 0.0065741781145334235 0.00030124111799523245
v 0.012296641245484357 0.007144853007048368 0.0004107111017219724
v 0.012578033842146402 0.0065741781145334235 0.00030124111799523245
v 0.014058277942240245 0.007537972182035445 9.477807179791857e-05
v 0.013497822917997842 0.010222418233752249 0.0002460979740135373
v 0.01295386347919703 0.011119970120489596 0.00021265418035909542
v 0.012684118002653127 0.009761215187609194 0.0003637198242358865
v 0.012684118002653127 0.009761215187609194 0.0003637198242358865
v 0.01295386347919703 0.011119970120489596 0.00021265418035909542
v 0.011879672296345239 0.010482418350875376 0.0003686725976876916
v 0.012684118002653127 0.009761215187609194 0.0003637198242358865
v 0.011879672296345239 0.010482418350875376 0.0003686725976876916
v 0.011244786903262144 0.008881958201527594 0.0005649283411912622
v 0.011244786903262144 0.008881958201527594 0.0005649283411912622
v 0.011879672296345239 0.010482418350875376 0.0003686725976876916
v 0.010732202790677553 0.009757296182215212 0.000531054276507348
v 0.011244786903262144 0.008881958201527594 0.0005649283411912622
v 0.010732202790677553 0.009757296182215212 0.000531054276507348
v 0.009780921973288064 0.007882556878030298 0.0007620669784955684
v 0.009780921973288064 0.007882556878030298 0.0007620669784955684
v 0.010732202790677553 0.009757296182215212 0.000531054276507348
v 0.009860851801931863 0.009160704910755156 0.0006521182949654761
v 0.009780921973288064 0.007882556878030298 0.0007620669784955684
v 0.009860851801931863 0.009160704910755156 0.0006521182949654761
v 0.009290087036788467 0.0087387403473258 0.0007300727884285155
v 0.014834869652986533 0.008016280829906462 -1.6046986274886883e-05
v 0.014608869329094894 0.008389183320105074 9.22346298466437e-05
v 0.014058277942240245 0.007537972182035445 9.477807179791857e-05
v 0.014058277942240245 0.007537972182035445 9.477807179791857e-05
v 0.014608869329094894 0.008389183320105074 9.22346298466437e-05
v 0.01373152248561383 0.008033622056245802 0.00022246054140850912
v 0.014058277942240245 0.007537972182035445 9.477807179791857e-05
v 0.01373152248561383 0.008033622056245802 0.00022246054140850912
v 0.012296641245484357 0.007144853007048368 0.0004107111017219724
v 0.012296641245484357 0.007144853007048368 0.0004107111017219724
v 0.01373152248561383 0.008033622056245802 0.00022246054140850912
v 0.011811171658337121 0.007937760092318056 0.0005113474908284845
v 0.012296641245484357 0.007144853007048368 0.0004107111017219724
v 0.011811171658337121 0.007937760092318056 0.0005113474908284845
v 0.010826954618096357 0.0061518512666225425 0.0005989025230519476
v 0.010826954618096357 0.0061518512666225425 0.0005989025230519476
v 0.011811171658337121 0.007937760092318056 0.0005113474908284845
v 0.01032901275902987 0.006962534505873918 0.0007037601317279044
v 0.010826954618096357 0.0061518512666225425 0.0005989025230519476
v 0.01032901275902987 0.006962534505873918 0.0007037601317279044
v 0.0097458316013217 0.0049105449579656115 0.000703779223840684
v 0.0097458316013217 0.0049105449579656115 0.000703779223840684
v 0.01032901275902987 0.006962534505873918 0.0007037601317279044
v 0.009056483395397667 0.006027143914252519 0.0008597426931373779
v 0.018571672961115844 0.010288543067872523 -0.0008780148928053681
v 0.017843142151832588 0.009840514510869978 -0.0006427674670703712
v 0.01837864331901074 0.009108820930123327 -0.0010035251034423713
v 0.017107414081692703 0.004266925156116485 -0.0031637689098715795
v 0.019027223810553558 0.006146514788269996 -0.0034374999813735502
v 0.018957057967782028 0.0062202857807278624 -0.003111138939857484
v 0.01881856285035611 0.00639607710763812 -0.002689345739781858
v 0.01699508726596833 0.004452594555914401 -0.0026169097982347025
v 0.018957057967782028 0.0062202857807278624 -0.003111138939857484
v 0.018957057967782028 0.0062202857807278624 -0.003111138939857484
v 0.01699508726596833 0.004452594555914401 -0.0026169097982347025
v 0.01703931391239167 0.004379564430564641 -0.002782507333904506
v 0.018957057967782028 0.0062202857807278624 -0.003111138939857484
v 0.01703931391239167 0.004379564430564641 -0.002782507333904506
v 0.017107414081692703 0.004266925156116485 -0.0031637689098715795
v 0.016658974811434753 0.0050070835277438155 -0.0018095801351591953
v 0.017276665195822723 0.0063322996720671645 -0.0014699323801323778
v 0.01628543250262738 0.005623187404125928 -0.0012367613380774862
v 0.01628543250262738 0.005623187404125928 -0.0012367613380774862
v 0.017276665195822723 0.0063322996720671645 -0.0014699323801323778
v 0.01685824058949948 0.006981232669204473 -0.0009736663778312509
v 0.01628543250262738 0.005623187404125928 -0.0012367613380774862
v 0.01685824058949948 0.006981232669204473 -0.0009736663778312509
v 0.015892883762717254 0.006270695012062787 -0.0007945786346681419
v 0.015892883762717254 0.006270695012062787 -0.0007945786346681419
v 0.01685824058949948 0.006981232669204473 -0.0009736663778312509
v 0.015696873888373382 0.0065940534695982924 -0.0006137809832580391
v 0.015696873888373382 0.0065940534695982924 -0.0006137809832580391
v 0.01685824058949948 0.006981232669204473 -0.0009736663778312509
v 0.016363089904189117 0.00775341223925352 -0.0005367596750147643
v 0.015696873888373382 0.0065940534695982924 -0.0006137809832580391
v 0.016363089904189117 0.00775341223925352 -0.0005367596750147643
v 0.015387555584311492 0.007104373071342706 -0.00036834768252447264
v 0.014834869652986533 0.008016280829906462 -1.6046986274886883e-05
v 0.015387555584311492 0.007104373071342706 -0.00036834768252447264
v 0.015816412866115577 0.008608758449554442 -0.00017609709175303587
v 0.015816412866115577 0.008608758449554442 -0.00017609709175303587
v 0.015387555584311492 0.007104373071342706 -0.00036834768252447264
v 0.016363089904189117 0.00775341223925352 -0.0005367596750147643
v 0.015816412866115577 0.008608758449554442 -0.00017609709175303587
v 0.016363089904189117 0.00775341223925352 -0.0005367596750147643
v 0.01684622466564179 0.009232363663613794 -0.00038497365312650816
v 0.018753835931420333 0.010401167906820772 -0.0009445062023587529
v 0.018571672961115844 0.010288543067872523 -0.0008780148928053681
v 0.019279409199953086 0.0097257187590003 -0.0012962933396920568
v 0.019279409199953086 0.0097257187590003 -0.0012962933396920568
v 0.018571672961115844 0.010288543067872523 -0.0008780148928053681
v 0.01837864331901074 0.009108820930123327 -0.0010035251034423713
v 0.019279409199953086 0.0097257187590003 -0.0012962933396920568
v 0.01837864331901074 0.009108820930123327 -0.0010035251034423713
v 0.019450409337878234 0.009509547613561152 -0.001442208304069937
v 0.019450409337878234 0.009509547613561152 -0.001442208304069937
v 0.01837864331901074 0.009108820930123327 -0.0010035251034423713
v 0.01885392330586911 0.008470124565064905 -0.0014459196245297796
v 0.020852312445640574 0.007991524413228033 -0.0038860363420099037
v 0.020826920866966258 0.007980909198522566 -0.0037827065680176037
v 0.01925827749073506 0.006337544415146112 -0.0036819600500166434
v 0.01925827749073506 0.006337544415146112 -0.0036819600500166434
v 0.020826920866966258 0.007980909198522566 -0.0037827065680176037
v 0.01998441107571126 0.0071120760403573504 -0.003591905580833556
v 0.01925827749073506 0.006337544415146112 -0.0036819600500166434
v 0.01998441107571126 0.0071120760403573504 -0.003591905580833556
v 0.01991126686334611 0.007163750007748603 -0.003296338487416507
v 0.020826920866966258 0.007980909198522566 -0.0037827065680176037
v 0.020817186683416377 0.007981472648680208 -0.0037406301125884073
v 0.01998441107571126 0.0071120760403573504 -0.003591905580833556
v 0.01998441107571126 0.0071120760403573504 -0.003591905580833556
v 0.020817186683416377 0.007981472648680208 -0.0037406301125884073
v 0.020695902407169352 0.008060914464294909 -0.0033253692090511335
v 0.01998441107571126 0.0071120760403573504 -0.003591905580833556
v 0.020695902407169352 0.008060914464294909 -0.0033253692090511335
v 0.01991126686334611 0.007163750007748603 -0.003296338487416507
v 0.01991126686334611 0.007163750007748603 -0.003296338487416507
v 0.020695902407169352 0.008060914464294909 -0.0033253692090511335
v 0.02061896026134492 0.008133460767567156 -0.0031233644112944616
v 0.01991126686334611 0.007163750007748603 -0.003296338487416507
v 0.02061896026134492 0.008133460767567156 -0.0031233644112944616
v 0.019774360582232486 0.00730563886463642 -0.0029020274523645652
v 0.019774360582232486 0.00730563886463642 -0.0029020274523645652
v 0.02061896026134492 0.008133460767567156 -0.0031233644112944616
v 0.020413106307387362 0.008351609110832213 -0.002686985768377782
v 0.019774360582232486 0.00730563886463642 -0.0029020274523645652
v 0.020413106307387362 0.008351609110832213 -0.002686985768377782
v 0.019556712359189998 0.0075633437372744075 -0.0024363696575164804
v 0.019556712359189998 0.0075633437372744075 -0.0024363696575164804
v 0.020413106307387362 0.008351609110832213 -0.002686985768377782
v 0.02012068033218385 0.0086881211027503 -0.0022091739811003217
v 0.019556712359189998 0.0075633437372744075 -0.0024363696575164804
v 0.02012068033218385 0.0086881211027503 -0.0022091739811003217
v 0.019249796867370612 0.007950977422297 -0.001937006483785809
v 0.019249796867370612 0.007950977422297 -0.001937006483785809
v 0.02012068033218385 0.0086881211027503 -0.0022091739811003217
v 0.020019641146063815 0.008808448910713194 -0.0020691652316600093
v 0.019249796867370612 0.007950977422297 -0.001937006483785809
v 0.020019641146063815 0.008808448910713194 -0.0020691652316600093
v 0.01885392330586911 0.008470124565064905 -0.0014459196245297796
v 0.01885392330586911 0.008470124565064905 -0.0014459196245297796
v 0.020019641146063815 0.008808448910713194 -0.0020691652316600093
v 0.01974037103354932 0.009148266166448591 -0.0017312801210209736
v 0.01885392330586911 0.008470124565064905 -0.0014459196245297796
v 0.01974037103354932 0.009148266166448591 -0.0017312801210209736
v 0.019450409337878234 0.009509547613561152 -0.001442208304069937
v 0.01684622466564179 0.009232363663613794 -0.00038497365312650816
v 0.016363089904189117 0.00775341223925352 -0.0005367596750147643
v 0.017386861145496375 0.008437946438789366 -0.0007489307899959389
v 0.017386861145496375 0.008437946438789366 -0.0007489307899959389
v 0.016363089904189117 0.00775341223925352 -0.0005367596750147643
v 0.01685824058949948 0.006981232669204473 -0.0009736663778312509
v 0.017386861145496375 0.008437946438789366 -0.0007489307899959389
v 0.01685824058949948 0.006981232669204473 -0.0009736663778312509
v 0.017871605232357986 0.0077316518872976294 -0.001191735616885126
v 0.017871605232357986 0.0077316518872976294 -0.001191735616885126
v 0.01685824058949948 0.006981232669204473 -0.0009736663778312509
v 0.017276665195822723 0.0063322996720671645 -0.0014699323801323778
v 0.017871605232357986 0.0077316518872976294 -0.001191735616885126
v 0.017276665195822723 0.0063322996720671645 -0.0014699323801323778
v 0.01827830635011197 0.007146714255213737 -0.0016885161167010671
v 0.01827830635011197 0.007146714255213737 -0.0016885161167010671
v 0.017276665195822723 0.0063322996720671645 -0.0014699323801323778
v 0.016658974811434753 0.0050070835277438155 -0.0018095801351591953
v 0.01827830635011197 0.007146714255213737 -0.0016885161167010671
v 0.016658974811434753 0.0050070835277438155 -0.0018095801351591953
v 0.018594760447740562 0.006700736936181783 -0.0022018554154783496
v 0.018594760447740562 0.006700736936181783 -0.0022018554154783496
v 0.016658974811434753 0.0050070835277438155 -0.0018095801351591953
v 0.01673088781535626 0.004888468887656926 -0.0019474456785246739
v 0.018594760447740562 0.006700736936181783 -0.0022018554154783496
v 0.01673088781535626 0.004888468887656926 -0.0019474456785246739
v 0.01881856285035611 0.00639607710763812 -0.002689345739781858
v 0.01881856285035611 0.00639607710763812 -0.002689345739781858
v 0.01673088781535626 0.004888468887656926 -0.0019474456785246739
v 0.016896087676286704 0.004615960642695426 -0.0023233222309499988
v 0.01881856285035611 0.00639607710763812 -0.002689345739781858
v 0.016896087676286704 0.004615960642695426 -0.0023233222309499988
v 0.01699508726596833 0.004452594555914401 -0.0026169097982347025
v 0.017843142151832588 0.009840514510869978 -0.0006427674670703712
v 0.01684622466564179 0.009232363663613794 -0.00038497365312650816
v 0.01837864331901074 0.009108820930123327 -0.0010035251034423713
v 0.01837864331901074 0.009108820930123327 -0.0010035251034423713
v 0.01684622466564179 0.009232363663613794 -0.00038497365312650816
v 0.017386861145496375 0.008437946438789366 -0.0007489307899959389
v 0.01837864331901074 0.009108820930123327 -0.0010035251034423713
v 0.017386861145496375 0.008437946438789366 -0.0007489307899959389
v 0.01885392330586911 0.008470124565064905 -0.0014459196245297796
v 0.01885392330586911 0.008470124565064905 -0.0014459196245297796
v 0.017386861145496375 0.008437946438789366 -0.0007489307899959389
v 0.017871605232357986 0.0077316518872976294 -0.001191735616885126
v 0.01885392330586911 0.008470124565064905 -0.0014459196245297796
v 0.017871605232357986 0.0077316518872976294 -0.001191735616885126
v 0.019249796867370612 0.007950977422297 -0.001937006483785809
v 0.019249796867370612 0.007950977422297 -0.001937006483785809
v 0.017871605232357986 0.0077316518872976294 -0.001191735616885126
v 0.01827830635011197 0.007146714255213737 -0.0016885161167010671
v 0.019249796867370612 0.007950977422297 -0.001937006483785809
v 0.01827830635011197 0.007146714255213737 -0.0016885161167010671
v 0.019556712359189998 0.0075633437372744075 -0.0024363696575164804
v 0.019556712359189998 0.0075633437372744075 -0.0024363696575164804
v 0.01827830635011197 0.007146714255213737 -0.0016885161167010671
v 0.018594760447740562 0.006700736936181783 -0.0022018554154783496
v 0.019556712359189998 0.0075633437372744075 -0.0024363696575164804
v 0.018594760447740562 0.006700736936181783 -0.0022018554154783496
v 0.019774360582232486 0.00730563886463642 -0.0029020274523645652
v 0.019774360582232486 0.00730563886463642 -0.0029020274523645652
v 0.018594760447740562 0.006700736936181783 -0.0022018554154783496
v 0.01881856285035611 0.00639607710763812 -0.002689345739781858
v 0.019774360582232486 0.00730563886463642 -0.0029020274523645652
v 0.01881856285035611 0.00639607710763812 -0.002689345739781858
v 0.01991126686334611 0.007163750007748603 -0.003296338487416507
v 0.01991126686334611 0.007163750007748603 -0.003296338487416507
v 0.01881856285035611 0.00639607710763812 -0.002689345739781858
v 0.018957057967782028 0.0062202857807278624 -0.003111138939857484
v 0.01991126686334611 0.007163750007748603 -0.003296338487416507
v 0.018957057967782028 0.0062202857807278624 -0.003111138939857484
v 0.01925827749073506 0.006337544415146112 -0.0036819600500166434
v 0.01925827749073506 0.006337544415146112 -0.0036819600500166434
v 0.018957057967782028 0.0062202857807278624 -0.003111138939857484
v 0.019027223810553558 0.006146514788269996 -0.0034374999813735502
v 0.01925827749073506 0.006337544415146112 -0.0036819600500166434
v 0.019027223810553558 0.006146514788269996 -0.0034374999813735502
v 0.017126426100730903 0.004235196392983197 -0.003420338267460467
v 0.017126426100730903 0.004235196392983197 -0.003420338267460467
v 0.019027223810553558 0.006146514788269996 -0.0034374999813735502
v 0.017107414081692703 0.004266925156116485 -0.0031637689098715795
v 0.021081233397126208 0.008229125291109083 -0.004028986673802139
v 0.021043291315436374 0.008191824890673159 -0.003980753012001516
v 0.02101895771920682 0.00814999360591173 -0.004131179768592121
v 0.02101895771920682 0.00814999360591173 -0.004131179768592121
v 0.021043291315436374 0.008191824890673159 -0.003980753012001516
v 0.020968522876501094 0.008115379139780996 -0.00392015138641
v 0.02101895771920682 0.00814999360591173 -0.004131179768592121
v 0.020968522876501094 0.008115379139780996 -0.00392015138641
v 0.020913608372211467 0.008057393133640288 -0.003897354472428562
v 0.020913608372211467 0.008057393133640288 -0.003897354472428562
v 0.020852312445640574 0.007991524413228033 -0.0038860363420099037
v 0.02101895771920682 0.00814999360591173 -0.004131179768592121
v 0.02101895771920682 0.00814999360591173 -0.004131179768592121
v 0.020852312445640574 0.007991524413228033 -0.0038860363420099037
v 0.01925827749073506 0.006337544415146112 -0.0036819600500166434
v 0.02101895771920682 0.00814999360591173 -0.004131179768592121
v 0.01925827749073506 0.006337544415146112 -0.0036819600500166434
v 0.019295444712042815 0.006277413107454776 -0.004840980749577286
v 0.019295444712042815 0.006277413107454776 -0.007159022614359859
v 0.01925827749073506 0.006337544415146112 -0.008318043313920501
v 0.020852312445640574 0.007991524413228033 -0.008113967254757885
v 0.02101140096783639 0.008159630000591276 -0.00804990250617266
v 0.021081233397126208 0.008229125291109083 -0.00797101948410273
v 0.02101895771920682 0.008149994537234305 -0.007868841290473941
v 0.02101895771920682 0.008149994537234305 -0.007868841290473941
v 0.021081233397126208 0.008229125291109083 -0.00797101948410273
v 0.021120382472872744 0.0082659013569355 -0.007901292294263843
v 0.02101895771920682 0.008149994537234305 -0.007868841290473941
v 0.021120382472872744 0.0082659013569355 -0.007901292294263843
v 0.021154122427105914 0.008294498547911642 -0.007804799359291795
v 0.019295444712042815 0.006277413107454776 -0.007159022614359859
v 0.020852312445640574 0.007991524413228033 -0.008113967254757885
v 0.02101895771920682 0.008149994537234305 -0.007868841290473941
v 0.02101895771920682 0.008149994537234305 -0.007868841290473941
v 0.020852312445640574 0.007991524413228033 -0.008113967254757885
v 0.020968522876501094 0.008115378208458422 -0.008079854771494869
v 0.02101895771920682 0.008149994537234305 -0.007868841290473941
v 0.020968522876501094 0.008115378208458422 -0.008079854771494869
v 0.02101140096783639 0.008159630000591276 -0.00804990250617266
v 0.021154122427105914 0.008294498547911642 -0.007804799359291795
v 0.021170033141970645 0.008303621783852575 -0.0077073196880519425
v 0.02101895771920682 0.008149994537234305 -0.007868841290473941
v 0.02101895771920682 0.008149994537234305 -0.007868841290473941
v 0.021170033141970645 0.008303621783852575 -0.0077073196880519425
v 0.021174101158976565 0.008301566354930399 -0.007629185449332002
v 0.02101895771920682 0.008149994537234305 -0.007868841290473941
v 0.021174101158976565 0.008301566354930399 -0.007629185449332002
v 0.019295444712042815 0.006277413107454776 -0.007159022614359859
v 0.019295444712042815 0.006277413107454776 -0.007159022614359859
v 0.021174101158976565 0.008301566354930399 -0.007629185449332002
v 0.021175963804125796 0.008298854343593119 -0.007570400834083561
v 0.019295444712042815 0.006277413107454776 -0.007159022614359859
v 0.021175963804125796 0.008298854343593119 -0.007570400834083561
v 0.01930778473615647 0.006257453467696904 -0.006000001914799216
v 0.01930778473615647 0.006257453467696904 -0.006000001914799216
v 0.021175963804125796 0.008298854343593119 -0.007570400834083561
v 0.021200289949774753 0.00826334487646818 -0.006000001914799216
v 0.01930778473615647 0.006257453467696904 -0.006000001914799216
v 0.021200289949774753 0.00826334487646818 -0.006000001914799216
v 0.019295444712042815 0.006277413107454776 -0.004840980749577286
v 0.019295444712042815 0.006277413107454776 -0.004840980749577286
v 0.021200289949774753 0.00826334487646818 -0.006000001914799216
v 0.021174103021621715 0.00830156449228525 -0.004370851907879116
v 0.019295444712042815 0.006277413107454776 -0.004840980749577286
v 0.021174103021621715 0.00830156449228525 -0.004370851907879116
v 0.02101895771920682 0.00814999360591173 -0.004131179768592121
v 0.02101895771920682 0.00814999360591173 -0.004131179768592121
v 0.021174103021621715 0.00830156449228525 -0.004370851907879116
v 0.021138347685337077 0.008281744085252283 -0.0041428273543715494
v 0.02101895771920682 0.00814999360591173 -0.004131179768592121
v 0.021138347685337077 0.008281744085252283 -0.0041428273543715494
v 0.021081233397126208 0.008229125291109083 -0.004028986673802139
v 0.017126426100730903 0.004235196392983197 -0.008579664863646034
v 0.01925827749073506 0.006337544415146112 -0.008318043313920501
v 0.01717111840844155 0.004159973002970218 -0.007289833389222625
v 0.01717111840844155 0.004159973002970218 -0.007289833389222625
v 0.01925827749073506 0.006337544415146112 -0.008318043313920501
v 0.019295444712042815 0.006277413107454776 -0.007159022614359859
v 0.01717111840844155 0.004159973002970218 -0.007289833389222625
v 0.019295444712042815 0.006277413107454776 -0.007159022614359859
v 0.01718594133853913 0.004135025199502706 -0.006000001914799216
v 0.01718594133853913 0.004135025199502706 -0.006000001914799216
v 0.019295444712042815 0.006277413107454776 -0.007159022614359859
v 0.01930778473615647 0.006257453467696904 -0.006000001914799216
v 0.01718594133853913 0.004135025199502706 -0.006000001914799216
v 0.01930778473615647 0.006257453467696904 -0.006000001914799216
v 0.01717111840844155 0.004159973002970218 -0.004710169974714519
v 0.01717111840844155 0.004159973002970218 -0.004710169974714519
v 0.01930778473615647 0.006257453467696904 -0.006000001914799216
v 0.019295444712042815 0.006277413107454776 -0.004840980749577286
v 0.01717111840844155 0.004159973002970218 -0.004710169974714519
v 0.019295444712042815 0.006277413107454776 -0.004840980749577286
v 0.017126426100730903 0.004235196392983197 -0.003420338267460467
v 0.017126426100730903 0.004235196392983197 -0.003420338267460467
v 0.019295444712042815 0.006277413107454776 -0.004840980749577286
v 0.01925827749073506 0.006337544415146112 -0.0036819600500166434
v 0.012643256224691873 0.0007170215249061583 -0.01086309645324946
v 0.01227204035967589 0.0012275245971977709 -0.011340955272316938
v 0.013545523397624498 0.0024602697230875488 -0.01104281004518271
v 0.01535794138908387 0.002539339708164334 -0.00907973758876324
v 0.015393109060823924 0.002480479888617992 -0.008579670451581482
v 0.01406848896294833 0.0009689106373116373 -0.008579665794968609
v 0.013320186175405984 0.005811678245663642 -0.012001379393041139
v 0.012522009201347833 0.006536496803164481 -0.012308993376791482
v 0.014045311138033874 0.007529783062636851 -0.01209661271423102
v 0.017126426100730903 0.004235196392983197 -0.008579664863646034
v 0.01631898060441018 0.0034347504843026395 -0.008579671382904056
v 0.017105912789702422 0.004269416444003581 -0.008849167264997963
v 0.017105912789702422 0.004269416444003581 -0.008849167264997963
v 0.01631898060441018 0.0034347504843026395 -0.008579671382904056
v 0.016296589747071273 0.0034841147717088457 -0.00895932782441378
v 0.015264143235981471 0.0026996426749974485 -0.009623288176953796
v 0.016236102208495147 0.0036279507912695404 -0.00939489342272282
v 0.01535794138908387 0.002539339708164334 -0.00907973758876324
v 0.01535794138908387 0.002539339708164334 -0.00907973758876324
v 0.016236102208495147 0.0036279507912695404 -0.00939489342272282
v 0.016296589747071273 0.0034841147717088457 -0.00895932782441378
v 0.01535794138908387 0.002539339708164334 -0.00907973758876324
v 0.016296589747071273 0.0034841147717088457 -0.00895932782441378
v 0.015393109060823924 0.002480479888617992 -0.008579670451581482
v 0.015393109060823924 0.002480479888617992 -0.008579670451581482
v 0.016296589747071273 0.0034841147717088457 -0.00895932782441378
v 0.01631898060441018 0.0034347504843026395 -0.008579671382904056
v 0.015855556353926666 0.004366195295006036 -0.010414173826575284
v 0.016532342880964286 0.0042918422259390345 -0.009763303212821487
v 0.016096280887722976 0.0039150360971689216 -0.009891493245959287
v 0.016096280887722976 0.0039150360971689216 -0.009891493245959287
v 0.016532342880964286 0.0042918422259390345 -0.009763303212821487
v 0.016236102208495147 0.0036279507912695404 -0.00939489342272282
v 0.016096280887722976 0.0039150360971689216 -0.009891493245959287
v 0.016236102208495147 0.0036279507912695404 -0.00939489342272282
v 0.01518158148974181 0.0028363440651446577 -0.009904128499329095
v 0.01518158148974181 0.0028363440651446577 -0.009904128499329095
v 0.016236102208495147 0.0036279507912695404 -0.00939489342272282
v 0.015264143235981471 0.0026996426749974485 -0.009623288176953796
v 0.01686172932386399 0.004672637674957513 -0.009763699024915699
v 0.016896087676286704 0.004615960642695426 -0.009676680900156501
v 0.016532342880964286 0.0042918422259390345 -0.009763303212821487
v 0.016532342880964286 0.0042918422259390345 -0.009763303212821487
v 0.016896087676286704 0.004615960642695426 -0.009676680900156501
v 0.01703931391239167 0.004379564430564641 -0.009217496030032638
v 0.016532342880964286 0.0042918422259390345 -0.009763303212821487
v 0.01703931391239167 0.004379564430564641 -0.009217496030032638
v 0.016236102208495147 0.0036279507912695404 -0.00939489342272282
v 0.016236102208495147 0.0036279507912695404 -0.00939489342272282
v 0.01703931391239167 0.004379564430564641 -0.009217496030032638
v 0.017056299373507507 0.0043515078723430625 -0.009143470786511902
v 0.016236102208495147 0.0036279507912695404 -0.00939489342272282
v 0.017056299373507507 0.0043515078723430625 -0.009143470786511902
v 0.016296589747071273 0.0034841147717088457 -0.00895932782441378
v 0.016296589747071273 0.0034841147717088457 -0.00895932782441378
v 0.017056299373507507 0.0043515078723430625 -0.009143470786511902
v 0.017105912789702422 0.004269416444003581 -0.008849167264997963
v 0.01385915186256171 0.004943713080137967 -0.011653944849967962
v 0.013320186175405984 0.005811678245663642 -0.012001379393041139
v 0.014575034379959113 0.006604847963899373 -0.011778227984905248
v 0.01385915186256171 0.004943713080137967 -0.011653944849967962
v 0.015075566247105605 0.005738774314522742 -0.011386383324861532
v 0.0143526652827859 0.004159369505941867 -0.011226539500057703
v 0.0143526652827859 0.004159369505941867 -0.011226539500057703
v 0.015075566247105605 0.005738774314522742 -0.011386383324861532
v 0.015511022880673415 0.004980650730431079 -0.010924076661467557
v 0.0143526652827859 0.004159369505941867 -0.011226539500057703
v 0.015511022880673415 0.004980650730431079 -0.010924076661467557
v 0.01476487051695586 0.003505908884108066 -0.010729503817856317
v 0.01476487051695586 0.003505908884108066 -0.010729503817856317
v 0.015511022880673415 0.004980650730431079 -0.010924076661467557
v 0.015855556353926666 0.004366195295006036 -0.010414173826575284
v 0.01476487051695586 0.003505908884108066 -0.010729503817856317
v 0.015855556353926666 0.004366195295006036 -0.010414173826575284
v 0.014932235702872283 0.0032391704153269525 -0.010461419820785528
v 0.014932235702872283 0.0032391704153269525 -0.010461419820785528
v 0.015855556353926666 0.004366195295006036 -0.010414173826575284
v 0.016096280887722976 0.0039150360971689216 -0.009891493245959287
v 0.014932235702872283 0.0032391704153269525 -0.010461419820785528
v 0.016096280887722976 0.0039150360971689216 -0.009891493245959287
v 0.015071271918714053 0.00301578314974904 -0.0101849501952529
v 0.015071271918714053 0.00301578314974904 -0.0101849501952529
v 0.016096280887722976 0.0039150360971689216 -0.009891493245959287
v 0.01518158148974181 0.0028363440651446577 -0.009904128499329095
v 0.016658974811434753 0.0050070835277438155 -0.010190423578023916
v 0.01630545780062676 0.004716704133898019 -0.010278814472258096
v 0.016478938981890685 0.00530401337891817 -0.010491230525076395
v 0.016478938981890685 0.00530401337891817 -0.010491230525076395
v 0.01630545780062676 0.004716704133898019 -0.010278814472258096
v 0.015976581722497947 0.005304947961121797 -0.010796735994517808
v 0.01227204035967589 0.0012275245971977709 -0.011340955272316938
v 0.012152835726737981 0.0013926028041169045 -0.011462272144854074
v 0.01331147644668818 0.002788920886814594 -0.011297827586531644
v 0.01331147644668818 0.002788920886814594 -0.011297827586531644
v 0.012152835726737981 0.0013926028041169045 -0.011462272144854074
v 0.013054481707513338 0.003153695026412606 -0.011531055904924875
v 0.009913180954754358 0.004645441658794879 -0.012655210681259637
v 0.011336756870150571 0.005710975732654332 -0.01246985979378224
v 0.010639262385666376 0.0035457562189549203 -0.012402738444507127
v 0.010639262385666376 0.0035457562189549203 -0.012402738444507127
v 0.011336756870150571 0.005710975732654332 -0.01246985979378224
v 0.011903762817382818 0.004838345106691121 -0.01223790086805821
v 0.010639262385666376 0.0035457562189549203 -0.012402738444507127
v 0.011903762817382818 0.004838345106691121 -0.01223790086805821
v 0.011111230589449411 0.0028604860417544837 -0.012189027853310113
v 0.011111230589449411 0.0028604860417544837 -0.012189027853310113
v 0.011903762817382818 0.004838345106691121 -0.01223790086805821
v 0.012492111884057527 0.003965747077018022 -0.011929071508347993
v 0.011111230589449411 0.0028604860417544837 -0.012189027853310113
v 0.012492111884057527 0.003965747077018022 -0.011929071508347993
v 0.011543584987521177 0.002245092531666159 -0.01194192841649056
v 0.011543584987521177 0.002245092531666159 -0.01194192841649056
v 0.012492111884057527 0.003965747077018022 -0.011929071508347993
v 0.013054481707513338 0.003153695026412606 -0.011531055904924875
v 0.011543584987521177 0.002245092531666159 -0.01194192841649056
v 0.013054481707513338 0.003153695026412606 -0.011531055904924875
v 0.011723522096872335 0.001991708297282457 -0.011819656006991868
v 0.011723522096872335 0.001991708297282457 -0.011819656006991868
v 0.013054481707513338 0.003153695026412606 -0.011531055904924875
v 0.012152835726737981 0.0013926028041169045 -0.011462272144854074
v 0.013241793029010301 -8.497232192894443e-05 -0.008579664863646034
v 0.013175875879824167 -1.1356989944033555e-06 -0.009325439110398296
v 0.014322844333946712 0.0014059748500585554 -0.009202575311064724
v 0.014322844333946712 0.0014059748500585554 -0.009202575311064724
v 0.013175875879824167 -1.1356989944033555e-06 -0.009325439110398296
v 0.014268432743847377 0.0014763621147722004 -0.009526344947516922
v 0.014268432743847377 0.0014763621147722004 -0.009526344947516922
v 0.013175875879824167 -1.1356989944033555e-06 -0.009325439110398296
v 0.01315331924706698 2.839253829733934e-05 -0.009473323822021488
v 0.014268432743847377 0.0014763621147722004 -0.009526344947516922
v 0.01315331924706698 2.839253829733934e-05 -0.009473323822021488
v 0.014186673797667033 0.0015837085666134951 -0.009849880822002893
v 0.01315331924706698 2.839253829733934e-05 -0.009473323822021488
v 0.013011747039854532 0.0002169082436012104 -0.010069064795970922
v 0.014186673797667033 0.0015837085666134951 -0.009849880822002893
v 0.014186673797667033 0.0015837085666134951 -0.009849880822002893
v 0.013011747039854532 0.0002169082436012104 -0.010069064795970922
v 0.012975708581507211 0.0002653739356901496 -0.010176504030823713
v 0.014186673797667033 0.0015837085666134951 -0.009849880822002893
v 0.012975708581507211 0.0002653739356901496 -0.010176504030823713
v 0.014074114151299007 0.0017339554615318773 -0.010167648084461694
v 0.014074114151299007 0.0017339554615318773 -0.010167648084461694
v 0.012975708581507211 0.0002653739356901496 -0.010176504030823713
v 0.01287914346903563 0.0003958432644139975 -0.010420941747725015
v 0.014074114151299007 0.0017339554615318773 -0.010167648084461694
v 0.01287914346903563 0.0003958432644139975 -0.010420941747725015
v 0.013929292559623725 0.0019301598658785222 -0.010474906302988534
v 0.013929292559623725 0.0019301598658785222 -0.010474906302988534
v 0.01287914346903563 0.0003958432644139975 -0.010420941747725015
v 0.012643256224691873 0.0007170215249061583 -0.01086309645324946
v 0.013929292559623725 0.0019301598658785222 -0.010474906302988534
v 0.012643256224691873 0.0007170215249061583 -0.01086309645324946
v 0.013752494938671596 0.002172830747440457 -0.01076769176870585
v 0.013752494938671596 0.002172830747440457 -0.01076769176870585
v 0.012643256224691873 0.0007170215249061583 -0.01086309645324946
v 0.013545523397624498 0.0024602697230875488 -0.01104281004518271
v 0.013320186175405984 0.005811678245663642 -0.012001379393041139
v 0.014045311138033874 0.007529783062636851 -0.01209661271423102
v 0.014575034379959113 0.006604847963899373 -0.011778227984905248
v 0.014575034379959113 0.006604847963899373 -0.011778227984905248
v 0.014045311138033874 0.007529783062636851 -0.01209661271423102
v 0.014834869652986533 0.008016280829906462 -0.011983956210315233
v 0.014575034379959113 0.006604847963899373 -0.011778227984905248
v 0.014834869652986533 0.008016280829906462 -0.011983956210315233
v 0.015223025344312198 0.007375835441052913 -0.011746173724532133
v 0.015223025344312198 0.007375835441052913 -0.011746173724532133
v 0.01536506041884423 0.007141490466892718 -0.011647900566458707
v 0.014575034379959113 0.006604847963899373 -0.011778227984905248
v 0.014575034379959113 0.006604847963899373 -0.011778227984905248
v 0.01536506041884423 0.007141490466892718 -0.011647900566458707
v 0.015387555584311492 0.007104373071342706 -0.01163165550678969
v 0.014575034379959113 0.006604847963899373 -0.011778227984905248
v 0.015387555584311492 0.007104373071342706 -0.01163165550678969
v 0.015554090030491359 0.006042744033038615 -0.011276470497250562
v 0.015554090030491359 0.006042744033038615 -0.011276470497250562
v 0.015387555584311492 0.007104373071342706 -0.01163165550678969
v 0.015920056030154235 0.00622587464749813 -0.011178531683981424
v 0.015554090030491359 0.006042744033038615 -0.011276470497250562
v 0.015920056030154235 0.00622587464749813 -0.011178531683981424
v 0.015976581722497947 0.005304947961121797 -0.010796735994517808
v 0.015976581722497947 0.005304947961121797 -0.010796735994517808
v 0.015920056030154235 0.00622587464749813 -0.011178531683981424
v 0.016322508454322822 0.00556202558800578 -0.01071445737034083
v 0.015976581722497947 0.005304947961121797 -0.010796735994517808
v 0.016322508454322822 0.00556202558800578 -0.01071445737034083
v 0.016478938981890685 0.00530401337891817 -0.010491230525076395
v 0.01385915186256171 0.004943713080137967 -0.011653944849967962
v 0.014575034379959113 0.006604847963899373 -0.011778227984905248
v 0.015075566247105605 0.005738774314522742 -0.011386383324861532
v 0.015075566247105605 0.005738774314522742 -0.011386383324861532
v 0.014575034379959113 0.006604847963899373 -0.011778227984905248
v 0.015554090030491359 0.006042744033038615 -0.011276470497250562
v 0.015075566247105605 0.005738774314522742 -0.011386383324861532
v 0.015554090030491359 0.006042744033038615 -0.011276470497250562
v 0.015511022880673415 0.004980650730431079 -0.010924076661467557
v 0.015511022880673415 0.004980650730431079 -0.010924076661467557
v 0.015554090030491359 0.006042744033038615 -0.011276470497250562
v 0.015976581722497947 0.005304947961121797 -0.010796735994517808
v 0.015511022880673415 0.004980650730431079 -0.010924076661467557
v 0.015976581722497947 0.005304947961121797 -0.010796735994517808
v 0.015855556353926666 0.004366195295006036 -0.010414173826575284
v 0.015855556353926666 0.004366195295006036 -0.010414173826575284
v 0.015976581722497947 0.005304947961121797 -0.010796735994517808
v 0.01630545780062676 0.004716704133898019 -0.010278814472258096
v 0.015855556353926666 0.004366195295006036 -0.010414173826575284
v 0.01630545780062676 0.004716704133898019 -0.010278814472258096
v 0.016532342880964286 0.0042918422259390345 -0.009763303212821487
v 0.016532342880964286 0.0042918422259390345 -0.009763303212821487
v 0.01630545780062676 0.004716704133898019 -0.010278814472258096
v 0.016658974811434753 0.0050070835277438155 -0.010190423578023916
v 0.016532342880964286 0.0042918422259390345 -0.009763303212821487
v 0.016658974811434753 0.0050070835277438155 -0.010190423578023916
v 0.01686172932386399 0.004672637674957513 -0.009763699024915699
v 0.011336756870150571 0.005710975732654332 -0.01246985979378224
v 0.012522009201347833 0.006536496803164481 -0.012308993376791482
v 0.011903762817382818 0.004838345106691121 -0.01223790086805821
v 0.011903762817382818 0.004838345106691121 -0.01223790086805821
v 0.012522009201347833 0.006536496803164481 -0.012308993376791482
v 0.013320186175405984 0.005811678245663642 -0.012001379393041139
v 0.011903762817382818 0.004838345106691121 -0.01223790086805821
v 0.013320186175405984 0.005811678245663642 -0.012001379393041139
v 0.012492111884057527 0.003965747077018022 -0.011929071508347993
v 0.012492111884057527 0.003965747077018022 -0.011929071508347993
v 0.013320186175405984 0.005811678245663642 -0.012001379393041139
v 0.01385915186256171 0.004943713080137967 -0.011653944849967962
v 0.012492111884057527 0.003965747077018022 -0.011929071508347993
v 0.01385915186256171 0.004943713080137967 -0.011653944849967962
v 0.013054481707513338 0.003153695026412606 -0.011531055904924875
v 0.013054481707513338 0.003153695026412606 -0.011531055904924875
v 0.01385915186256171 0.004943713080137967 -0.011653944849967962
v 0.0143526652827859 0.004159369505941867 -0.011226539500057703
v 0.013054481707513338 0.003153695026412606 -0.011531055904924875
v 0.0143526652827859 0.004159369505941867 -0.011226539500057703
v 0.01331147644668818 0.002788920886814594 -0.011297827586531644
v 0.01331147644668818 0.002788920886814594 -0.011297827586531644
v 0.0143526652827859 0.004159369505941867 -0.011226539500057703
v 0.01476487051695586 0.003505908884108066 -0.010729503817856317
v 0.01227204035967589 0.0012275245971977709 -0.011340955272316938
v 0.01331147644668818 0.002788920886814594 -0.011297827586531644
v 0.013545523397624498 0.0024602697230875488 -0.01104281004518271
v 0.013545523397624498 0.0024602697230875488 -0.01104281004518271
v 0.01331147644668818 0.002788920886814594 -0.011297827586531644
v 0.01476487051695586 0.003505908884108066 -0.010729503817856317
v 0.013545523397624498 0.0024602697230875488 -0.01104281004518271
v 0.01476487051695586 0.003505908884108066 -0.010729503817856317
v 0.013752494938671596 0.002172830747440457 -0.01076769176870585
v 0.013752494938671596 0.002172830747440457 -0.01076769176870585
v 0.01476487051695586 0.003505908884108066 -0.010729503817856317
v 0.014932235702872283 0.0032391704153269525 -0.010461419820785528
v 0.013752494938671596 0.002172830747440457 -0.01076769176870585
v 0.014932235702872283 0.0032391704153269525 -0.010461419820785528
v 0.013929292559623725 0.0019301598658785222 -0.010474906302988534
v 0.013929292559623725 0.0019301598658785222 -0.010474906302988534
v 0.014932235702872283 0.0032391704153269525 -0.010461419820785528
v 0.015071271918714053 0.00301578314974904 -0.0101849501952529
v 0.013929292559623725 0.0019301598658785222 -0.010474906302988534
v 0.015071271918714053 0.00301578314974904 -0.0101849501952529
v 0.014074114151299007 0.0017339554615318773 -0.010167648084461694
v 0.014074114151299007 0.0017339554615318773 -0.010167648084461694
v 0.015071271918714053 0.00301578314974904 -0.0101849501952529
v 0.01518158148974181 0.0028363440651446577 -0.009904128499329095
v 0.014074114151299007 0.0017339554615318773 -0.010167648084461694
v 0.01518158148974181 0.0028363440651446577 -0.009904128499329095
v 0.014186673797667033 0.0015837085666134951 -0.009849880822002893
v 0.014186673797667033 0.0015837085666134951 -0.009849880822002893
v 0.01518158148974181 0.0028363440651446577 -0.009904128499329095
v 0.015264143235981471 0.0026996426749974485 -0.009623288176953796
v 0.014186673797667033 0.0015837085666134951 -0.009849880822002893
v 0.015264143235981471 0.0026996426749974485 -0.009623288176953796
v 0.014268432743847377 0.0014763621147722004 -0.009526344947516922
v 0.014268432743847377 0.0014763621147722004 -0.009526344947516922
v 0.015264143235981471 0.0026996426749974485 -0.009623288176953796
v 0.01535794138908387 0.002539339708164334 -0.00907973758876324
v 0.014268432743847377 0.0014763621147722004 -0.009526344947516922
v 0.01535794138908387 0.002539339708164334 -0.00907973758876324
v 0.014322844333946712 0.0014059748500585554 -0.009202575311064724
v 0.014322844333946712 0.0014059748500585554 -0.009202575311064724
v 0.01535794138908387 0.002539339708164334 -0.00907973758876324
v 0.01406848896294833 0.0009689106373116373 -0.008579665794968609
v 0.014322844333946712 0.0014059748500585554 -0.009202575311064724
v 0.01406848896294833 0.0009689106373116373 -0.008579665794968609
v 0.013241793029010301 -8.497232192894443e-05 -0.008579664863646034
v 0.0060716164298355605 0.011489593423902987 -0.008095514960587028
v 0.007683166302740577 0.012549892067909239 -0.008095527999103073
v 0.00735053047537804 0.012260060757398604 -0.00882250908762217
v 0.010628378018736844 0.012868992052972315 -0.0111775603145361
v 0.011628405191004281 0.013294364325702189 -0.01110798586159945
v 0.010799246840178972 0.012631015852093695 -0.011450247839093214
v 0.010799246840178972 0.012631015852093695 -0.011450247839093214
v 0.011628405191004281 0.013294364325702189 -0.01110798586159945
v 0.011778746731579309 0.013052164576947687 -0.011372176930308347
v 0.010799246840178972 0.012631015852093695 -0.011450247839093214
v 0.011778746731579309 0.013052164576947687 -0.011372176930308347
v 0.010986289940774446 0.01236231345683336 -0.011687561869621282
v 0.011778746731579309 0.013052164576947687 -0.011372176930308347
v 0.011943859048187738 0.012783465906977652 -0.011600985191762453
v 0.010986289940774446 0.01236231345683336 -0.011687561869621282
v 0.010986289940774446 0.01236231345683336 -0.011687561869621282
v 0.011943859048187738 0.012783465906977652 -0.011600985191762453
v 0.01199498306959868 0.012699857354164122 -0.011661024764180189
v 0.010986289940774446 0.01236231345683336 -0.011687561869621282
v 0.01199498306959868 0.012699857354164122 -0.011661024764180189
v 0.011188529431819921 0.012064668349921702 -0.011886917985975748
v 0.011188529431819921 0.012064668349921702 -0.011886917985975748
v 0.01199498306959868 0.012699857354164122 -0.011661024764180189
v 0.012122727930545812 0.012490386143326758 -0.01179200410842896
v 0.011188529431819921 0.012064668349921702 -0.011886917985975748
v 0.012122727930545812 0.012490386143326758 -0.01179200410842896
v 0.011405040509998804 0.011740428395569323 -0.01204814482480288
v 0.011405040509998804 0.011740428395569323 -0.01204814482480288
v 0.012122727930545812 0.012490386143326758 -0.01179200410842896
v 0.012416389770805841 0.012007323093712328 -0.01200975757092238
v 0.011405040509998804 0.011740428395569323 -0.01204814482480288
v 0.012416389770805841 0.012007323093712328 -0.01200975757092238
v 0.011635052971541887 0.011392388492822645 -0.012173973955214029
v 0.011635052971541887 0.011392388492822645 -0.012173973955214029
v 0.012416389770805841 0.012007323093712328 -0.01200975757092238
v 0.012517610564827924 0.011840709485113619 -0.01206408347934485
v 0.011635052971541887 0.011392388492822645 -0.012173973955214029
v 0.012517610564827924 0.011840709485113619 -0.01206408347934485
v 0.012132594361901288 0.01063555385917425 -0.012332405894994741
v 0.012132594361901288 0.01063555385917425 -0.012332405894994741
v 0.012517610564827924 0.011840709485113619 -0.01206408347934485
v 0.01295386347919703 0.011119970120489596 -0.012212657369673257
v 0.00861766375601292 0.013088750652968882 -0.008095537312328819
v 0.009461953304708007 0.013533816672861574 -0.008095546625554565
v 0.008661596104502681 0.013035107403993605 -0.008792957291007045
v 0.008661596104502681 0.013035107403993605 -0.008792957291007045
v 0.009461953304708007 0.013533816672861574 -0.008095546625554565
v 0.009933357127010828 0.013693320564925669 -0.008766007609665397
v 0.008661596104502681 0.013035107403993605 -0.008792957291007045
v 0.009933357127010828 0.013693320564925669 -0.008766007609665397
v 0.00874930247664452 0.01291652489453554 -0.009532533586025242
v 0.00874930247664452 0.01291652489453554 -0.009532533586025242
v 0.009933357127010828 0.013693320564925669 -0.008766007609665397
v 0.01004349254071713 0.013590544462203978 -0.009478543885052208
v 0.00874930247664452 0.01291652489453554 -0.009532533586025242
v 0.01004349254071713 0.013590544462203978 -0.009478543885052208
v 0.008903509005904201 0.012695721350610254 -0.010280555114150053
v 0.008903509005904201 0.012695721350610254 -0.010280555114150053
v 0.01004349254071713 0.013590544462203978 -0.009478543885052208
v 0.0102217048406601 0.013392014428973196 -0.010198575444519525
v 0.008903509005904201 0.012695721350610254 -0.010280555114150053
v 0.0102217048406601 0.013392014428973196 -0.010198575444519525
v 0.009133031591773037 0.012349365279078482 -0.010985514149069791
v 0.009133031591773037 0.012349365279078482 -0.010985514149069791
v 0.0102217048406601 0.013392014428973196 -0.010198575444519525
v 0.010474634356796747 0.013075159862637518 -0.01087398454546929
v 0.009133031591773037 0.012349365279078482 -0.010985514149069791
v 0.010474634356796747 0.013075159862637518 -0.01087398454546929
v 0.009275906719267372 0.01212593913078308 -0.01130431797355414
v 0.009275906719267372 0.01212593913078308 -0.01130431797355414
v 0.010474634356796747 0.013075159862637518 -0.01087398454546929
v 0.010628378018736844 0.012868992052972315 -0.0111775603145361
v 0.009275906719267372 0.01212593913078308 -0.01130431797355414
v 0.010628378018736844 0.012868992052972315 -0.0111775603145361
v 0.009436600841581825 0.01186920143663883 -0.011592262424528604
v 0.009436600841581825 0.01186920143663883 -0.011592262424528604
v 0.010628378018736844 0.012868992052972315 -0.0111775603145361
v 0.010799246840178972 0.012631015852093695 -0.011450247839093214
v 0.009436600841581825 0.01186920143663883 -0.011592262424528604
v 0.010799246840178972 0.012631015852093695 -0.011450247839093214
v 0.009614101611077789 0.011580378748476504 -0.011844472028315072
v 0.009614101611077789 0.011580378748476504 -0.011844472028315072
v 0.010799246840178972 0.012631015852093695 -0.011450247839093214
v 0.010986289940774446 0.01236231345683336 -0.011687561869621282
v 0.009614101611077789 0.011580378748476504 -0.011844472028315072
v 0.010986289940774446 0.01236231345683336 -0.011687561869621282
v 0.00980727374553681 0.011261470615863798 -0.012057786807417875
v 0.00980727374553681 0.011261470615863798 -0.012057786807417875
v 0.010986289940774446 0.01236231345683336 -0.011687561869621282
v 0.011188529431819921 0.012064668349921702 -0.011886917985975748
v 0.00980727374553681 0.011261470615863798 -0.012057786807417875
v 0.011188529431819921 0.012064668349921702 -0.011886917985975748
v 0.01001495029777289 0.010915150865912436 -0.012231221422553068
v 0.01001495029777289 0.010915150865912436 -0.012231221422553068
v 0.011188529431819921 0.012064668349921702 -0.011886917985975748
v 0.011405040509998804 0.011740428395569323 -0.01204814482480288
v 0.01001495029777289 0.010915150865912436 -0.012231221422553068
v 0.011405040509998804 0.011740428395569323 -0.01204814482480288
v 0.010236044414341455 0.010544680990278719 -0.012366425246000295
v 0.010236044414341455 0.010544680990278719 -0.012366425246000295
v 0.011405040509998804 0.011740428395569323 -0.01204814482480288
v 0.011635052971541887 0.011392388492822645 -0.012173973955214029
v 0.010236044414341455 0.010544680990278719 -0.012366425246000295
v 0.011635052971541887 0.011392388492822645 -0.012173973955214029
v 0.010630742646753793 0.009690248407423495 -0.01254525780677796
v 0.010630742646753793 0.009690248407423495 -0.01254525780677796
v 0.011635052971541887 0.011392388492822645 -0.012173973955214029
v 0.012132594361901288 0.01063555385917425 -0.012332405894994741
v 0.007776156999170784 0.011471481062471865 -0.011109612882137304
v 0.006523544900119307 0.010566505603492258 -0.011207108385860925
v 0.006410823669284585 0.010771816596388815 -0.01086790300905705
v 0.007776156999170784 0.011471481062471865 -0.011109612882137304
v 0.006410823669284585 0.010771816596388815 -0.01086790300905705
v 0.0075612566433846985 0.011861703358590601 -0.010372763499617582
v 0.006027495954185727 0.011457828804850577 -0.008095514029264454
v 0.0060716164298355605 0.011489593423902987 -0.008095514960587028
v 0.00607948284596205 0.011369232088327406 -0.009014761075377468
v 0.00607948284596205 0.011369232088327406 -0.009014761075377468
v 0.0060716164298355605 0.011489593423902987 -0.008095514960587028
v 0.00735053047537804 0.012260060757398604 -0.00882250908762217
v 0.00607948284596205 0.011369232088327406 -0.009014761075377468
v 0.00735053047537804 0.012260060757398604 -0.00882250908762217
v 0.006149200256913903 0.011245501227676867 -0.009640711359679702
v 0.006149200256913903 0.011245501227676867 -0.009640711359679702
v 0.00735053047537804 0.012260060757398604 -0.00882250908762217
v 0.007422516122460369 0.012117751874029635 -0.009593090973794464
v 0.006149200256913903 0.011245501227676867 -0.009640711359679702
v 0.007422516122460369 0.012117751874029635 -0.009593090973794464
v 0.006203067954629662 0.011148640885949133 -0.009981276467442518
v 0.006203067954629662 0.011148640885949133 -0.009981276467442518
v 0.007422516122460369 0.012117751874029635 -0.009593090973794464
v 0.0075612566433846985 0.011861703358590601 -0.010372763499617582
v 0.006203067954629662 0.011148640885949133 -0.009981276467442518
v 0.0075612566433846985 0.011861703358590601 -0.010372763499617582
v 0.006298117805272343 0.010976656340062617 -0.010445035062730318
v 0.006298117805272343 0.010976656340062617 -0.010445035062730318
v 0.0075612566433846985 0.011861703358590601 -0.010372763499617582
v 0.006410823669284585 0.010771816596388815 -0.01086790300905705
v 0.008073886856436733 0.007738696876913308 -0.012889042496681219
v 0.007845295593142513 0.008155592717230318 -0.01282604411244393
v 0.008781465701758865 0.008336469531059263 -0.0127981398254633
v 0.008781465701758865 0.008336469531059263 -0.0127981398254633
v 0.007845295593142513 0.008155592717230318 -0.01282604411244393
v 0.007620761636644605 0.008565003052353857 -0.012723581865429883
v 0.008781465701758865 0.008336469531059263 -0.0127981398254633
v 0.007620761636644605 0.008565003052353857 -0.012723581865429883
v 0.00928214937448502 0.008732661604881285 -0.012731150723993783
v 0.006523544900119307 0.010566505603492258 -0.011207108385860925
v 0.007776156999170784 0.011471481062471865 -0.011109612882137304
v 0.006713581271469596 0.010219925083220003 -0.011656528338789945
v 0.006713581271469596 0.010219925083220003 -0.011656528338789945
v 0.007776156999170784 0.011471481062471865 -0.011109612882137304
v 0.007912189699709419 0.011224643327295778 -0.01144426036626101
v 0.006713581271469596 0.010219925083220003 -0.011656528338789945
v 0.007912189699709419 0.011224643327295778 -0.01144426036626101
v 0.006826027762144807 0.010014750994741915 -0.011870203539729124
v 0.006826027762144807 0.010014750994741915 -0.011870203539729124
v 0.007912189699709419 0.011224643327295778 -0.01144426036626101
v 0.008066302165389064 0.010944597423076628 -0.01174763217568398
v 0.006826027762144807 0.010014750994741915 -0.011870203539729124
v 0.008066302165389064 0.010944597423076628 -0.01174763217568398
v 0.007097117602825168 0.009520085528492926 -0.012270480394363409
v 0.007097117602825168 0.009520085528492926 -0.012270480394363409
v 0.008066302165389064 0.010944597423076628 -0.01174763217568398
v 0.00823728553950787 0.010633420199155806 -0.012014345265924936
v 0.007097117602825168 0.009520085528492926 -0.012270480394363409
v 0.00823728553950787 0.010633420199155806 -0.012014345265924936
v 0.007197170983999971 0.009337545372545717 -0.01238529291003943
v 0.007197170983999971 0.009337545372545717 -0.01238529291003943
v 0.00823728553950787 0.010633420199155806 -0.012014345265924936
v 0.008423605933785442 0.010293978266417978 -0.012240480631589895
v 0.007197170983999971 0.009337545372545717 -0.01238529291003943
v 0.008423605933785442 0.010293978266417978 -0.012240480631589895
v 0.0075229099020361935 0.008743421174585818 -0.012663930654525762
v 0.0075229099020361935 0.008743421174585818 -0.012663930654525762
v 0.008423605933785442 0.010293978266417978 -0.012240480631589895
v 0.008623437024652961 0.009929826483130453 -0.012424007989466196
v 0.0075229099020361935 0.008743421174585818 -0.012663930654525762
v 0.008623437024652961 0.009929826483130453 -0.012424007989466196
v 0.007620761636644605 0.008565003052353857 -0.012723581865429883
v 0.007620761636644605 0.008565003052353857 -0.012723581865429883
v 0.008623437024652961 0.009929826483130453 -0.012424007989466196
v 0.008834717795252803 0.009545130655169485 -0.01256521232426167
v 0.007620761636644605 0.008565003052353857 -0.012723581865429883
v 0.008834717795252803 0.009545130655169485 -0.01256521232426167
v 0.00928214937448502 0.008732661604881285 -0.012731150723993783
v 0.009461953304708007 0.013533816672861574 -0.008095546625554565
v 0.011046567000448709 0.014267023652791975 -0.00809555780142546
v 0.009933357127010828 0.013693320564925669 -0.008766007609665397
v 0.009933357127010828 0.013693320564925669 -0.008766007609665397
v 0.011046567000448709 0.014267023652791975 -0.00809555780142546
v 0.011056903749704366 0.014224552549421786 -0.008578482083976272
v 0.009933357127010828 0.013693320564925669 -0.008766007609665397
v 0.011056903749704366 0.014224552549421786 -0.008578482083976272
v 0.01004349254071713 0.013590544462203978 -0.009478543885052208
v 0.01004349254071713 0.013590544462203978 -0.009478543885052208
v 0.011056903749704366 0.014224552549421786 -0.008578482083976272
v 0.011141750961542135 0.01406322047114372 -0.009496479295194152
v 0.01004349254071713 0.013590544462203978 -0.009478543885052208
v 0.011141750961542135 0.01406322047114372 -0.009496479295194152
v 0.0102217048406601 0.013392014428973196 -0.010198575444519525
v 0.011141750961542135 0.01406322047114372 -0.009496479295194152
v 0.011276759207248693 0.01384885050356388 -0.010153399780392652
v 0.0102217048406601 0.013392014428973196 -0.010198575444519525
v 0.0102217048406601 0.013392014428973196 -0.010198575444519525
v 0.011276759207248693 0.01384885050356388 -0.010153399780392652
v 0.011328781954944139 0.013767627999186514 -0.01034018956124783
v 0.0102217048406601 0.013392014428973196 -0.010198575444519525
v 0.011328781954944139 0.013767627999186514 -0.01034018956124783
v 0.010474634356796747 0.013075159862637518 -0.01087398454546929
v 0.010474634356796747 0.013075159862637518 -0.01087398454546929
v 0.011328781954944139 0.013767627999186514 -0.01034018956124783
v 0.011493897996842866 0.013508424162864683 -0.010812778957188135
v 0.010474634356796747 0.013075159862637518 -0.01087398454546929
v 0.011493897996842866 0.013508424162864683 -0.010812778957188135
v 0.010628378018736844 0.012868992052972315 -0.0111775603145361
v 0.010628378018736844 0.012868992052972315 -0.0111775603145361
v 0.011493897996842866 0.013508424162864683 -0.010812778957188135
v 0.011619816534221178 0.01330811809748411 -0.011090970598161226
v 0.010628378018736844 0.012868992052972315 -0.0111775603145361
v 0.011619816534221178 0.01330811809748411 -0.011090970598161226
v 0.011628405191004281 0.013294364325702189 -0.01110798586159945
v 0.007683166302740577 0.012549892067909239 -0.008095527999103073
v 0.00861766375601292 0.013088750652968882 -0.008095537312328819
v 0.00735053047537804 0.012260060757398604 -0.00882250908762217
v 0.00735053047537804 0.012260060757398604 -0.00882250908762217
v 0.00861766375601292 0.013088750652968882 -0.008095537312328819
v 0.008661596104502681 0.013035107403993605 -0.008792957291007045
v 0.00735053047537804 0.012260060757398604 -0.00882250908762217
v 0.008661596104502681 0.013035107403993605 -0.008792957291007045
v 0.007422516122460369 0.012117751874029635 -0.009593090973794464
v 0.007422516122460369 0.012117751874029635 -0.009593090973794464
v 0.008661596104502681 0.013035107403993605 -0.008792957291007045
v 0.00874930247664452 0.01291652489453554 -0.009532533586025242
v 0.007422516122460369 0.012117751874029635 -0.009593090973794464
v 0.00874930247664452 0.01291652489453554 -0.009532533586025242
v 0.0075612566433846985 0.011861703358590601 -0.010372763499617582
v 0.0075612566433846985 0.011861703358590601 -0.010372763499617582
v 0.00874930247664452 0.01291652489453554 -0.009532533586025242
v 0.008903509005904201 0.012695721350610254 -0.010280555114150053
v 0.0075612566433846985 0.011861703358590601 -0.010372763499617582
v 0.008903509005904201 0.012695721350610254 -0.010280555114150053
v 0.007776156999170784 0.011471481062471865 -0.011109612882137304
v 0.007776156999170784 0.011471481062471865 -0.011109612882137304
v 0.008903509005904201 0.012695721350610254 -0.010280555114150053
v 0.009133031591773037 0.012349365279078482 -0.010985514149069791
v 0.007776156999170784 0.011471481062471865 -0.011109612882137304
v 0.009133031591773037 0.012349365279078482 -0.010985514149069791
v 0.007912189699709419 0.011224643327295778 -0.01144426036626101
v 0.007912189699709419 0.011224643327295778 -0.01144426036626101
v 0.009133031591773037 0.012349365279078482 -0.010985514149069791
v 0.009275906719267372 0.01212593913078308 -0.01130431797355414
v 0.007912189699709419 0.011224643327295778 -0.01144426036626101
v 0.009275906719267372 0.01212593913078308 -0.01130431797355414
v 0.008066302165389064 0.010944597423076628 -0.01174763217568398
v 0.008066302165389064 0.010944597423076628 -0.01174763217568398
v 0.009275906719267372 0.01212593913078308 -0.01130431797355414
v 0.009436600841581825 0.01186920143663883 -0.011592262424528604
v 0.008066302165389064 0.010944597423076628 -0.01174763217568398
v 0.009436600841581825 0.01186920143663883 -0.011592262424528604
v 0.00823728553950787 0.010633420199155806 -0.012014345265924936
v 0.00823728553950787 0.010633420199155806 -0.012014345265924936
v 0.009436600841581825 0.01186920143663883 -0.011592262424528604
v 0.009614101611077789 0.011580378748476504 -0.011844472028315072
v 0.00823728553950787 0.010633420199155806 -0.012014345265924936
v 0.009614101611077789 0.011580378748476504 -0.011844472028315072
v 0.008423605933785442 0.010293978266417978 -0.012240480631589895
v 0.008423605933785442 0.010293978266417978 -0.012240480631589895
v 0.009614101611077789 0.011580378748476504 -0.011844472028315072
v 0.00980727374553681 0.011261470615863798 -0.012057786807417875
v 0.008423605933785442 0.010293978266417978 -0.012240480631589895
v 0.00980727374553681 0.011261470615863798 -0.012057786807417875
v 0.008623437024652961 0.009929826483130453 -0.012424007989466196
v 0.008623437024652961 0.009929826483130453 -0.012424007989466196
v 0.00980727374553681 0.011261470615863798 -0.012057786807417875
v 0.01001495029777289 0.010915150865912436 -0.012231221422553068
v 0.008623437024652961 0.009929826483130453 -0.012424007989466196
v 0.01001495029777289 0.010915150865912436 -0.012231221422553068
v 0.008834717795252803 0.009545130655169485 -0.01256521232426167
v 0.008834717795252803 0.009545130655169485 -0.01256521232426167
v 0.01001495029777289 0.010915150865912436 -0.012231221422553068
v 0.010236044414341455 0.010544680990278719 -0.012366425246000295
v 0.008834717795252803 0.009545130655169485 -0.01256521232426167
v 0.010236044414341455 0.010544680990278719 -0.012366425246000295
v 0.00928214937448502 0.008732661604881285 -0.012731150723993783
v 0.00928214937448502 0.008732661604881285 -0.012731150723993783
v 0.010236044414341455 0.010544680990278719 -0.012366425246000295
v 0.010630742646753793 0.009690248407423495 -0.01254525780677796
v 0.016687372699379928 0.013214099220931528 -0.011323492042720323
v 0.01732738874852658 0.012293580919504164 -0.01135507225990296
v 0.015803419053554542 0.012730013579130171 -0.01159637793898583
v 0.015803419053554542 0.012730013579130171 -0.01159637793898583
v 0.01732738874852658 0.012293580919504164 -0.01135507225990296
v 0.016448840498924262 0.011749187484383581 -0.011642582714557653
v 0.015803419053554542 0.012730013579130171 -0.01159637793898583
v 0.016448840498924262 0.011749187484383581 -0.011642582714557653
v 0.015786699950695045 0.01272078789770603 -0.011601046659052377
v 0.015786699950695045 0.01272078789770603 -0.011601046659052377
v 0.016448840498924262 0.011749187484383581 -0.011642582714557653
v 0.01547121815383435 0.011240775696933268 -0.011884659528732305
v 0.015786699950695045 0.01272078789770603 -0.011601046659052377
v 0.01547121815383435 0.011240775696933268 -0.011884659528732305
v 0.014839604496955879 0.012194017879664896 -0.011842628940939908
v 0.014839604496955879 0.012194017879664896 -0.011842628940939908
v 0.01547121815383435 0.011240775696933268 -0.011884659528732305
v 0.013885349035263068 0.01165482774376869 -0.012048479169607168
v 0.013885349035263068 0.01165482774376869 -0.012048479169607168
v 0.01547121815383435 0.011240775696933268 -0.011884659528732305
v 0.014454281888902194 0.010747838765382765 -0.012086825445294385
v 0.013885349035263068 0.01165482774376869 -0.012048479169607168
v 0.014454281888902194 0.010747838765382765 -0.012086825445294385
v 0.01387963071465493 0.011651569977402685 -0.012049607932567602
v 0.01387963071465493 0.011651569977402685 -0.012049607932567602
v 0.014454281888902194 0.010747838765382765 -0.012086825445294385
v 0.013486968353390699 0.01024032849818468 -0.012246241793036466
v 0.01387963071465493 0.011651569977402685 -0.012049607932567602
v 0.013486968353390699 0.01024032849818468 -0.012246241793036466
v 0.01295386347919703 0.011119970120489596 -0.012212657369673257
v 0.014082198031246669 0.00925819482654333 -0.012205292470753198
v 0.013486968353390699 0.01024032849818468 -0.012246241793036466
v 0.015071144327521331 0.0097912335768342 -0.01204560417681933
v 0.015071144327521331 0.0097912335768342 -0.01204560417681933
v 0.013486968353390699 0.01024032849818468 -0.012246241793036466
v 0.014454281888902194 0.010747838765382765 -0.012086825445294385
v 0.015071144327521331 0.0097912335768342 -0.01204560417681933
v 0.014454281888902194 0.010747838765382765 -0.012086825445294385
v 0.01611102186143399 0.010305529460310934 -0.011837402358651166
v 0.01611102186143399 0.010305529460310934 -0.011837402358651166
v 0.014454281888902194 0.010747838765382765 -0.012086825445294385
v 0.01547121815383435 0.011240775696933268 -0.011884659528732305
v 0.01611102186143399 0.010305529460310934 -0.011837402358651166
v 0.01547121815383435 0.011240775696933268 -0.011884659528732305
v 0.01709864847362042 0.010841118171811102 -0.011588599532842641
v 0.01709864847362042 0.010841118171811102 -0.011588599532842641
v 0.01547121815383435 0.011240775696933268 -0.011884659528732305
v 0.016448840498924262 0.011749187484383581 -0.011642582714557653
v 0.01709864847362042 0.010841118171811102 -0.011588599532842641
v 0.016448840498924262 0.011749187484383581 -0.011642582714557653
v 0.017968872562050826 0.011426733806729315 -0.011299418285489088
v 0.017968872562050826 0.011426733806729315 -0.011299418285489088
v 0.016448840498924262 0.011749187484383581 -0.011642582714557653
v 0.01732738874852658 0.012293580919504164 -0.01135507225990296
v 0.014538757503032691 0.008504867553710936 -0.012115500867366796
v 0.014082198031246669 0.00925819482654333 -0.012205292470753198
v 0.015537675470113761 0.009070142172276972 -0.011951685883104806
v 0.015537675470113761 0.009070142172276972 -0.011951685883104806
v 0.014082198031246669 0.00925819482654333 -0.012205292470753198
v 0.015071144327521331 0.0097912335768342 -0.01204560417681933
v 0.015537675470113761 0.009070142172276972 -0.011951685883104806
v 0.015071144327521331 0.0097912335768342 -0.01204560417681933
v 0.01657704636454583 0.009628309868276117 -0.01173570659011603
v 0.01657704636454583 0.009628309868276117 -0.01173570659011603
v 0.015071144327521331 0.0097912335768342 -0.01204560417681933
v 0.01611102186143399 0.010305529460310934 -0.011837402358651166
v 0.01657704636454583 0.009628309868276117 -0.01173570659011603
v 0.01611102186143399 0.010305529460310934 -0.011837402358651166
v 0.017567478120327003 0.010196059942245482 -0.011478043161332612
v 0.017567478120327003 0.010196059942245482 -0.011478043161332612
v 0.01611102186143399 0.010305529460310934 -0.011837402358651166
v 0.01709864847362042 0.010841118171811102 -0.011588599532842641
v 0.017567478120327003 0.010196059942245482 -0.011478043161332612
v 0.01709864847362042 0.010841118171811102 -0.011588599532842641
v 0.01845670863986016 0.010787284933030604 -0.011183934286236768
v 0.01845670863986016 0.010787284933030604 -0.011183934286236768
v 0.01709864847362042 0.010841118171811102 -0.011588599532842641
v 0.017968872562050826 0.011426733806729315 -0.011299418285489088
v 0.014834869652986533 0.008016280829906462 -0.011983956210315233
v 0.014538757503032691 0.008504867553710936 -0.012115500867366796
v 0.01582863926887513 0.008616141974925993 -0.011821695603430276
v 0.01582863926887513 0.008616141974925993 -0.011821695603430276
v 0.014538757503032691 0.008504867553710936 -0.012115500867366796
v 0.015537675470113761 0.009070142172276972 -0.011951685883104806
v 0.01582863926887513 0.008616141974925993 -0.011821695603430276
v 0.015537675470113761 0.009070142172276972 -0.011951685883104806
v 0.01684622466564179 0.009232363663613794 -0.011615029536187654
v 0.01684622466564179 0.009232363663613794 -0.011615029536187654
v 0.015537675470113761 0.009070142172276972 -0.011951685883104806
v 0.01657704636454583 0.009628309868276117 -0.01173570659011603
v 0.01684622466564179 0.009232363663613794 -0.011615029536187654
v 0.01657704636454583 0.009628309868276117 -0.01173570659011603
v 0.01783162914216519 0.00983346253633499 -0.011360598728060728
v 0.01783162914216519 0.00983346253633499 -0.011360598728060728
v 0.01657704636454583 0.009628309868276117 -0.01173570659011603
v 0.017567478120327003 0.010196059942245482 -0.011478043161332612
v 0.01783162914216519 0.00983346253633499 -0.011360598728060728
v 0.017567478120327003 0.010196059942245482 -0.011478043161332612
v 0.018753835931420333 0.010401167906820772 -0.011055497452616697
v 0.018753835931420333 0.010401167906820772 -0.011055497452616697
v 0.017567478120327003 0.010196059942245482 -0.011478043161332612
v 0.01845670863986016 0.010787284933030604 -0.011183934286236768
v 0.01930303685367108 0.014600364491343496 -0.004370851907879116
v 0.01933673210442067 0.014632164500653742 -0.005990211386233571
v 0.018729973584413535 0.01493906509131193 -0.004370820708572866
v 0.018729973584413535 0.01493906509131193 -0.004370820708572866
v 0.01933673210442067 0.014632164500653742 -0.005990211386233571
v 0.0185785610228777 0.015064365230500696 -0.005990211386233571
v 0.017507206648588187 0.0154006564989686 -0.004370824433863165
v 0.017754351720213897 0.015333656221628187 -0.004370818845927717
v 0.01777756772935391 0.015373087488114832 -0.005990211386233571
v 0.01777756772935391 0.015373087488114832 -0.005990211386233571
v 0.017754351720213897 0.015333656221628187 -0.004370818845927717
v 0.017950717359781272 0.015271519310772417 -0.004370814654976131
v 0.01777756772935391 0.015373087488114832 -0.005990211386233571
v 0.017950717359781272 0.015271519310772417 -0.004370814654976131
v 0.0185785610228777 0.015064365230500696 -0.005990211386233571
v 0.0185785610228777 0.015064365230500696 -0.005990211386233571
v 0.017950717359781272 0.015271519310772417 -0.004370814654976131
v 0.018439739942550666 0.015079924836754797 -0.004370812326669695
v 0.0185785610228777 0.015064365230500696 -0.005990211386233571
v 0.018439739942550666 0.015079924836754797 -0.004370812326669695
v 0.018729973584413535 0.01493906509131193 -0.004370820708572866
v 0.017507206648588187 0.0154006564989686 -0.004370824433863165
v 0.01777756772935391 0.015373087488114832 -0.005990211386233571
v 0.01693889312446118 0.01551003288477659 -0.004370834212750198
v 0.01693889312446118 0.01551003288477659 -0.004370834212750198
v 0.01777756772935391 0.015373087488114832 -0.005990211386233571
v 0.016881549730896957 0.01556293200701475 -0.005990211386233571
v 0.01693889312446118 0.01551003288477659 -0.004370834212750198
v 0.016881549730896957 0.01556293200701475 -0.005990211386233571
v 0.016864860430359847 0.015519887208938597 -0.004370835144072773
v 0.016864860430359847 0.015519887208938597 -0.004370835144072773
v 0.016881549730896957 0.01556293200701475 -0.005990211386233571
v 0.015910375863313682 0.015607555396854876 -0.005990211386233571
v 0.016864860430359847 0.015519887208938597 -0.004370835144072773
v 0.015910375863313682 0.015607555396854876 -0.005990211386233571
v 0.016453653573989875 0.015557041391730307 -0.004370835144072773
v 0.015711858868598945 0.015552948229014872 -0.004370820708572866
v 0.016453653573989875 0.015557041391730307 -0.004370835144072773
v 0.015720184892416007 0.01559852249920368 -0.005990211386233571
v 0.015720184892416007 0.01559852249920368 -0.005990211386233571
v 0.016453653573989875 0.015557041391730307 -0.004370835144072773
v 0.015910375863313682 0.015607555396854876 -0.005990211386233571
v 0.015720184892416007 0.01559852249920368 -0.005990211386233571
v 0.015910375863313682 0.015607555396854876 -0.005990211386233571
v 0.015711858868598945 0.015552949160337446 -0.007629151921719316
v 0.015711858868598945 0.015552949160337446 -0.007629151921719316
v 0.015910375863313682 0.015607555396854876 -0.005990211386233571
v 0.015900747850537307 0.01556221768260002 -0.007629151921719316
v 0.015900747850537307 0.01556221768260002 -0.007629151921719316
v 0.015910375863313682 0.015607555396854876 -0.005990211386233571
v 0.016881549730896957 0.01556293200701475 -0.005990211386233571
v 0.015900747850537307 0.01556221768260002 -0.007629151921719316
v 0.016881549730896957 0.01556293200701475 -0.005990211386233571
v 0.016864860430359847 0.015519888140261172 -0.007629160303622488
v 0.016864860430359847 0.015519888140261172 -0.007629160303622488
v 0.016881549730896957 0.01556293200701475 -0.005990211386233571
v 0.01777756772935391 0.015373087488114832 -0.005990211386233571
v 0.016864860430359847 0.015519888140261172 -0.007629160303622488
v 0.01777756772935391 0.015373087488114832 -0.005990211386233571
v 0.017754351720213897 0.015333656221628187 -0.007629183121025566
v 0.017754351720213897 0.015333656221628187 -0.007629183121025566
v 0.01777756772935391 0.015373087488114832 -0.005990211386233571
v 0.0185785610228777 0.015064365230500696 -0.005990211386233571
v 0.017754351720213897 0.015333656221628187 -0.007629183121025566
v 0.0185785610228777 0.015064365230500696 -0.005990211386233571
v 0.018549488857388503 0.015029162168502806 -0.007629189174622301
v 0.018549488857388503 0.015029162168502806 -0.007629189174622301
v 0.0185785610228777 0.015064365230500696 -0.005990211386233571
v 0.01933673210442067 0.014632164500653742 -0.005990211386233571
v 0.018549488857388503 0.015029162168502806 -0.007629189174622301
v 0.01933673210442067 0.014632164500653742 -0.005990211386233571
v 0.01930303685367108 0.014600364491343496 -0.007629151921719316
v 0.006474093999713662 0.010656610131263731 -0.0009334765491075818
v 0.007790104020386938 0.011465832591056822 -0.0008743939106352632
v 0.007671426050364975 0.011681000702083109 -0.0012349885655567056
v 0.009860851801931863 0.009160704910755156 0.0006521182949654761
v 0.010732202790677553 0.009757296182215212 0.000531054276507348
v 0.010272757150232797 0.010524152778089045 0.0003736612270586194
v 0.011250079609453683 0.013890571892261503 -0.0019527467666193852
v 0.011135749518871313 0.01407315209507942 -0.0025432431139051927
v 0.01006725430488587 0.013599349185824392 -0.0025135462637990726
v 0.011096940375864511 0.014140048064291475 -0.0028502331115305437
v 0.011065223254263406 0.014203363098204134 -0.0032456717453897012
v 0.009955797344446187 0.013703501783311365 -0.0032302211038768304
v 0.011065223254263406 0.014203363098204134 -0.0032456717453897012
v 0.011046567000448709 0.014267023652791975 -0.0039044453296810406
v 0.009955797344446187 0.013703501783311365 -0.0032302211038768304
v 0.009955797344446187 0.013703501783311365 -0.0032302211038768304
v 0.011046567000448709 0.014267023652791975 -0.0039044453296810406
v 0.009461953304708007 0.013533816672861574 -0.003904457204043867
v 0.009955797344446187 0.013703501783311365 -0.0032302211038768304
v 0.009461953304708007 0.013533816672861574 -0.003904457204043867
v 0.008633008226752285 0.0130971847102046 -0.0039044655859470385
v 0.011226137168705469 0.012053703889250754 -0.0001027614998747595
v 0.011809513904154306 0.013002275489270685 -0.0005807753768749537
v 0.011021675541996961 0.01235475670546293 -0.00030040956335142266
v 0.011021675541996961 0.01235475670546293 -0.00030040956335142266
v 0.011809513904154306 0.013002275489270685 -0.0005807753768749537
v 0.011788243427872663 0.013036767952144144 -0.0006130652618594471
v 0.011021675541996961 0.01235475670546293 -0.00030040956335142266
v 0.011788243427872663 0.013036767952144144 -0.0006130652618594471
v 0.010832496918737894 0.012626723386347292 -0.0005365566466934981
v 0.010832496918737894 0.012626723386347292 -0.0005365566466934981
v 0.011788243427872663 0.013036767952144144 -0.0006130652618594471
v 0.011636129580438142 0.013281992636620997 -0.0008769126725383107
v 0.010832496918737894 0.012626723386347292 -0.0005365566466934981
v 0.011636129580438142 0.013281992636620997 -0.0008769126725383107
v 0.010659612715244298 0.012867752462625502 -0.0008087184396572414
v 0.010659612715244298 0.012867752462625502 -0.0008087184396572414
v 0.011636129580438142 0.013281992636620997 -0.0008769126725383107
v 0.011493897996842866 0.013508424162864683 -0.0011872242903336887
v 0.010659612715244298 0.012867752462625502 -0.0008087184396572414
v 0.011493897996842866 0.013508424162864683 -0.0011872242903336887
v 0.010503986850380903 0.01307668164372444 -0.0011124297743663196
v 0.010503986850380903 0.01307668164372444 -0.0011124297743663196
v 0.011493897996842866 0.013508424162864683 -0.0011872242903336887
v 0.011280020698904996 0.013843757100403307 -0.0018341600662097344
v 0.010503986850380903 0.01307668164372444 -0.0011124297743663196
v 0.011280020698904996 0.013843757100403307 -0.0018341600662097344
v 0.010247816331684595 0.013397978618741034 -0.0017898756777867684
v 0.011677363887429243 0.011374511756002901 0.00018014031229540714
v 0.011879672296345239 0.010482418350875376 0.0003686725976876916
v 0.01295386347919703 0.011119970120489596 0.00021265418035909542
v 0.01295386347919703 0.011119970120489596 0.00021265418035909542
v 0.012690994888544088 0.011555328965187071 0.0001389535027556122
v 0.011677363887429243 0.011374511756002901 0.00018014031229540714
v 0.011677363887429243 0.011374511756002901 0.00018014031229540714
v 0.012690994888544088 0.011555328965187071 0.0001389535027556122
v 0.012535181827843194 0.011811789125204085 7.265403837664056e-05
v 0.011677363887429243 0.011374511756002901 0.00018014031229540714
v 0.012535181827843194 0.011811789125204085 7.265403837664056e-05
v 0.011444957926869398 0.011725999414920805 5.641223833663392e-05
v 0.011444957926869398 0.011725999414920805 5.641223833663392e-05
v 0.012535181827843194 0.011811789125204085 7.265403837664056e-05
v 0.01221995241940022 0.01233059726655483 -0.000124392390716821
v 0.011444957926869398 0.011725999414920805 5.641223833663392e-05
v 0.01221995241940022 0.01233059726655483 -0.000124392390716821
v 0.011226137168705469 0.012053703889250754 -0.0001027614998747595
v 0.011226137168705469 0.012053703889250754 -0.0001027614998747595
v 0.01221995241940022 0.01233059726655483 -0.000124392390716821
v 0.012136110104620462 0.012468405067920683 -0.00019571866141632207
v 0.011226137168705469 0.012053703889250754 -0.0001027614998747595
v 0.012136110104620462 0.012468405067920683 -0.00019571866141632207
v 0.011809513904154306 0.013002275489270685 -0.0005807753768749537
v 0.008073886856436733 0.007738696876913308 0.0008890388417057697
v 0.009290087036788467 0.0087387403473258 0.0007300727884285155
v 0.007845295593142513 0.008155592717230318 0.0008260409231297675
v 0.007845295593142513 0.008155592717230318 0.0008260409231297675
v 0.009290087036788467 0.0087387403473258 0.0007300727884285155
v 0.008860771544277671 0.009518055245280264 0.0005741246859543028
v 0.006474093999713662 0.010656610131263731 -0.0009334765491075818
v 0.007671426050364975 0.011681000702083109 -0.0012349885655567056
v 0.006298117805272343 0.010976656340062617 -0.001554968184791506
v 0.006066227797418835 0.011392311193048952 -0.003153973957523705
v 0.0060665654018521335 0.011391724459826945 -0.0031493154820054783
v 0.007358638104051355 0.012264421209692953 -0.0031731433700770153
v 0.007358638104051355 0.012264421209692953 -0.0031731433700770153
v 0.0060665654018521335 0.011391724459826945 -0.0031493154820054783
v 0.0074315932579338585 0.012120455503463743 -0.002397855510935188
v 0.007358638104051355 0.012264421209692953 -0.0031731433700770153
v 0.0074315932579338585 0.012120455503463743 -0.002397855510935188
v 0.008766724728047851 0.012923514470458029 -0.0024591961409896625
v 0.0060665654018521335 0.011391724459826945 -0.0031493154820054783
v 0.006100370083004239 0.01133246812969446 -0.0027623195201158537
v 0.0074315932579338585 0.012120455503463743 -0.002397855510935188
v 0.0074315932579338585 0.012120455503463743 -0.002397855510935188
v 0.006100370083004239 0.01133246812969446 -0.0027623195201158537
v 0.006149200256913903 0.011245501227676867 -0.002359292237088085
v 0.0074315932579338585 0.012120455503463743 -0.002397855510935188
v 0.006149200256913903 0.011245501227676867 -0.002359292237088085
v 0.007572290021926168 0.011861107312142847 -0.0016139404615387327
v 0.007572290021926168 0.011861107312142847 -0.0016139404615387327
v 0.006149200256913903 0.011245501227676867 -0.002359292237088085
v 0.00624539749696851 0.011072169989347456 -0.001795790041796864
v 0.008766724728047851 0.012923514470458029 -0.0024591961409896625
v 0.0074315932579338585 0.012120455503463743 -0.002397855510935188
v 0.008923288434743885 0.01270005665719509 -0.0017073395429179079
v 0.008923288434743885 0.01270005665719509 -0.0017073395429179079
v 0.0074315932579338585 0.012120455503463743 -0.002397855510935188
v 0.007572290021926168 0.011861107312142847 -0.0016139404615387327
v 0.008923288434743885 0.01270005665719509 -0.0017073395429179079
v 0.007572290021926168 0.011861107312142847 -0.0016139404615387327
v 0.009156102314591411 0.012349363416433333 -0.0010000955080613498
v 0.011135749518871313 0.01407315209507942 -0.0025432431139051927
v 0.011096940375864511 0.014140048064291475 -0.0028502331115305437
v 0.01006725430488587 0.013599349185824392 -0.0025135462637990726
v 0.01006725430488587 0.013599349185824392 -0.0025135462637990726
v 0.011096940375864511 0.014140048064291475 -0.0028502331115305437
v 0.009955797344446187 0.013703501783311365 -0.0032302211038768304
v 0.01006725430488587 0.013599349185824392 -0.0025135462637990726
v 0.009955797344446187 0.013703501783311365 -0.0032302211038768304
v 0.008677626028656963 0.013043287210166453 -0.003203076543286444
v 0.008677626028656963 0.013043287210166453 -0.003203076543286444
v 0.009955797344446187 0.013703501783311365 -0.0032302211038768304
v 0.008633008226752285 0.0130971847102046 -0.0039044655859470385
v 0.008677626028656963 0.013043287210166453 -0.003203076543286444
v 0.008633008226752285 0.0130971847102046 -0.0039044655859470385
v 0.007683166302740577 0.012549892067909239 -0.003904475364834072
v 0.010732202790677553 0.009757296182215212 0.000531054276507348
v 0.011879672296345239 0.010482418350875376 0.0003686725976876916
v 0.010272757150232797 0.010524152778089045 0.0003736612270586194
v 0.010272757150232797 0.010524152778089045 0.0003736612270586194
v 0.011879672296345239 0.010482418350875376 0.0003686725976876916
v 0.011677363887429243 0.011374511756002901 0.00018014031229540714
v 0.010272757150232797 0.010524152778089045 0.0003736612270586194
v 0.011677363887429243 0.011374511756002901 0.00018014031229540714
v 0.01004911027848721 0.010898433625698088 0.00024068838683888327
v 0.01004911027848721 0.010898433625698088 0.00024068838683888327
v 0.011677363887429243 0.011374511756002901 0.00018014031229540714
v 0.011444957926869398 0.011725999414920805 5.641223833663392e-05
v 0.01004911027848721 0.010898433625698088 0.00024068838683888327
v 0.011444957926869398 0.011725999414920805 5.641223833663392e-05
v 0.009838983416557317 0.011248523369431494 6.932502583367753e-05
v 0.009838983416557317 0.011248523369431494 6.932502583367753e-05
v 0.011444957926869398 0.011725999414920805 5.641223833663392e-05
v 0.011226137168705469 0.012053703889250754 -0.0001027614998747595
v 0.009838983416557317 0.011248523369431494 6.932502583367753e-05
v 0.011226137168705469 0.012053703889250754 -0.0001027614998747595
v 0.009643460623919967 0.011571064591407774 -0.00014233804540708667
v 0.009643460623919967 0.011571064591407774 -0.00014233804540708667
v 0.011226137168705469 0.012053703889250754 -0.0001027614998747595
v 0.011021675541996961 0.01235475670546293 -0.00030040956335142266
v 0.009643460623919967 0.011571064591407774 -0.00014233804540708667
v 0.011021675541996961 0.01235475670546293 -0.00030040956335142266
v 0.009463723748922351 0.011863304302096365 -0.00039348221616819517
v 0.009463723748922351 0.011863304302096365 -0.00039348221616819517
v 0.011021675541996961 0.01235475670546293 -0.00030040956335142266
v 0.010832496918737894 0.012626723386347292 -0.0005365566466934981
v 0.009463723748922351 0.011863304302096365 -0.00039348221616819517
v 0.010832496918737894 0.012626723386347292 -0.0005365566466934981
v 0.009300920180976394 0.012123163789510725 -0.0006810243357904259
v 0.009300920180976394 0.012123163789510725 -0.0006810243357904259
v 0.010832496918737894 0.012626723386347292 -0.0005365566466934981
v 0.010659612715244298 0.012867752462625502 -0.0008087184396572414
v 0.009300920180976394 0.012123163789510725 -0.0006810243357904259
v 0.010659612715244298 0.012867752462625502 -0.0008087184396572414
v 0.009156102314591411 0.012349363416433333 -0.0010000955080613498
v 0.009156102314591411 0.012349363416433333 -0.0010000955080613498
v 0.010659612715244298 0.012867752462625502 -0.0008087184396572414
v 0.010503986850380903 0.01307668164372444 -0.0011124297743663196
v 0.009156102314591411 0.012349363416433333 -0.0010000955080613498
v 0.010503986850380903 0.01307668164372444 -0.0011124297743663196
v 0.008923288434743885 0.01270005665719509 -0.0017073395429179079
v 0.008923288434743885 0.01270005665719509 -0.0017073395429179079
v 0.010503986850380903 0.01307668164372444 -0.0011124297743663196
v 0.010247816331684595 0.013397978618741034 -0.0017898756777867684
v 0.008923288434743885 0.01270005665719509 -0.0017073395429179079
v 0.010247816331684595 0.013397978618741034 -0.0017898756777867684
v 0.008766724728047851 0.012923514470458029 -0.0024591961409896625
v 0.008647372946143154 0.0099064614623785 0.00043545820517465494
v 0.007523754145950082 0.008741884492337702 0.0006644839304499331
v 0.008860771544277671 0.009518055245280264 0.0005741246859543028
v 0.008860771544277671 0.009518055245280264 0.0005741246859543028
v 0.007523754145950082 0.008741884492337702 0.0006644839304499331
v 0.007639377377927307 0.00853105168789625 0.0007338325376622382
v 0.008860771544277671 0.009518055245280264 0.0005741246859543028
v 0.007639377377927307 0.00853105168789625 0.0007338325376622382
v 0.007845295593142513 0.008155592717230318 0.0008260409231297675
v 0.008256967179477218 0.010617621243000029 2.961156860692428e-05
v 0.007077880669385198 0.009555175900459288 0.00024657760513946425
v 0.008445398882031444 0.010274407453835009 0.00025411712704226385
v 0.008445398882031444 0.010274407453835009 0.00025411712704226385
v 0.007077880669385198 0.009555175900459288 0.00024657760513946425
v 0.007403693627566103 0.008960829116404055 0.0005772008444182577
v 0.008445398882031444 0.010274407453835009 0.00025411712704226385
v 0.007403693627566103 0.008960829116404055 0.0005772008444182577
v 0.008647372946143154 0.0099064614623785 0.00043545820517465494
v 0.008647372946143154 0.0099064614623785 0.00043545820517465494
v 0.007403693627566103 0.008960829116404055 0.0005772008444182577
v 0.007420286070555452 0.008930576033890246 0.0005902505363337698
v 0.008647372946143154 0.0099064614623785 0.00043545820517465494
v 0.007420286070555452 0.008930576033890246 0.0005902505363337698
v 0.007523754145950082 0.008741884492337702 0.0006644839304499331
v 0.007790104020386938 0.011465832591056822 -0.0008743939106352632
v 0.006474093999713662 0.010656610131263731 -0.0009334765491075818
v 0.00792790483683348 0.011215892620384691 -0.0005392844905145468
v 0.00792790483683348 0.011215892620384691 -0.0005392844905145468
v 0.006474093999713662 0.010656610131263731 -0.0009334765491075818
v 0.0066889966838061836 0.010264787822961806 -0.0003948023659177126
v 0.00792790483683348 0.011215892620384691 -0.0005392844905145468
v 0.0066889966838061836 0.010264787822961806 -0.0003948023659177126
v 0.00808394327759743 0.010932436212897299 -0.00023614830570295464
v 0.00808394327759743 0.010932436212897299 -0.00023614830570295464
v 0.0066889966838061836 0.010264787822961806 -0.0003948023659177126
v 0.006836226209998134 0.009996141307055948 -0.00011198718129890045
v 0.00808394327759743 0.010932436212897299 -0.00023614830570295464
v 0.006836226209998134 0.009996141307055948 -0.00011198718129890045
v 0.008256967179477218 0.010617621243000029 2.961156860692428e-05
v 0.008256967179477218 0.010617621243000029 2.961156860692428e-05
v 0.006836226209998134 0.009996141307055948 -0.00011198718129890045
v 0.007003854960203174 0.009690241888165472 0.00014866673154756432
v 0.008256967179477218 0.010617621243000029 2.961156860692428e-05
v 0.007003854960203174 0.009690241888165472 0.00014866673154756432
v 0.007077880669385198 0.009555175900459288 0.00024657760513946425
v 0.011280020698904996 0.013843757100403307 -0.0018341600662097344
v 0.011250079609453683 0.013890571892261503 -0.0019527467666193852
v 0.010247816331684595 0.013397978618741034 -0.0017898756777867684
v 0.010247816331684595 0.013397978618741034 -0.0017898756777867684
v 0.011250079609453683 0.013890571892261503 -0.0019527467666193852
v 0.01006725430488587 0.013599349185824392 -0.0025135462637990726
v 0.010247816331684595 0.013397978618741034 -0.0017898756777867684
v 0.01006725430488587 0.013599349185824392 -0.0025135462637990726
v 0.008766724728047851 0.012923514470458029 -0.0024591961409896625
v 0.008766724728047851 0.012923514470458029 -0.0024591961409896625
v 0.01006725430488587 0.013599349185824392 -0.0025135462637990726
v 0.008677626028656963 0.013043287210166453 -0.003203076543286444
v 0.008766724728047851 0.012923514470458029 -0.0024591961409896625
v 0.008677626028656963 0.013043287210166453 -0.003203076543286444
v 0.007358638104051355 0.012264421209692953 -0.0031731433700770153
v 0.007358638104051355 0.012264421209692953 -0.0031731433700770153
v 0.008677626028656963 0.013043287210166453 -0.003203076543286444
v 0.007683166302740577 0.012549892067909239 -0.003904475364834072
v 0.007358638104051355 0.012264421209692953 -0.0031731433700770153
v 0.007683166302740577 0.012549892067909239 -0.003904475364834072
v 0.006066227797418835 0.011392311193048952 -0.003153973957523705
v 0.006066227797418835 0.011392311193048952 -0.003153973957523705
v 0.007683166302740577 0.012549892067909239 -0.003904475364834072
v 0.0060716164298355605 0.011489593423902987 -0.003904488869011404
v 0.006066227797418835 0.011392311193048952 -0.003153973957523705
v 0.0060716164298355605 0.011489593423902987 -0.003904488869011404
v 0.006027495954185727 0.011457828804850577 -0.0039044891018420475
v 0.00624539749696851 0.011072169989347456 -0.001795790041796864
v 0.006298117805272343 0.010976656340062617 -0.001554968184791506
v 0.007572290021926168 0.011861107312142847 -0.0016139404615387327
v 0.007572290021926168 0.011861107312142847 -0.0016139404615387327
v 0.006298117805272343 0.010976656340062617 -0.001554968184791506
v 0.007671426050364975 0.011681000702083109 -0.0012349885655567056
v 0.007572290021926168 0.011861107312142847 -0.0016139404615387327
v 0.007671426050364975 0.011681000702083109 -0.0012349885655567056
v 0.009156102314591411 0.012349363416433333 -0.0010000955080613498
v 0.009156102314591411 0.012349363416433333 -0.0010000955080613498
v 0.007671426050364975 0.011681000702083109 -0.0012349885655567056
v 0.007790104020386938 0.011465832591056822 -0.0008743939106352632
v 0.009156102314591411 0.012349363416433333 -0.0010000955080613498
v 0.007790104020386938 0.011465832591056822 -0.0008743939106352632
v 0.009300920180976394 0.012123163789510725 -0.0006810243357904259
v 0.009300920180976394 0.012123163789510725 -0.0006810243357904259
v 0.007790104020386938 0.011465832591056822 -0.0008743939106352632
v 0.00792790483683348 0.011215892620384691 -0.0005392844905145468
v 0.009300920180976394 0.012123163789510725 -0.0006810243357904259
v 0.00792790483683348 0.011215892620384691 -0.0005392844905145468
v 0.009463723748922351 0.011863304302096365 -0.00039348221616819517
v 0.009463723748922351 0.011863304302096365 -0.00039348221616819517
v 0.00792790483683348 0.011215892620384691 -0.0005392844905145468
v 0.00808394327759743 0.010932436212897299 -0.00023614830570295464
v 0.009463723748922351 0.011863304302096365 -0.00039348221616819517
v 0.00808394327759743 0.010932436212897299 -0.00023614830570295464
v 0.009643460623919967 0.011571064591407774 -0.00014233804540708667
v 0.009643460623919967 0.011571064591407774 -0.00014233804540708667
v 0.00808394327759743 0.010932436212897299 -0.00023614830570295464
v 0.008256967179477218 0.010617621243000029 2.961156860692428e-05
v 0.009643460623919967 0.011571064591407774 -0.00014233804540708667
v 0.008256967179477218 0.010617621243000029 2.961156860692428e-05
v 0.009838983416557317 0.011248523369431494 6.932502583367753e-05
v 0.009838983416557317 0.011248523369431494 6.932502583367753e-05
v 0.008256967179477218 0.010617621243000029 2.961156860692428e-05
v 0.008445398882031444 0.010274407453835009 0.00025411712704226385
v 0.009838983416557317 0.011248523369431494 6.932502583367753e-05
v 0.008445398882031444 0.010274407453835009 0.00025411712704226385
v 0.01004911027848721 0.010898433625698088 0.00024068838683888327
v 0.01004911027848721 0.010898433625698088 0.00024068838683888327
v 0.008445398882031444 0.010274407453835009 0.00025411712704226385
v 0.008647372946143154 0.0099064614623785 0.00043545820517465494
v 0.01004911027848721 0.010898433625698088 0.00024068838683888327
v 0.008647372946143154 0.0099064614623785 0.00043545820517465494
v 0.010272757150232797 0.010524152778089045 0.0003736612270586194
v 0.010272757150232797 0.010524152778089045 0.0003736612270586194
v 0.008647372946143154 0.0099064614623785 0.00043545820517465494
v 0.008860771544277671 0.009518055245280264 0.0005741246859543028
v 0.010272757150232797 0.010524152778089045 0.0003736612270586194
v 0.008860771544277671 0.009518055245280264 0.0005741246859543028
v 0.009860851801931863 0.009160704910755156 0.0006521182949654761
v 0.009860851801931863 0.009160704910755156 0.0006521182949654761
v 0.008860771544277671 0.009518055245280264 0.0005741246859543028
v 0.009290087036788467 0.0087387403473258 0.0007300727884285155
v 0.01556496415287257 0.013166232965886591 -0.0004675964009948077
v 0.01530428137630225 0.013642060570418833 -0.0006444666651077572
v 0.014286461286246784 0.01328675542026758 -0.0004698101547546687
v 0.012364145368337636 0.01470272336155176 -0.0032666418701410307
v 0.01241082232445479 0.014554277062416075 -0.0025838052388280643
v 0.013548488728702074 0.014909001067280768 -0.002636167220771314
v 0.015797844156622894 0.012726937420666216 -0.00040206714766100065
v 0.01580349914729596 0.012730056419968603 -0.00040364899905398504
v 0.01556496415287257 0.013166232965886591 -0.0004675964009948077
v 0.015484846197068698 0.015066557563841341 -0.0021982507314533004
v 0.014645634219050414 0.01489862985908985 -0.0020577863324433574
v 0.014819913543760783 0.014542426913976668 -0.001465323730371893
v 0.015279600396752364 0.015483471564948557 -0.00390449562110007
v 0.014702184125781066 0.015397515147924421 -0.0039044830482453125
v 0.015289641916751869 0.015426510013639925 -0.0033661071211099638
v 0.015289641916751869 0.015426510013639925 -0.0033661071211099638
v 0.014702184125781066 0.015397515147924421 -0.0039044830482453125
v 0.01449054945260287 0.015295712277293204 -0.0033276348840445293
v 0.014537060633301742 0.015152225270867346 -0.0026980449911206974
v 0.01535414811223746 0.01529041863977909 -0.0027725286781787885
v 0.015320655889809139 0.015354909934103487 -0.0030067521147429956
v 0.01615469343960286 0.014026308432221411 -0.0009228855487890546
v 0.01595417223870755 0.014332802966237066 -0.001163719105534256
v 0.015047442167997367 0.014111932367086409 -0.0009797447128221397
v 0.015047442167997367 0.014111932367086409 -0.0009797447128221397
v 0.01595417223870755 0.014332802966237066 -0.001163719105534256
v 0.015786668285727508 0.01459026988595724 -0.0014402176020666963
v 0.015047442167997367 0.014111932367086409 -0.0009797447128221397
v 0.015786668285727508 0.01459026988595724 -0.0014402176020666963
v 0.014819913543760783 0.014542426913976668 -0.001465323730371893
v 0.014819913543760783 0.014542426913976668 -0.001465323730371893
v 0.015786668285727508 0.01459026988595724 -0.0014402176020666963
v 0.015701852738857276 0.014721791259944437 -0.0016119879437610514
v 0.014819913543760783 0.014542426913976668 -0.001465323730371893
v 0.015701852738857276 0.014721791259944437 -0.0016119879437610514
v 0.015484846197068698 0.015066557563841341 -0.0021982507314533004
v 0.01615469343960286 0.014026308432221411 -0.0009228855487890546
v 0.01530428137630225 0.013642060570418833 -0.0006444666651077572
v 0.016219995915889747 0.013926579616963862 -0.0008635193225927655
v 0.016219995915889747 0.013926579616963862 -0.0008635193225927655
v 0.01530428137630225 0.013642060570418833 -0.0006444666651077572
v 0.01556496415287257 0.013166232965886591 -0.0004675964009948077
v 0.016219995915889747 0.013926579616963862 -0.0008635193225927655
v 0.01556496415287257 0.013166232965886591 -0.0004675964009948077
v 0.01649905368685723 0.013500157743692396 -0.0007080834475345913
v 0.01649905368685723 0.013500157743692396 -0.0007080834475345913
v 0.01556496415287257 0.013166232965886591 -0.0004675964009948077
v 0.01580349914729596 0.012730056419968603 -0.00040364899905398504
v 0.01649905368685723 0.013500157743692396 -0.0007080834475345913
v 0.01580349914729596 0.012730056419968603 -0.00040364899905398504
v 0.016687372699379928 0.013214099220931528 -0.0006765116122551266
v 0.012690994888544088 0.011555328965187071 0.0001389535027556122
v 0.01295386347919703 0.011119970120489596 0.00021265418035909542
v 0.013868206180632121 0.011645061895251272 5.185620830161499e-05
v 0.014839597977697856 0.012194014154374598 -0.0001573742483742536
v 0.014572110958397395 0.012736168690025805 -0.0002559221466071905
v 0.013868206180632121 0.011645061895251272 5.185620830161499e-05
v 0.013868206180632121 0.011645061895251272 5.185620830161499e-05
v 0.014572110958397395 0.012736168690025805 -0.0002559221466071905
v 0.012535181827843194 0.011811789125204085 7.265403837664056e-05
v 0.013868206180632121 0.011645061895251272 5.185620830161499e-05
v 0.012535181827843194 0.011811789125204085 7.265403837664056e-05
v 0.012690994888544088 0.011555328965187071 0.0001389535027556122
v 0.011135749518871313 0.01407315209507942 -0.0025432431139051927
v 0.011250079609453683 0.013890571892261503 -0.0019527467666193852
v 0.01241082232445479 0.014554277062416075 -0.0025838052388280643
v 0.01241082232445479 0.014554277062416075 -0.0025838052388280643
v 0.011250079609453683 0.013890571892261503 -0.0019527467666193852
v 0.012515330687165266 0.014293733052909373 -0.0018939602887257942
v 0.013548488728702074 0.014909001067280768 -0.002636167220771314
v 0.01241082232445479 0.014554277062416075 -0.0025838052388280643
v 0.01364319864660502 0.014642976224422453 -0.00196953327395022
v 0.01364319864660502 0.014642976224422453 -0.00196953327395022
v 0.01241082232445479 0.014554277062416075 -0.0025838052388280643
v 0.012515330687165266 0.014293733052909373 -0.0018939602887257942
v 0.01364319864660502 0.014642976224422453 -0.00196953327395022
v 0.012515330687165266 0.014293733052909373 -0.0018939602887257942
v 0.013802771456539638 0.014267524704337118 -0.0013508683769032366
v 0.012364145368337636 0.01470272336155176 -0.0032666418701410307
v 0.012352974154055124 0.014768939465284346 -0.0039044448640197533
v 0.011256825178861623 0.014354250393807886 -0.003904444398358466
v 0.011135749518871313 0.01407315209507942 -0.0025432431139051927
v 0.01241082232445479 0.014554277062416075 -0.0025838052388280643
v 0.011096940375864511 0.014140048064291475 -0.0028502331115305437
v 0.011096940375864511 0.014140048064291475 -0.0028502331115305437
v 0.01241082232445479 0.014554277062416075 -0.0025838052388280643
v 0.012364145368337636 0.01470272336155176 -0.0032666418701410307
v 0.011096940375864511 0.014140048064291475 -0.0028502331115305437
v 0.012364145368337636 0.01470272336155176 -0.0032666418701410307
v 0.011065223254263406 0.014203363098204134 -0.0032456717453897012
v 0.011065223254263406 0.014203363098204134 -0.0032456717453897012
v 0.012364145368337636 0.01470272336155176 -0.0032666418701410307
v 0.011256825178861623 0.014354250393807886 -0.003904444398358466
v 0.011065223254263406 0.014203363098204134 -0.0032456717453897012
v 0.011256825178861623 0.014354250393807886 -0.003904444398358466
v 0.011046567000448709 0.014267023652791975 -0.0039044453296810406
v 0.013508747331798082 0.015060366131365297 -0.003294397378340365
v 0.014537060633301742 0.015152225270867346 -0.0026980449911206974
v 0.01449054945260287 0.015295712277293204 -0.0033276348840445293
v 0.01449054945260287 0.015295712277293204 -0.0033276348840445293
v 0.014537060633301742 0.015152225270867346 -0.0026980449911206974
v 0.015320655889809139 0.015354909934103487 -0.0030067521147429956
v 0.01449054945260287 0.015295712277293204 -0.0033276348840445293
v 0.015320655889809139 0.015354909934103487 -0.0030067521147429956
v 0.015289641916751869 0.015426510013639925 -0.0033661071211099638
v 0.014022901654243476 0.013806055299937723 -0.0008372006122954193
v 0.015047442167997367 0.014111932367086409 -0.0009797447128221397
v 0.013802771456539638 0.014267524704337118 -0.0013508683769032366
v 0.013802771456539638 0.014267524704337118 -0.0013508683769032366
v 0.015047442167997367 0.014111932367086409 -0.0009797447128221397
v 0.014819913543760783 0.014542426913976668 -0.001465323730371893
v 0.013802771456539638 0.014267524704337118 -0.0013508683769032366
v 0.014819913543760783 0.014542426913976668 -0.001465323730371893
v 0.01364319864660502 0.014642976224422453 -0.00196953327395022
v 0.01364319864660502 0.014642976224422453 -0.00196953327395022
v 0.014819913543760783 0.014542426913976668 -0.001465323730371893
v 0.014645634219050414 0.01489862985908985 -0.0020577863324433574
v 0.01364319864660502 0.014642976224422453 -0.00196953327395022
v 0.014645634219050414 0.01489862985908985 -0.0020577863324433574
v 0.013548488728702074 0.014909001067280768 -0.002636167220771314
v 0.01615469343960286 0.014026308432221411 -0.0009228855487890546
v 0.015047442167997367 0.014111932367086409 -0.0009797447128221397
v 0.01530428137630225 0.013642060570418833 -0.0006444666651077572
v 0.01530428137630225 0.013642060570418833 -0.0006444666651077572
v 0.015047442167997367 0.014111932367086409 -0.0009797447128221397
v 0.014022901654243476 0.013806055299937723 -0.0008372006122954193
v 0.01530428137630225 0.013642060570418833 -0.0006444666651077572
v 0.014022901654243476 0.013806055299937723 -0.0008372006122954193
v 0.014286461286246784 0.01328675542026758 -0.0004698101547546687
v 0.014286461286246784 0.01328675542026758 -0.0004698101547546687
v 0.014022901654243476 0.013806055299937723 -0.0008372006122954193
v 0.013065946288406854 0.013175985775887964 -0.0004965055850334468
v 0.014286461286246784 0.01328675542026758 -0.0004698101547546687
v 0.013065946288406854 0.013175985775887964 -0.0004965055850334468
v 0.0132176959887147 0.012890248559415339 -0.00031824625330045836
v 0.0132176959887147 0.012890248559415339 -0.00031824625330045836
v 0.013065946288406854 0.013175985775887964 -0.0004965055850334468
v 0.011809513904154306 0.013002275489270685 -0.0005807753768749537
v 0.0132176959887147 0.012890248559415339 -0.00031824625330045836
v 0.011809513904154306 0.013002275489270685 -0.0005807753768749537
v 0.012136110104620462 0.012468405067920683 -0.00019571866141632207
v 0.011788243427872663 0.013036767952144144 -0.0006130652618594471
v 0.012925704941153532 0.0134445009753108 -0.0007134175975807014
v 0.011636129580438142 0.013281992636620997 -0.0008769126725383107
v 0.011636129580438142 0.013281992636620997 -0.0008769126725383107
v 0.012925704941153532 0.0134445009753108 -0.0007134175975807014
v 0.012799009680747991 0.013693094253540037 -0.0009666912374086682
v 0.011636129580438142 0.013281992636620997 -0.0008769126725383107
v 0.012799009680747991 0.013693094253540037 -0.0009666912374086682
v 0.011493897996842866 0.013508424162864683 -0.0011872242903336887
v 0.011493897996842866 0.013508424162864683 -0.0011872242903336887
v 0.012799009680747991 0.013693094253540037 -0.0009666912374086682
v 0.01268762350082398 0.0139191010966897 -0.0012519586598500616
v 0.011493897996842866 0.013508424162864683 -0.0011872242903336887
v 0.01268762350082398 0.0139191010966897 -0.0012519586598500616
v 0.011280020698904996 0.013843757100403307 -0.0018341600662097344
v 0.012136110104620462 0.012468405067920683 -0.00019571866141632207
v 0.01221995241940022 0.01233059726655483 -0.000124392390716821
v 0.0132176959887147 0.012890248559415339 -0.00031824625330045836
v 0.0132176959887147 0.012890248559415339 -0.00031824625330045836
v 0.01221995241940022 0.01233059726655483 -0.000124392390716821
v 0.012535181827843194 0.011811789125204085 7.265403837664056e-05
v 0.0132176959887147 0.012890248559415339 -0.00031824625330045836
v 0.012535181827843194 0.011811789125204085 7.265403837664056e-05
v 0.014286461286246784 0.01328675542026758 -0.0004698101547546687
v 0.014286461286246784 0.01328675542026758 -0.0004698101547546687
v 0.012535181827843194 0.011811789125204085 7.265403837664056e-05
v 0.014572110958397395 0.012736168690025805 -0.0002559221466071905
v 0.014286461286246784 0.01328675542026758 -0.0004698101547546687
v 0.014572110958397395 0.012736168690025805 -0.0002559221466071905
v 0.01556496415287257 0.013166232965886591 -0.0004675964009948077
v 0.01556496415287257 0.013166232965886591 -0.0004675964009948077
v 0.014572110958397395 0.012736168690025805 -0.0002559221466071905
v 0.014839597977697856 0.012194014154374598 -0.0001573742483742536
v 0.01556496415287257 0.013166232965886591 -0.0004675964009948077
v 0.014839597977697856 0.012194014154374598 -0.0001573742483742536
v 0.015797844156622894 0.012726937420666216 -0.00040206714766100065
v 0.014702184125781066 0.015397515147924421 -0.0039044830482453125
v 0.014484020881354816 0.015356783755123614 -0.003904477460309865
v 0.01449054945260287 0.015295712277293204 -0.0033276348840445293
v 0.01449054945260287 0.015295712277293204 -0.0033276348840445293
v 0.014484020881354816 0.015356783755123614 -0.003904477460309865
v 0.014394232071936137 0.015338816680014132 -0.003904475364834072
v 0.01449054945260287 0.015295712277293204 -0.0033276348840445293
v 0.014394232071936137 0.015338816680014132 -0.003904475364834072
v 0.013508747331798082 0.015060366131365297 -0.003294397378340365
v 0.013508747331798082 0.015060366131365297 -0.003294397378340365
v 0.014394232071936137 0.015338816680014132 -0.003904475364834072
v 0.013085280545055871 0.015006124973297117 -0.0039044509176164883
v 0.013508747331798082 0.015060366131365297 -0.003294397378340365
v 0.013085280545055871 0.015006124973297117 -0.0039044509176164883
v 0.012929264456033712 0.014958441257476805 -0.0039044492878019827
v 0.015484846197068698 0.015066557563841341 -0.0021982507314533004
v 0.01535414811223746 0.01529041863977909 -0.0027725286781787885
v 0.014645634219050414 0.01489862985908985 -0.0020577863324433574
v 0.014645634219050414 0.01489862985908985 -0.0020577863324433574
v 0.01535414811223746 0.01529041863977909 -0.0027725286781787885
v 0.014537060633301742 0.015152225270867346 -0.0026980449911206974
v 0.014645634219050414 0.01489862985908985 -0.0020577863324433574
v 0.014537060633301742 0.015152225270867346 -0.0026980449911206974
v 0.013548488728702074 0.014909001067280768 -0.002636167220771314
v 0.013548488728702074 0.014909001067280768 -0.002636167220771314
v 0.014537060633301742 0.015152225270867346 -0.0026980449911206974
v 0.013508747331798082 0.015060366131365297 -0.003294397378340365
v 0.013548488728702074 0.014909001067280768 -0.002636167220771314
v 0.013508747331798082 0.015060366131365297 -0.003294397378340365
v 0.012364145368337636 0.01470272336155176 -0.0032666418701410307
v 0.012364145368337636 0.01470272336155176 -0.0032666418701410307
v 0.013508747331798082 0.015060366131365297 -0.003294397378340365
v 0.012929264456033712 0.014958441257476805 -0.0039044492878019827
v 0.012364145368337636 0.01470272336155176 -0.0032666418701410307
v 0.012929264456033712 0.014958441257476805 -0.0039044492878019827
v 0.012352974154055124 0.014768939465284346 -0.0039044448640197533
v 0.011250079609453683 0.013890571892261503 -0.0019527467666193852
v 0.011280020698904996 0.013843757100403307 -0.0018341600662097344
v 0.012515330687165266 0.014293733052909373 -0.0018939602887257942
v 0.012515330687165266 0.014293733052909373 -0.0018939602887257942
v 0.011280020698904996 0.013843757100403307 -0.0018341600662097344
v 0.01268762350082398 0.0139191010966897 -0.0012519586598500616
v 0.012515330687165266 0.014293733052909373 -0.0018939602887257942
v 0.01268762350082398 0.0139191010966897 -0.0012519586598500616
v 0.013802771456539638 0.014267524704337118 -0.0013508683769032366
v 0.013802771456539638 0.014267524704337118 -0.0013508683769032366
v 0.01268762350082398 0.0139191010966897 -0.0012519586598500616
v 0.012799009680747991 0.013693094253540037 -0.0009666912374086682
v 0.013802771456539638 0.014267524704337118 -0.0013508683769032366
v 0.012799009680747991 0.013693094253540037 -0.0009666912374086682
v 0.014022901654243476 0.013806055299937723 -0.0008372006122954193
v 0.014022901654243476 0.013806055299937723 -0.0008372006122954193
v 0.012799009680747991 0.013693094253540037 -0.0009666912374086682
v 0.012925704941153532 0.0134445009753108 -0.0007134175975807014
v 0.014022901654243476 0.013806055299937723 -0.0008372006122954193
v 0.012925704941153532 0.0134445009753108 -0.0007134175975807014
v 0.013065946288406854 0.013175985775887964 -0.0004965055850334468
v 0.013065946288406854 0.013175985775887964 -0.0004965055850334468
v 0.012925704941153532 0.0134445009753108 -0.0007134175975807014
v 0.011788243427872663 0.013036767952144144 -0.0006130652618594471
v 0.013065946288406854 0.013175985775887964 -0.0004965055850334468
v 0.011788243427872663 0.013036767952144144 -0.0006130652618594471
v 0.011809513904154306 0.013002275489270685 -0.0005807753768749537
v 0.014559915289282806 0.012759453617036341 -0.011737857013940816
v 0.014839604496955879 0.012194017879664896 -0.011842628940939908
v 0.013885349035263068 0.01165482774376869 -0.012048479169607168
v 0.01636330038309098 0.013707635924220083 -0.011235572397708898
v 0.01646214351058007 0.013556547462940214 -0.011279985308647161
v 0.015554173849523074 0.013185804709792135 -0.011527816765010362
v 0.01636330038309098 0.013707635924220083 -0.011235572397708898
v 0.015554173849523074 0.013185804709792135 -0.011527816765010362
v 0.01621058769524098 0.013940951786935328 -0.011128487065434461
v 0.015946304425597198 0.01434486638754606 -0.010824927128851419
v 0.016029441729187972 0.014217651449143885 -0.010937382467091089
v 0.015294804237782962 0.013659134507179259 -0.011346379294991498
v 0.01535294950008393 0.015292640775442122 -0.009220219217240814
v 0.01542912237346173 0.015159091912209986 -0.009593633934855465
v 0.014643017202615745 0.014904112555086611 -0.009931005537509923
v 0.014643017202615745 0.014904112555086611 -0.009931005537509923
v 0.01542912237346173 0.015159091912209986 -0.009593633934855465
v 0.015488582663238055 0.015060435049235819 -0.009814499877393251
v 0.014643017202615745 0.014904112555086611 -0.009931005537509923
v 0.01453608553856612 0.01515455264598131 -0.009294285438954834
v 0.01535294950008393 0.015292640775442122 -0.009220219217240814
v 0.01535294950008393 0.015292640775442122 -0.009220219217240814
v 0.01453608553856612 0.01515455264598131 -0.009294285438954834
v 0.014490349218249328 0.015296258963644503 -0.008668746799230579
v 0.01535294950008393 0.015292640775442122 -0.009220219217240814
v 0.014490349218249328 0.015296258963644503 -0.008668746799230579
v 0.015296879224479205 0.015407366678118704 -0.008747037500143055
v 0.015296879224479205 0.015407366678118704 -0.008747037500143055
v 0.014490349218249328 0.015296258963644503 -0.008668746799230579
v 0.014394232071936137 0.015338817611336706 -0.008095527999103073
v 0.015296879224479205 0.015407366678118704 -0.008747037500143055
v 0.014394232071936137 0.015338817611336706 -0.008095527999103073
v 0.01527951285243035 0.015483458526432512 -0.008095507510006431
v 0.01646214351058007 0.013556547462940214 -0.011279985308647161
v 0.016687372699379928 0.013214099220931528 -0.011323492042720323
v 0.015554173849523074 0.013185804709792135 -0.011527816765010362
v 0.015554173849523074 0.013185804709792135 -0.011527816765010362
v 0.016687372699379928 0.013214099220931528 -0.011323492042720323
v 0.015803419053554542 0.012730013579130171 -0.01159637793898583
v 0.015554173849523074 0.013185804709792135 -0.011527816765010362
v 0.015803419053554542 0.012730013579130171 -0.01159637793898583
v 0.015786699950695045 0.01272078789770603 -0.011601046659052377
v 0.016029441729187972 0.014217651449143885 -0.010937382467091089
v 0.01621058769524098 0.013940951786935328 -0.011128487065434461
v 0.015294804237782962 0.013659134507179259 -0.011346379294991498
v 0.015294804237782962 0.013659134507179259 -0.011346379294991498
v 0.01621058769524098 0.013940951786935328 -0.011128487065434461
v 0.015554173849523074 0.013185804709792135 -0.011527816765010362
v 0.015294804237782962 0.013659134507179259 -0.011346379294991498
v 0.015554173849523074 0.013185804709792135 -0.011527816765010362
v 0.014559915289282806 0.012759453617036341 -0.011737857013940816
v 0.014559915289282806 0.012759453617036341 -0.011737857013940816
v 0.015554173849523074 0.013185804709792135 -0.011527816765010362
v 0.015786699950695045 0.01272078789770603 -0.011601046659052377
v 0.014559915289282806 0.012759453617036341 -0.011737857013940816
v 0.015786699950695045 0.01272078789770603 -0.011601046659052377
v 0.014839604496955879 0.012194017879664896 -0.011842628940939908
v 0.01427646819502116 0.013306003995239733 -0.01151979342103005
v 0.01401554141193629 0.013820773921906946 -0.011149467900395399
v 0.015040010213851936 0.014125489629805086 -0.011007816530764108
v 0.015040010213851936 0.014125489629805086 -0.011007816530764108
v 0.01401554141193629 0.013820773921906946 -0.011149467900395399
v 0.014814978465437896 0.014551906846463679 -0.010521582327783113
v 0.014814978465437896 0.014551906846463679 -0.010521582327783113
v 0.01401554141193629 0.013820773921906946 -0.011149467900395399
v 0.013798152096569545 0.014277576468884943 -0.010635394603013998
v 0.014814978465437896 0.014551906846463679 -0.010521582327783113
v 0.013798152096569545 0.014277576468884943 -0.010635394603013998
v 0.014643017202615745 0.014904112555086611 -0.009931005537509923
v 0.014643017202615745 0.014904112555086611 -0.009931005537509923
v 0.013798152096569545 0.014277576468884943 -0.010635394603013998
v 0.0136408843100071 0.0146487345919013 -0.01001879014074803
v 0.014643017202615745 0.014904112555086611 -0.009931005537509923
v 0.0136408843100071 0.0146487345919013 -0.01001879014074803
v 0.01453608553856612 0.01515455264598131 -0.009294285438954834
v 0.01453608553856612 0.01515455264598131 -0.009294285438954834
v 0.0136408843100071 0.0146487345919013 -0.01001879014074803
v 0.01354766078293324 0.014911445789039133 -0.00935583654791117
v 0.01453608553856612 0.01515455264598131 -0.009294285438954834
v 0.01354766078293324 0.014911445789039133 -0.00935583654791117
v 0.014490349218249328 0.015296258963644503 -0.008668746799230579
v 0.014490349218249328 0.015296258963644503 -0.008668746799230579
v 0.01354766078293324 0.014911445789039133 -0.00935583654791117
v 0.013508572243154054 0.015060942620038984 -0.008701800368726257
v 0.014490349218249328 0.015296258963644503 -0.008668746799230579
v 0.013508572243154054 0.015060942620038984 -0.008701800368726257
v 0.014394232071936137 0.015338817611336706 -0.008095527999103073
v 0.011056903749704366 0.014224552549421786 -0.008578482083976272
v 0.01236396841704846 0.014703303575515745 -0.008729400113224987
v 0.011141750961542135 0.01406322047114372 -0.009496479295194152
v 0.011141750961542135 0.01406322047114372 -0.009496479295194152
v 0.01236396841704846 0.014703303575515745 -0.008729400113224987
v 0.012409921735525136 0.014556668698787687 -0.009407914243638519
v 0.011141750961542135 0.01406322047114372 -0.009496479295194152
v 0.012409921735525136 0.014556668698787687 -0.009407914243638519
v 0.011276759207248693 0.01384885050356388 -0.010153399780392652
v 0.011276759207248693 0.01384885050356388 -0.010153399780392652
v 0.012409921735525136 0.014556668698787687 -0.009407914243638519
v 0.012512845918536191 0.014299413189291952 -0.010093947872519498
v 0.011276759207248693 0.01384885050356388 -0.010153399780392652
v 0.012512845918536191 0.014299413189291952 -0.010093947872519498
v 0.011328781954944139 0.013767627999186514 -0.01034018956124783
v 0.011328781954944139 0.013767627999186514 -0.01034018956124783
v 0.012512845918536191 0.014299413189291952 -0.010093947872519498
v 0.012682682834565645 0.013929265551269053 -0.010733732022345071
v 0.011328781954944139 0.013767627999186514 -0.01034018956124783
v 0.012682682834565645 0.013929265551269053 -0.010733732022345071
v 0.011493897996842866 0.013508424162864683 -0.010812778957188135
v 0.01177409198135138 0.014558471739292143 -0.00809555966407061
v 0.01236396841704846 0.014703303575515745 -0.008729400113224987
v 0.011256825178861623 0.014354250393807886 -0.008095558732748035
v 0.011256825178861623 0.014354250393807886 -0.008095558732748035
v 0.01236396841704846 0.014703303575515745 -0.008729400113224987
v 0.011056903749704366 0.014224552549421786 -0.008578482083976272
v 0.011256825178861623 0.014354250393807886 -0.008095558732748035
v 0.011056903749704366 0.014224552549421786 -0.008578482083976272
v 0.011046567000448709 0.014267023652791975 -0.00809555780142546
v 0.01295386347919703 0.011119970120489596 -0.012212657369673257
v 0.012517610564827924 0.011840709485113619 -0.01206408347934485
v 0.01387963071465493 0.011651569977402685 -0.012049607932567602
v 0.01387963071465493 0.011651569977402685 -0.012049607932567602
v 0.012517610564827924 0.011840709485113619 -0.01206408347934485
v 0.01353341899812222 0.012304039672017096 -0.011919305659830575
v 0.012416389770805841 0.012007323093712328 -0.01200975757092238
v 0.012122727930545812 0.012490386143326758 -0.01179200410842896
v 0.013206467963755136 0.012911204248666762 -0.01167029701173306
v 0.013206467963755136 0.012911204248666762 -0.01167029701173306
v 0.012122727930545812 0.012490386143326758 -0.01179200410842896
v 0.01199498306959868 0.012699857354164122 -0.011661024764180189
v 0.013206467963755136 0.012911204248666762 -0.01167029701173306
v 0.01199498306959868 0.012699857354164122 -0.011661024764180189
v 0.013056334108114248 0.013194145634770392 -0.011490442790091043
v 0.013056334108114248 0.013194145634770392 -0.011490442790091043
v 0.01199498306959868 0.012699857354164122 -0.011661024764180189
v 0.011943859048187738 0.012783465906977652 -0.011600985191762453
v 0.013056334108114248 0.013194145634770392 -0.011490442790091043
v 0.011943859048187738 0.012783465906977652 -0.011600985191762453
v 0.012917719781398778 0.013459903188049792 -0.01127246860414744
v 0.015488582663238055 0.015060435049235819 -0.009814499877393251
v 0.015490677207708366 0.015057008713483809 -0.009821585379540925
v 0.014643017202615745 0.014904112555086611 -0.009931005537509923
v 0.014643017202615745 0.014904112555086611 -0.009931005537509923
v 0.015490677207708366 0.015057008713483809 -0.009821585379540925
v 0.015696255490183837 0.014730508439242838 -0.01037579588592053
v 0.014643017202615745 0.014904112555086611 -0.009931005537509923
v 0.015696255490183837 0.014730508439242838 -0.01037579588592053
v 0.014814978465437896 0.014551906846463679 -0.010521582327783113
v 0.014814978465437896 0.014551906846463679 -0.010521582327783113
v 0.015696255490183837 0.014730508439242838 -0.01037579588592053
v 0.015946304425597198 0.01434486638754606 -0.010824927128851419
v 0.014814978465437896 0.014551906846463679 -0.010521582327783113
v 0.015946304425597198 0.01434486638754606 -0.010824927128851419
v 0.015040010213851936 0.014125489629805086 -0.011007816530764108
v 0.015040010213851936 0.014125489629805086 -0.011007816530764108
v 0.015946304425597198 0.01434486638754606 -0.010824927128851419
v 0.015294804237782962 0.013659134507179259 -0.011346379294991498
v 0.015040010213851936 0.014125489629805086 -0.011007816530764108
v 0.015294804237782962 0.013659134507179259 -0.011346379294991498
v 0.01427646819502116 0.013306003995239733 -0.01151979342103005
v 0.01427646819502116 0.013306003995239733 -0.01151979342103005
v 0.015294804237782962 0.013659134507179259 -0.011346379294991498
v 0.014559915289282806 0.012759453617036341 -0.011737857013940816
v 0.01427646819502116 0.013306003995239733 -0.01151979342103005
v 0.014559915289282806 0.012759453617036341 -0.011737857013940816
v 0.01353341899812222 0.012304039672017096 -0.011919305659830575
v 0.01353341899812222 0.012304039672017096 -0.011919305659830575
v 0.014559915289282806 0.012759453617036341 -0.011737857013940816
v 0.013885349035263068 0.01165482774376869 -0.012048479169607168
v 0.01353341899812222 0.012304039672017096 -0.011919305659830575
v 0.013885349035263068 0.01165482774376869 -0.012048479169607168
v 0.01387963071465493 0.011651569977402685 -0.012049607932567602
v 0.011943859048187738 0.012783465906977652 -0.011600985191762453
v 0.011778746731579309 0.013052164576947687 -0.011372176930308347
v 0.012917719781398778 0.013459903188049792 -0.01127246860414744
v 0.012917719781398778 0.013459903188049792 -0.01127246860414744
v 0.011778746731579309 0.013052164576947687 -0.011372176930308347
v 0.011628405191004281 0.013294364325702189 -0.01110798586159945
v 0.012917719781398778 0.013459903188049792 -0.01127246860414744
v 0.011628405191004281 0.013294364325702189 -0.01110798586159945
v 0.012682682834565645 0.013929265551269053 -0.010733732022345071
v 0.012682682834565645 0.013929265551269053 -0.010733732022345071
v 0.011628405191004281 0.013294364325702189 -0.01110798586159945
v 0.011619816534221178 0.01330811809748411 -0.011090970598161226
v 0.012682682834565645 0.013929265551269053 -0.010733732022345071
v 0.011619816534221178 0.01330811809748411 -0.011090970598161226
v 0.011493897996842866 0.013508424162864683 -0.010812778957188135
v 0.012352937832474714 0.014768926426768301 -0.008095558732748035
v 0.012929264456033712 0.014958441257476805 -0.008095554076135162
v 0.013508572243154054 0.015060942620038984 -0.008701800368726257
v 0.013508572243154054 0.015060942620038984 -0.008701800368726257
v 0.012929264456033712 0.014958441257476805 -0.008095554076135162
v 0.013597147539258008 0.01515110209584236 -0.008095544762909416
v 0.013508572243154054 0.015060942620038984 -0.008701800368726257
v 0.013597147539258008 0.01515110209584236 -0.008095544762909416
v 0.014394232071936137 0.015338817611336706 -0.008095527999103073
v 0.01177409198135138 0.014558471739292143 -0.00809555966407061
v 0.012352937832474714 0.014768926426768301 -0.008095558732748035
v 0.01236396841704846 0.014703303575515745 -0.008729400113224987
v 0.01236396841704846 0.014703303575515745 -0.008729400113224987
v 0.012352937832474714 0.014768926426768301 -0.008095558732748035
v 0.013508572243154054 0.015060942620038984 -0.008701800368726257
v 0.01236396841704846 0.014703303575515745 -0.008729400113224987
v 0.013508572243154054 0.015060942620038984 -0.008701800368726257
v 0.012409921735525136 0.014556668698787687 -0.009407914243638519
v 0.012409921735525136 0.014556668698787687 -0.009407914243638519
v 0.013508572243154054 0.015060942620038984 -0.008701800368726257
v 0.01354766078293324 0.014911445789039133 -0.00935583654791117
v 0.012409921735525136 0.014556668698787687 -0.009407914243638519
v 0.01354766078293324 0.014911445789039133 -0.00935583654791117
v 0.012512845918536191 0.014299413189291952 -0.010093947872519498
v 0.012512845918536191 0.014299413189291952 -0.010093947872519498
v 0.01354766078293324 0.014911445789039133 -0.00935583654791117
v 0.0136408843100071 0.0146487345919013 -0.01001879014074803
v 0.012512845918536191 0.014299413189291952 -0.010093947872519498
v 0.0136408843100071 0.0146487345919013 -0.01001879014074803
v 0.012682682834565645 0.013929265551269053 -0.010733732022345071
v 0.012682682834565645 0.013929265551269053 -0.010733732022345071
v 0.0136408843100071 0.0146487345919013 -0.01001879014074803
v 0.013798152096569545 0.014277576468884943 -0.010635394603013998
v 0.012682682834565645 0.013929265551269053 -0.010733732022345071
v 0.013798152096569545 0.014277576468884943 -0.010635394603013998
v 0.012917719781398778 0.013459903188049792 -0.01127246860414744
v 0.012917719781398778 0.013459903188049792 -0.01127246860414744
v 0.013798152096569545 0.014277576468884943 -0.010635394603013998
v 0.01401554141193629 0.013820773921906946 -0.011149467900395399
v 0.012917719781398778 0.013459903188049792 -0.01127246860414744
v 0.01401554141193629 0.013820773921906946 -0.011149467900395399
v 0.013056334108114248 0.013194145634770392 -0.011490442790091043
v 0.013056334108114248 0.013194145634770392 -0.011490442790091043
v 0.01401554141193629 0.013820773921906946 -0.011149467900395399
v 0.01427646819502116 0.013306003995239733 -0.01151979342103005
v 0.013056334108114248 0.013194145634770392 -0.011490442790091043
v 0.01427646819502116 0.013306003995239733 -0.01151979342103005
v 0.013206467963755136 0.012911204248666762 -0.01167029701173306
v 0.013206467963755136 0.012911204248666762 -0.01167029701173306
v 0.01427646819502116 0.013306003995239733 -0.01151979342103005
v 0.01353341899812222 0.012304039672017096 -0.011919305659830575
v 0.013206467963755136 0.012911204248666762 -0.01167029701173306
v 0.01353341899812222 0.012304039672017096 -0.011919305659830575
v 0.012416389770805841 0.012007323093712328 -0.01200975757092238
v 0.012416389770805841 0.012007323093712328 -0.01200975757092238
v 0.01353341899812222 0.012304039672017096 -0.011919305659830575
v 0.012517610564827924 0.011840709485113619 -0.01206408347934485
v 0.015487294644117362 0.011217052116990088 -0.00011546101450221618
v 0.014839597977697856 0.012194014154374598 -0.0001573742483742536
v 0.013868206180632121 0.011645061895251272 5.185620830161499e-05
v 0.014457367360591895 0.01071817986667156 8.889397577149798e-05
v 0.015072205103933818 0.009764169342815874 4.6069435484241715e-05
v 0.0161246843636036 0.010285688564181326 -0.00016460317419841894
v 0.0177341215312481 0.011739595793187617 -0.0006690610316582027
v 0.017343390733003623 0.012271446175873278 -0.000645173073280603
v 0.01647650822997094 0.011732169426977633 -0.00036076206015422957
v 0.01553380116820336 0.009050100110471247 -4.868565156357365e-05
v 0.014608869329094894 0.008389183320105074 9.22346298466437e-05
v 0.014834869652986533 0.008016280829906462 -1.6046986274886883e-05
v 0.014088742434978492 0.009247395209968088 0.00020445621339604267
v 0.015072205103933818 0.009764169342815874 4.6069435484241715e-05
v 0.013822634704411037 0.009686461649835108 0.00023131276248022925
v 0.013822634704411037 0.009686461649835108 0.00023131276248022925
v 0.015072205103933818 0.009764169342815874 4.6069435484241715e-05
v 0.014457367360591895 0.01071817986667156 8.889397577149798e-05
v 0.013822634704411037 0.009686461649835108 0.00023131276248022925
v 0.014457367360591895 0.01071817986667156 8.889397577149798e-05
v 0.013501444831490522 0.010216441936790941 0.0002460458199493588
v 0.013501444831490522 0.010216441936790941 0.0002460458199493588
v 0.014457367360591895 0.01071817986667156 8.889397577149798e-05
v 0.013497822917997842 0.010222418233752249 0.0002460979740135373
v 0.018536375835537917 0.010683720000088213 -0.00084417435573414
v 0.017982799559831626 0.011408294551074503 -0.0007028848049230877
v 0.017587112262845046 0.010191665962338446 -0.0005280764889903369
v 0.017587112262845046 0.010191665962338446 -0.0005280764889903369
v 0.017982799559831626 0.011408294551074503 -0.0007028848049230877
v 0.017123613506555564 0.010828878730535505 -0.0004168723826296629
v 0.017587112262845046 0.010191665962338446 -0.0005280764889903369
v 0.017123613506555564 0.010828878730535505 -0.0004168723826296629
v 0.0161246843636036 0.010285688564181326 -0.00016460317419841894
v 0.014834869652986533 0.008016280829906462 -1.6046986274886883e-05
v 0.015816412866115577 0.008608758449554442 -0.00017609709175303587
v 0.01553380116820336 0.009050100110471247 -4.868565156357365e-05
v 0.01553380116820336 0.009050100110471247 -4.868565156357365e-05
v 0.015816412866115577 0.008608758449554442 -0.00017609709175303587
v 0.01684622466564179 0.009232363663613794 -0.00038497365312650816
v 0.01553380116820336 0.009050100110471247 -4.868565156357365e-05
v 0.01684622466564179 0.009232363663613794 -0.00038497365312650816
v 0.0165853500366211 0.00961620733141899 -0.000266993243712932
v 0.0165853500366211 0.00961620733141899 -0.000266993243712932
v 0.01684622466564179 0.009232363663613794 -0.00038497365312650816
v 0.017843142151832588 0.009840514510869978 -0.0006427674670703712
v 0.014839597977697856 0.012194014154374598 -0.0001573742483742536
v 0.015487294644117362 0.011217052116990088 -0.00011546101450221618
v 0.015797844156622894 0.012726937420666216 -0.00040206714766100065
v 0.015797844156622894 0.012726937420666216 -0.00040206714766100065
v 0.015487294644117362 0.011217052116990088 -0.00011546101450221618
v 0.01647650822997094 0.011732169426977633 -0.00036076206015422957
v 0.015797844156622894 0.012726937420666216 -0.00040206714766100065
v 0.01647650822997094 0.011732169426977633 -0.00036076206015422957
v 0.01580349914729596 0.012730056419968603 -0.00040364899905398504
v 0.01580349914729596 0.012730056419968603 -0.00040364899905398504
v 0.01647650822997094 0.011732169426977633 -0.00036076206015422957
v 0.017343390733003623 0.012271446175873278 -0.000645173073280603
v 0.01580349914729596 0.012730056419968603 -0.00040364899905398504
v 0.017343390733003623 0.012271446175873278 -0.000645173073280603
v 0.016687372699379928 0.013214099220931528 -0.0006765116122551266
v 0.017982799559831626 0.011408294551074503 -0.0007028848049230877
v 0.0177341215312481 0.011739595793187617 -0.0006690610316582027
v 0.017123613506555564 0.010828878730535505 -0.0004168723826296629
v 0.017123613506555564 0.010828878730535505 -0.0004168723826296629
v 0.0177341215312481 0.011739595793187617 -0.0006690610316582027
v 0.01647650822997094 0.011732169426977633 -0.00036076206015422957
v 0.017123613506555564 0.010828878730535505 -0.0004168723826296629
v 0.01647650822997094 0.011732169426977633 -0.00036076206015422957
v 0.0161246843636036 0.010285688564181326 -0.00016460317419841894
v 0.0161246843636036 0.010285688564181326 -0.00016460317419841894
v 0.01647650822997094 0.011732169426977633 -0.00036076206015422957
v 0.015487294644117362 0.011217052116990088 -0.00011546101450221618
v 0.0161246843636036 0.010285688564181326 -0.00016460317419841894
v 0.015487294644117362 0.011217052116990088 -0.00011546101450221618
v 0.014457367360591895 0.01071817986667156 8.889397577149798e-05
v 0.014457367360591895 0.01071817986667156 8.889397577149798e-05
v 0.015487294644117362 0.011217052116990088 -0.00011546101450221618
v 0.013868206180632121 0.011645061895251272 5.185620830161499e-05
v 0.014457367360591895 0.01071817986667156 8.889397577149798e-05
v 0.013868206180632121 0.011645061895251272 5.185620830161499e-05
v 0.013497822917997842 0.010222418233752249 0.0002460979740135373
v 0.013497822917997842 0.010222418233752249 0.0002460979740135373
v 0.013868206180632121 0.011645061895251272 5.185620830161499e-05
v 0.01295386347919703 0.011119970120489596 0.00021265418035909542
v 0.014088742434978492 0.009247395209968088 0.00020445621339604267
v 0.014608869329094894 0.008389183320105074 9.22346298466437e-05
v 0.015072205103933818 0.009764169342815874 4.6069435484241715e-05
v 0.015072205103933818 0.009764169342815874 4.6069435484241715e-05
v 0.014608869329094894 0.008389183320105074 9.22346298466437e-05
v 0.01553380116820336 0.009050100110471247 -4.868565156357365e-05
v 0.015072205103933818 0.009764169342815874 4.6069435484241715e-05
v 0.01553380116820336 0.009050100110471247 -4.868565156357365e-05
v 0.0161246843636036 0.010285688564181326 -0.00016460317419841894
v 0.0161246843636036 0.010285688564181326 -0.00016460317419841894
v 0.01553380116820336 0.009050100110471247 -4.868565156357365e-05
v 0.0165853500366211 0.00961620733141899 -0.000266993243712932
v 0.0161246843636036 0.010285688564181326 -0.00016460317419841894
v 0.0165853500366211 0.00961620733141899 -0.000266993243712932
v 0.017587112262845046 0.010191665962338446 -0.0005280764889903369
v 0.017587112262845046 0.010191665962338446 -0.0005280764889903369
v 0.0165853500366211 0.00961620733141899 -0.000266993243712932
v 0.017843142151832588 0.009840514510869978 -0.0006427674670703712
v 0.017587112262845046 0.010191665962338446 -0.0005280764889903369
v 0.017843142151832588 0.009840514510869978 -0.0006427674670703712
v 0.018536375835537917 0.010683720000088213 -0.00084417435573414
v 0.018536375835537917 0.010683720000088213 -0.00084417435573414
v 0.017843142151832588 0.009840514510869978 -0.0006427674670703712
v 0.018571672961115844 0.010288543067872523 -0.0008780148928053681
v 0.018536375835537917 0.010683720000088213 -0.00084417435573414
v 0.018571672961115844 0.010288543067872523 -0.0008780148928053681
v 0.018753835931420333 0.010401167906820772 -0.0009445062023587529
v 0.021937934681773196 0.01168502029031515 -0.004147816915065052
v 0.02192780375480653 0.011770949698984621 -0.004370850510895254
v 0.021654829382896434 0.012259871698915957 -0.004370851907879116
v 0.021990133449435244 0.01035141199827194 -0.0036838124506175535
v 0.021757157519459735 0.010121837258338926 -0.0033470820635557188
v 0.021772002801299106 0.009639468044042586 -0.003564318874850871
v 0.019450409337878234 0.009509547613561152 -0.001442208304069937
v 0.01974037103354932 0.009148266166448591 -0.0017312801210209736
v 0.02034413442015649 0.009594198316335676 -0.0019967800471931705
v 0.020019641146063815 0.008808448910713194 -0.0020691652316600093
v 0.02012068033218385 0.0086881211027503 -0.0022091739811003217
v 0.02062693238258363 0.009101530537009237 -0.0024298790376633414
v 0.020817186683416377 0.007981472648680208 -0.0037406301125884073
v 0.02109091542661191 0.0082769189029932 -0.0038167482707649487
v 0.02118149958550931 0.008474755100905893 -0.0036352504976093786
v 0.020852312445640574 0.007991524413228033 -0.0038860363420099037
v 0.020913608372211467 0.008057393133640288 -0.003897354472428562
v 0.020826920866966258 0.007980909198522566 -0.0037827065680176037
v 0.020826920866966258 0.007980909198522566 -0.0037827065680176037
v 0.020913608372211467 0.008057393133640288 -0.003897354472428562
v 0.020817186683416377 0.007981472648680208 -0.0037406301125884073
v 0.020817186683416377 0.007981472648680208 -0.0037406301125884073
v 0.02118149958550931 0.008474755100905893 -0.0036352504976093786
v 0.020695902407169352 0.008060914464294909 -0.0033253692090511335
v 0.020695902407169352 0.008060914464294909 -0.0033253692090511335
v 0.02118149958550931 0.008474755100905893 -0.0036352504976093786
v 0.020931828767061244 0.008441719226539133 -0.0032366034574806703
v 0.020695902407169352 0.008060914464294909 -0.0033253692090511335
v 0.020931828767061244 0.008441719226539133 -0.0032366034574806703
v 0.02061896026134492 0.008133460767567156 -0.0031233644112944616
v 0.02061896026134492 0.008133460767567156 -0.0031233644112944616
v 0.020931828767061244 0.008441719226539133 -0.0032366034574806703
v 0.020821014419198047 0.008719512261450289 -0.002855133265256883
v 0.02061896026134492 0.008133460767567156 -0.0031233644112944616
v 0.020821014419198047 0.008719512261450289 -0.002855133265256883
v 0.020413106307387362 0.008351609110832213 -0.002686985768377782
v 0.018753835931420333 0.010401167906820772 -0.0009445062023587529
v 0.019279409199953086 0.0097257187590003 -0.0012962933396920568
v 0.01952627673745156 0.010882746428251265 -0.0012837968533858663
v 0.01952627673745156 0.010882746428251265 -0.0012837968533858663
v 0.019279409199953086 0.0097257187590003 -0.0012962933396920568
v 0.019974157214164744 0.010193435475230215 -0.0015986914513632662
v 0.01952627673745156 0.010882746428251265 -0.0012837968533858663
v 0.019974157214164744 0.010193435475230215 -0.0015986914513632662
v 0.01953071169555188 0.010885534808039663 -0.0012861540308222181
v 0.020492132753133784 0.01149912644177675 -0.002001316053792835
v 0.020172366872429858 0.011292865499854086 -0.0017086932202801115
v 0.020563356578350078 0.010608356446027754 -0.001974709564819933
v 0.020563356578350078 0.010608356446027754 -0.001974709564819933
v 0.020172366872429858 0.011292865499854086 -0.0017086932202801115
v 0.019814841449260722 0.011064917780458925 -0.0014513217611238367
v 0.021772002801299106 0.009639468044042586 -0.003564318874850871
v 0.021757157519459735 0.010121837258338926 -0.0033470820635557188
v 0.02144874818623067 0.009826978668570517 -0.0030063511803746236
v 0.02144874818623067 0.009826978668570517 -0.0030063511803746236
v 0.021757157519459735 0.010121837258338926 -0.0033470820635557188
v 0.021294372156262408 0.010358677245676516 -0.0027026089373976005
v 0.02144874818623067 0.009826978668570517 -0.0030063511803746236
v 0.021294372156262408 0.010358677245676516 -0.0027026089373976005
v 0.020865032449364673 0.01000060699880123 -0.0023203776217997083
v 0.020865032449364673 0.01000060699880123 -0.0023203776217997083
v 0.021294372156262408 0.010358677245676516 -0.0027026089373976005
v 0.020563356578350078 0.010608356446027754 -0.001974709564819933
v 0.020865032449364673 0.01000060699880123 -0.0023203776217997083
v 0.020563356578350078 0.010608356446027754 -0.001974709564819933
v 0.019974157214164744 0.010193435475230215 -0.0015986914513632662
v 0.019974157214164744 0.010193435475230215 -0.0015986914513632662
v 0.020563356578350078 0.010608356446027754 -0.001974709564819933
v 0.019814841449260722 0.011064917780458925 -0.0014513217611238367
v 0.019974157214164744 0.010193435475230215 -0.0015986914513632662
v 0.019814841449260722 0.011064917780458925 -0.0014513217611238367
v 0.01953071169555188 0.010885534808039663 -0.0012861540308222181
v 0.020492132753133784 0.01149912644177675 -0.002001316053792835
v 0.020563356578350078 0.010608356446027754 -0.001974709564819933
v 0.02103864960372449 0.010962607339024542 -0.002423157915472985
v 0.02103864960372449 0.010962607339024542 -0.002423157915472985
v 0.020563356578350078 0.010608356446027754 -0.001974709564819933
v 0.021294372156262408 0.010358677245676516 -0.0027026089373976005
v 0.02103864960372449 0.010962607339024542 -0.002423157915472985
v 0.021294372156262408 0.010358677245676516 -0.0027026089373976005
v 0.021638227626681338 0.010662842541933058 -0.003121112706139685
v 0.021638227626681338 0.010662842541933058 -0.003121112706139685
v 0.021294372156262408 0.010358677245676516 -0.0027026089373976005
v 0.021757157519459735 0.010121837258338926 -0.0033470820635557188
v 0.021638227626681338 0.010662842541933058 -0.003121112706139685
v 0.021757157519459735 0.010121837258338926 -0.0033470820635557188
v 0.02189329080283643 0.010897775180637835 -0.003533976851031186
v 0.02189329080283643 0.010897775180637835 -0.003533976851031186
v 0.021757157519459735 0.010121837258338926 -0.0033470820635557188
v 0.021990133449435244 0.01035141199827194 -0.0036838124506175535
v 0.02189329080283643 0.010897775180637835 -0.003533976851031186
v 0.021990133449435244 0.01035141199827194 -0.0036838124506175535
v 0.022056659683585177 0.01105000916868448 -0.0038961423560977
v 0.022230526432394992 0.010380002669990061 -0.004370793234556915
v 0.022232934832572947 0.010578027926385401 -0.004370803944766523
v 0.022213857620954524 0.010567890480160711 -0.00420993519946933
v 0.022213857620954524 0.010567890480160711 -0.00420993519946933
v 0.022232934832572947 0.010578027926385401 -0.004370803944766523
v 0.0222248136997223 0.010721235536038874 -0.004370811861008407
v 0.02213560789823533 0.011119528673589228 -0.004175807349383833
v 0.022056659683585177 0.01105000916868448 -0.0038961423560977
v 0.02214103564620019 0.010500508360564707 -0.003980130888521673
v 0.02214103564620019 0.010500508360564707 -0.003980130888521673
v 0.022056659683585177 0.01105000916868448 -0.0038961423560977
v 0.021990133449435244 0.01035141199827194 -0.0036838124506175535
v 0.02214103564620019 0.010500508360564707 -0.003980130888521673
v 0.021990133449435244 0.01035141199827194 -0.0036838124506175535
v 0.021976586431264888 0.00984783750027418 -0.0038287064526230114
v 0.021976586431264888 0.00984783750027418 -0.0038287064526230114
v 0.021990133449435244 0.01035141199827194 -0.0036838124506175535
v 0.021772002801299106 0.009639468044042586 -0.003564318874850871
v 0.021976586431264888 0.00984783750027418 -0.0038287064526230114
v 0.021772002801299106 0.009639468044042586 -0.003564318874850871
v 0.021863754838705073 0.00939156301319599 -0.003952370490878822
v 0.021863754838705073 0.00939156301319599 -0.003952370490878822
v 0.021772002801299106 0.009639468044042586 -0.003564318874850871
v 0.021693645045161258 0.009216456674039362 -0.0037516807205975073
v 0.021863754838705073 0.00939156301319599 -0.003952370490878822
v 0.021693645045161258 0.009216456674039362 -0.0037516807205975073
v 0.021669071167707454 0.008981705643236635 -0.004043482709676029
v 0.021669071167707454 0.008981705643236635 -0.004043482709676029
v 0.021693645045161258 0.009216456674039362 -0.0037516807205975073
v 0.021538464352488528 0.008847824297845362 -0.0038953199982643145
v 0.021138347685337077 0.008281744085252283 -0.0041428273543715494
v 0.021174103021621715 0.00830156449228525 -0.004370851907879116
v 0.021223364397883426 0.008357089944183825 -0.004370855167508127
v 0.021223364397883426 0.008357089944183825 -0.004370855167508127
v 0.0214728955179453 0.008667950518429278 -0.004201208241283895
v 0.021138347685337077 0.008281744085252283 -0.0041428273543715494
v 0.021138347685337077 0.008281744085252283 -0.0041428273543715494
v 0.0214728955179453 0.008667950518429278 -0.004201208241283895
v 0.021326769143342982 0.008523535914719103 -0.003988096024841072
v 0.021138347685337077 0.008281744085252283 -0.0041428273543715494
v 0.021326769143342982 0.008523535914719103 -0.003988096024841072
v 0.021081233397126208 0.008229125291109083 -0.004028986673802139
v 0.021669071167707454 0.008981705643236635 -0.004043482709676029
v 0.02175550162792207 0.00906770024448633 -0.004179653711616995
v 0.021863754838705073 0.00939156301319599 -0.003952370490878822
v 0.021863754838705073 0.00939156301319599 -0.003952370490878822
v 0.02175550162792207 0.00906770024448633 -0.004179653711616995
v 0.02197572961449624 0.009504668414592741 -0.004131682682782413
v 0.021863754838705073 0.00939156301319599 -0.003952370490878822
v 0.02197572961449624 0.009504668414592741 -0.004131682682782413
v 0.021976586431264888 0.00984783750027418 -0.0038287064526230114
v 0.021976586431264888 0.00984783750027418 -0.0038287064526230114
v 0.02197572961449624 0.009504668414592741 -0.004131682682782413
v 0.02211032435297967 0.0099829388782382 -0.004062368534505369
v 0.021976586431264888 0.00984783750027418 -0.0038287064526230114
v 0.02211032435297967 0.0099829388782382 -0.004062368534505369
v 0.02214103564620019 0.010500508360564707 -0.003980130888521673
v 0.02214103564620019 0.010500508360564707 -0.003980130888521673
v 0.02211032435297967 0.0099829388782382 -0.004062368534505369
v 0.022213857620954524 0.010567890480160711 -0.00420993519946933
v 0.02214103564620019 0.010500508360564707 -0.003980130888521673
v 0.022213857620954524 0.010567890480160711 -0.00420993519946933
v 0.02213560789823533 0.011119528673589228 -0.004175807349383833
v 0.02213560789823533 0.011119528673589228 -0.004175807349383833
v 0.022213857620954524 0.010567890480160711 -0.00420993519946933
v 0.0222248136997223 0.010721235536038874 -0.004370811861008407
v 0.02213560789823533 0.011119528673589228 -0.004175807349383833
v 0.0222248136997223 0.010721235536038874 -0.004370811861008407
v 0.022171102464199077 0.011072044260799883 -0.004370830021798612
v 0.020817186683416377 0.007981472648680208 -0.0037406301125884073
v 0.020913608372211467 0.008057393133640288 -0.003897354472428562
v 0.02109091542661191 0.0082769189029932 -0.0038167482707649487
v 0.02109091542661191 0.0082769189029932 -0.0038167482707649487
v 0.020913608372211467 0.008057393133640288 -0.003897354472428562
v 0.020968522876501094 0.008115379139780996 -0.00392015138641
v 0.02109091542661191 0.0082769189029932 -0.0038167482707649487
v 0.020968522876501094 0.008115379139780996 -0.00392015138641
v 0.021043291315436374 0.008191824890673159 -0.003980753012001516
v 0.02012068033218385 0.0086881211027503 -0.0022091739811003217
v 0.020413106307387362 0.008351609110832213 -0.002686985768377782
v 0.02062693238258363 0.009101530537009237 -0.0024298790376633414
v 0.02062693238258363 0.009101530537009237 -0.0024298790376633414
v 0.020413106307387362 0.008351609110832213 -0.002686985768377782
v 0.020821014419198047 0.008719512261450289 -0.002855133265256883
v 0.02062693238258363 0.009101530537009237 -0.0024298790376633414
v 0.020821014419198047 0.008719512261450289 -0.002855133265256883
v 0.021187834441661845 0.009062806144356726 -0.0030578870791941894
v 0.021187834441661845 0.009062806144356726 -0.0030578870791941894
v 0.020821014419198047 0.008719512261450289 -0.002855133265256883
v 0.020931828767061244 0.008441719226539133 -0.0032366034574806703
v 0.021187834441661845 0.009062806144356726 -0.0030578870791941894
v 0.020931828767061244 0.008441719226539133 -0.0032366034574806703
v 0.02121967263519765 0.008730620145797728 -0.003378362860530616
v 0.02121967263519765 0.008730620145797728 -0.003378362860530616
v 0.020931828767061244 0.008441719226539133 -0.0032366034574806703
v 0.02118149958550931 0.008474755100905893 -0.0036352504976093786
v 0.01974037103354932 0.009148266166448591 -0.0017312801210209736
v 0.020019641146063815 0.008808448910713194 -0.0020691652316600093
v 0.02034413442015649 0.009594198316335676 -0.0019967800471931705
v 0.02034413442015649 0.009594198316335676 -0.0019967800471931705
v 0.020019641146063815 0.008808448910713194 -0.0020691652316600093
v 0.02062693238258363 0.009101530537009237 -0.0024298790376633414
v 0.02034413442015649 0.009594198316335676 -0.0019967800471931705
v 0.02062693238258363 0.009101530537009237 -0.0024298790376633414
v 0.021072430536150943 0.009484244510531424 -0.002694973954930903
v 0.021072430536150943 0.009484244510531424 -0.002694973954930903
v 0.02062693238258363 0.009101530537009237 -0.0024298790376633414
v 0.021187834441661845 0.009062806144356726 -0.0030578870791941894
v 0.021072430536150943 0.009484244510531424 -0.002694973954930903
v 0.021187834441661845 0.009062806144356726 -0.0030578870791941894
v 0.02150563895702363 0.00937222223728895 -0.003298550378531219
v 0.02150563895702363 0.00937222223728895 -0.003298550378531219
v 0.021187834441661845 0.009062806144356726 -0.0030578870791941894
v 0.02121967263519765 0.008730620145797728 -0.003378362860530616
v 0.02150563895702363 0.00937222223728895 -0.003298550378531219
v 0.02121967263519765 0.008730620145797728 -0.003378362860530616
v 0.02147519402205945 0.008991392329335211 -0.0035533118061721342
v 0.02147519402205945 0.008991392329335211 -0.0035533118061721342
v 0.02121967263519765 0.008730620145797728 -0.003378362860530616
v 0.02118149958550931 0.008474755100905893 -0.0036352504976093786
v 0.02147519402205945 0.008991392329335211 -0.0035533118061721342
v 0.02118149958550931 0.008474755100905893 -0.0036352504976093786
v 0.021372491493821155 0.008675146847963331 -0.0037538022734224814
v 0.021372491493821155 0.008675146847963331 -0.0037538022734224814
v 0.02118149958550931 0.008474755100905893 -0.0036352504976093786
v 0.02109091542661191 0.0082769189029932 -0.0038167482707649487
v 0.021372491493821155 0.008675146847963331 -0.0037538022734224814
v 0.02109091542661191 0.0082769189029932 -0.0038167482707649487
v 0.021326769143342982 0.008523535914719103 -0.003988096024841072
v 0.021326769143342982 0.008523535914719103 -0.003988096024841072
v 0.02109091542661191 0.0082769189029932 -0.0038167482707649487
v 0.021043291315436374 0.008191824890673159 -0.003980753012001516
v 0.021326769143342982 0.008523535914719103 -0.003988096024841072
v 0.021043291315436374 0.008191824890673159 -0.003980753012001516
v 0.021081233397126208 0.008229125291109083 -0.004028986673802139
v 0.021654829382896434 0.012259871698915957 -0.004370851907879116
v 0.021565599367022525 0.012206254526972769 -0.003846195293590428
v 0.021937934681773196 0.01168502029031515 -0.004147816915065052
v 0.021937934681773196 0.01168502029031515 -0.004147816915065052
v 0.021565599367022525 0.012206254526972769 -0.003846195293590428
v 0.021549813449382792 0.012195973657071589 -0.0037926777731627243
v 0.021937934681773196 0.01168502029031515 -0.004147816915065052
v 0.021549813449382792 0.012195973657071589 -0.0037926777731627243
v 0.02185506373643876 0.011619457043707369 -0.0038237422704696673
v 0.02185506373643876 0.011619457043707369 -0.0038237422704696673
v 0.021549813449382792 0.012195973657071589 -0.0037926777731627243
v 0.02154526486992837 0.012193000875413416 -0.0037778452970087546
v 0.02185506373643876 0.011619457043707369 -0.0038237422704696673
v 0.02154526486992837 0.012193000875413416 -0.0037778452970087546
v 0.021683111786842357 0.011477188207209109 -0.003400367917492987
v 0.021683111786842357 0.011477188207209109 -0.003400367917492987
v 0.02154526486992837 0.012193000875413416 -0.0037778452970087546
v 0.02126336283981801 0.012006219476461409 -0.0030933029484003795
v 0.021683111786842357 0.011477188207209109 -0.003400367917492987
v 0.02126336283981801 0.012006219476461409 -0.0030933029484003795
v 0.02141139842569829 0.011255424469709395 -0.0029154340736567987
v 0.02141139842569829 0.011255424469709395 -0.0029154340736567987
v 0.02126336283981801 0.012006219476461409 -0.0030933029484003795
v 0.02102375589311124 0.011847358196973799 -0.0026752604171633733
v 0.02141139842569829 0.011255424469709395 -0.0029154340736567987
v 0.02102375589311124 0.011847358196973799 -0.0026752604171633733
v 0.020685285329818736 0.011624884791672228 -0.0022146524861454972
v 0.022171102464199077 0.011072044260799883 -0.004370830021798612
v 0.02192780375480653 0.011770949698984621 -0.004370850510895254
v 0.02213560789823533 0.011119528673589228 -0.004175807349383833
v 0.02213560789823533 0.011119528673589228 -0.004175807349383833
v 0.02192780375480653 0.011770949698984621 -0.004370850510895254
v 0.021937934681773196 0.01168502029031515 -0.004147816915065052
v 0.02213560789823533 0.011119528673589228 -0.004175807349383833
v 0.021937934681773196 0.01168502029031515 -0.004147816915065052
v 0.022056659683585177 0.01105000916868448 -0.0038961423560977
v 0.022056659683585177 0.01105000916868448 -0.0038961423560977
v 0.021937934681773196 0.01168502029031515 -0.004147816915065052
v 0.02185506373643876 0.011619457043707369 -0.0038237422704696673
v 0.022056659683585177 0.01105000916868448 -0.0038961423560977
v 0.02185506373643876 0.011619457043707369 -0.0038237422704696673
v 0.02189329080283643 0.010897775180637835 -0.003533976851031186
v 0.02189329080283643 0.010897775180637835 -0.003533976851031186
v 0.02185506373643876 0.011619457043707369 -0.0038237422704696673
v 0.021683111786842357 0.011477188207209109 -0.003400367917492987
v 0.02189329080283643 0.010897775180637835 -0.003533976851031186
v 0.021683111786842357 0.011477188207209109 -0.003400367917492987
v 0.021638227626681338 0.010662842541933058 -0.003121112706139685
v 0.021638227626681338 0.010662842541933058 -0.003121112706139685
v 0.021683111786842357 0.011477188207209109 -0.003400367917492987
v 0.02141139842569829 0.011255424469709395 -0.0029154340736567987
v 0.021638227626681338 0.010662842541933058 -0.003121112706139685
v 0.02141139842569829 0.011255424469709395 -0.0029154340736567987
v 0.02103864960372449 0.010962607339024542 -0.002423157915472985
v 0.02103864960372449 0.010962607339024542 -0.002423157915472985
v 0.02141139842569829 0.011255424469709395 -0.0029154340736567987
v 0.020685285329818736 0.011624884791672228 -0.0022146524861454972
v 0.02103864960372449 0.010962607339024542 -0.002423157915472985
v 0.020685285329818736 0.011624884791672228 -0.0022146524861454972
v 0.020492132753133784 0.01149912644177675 -0.002001316053792835
v 0.022188786417245875 0.010043455287814139 -0.004370778799057009
v 0.022174589335918437 0.010043406859040259 -0.004243924282491209
v 0.022102592512965213 0.009722053073346613 -0.004370773676782848
v 0.022102592512965213 0.009722053073346613 -0.004370773676782848
v 0.022174589335918437 0.010043406859040259 -0.004243924282491209
v 0.02202928252518178 0.009554808028042315 -0.0042720520868897455
v 0.022102592512965213 0.009722053073346613 -0.004370773676782848
v 0.02202928252518178 0.009554808028042315 -0.0042720520868897455
v 0.021821662783622752 0.009134312160313128 -0.00437079928815365
v 0.021821662783622752 0.009134312160313128 -0.00437079928815365
v 0.02202928252518178 0.009554808028042315 -0.0042720520868897455
v 0.021796813234686862 0.009105337783694266 -0.004289699252694847
v 0.021821662783622752 0.009134312160313128 -0.00437079928815365
v 0.021796813234686862 0.009105337783694266 -0.004289699252694847
v 0.021540166810154925 0.008733768016099928 -0.004370838403701784
v 0.021540166810154925 0.008733768016099928 -0.004370838403701784
v 0.021796813234686862 0.009105337783694266 -0.004289699252694847
v 0.0214728955179453 0.008667950518429278 -0.004201208241283895
v 0.021540166810154925 0.008733768016099928 -0.004370838403701784
v 0.0214728955179453 0.008667950518429278 -0.004201208241283895
v 0.021508045494556437 0.008693185634911059 -0.004370842128992082
v 0.021508045494556437 0.008693185634911059 -0.004370842128992082
v 0.0214728955179453 0.008667950518429278 -0.004201208241283895
v 0.021223364397883426 0.008357089944183825 -0.004370855167508127
v 0.019279409199953086 0.0097257187590003 -0.0012962933396920568
v 0.019450409337878234 0.009509547613561152 -0.001442208304069937
v 0.019974157214164744 0.010193435475230215 -0.0015986914513632662
v 0.019974157214164744 0.010193435475230215 -0.0015986914513632662
v 0.019450409337878234 0.009509547613561152 -0.001442208304069937
v 0.02034413442015649 0.009594198316335676 -0.0019967800471931705
v 0.019974157214164744 0.010193435475230215 -0.0015986914513632662
v 0.02034413442015649 0.009594198316335676 -0.0019967800471931705
v 0.020865032449364673 0.01000060699880123 -0.0023203776217997083
v 0.020865032449364673 0.01000060699880123 -0.0023203776217997083
v 0.02034413442015649 0.009594198316335676 -0.0019967800471931705
v 0.021072430536150943 0.009484244510531424 -0.002694973954930903
v 0.020865032449364673 0.01000060699880123 -0.0023203776217997083
v 0.021072430536150943 0.009484244510531424 -0.002694973954930903
v 0.02144874818623067 0.009826978668570517 -0.0030063511803746236
v 0.02144874818623067 0.009826978668570517 -0.0030063511803746236
v 0.021072430536150943 0.009484244510531424 -0.002694973954930903
v 0.02150563895702363 0.00937222223728895 -0.003298550378531219
v 0.02144874818623067 0.009826978668570517 -0.0030063511803746236
v 0.02150563895702363 0.00937222223728895 -0.003298550378531219
v 0.021772002801299106 0.009639468044042586 -0.003564318874850871
v 0.021772002801299106 0.009639468044042586 -0.003564318874850871
v 0.02150563895702363 0.00937222223728895 -0.003298550378531219
v 0.02147519402205945 0.008991392329335211 -0.0035533118061721342
v 0.021772002801299106 0.009639468044042586 -0.003564318874850871
v 0.02147519402205945 0.008991392329335211 -0.0035533118061721342
v 0.021693645045161258 0.009216456674039362 -0.0037516807205975073
v 0.021693645045161258 0.009216456674039362 -0.0037516807205975073
v 0.02147519402205945 0.008991392329335211 -0.0035533118061721342
v 0.021372491493821155 0.008675146847963331 -0.0037538022734224814
v 0.021693645045161258 0.009216456674039362 -0.0037516807205975073
v 0.021372491493821155 0.008675146847963331 -0.0037538022734224814
v 0.021538464352488528 0.008847824297845362 -0.0038953199982643145
v 0.021538464352488528 0.008847824297845362 -0.0038953199982643145
v 0.021372491493821155 0.008675146847963331 -0.0037538022734224814
v 0.021326769143342982 0.008523535914719103 -0.003988096024841072
v 0.021538464352488528 0.008847824297845362 -0.0038953199982643145
v 0.021326769143342982 0.008523535914719103 -0.003988096024841072
v 0.021669071167707454 0.008981705643236635 -0.004043482709676029
v 0.021669071167707454 0.008981705643236635 -0.004043482709676029
v 0.021326769143342982 0.008523535914719103 -0.003988096024841072
v 0.0214728955179453 0.008667950518429278 -0.004201208241283895
v 0.021669071167707454 0.008981705643236635 -0.004043482709676029
v 0.0214728955179453 0.008667950518429278 -0.004201208241283895
v 0.02175550162792207 0.00906770024448633 -0.004179653711616995
v 0.02175550162792207 0.00906770024448633 -0.004179653711616995
v 0.0214728955179453 0.008667950518429278 -0.004201208241283895
v 0.021796813234686862 0.009105337783694266 -0.004289699252694847
v 0.02175550162792207 0.00906770024448633 -0.004179653711616995
v 0.021796813234686862 0.009105337783694266 -0.004289699252694847
v 0.02197572961449624 0.009504668414592741 -0.004131682682782413
v 0.02197572961449624 0.009504668414592741 -0.004131682682782413
v 0.021796813234686862 0.009105337783694266 -0.004289699252694847
v 0.02202928252518178 0.009554808028042315 -0.0042720520868897455
v 0.02197572961449624 0.009504668414592741 -0.004131682682782413
v 0.02202928252518178 0.009554808028042315 -0.0042720520868897455
v 0.02211032435297967 0.0099829388782382 -0.004062368534505369
v 0.02211032435297967 0.0099829388782382 -0.004062368534505369
v 0.02202928252518178 0.009554808028042315 -0.0042720520868897455
v 0.022174589335918437 0.010043406859040259 -0.004243924282491209
v 0.02211032435297967 0.0099829388782382 -0.004062368534505369
v 0.022174589335918437 0.010043406859040259 -0.004243924282491209
v 0.022213857620954524 0.010567890480160711 -0.00420993519946933
v 0.022213857620954524 0.010567890480160711 -0.00420993519946933
v 0.022174589335918437 0.010043406859040259 -0.004243924282491209
v 0.022188786417245875 0.010043455287814139 -0.004370778799057009
v 0.022213857620954524 0.010567890480160711 -0.00420993519946933
v 0.022188786417245875 0.010043455287814139 -0.004370778799057009
v 0.022230526432394992 0.010380002669990061 -0.004370793234556915
v 0.01783162914216519 0.00983346253633499 -0.011360598728060728
v 0.018753835931420333 0.010401167906820772 -0.011055497452616697
v 0.01884951256215573 0.010277140885591505 -0.011001508682966238
v 0.014834869652986533 0.008016280829906462 -0.011983956210315233
v 0.01582863926887513 0.008616141974925993 -0.011821695603430276
v 0.015223025344312198 0.007375835441052913 -0.011746173724532133
v 0.015223025344312198 0.007375835441052913 -0.011746173724532133
v 0.01582863926887513 0.008616141974925993 -0.011821695603430276
v 0.01635310053825379 0.007796056102961301 -0.011477681808173662
v 0.015223025344312198 0.007375835441052913 -0.011746173724532133
v 0.01635310053825379 0.007796056102961301 -0.011477681808173662
v 0.01536506041884423 0.007141490466892718 -0.011647900566458707
v 0.020816899836063395 0.007981516420841215 -0.008260584436357025
v 0.020852312445640574 0.007991524413228033 -0.008113967254757885
v 0.019973166286945353 0.007100975140929221 -0.008411386050283912
v 0.019973166286945353 0.007100975140929221 -0.008411386050283912
v 0.020852312445640574 0.007991524413228033 -0.008113967254757885
v 0.01925827749073506 0.006337544415146112 -0.008318043313920501
v 0.020752115175127994 0.008015010505914686 -0.008502911776304248
v 0.019899114966392527 0.007153899874538182 -0.008710104972124103
v 0.020615974441170703 0.00813641771674156 -0.008883908390998844
v 0.020615974441170703 0.00813641771674156 -0.008883908390998844
v 0.019899114966392527 0.007153899874538182 -0.008710104972124103
v 0.01976023241877557 0.007298632059246301 -0.00910845119506121
v 0.01684622466564179 0.009232363663613794 -0.011615029536187654
v 0.01783162914216519 0.00983346253633499 -0.011360598728060728
v 0.017365083098411567 0.008469825610518454 -0.011268058791756635
v 0.017365083098411567 0.008469825610518454 -0.011268058791756635
v 0.01783162914216519 0.00983346253633499 -0.011360598728060728
v 0.01834575273096562 0.009130170568823813 -0.011016752570867544
v 0.017365083098411567 0.008469825610518454 -0.011268058791756635
v 0.01834575273096562 0.009130170568823813 -0.011016752570867544
v 0.017855396494269378 0.007755119819194078 -0.010825341567397123
v 0.017855396494269378 0.007755119819194078 -0.010825341567397123
v 0.01834575273096562 0.009130170568823813 -0.011016752570867544
v 0.018826786428689964 0.008482613600790499 -0.010574324056506162
v 0.017855396494269378 0.007755119819194078 -0.010825341567397123
v 0.018826786428689964 0.008482613600790499 -0.010574324056506162
v 0.01826737821102143 0.007162287365645169 -0.010326839983463293
v 0.01826737821102143 0.007162287365645169 -0.010326839983463293
v 0.018826786428689964 0.008482613600790499 -0.010574324056506162
v 0.019228016957640655 0.007955344393849371 -0.010081195272505289
v 0.01826737821102143 0.007162287365645169 -0.010326839983463293
v 0.019228016957640655 0.007955344393849371 -0.010081195272505289
v 0.018588254228234298 0.0067097609862685195 -0.00981033686548472
v 0.018588254228234298 0.0067097609862685195 -0.00981033686548472
v 0.019228016957640655 0.007955344393849371 -0.010081195272505289
v 0.019539359956979762 0.00756108434870839 -0.00957831367850304
v 0.018588254228234298 0.0067097609862685195 -0.00981033686548472
v 0.019539359956979762 0.00756108434870839 -0.00957831367850304
v 0.01881531439721585 0.006400356534868478 -0.009318961761891845
v 0.01881531439721585 0.006400356534868478 -0.009318961761891845
v 0.019539359956979762 0.00756108434870839 -0.00957831367850304
v 0.01976023241877557 0.007298632059246301 -0.00910845119506121
v 0.01881531439721585 0.006400356534868478 -0.009318961761891845
v 0.01976023241877557 0.007298632059246301 -0.00910845119506121
v 0.01895584166049958 0.006221719086170196 -0.008893406018614772
v 0.01895584166049958 0.006221719086170196 -0.008893406018614772
v 0.01976023241877557 0.007298632059246301 -0.00910845119506121
v 0.019899114966392527 0.007153899874538182 -0.008710104972124103
v 0.01783162914216519 0.00983346253633499 -0.011360598728060728
v 0.01884951256215573 0.010277140885591505 -0.011001508682966238
v 0.01834575273096562 0.009130170568823813 -0.011016752570867544
v 0.01834575273096562 0.009130170568823813 -0.011016752570867544
v 0.01884951256215573 0.010277140885591505 -0.011001508682966238
v 0.019258489832282073 0.009752300567924975 -0.010720421560108667
v 0.01834575273096562 0.009130170568823813 -0.011016752570867544
v 0.019258489832282073 0.009752300567924975 -0.010720421560108667
v 0.018826786428689964 0.008482613600790499 -0.010574324056506162
v 0.01536506041884423 0.007141490466892718 -0.011647900566458707
v 0.01635310053825379 0.007796056102961301 -0.011477681808173662
v 0.015387555584311492 0.007104373071342706 -0.01163165550678969
v 0.015387555584311492 0.007104373071342706 -0.01163165550678969
v 0.01635310053825379 0.007796056102961301 -0.011477681808173662
v 0.01685364171862603 0.007015901152044534 -0.011040877550840383
v 0.015387555584311492 0.007104373071342706 -0.01163165550678969
v 0.01685364171862603 0.007015901152044534 -0.011040877550840383
v 0.015920056030154235 0.00622587464749813 -0.011178531683981424
v 0.015920056030154235 0.00622587464749813 -0.011178531683981424
v 0.01685364171862603 0.007015901152044534 -0.011040877550840383
v 0.017277263104915626 0.006359272170811891 -0.010543101467192178
v 0.015920056030154235 0.00622587464749813 -0.011178531683981424
v 0.017277263104915626 0.006359272170811891 -0.010543101467192178
v 0.016322508454322822 0.00556202558800578 -0.01071445737034083
v 0.016478938981890685 0.00530401337891817 -0.010491230525076395
v 0.016322508454322822 0.00556202558800578 -0.01071445737034083
v 0.018588254228234298 0.0067097609862685195 -0.00981033686548472
v 0.018588254228234298 0.0067097609862685195 -0.00981033686548472
v 0.016322508454322822 0.00556202558800578 -0.01071445737034083
v 0.017277263104915626 0.006359272170811891 -0.010543101467192178
v 0.018588254228234298 0.0067097609862685195 -0.00981033686548472
v 0.017277263104915626 0.006359272170811891 -0.010543101467192178
v 0.01826737821102143 0.007162287365645169 -0.010326839983463293
v 0.01826737821102143 0.007162287365645169 -0.010326839983463293
v 0.017277263104915626 0.006359272170811891 -0.010543101467192178
v 0.01685364171862603 0.007015901152044534 -0.011040877550840383
v 0.01826737821102143 0.007162287365645169 -0.010326839983463293
v 0.01685364171862603 0.007015901152044534 -0.011040877550840383
v 0.017855396494269378 0.007755119819194078 -0.010825341567397123
v 0.017855396494269378 0.007755119819194078 -0.010825341567397123
v 0.01685364171862603 0.007015901152044534 -0.011040877550840383
v 0.01635310053825379 0.007796056102961301 -0.011477681808173662
v 0.017855396494269378 0.007755119819194078 -0.010825341567397123
v 0.01635310053825379 0.007796056102961301 -0.011477681808173662
v 0.017365083098411567 0.008469825610518454 -0.011268058791756635
v 0.017365083098411567 0.008469825610518454 -0.011268058791756635
v 0.01635310053825379 0.007796056102961301 -0.011477681808173662
v 0.01582863926887513 0.008616141974925993 -0.011821695603430276
v 0.017365083098411567 0.008469825610518454 -0.011268058791756635
v 0.01582863926887513 0.008616141974925993 -0.011821695603430276
v 0.01684622466564179 0.009232363663613794 -0.011615029536187654
v 0.01925827749073506 0.006337544415146112 -0.008318043313920501
v 0.017126426100730903 0.004235196392983197 -0.008579664863646034
v 0.01902695000171662 0.006146721076220273 -0.008564142510294918
v 0.01902695000171662 0.006146721076220273 -0.008564142510294918
v 0.017126426100730903 0.004235196392983197 -0.008579664863646034
v 0.017105912789702422 0.004269416444003581 -0.008849167264997963
v 0.017105912789702422 0.004269416444003581 -0.008849167264997963
v 0.017056299373507507 0.0043515078723430625 -0.009143470786511902
v 0.01902695000171662 0.006146721076220273 -0.008564142510294918
v 0.01902695000171662 0.006146721076220273 -0.008564142510294918
v 0.017056299373507507 0.0043515078723430625 -0.009143470786511902
v 0.01895584166049958 0.006221719086170196 -0.008893406018614772
v 0.01902695000171662 0.006146721076220273 -0.008564142510294918
v 0.01895584166049958 0.006221719086170196 -0.008893406018614772
v 0.01925827749073506 0.006337544415146112 -0.008318043313920501
v 0.01925827749073506 0.006337544415146112 -0.008318043313920501
v 0.01895584166049958 0.006221719086170196 -0.008893406018614772
v 0.019899114966392527 0.007153899874538182 -0.008710104972124103
v 0.01925827749073506 0.006337544415146112 -0.008318043313920501
v 0.019899114966392527 0.007153899874538182 -0.008710104972124103
v 0.019973166286945353 0.007100975140929221 -0.008411386050283912
v 0.019973166286945353 0.007100975140929221 -0.008411386050283912
v 0.019899114966392527 0.007153899874538182 -0.008710104972124103
v 0.020752115175127994 0.008015010505914686 -0.008502911776304248
v 0.019973166286945353 0.007100975140929221 -0.008411386050283912
v 0.020752115175127994 0.008015010505914686 -0.008502911776304248
v 0.020816899836063395 0.007981516420841215 -0.008260584436357025
v 0.019258489832282073 0.009752300567924975 -0.010720421560108667
v 0.01950205303728581 0.00944467633962631 -0.010510318912565713
v 0.018826786428689964 0.008482613600790499 -0.010574324056506162
v 0.018826786428689964 0.008482613600790499 -0.010574324056506162
v 0.01950205303728581 0.00944467633962631 -0.010510318912565713
v 0.01972510851919652 0.009167096577584742 -0.010285382159054285
v 0.018826786428689964 0.008482613600790499 -0.010574324056506162
v 0.01972510851919652 0.009167096577584742 -0.010285382159054285
v 0.019228016957640655 0.007955344393849371 -0.010081195272505289
v 0.019228016957640655 0.007955344393849371 -0.010081195272505289
v 0.01972510851919652 0.009167096577584742 -0.010285382159054285
v 0.020054226741194735 0.0087670786306262 -0.009884108789265161
v 0.019228016957640655 0.007955344393849371 -0.010081195272505289
v 0.020054226741194735 0.0087670786306262 -0.009884108789265161
v 0.019539359956979762 0.00756108434870839 -0.00957831367850304
v 0.019539359956979762 0.00756108434870839 -0.00957831367850304
v 0.020054226741194735 0.0087670786306262 -0.009884108789265161
v 0.020407119765877734 0.008358254097402094 -0.00932415667921305
v 0.019539359956979762 0.00756108434870839 -0.00957831367850304
v 0.020407119765877734 0.008358254097402094 -0.00932415667921305
v 0.01976023241877557 0.007298632059246301 -0.00910845119506121
v 0.01976023241877557 0.007298632059246301 -0.00910845119506121
v 0.020407119765877734 0.008358254097402094 -0.00932415667921305
v 0.02051064558327199 0.008245279081165789 -0.009120580740273002
v 0.01976023241877557 0.007298632059246301 -0.00910845119506121
v 0.02051064558327199 0.008245279081165789 -0.009120580740273002
v 0.020615974441170703 0.00813641771674156 -0.008883908390998844
v 0.017056299373507507 0.0043515078723430625 -0.009143470786511902
v 0.01703931391239167 0.004379564430564641 -0.009217496030032638
v 0.01895584166049958 0.006221719086170196 -0.008893406018614772
v 0.01895584166049958 0.006221719086170196 -0.008893406018614772
v 0.01703931391239167 0.004379564430564641 -0.009217496030032638
v 0.016896087676286704 0.004615960642695426 -0.009676680900156501
v 0.01895584166049958 0.006221719086170196 -0.008893406018614772
v 0.016896087676286704 0.004615960642695426 -0.009676680900156501
v 0.01881531439721585 0.006400356534868478 -0.009318961761891845
v 0.01881531439721585 0.006400356534868478 -0.009318961761891845
v 0.016896087676286704 0.004615960642695426 -0.009676680900156501
v 0.01686172932386399 0.004672637674957513 -0.009763699024915699
v 0.01881531439721585 0.006400356534868478 -0.009318961761891845
v 0.01686172932386399 0.004672637674957513 -0.009763699024915699
v 0.018588254228234298 0.0067097609862685195 -0.00981033686548472
v 0.018588254228234298 0.0067097609862685195 -0.00981033686548472
v 0.01686172932386399 0.004672637674957513 -0.009763699024915699
v 0.016658974811434753 0.0050070835277438155 -0.010190423578023916
v 0.018588254228234298 0.0067097609862685195 -0.00981033686548472
v 0.016658974811434753 0.0050070835277438155 -0.010190423578023916
v 0.016478938981890685 0.00530401337891817 -0.010491230525076395
v 0.021225228905677806 0.008354385383427141 -0.0075703975744545494
v 0.021175963804125796 0.008298854343593119 -0.007570400834083561
v 0.021174101158976565 0.008301566354930399 -0.007629185449332002
v 0.021174103021621715 0.00830156449228525 -0.004370851907879116
v 0.021200289949774753 0.00826334487646818 -0.006000001914799216
v 0.021245822310447703 0.008324663154780863 -0.005372354760766032
v 0.022233601659536372 0.010379082523286341 -0.0075704520568251644
v 0.0222248136997223 0.010721235536038874 -0.007629191502928737
v 0.02222801558673383 0.01072073820978403 -0.007570435293018821
v 0.02222801558673383 0.01072073820978403 -0.007570435293018821
v 0.0222248136997223 0.010721235536038874 -0.007629191502928737
v 0.022171102464199077 0.011072044260799883 -0.007629173342138532
v 0.02222801558673383 0.01072073820978403 -0.007570435293018821
v 0.022171102464199077 0.011072044260799883 -0.007629173342138532
v 0.02217436581850053 0.011071964167058466 -0.007570418994873766
v 0.02217436581850053 0.011071964167058466 -0.007570418994873766
v 0.022171102464199077 0.011072044260799883 -0.007629173342138532
v 0.02192780375480653 0.011770949698984621 -0.007629152853041891
v 0.02217436581850053 0.011071964167058466 -0.007570418994873766
v 0.02192780375480653 0.011770949698984621 -0.007629152853041891
v 0.021931009367108355 0.011771596968173979 -0.007570401299744848
v 0.021931009367108355 0.011771596968173979 -0.007570401299744848
v 0.02192780375480653 0.011770949698984621 -0.007629152853041891
v 0.021654829382896434 0.012259871698915957 -0.007629151921719316
v 0.021931009367108355 0.011771596968173979 -0.007570401299744848
v 0.021654829382896434 0.012259871698915957 -0.007629151921719316
v 0.02165794000029565 0.012260920368134974 -0.007570400368422273
v 0.021174101158976565 0.008301566354930399 -0.007629185449332002
v 0.021223364397883426 0.008357089944183825 -0.007629148196429018
v 0.021225228905677806 0.008354385383427141 -0.0075703975744545494
v 0.021225228905677806 0.008354385383427141 -0.0075703975744545494
v 0.021223364397883426 0.008357089944183825 -0.007629148196429018
v 0.021540166810154925 0.008733768016099928 -0.007629164960235361
v 0.021225228905677806 0.008354385383427141 -0.0075703975744545494
v 0.021540166810154925 0.008733768016099928 -0.007629164960235361
v 0.021542171016335498 0.008731192909181116 -0.007570412475615743
v 0.021542171016335498 0.008731192909181116 -0.007570412475615743
v 0.021540166810154925 0.008733768016099928 -0.007629164960235361
v 0.021821662783622752 0.009134312160313128 -0.007629204075783495
v 0.021542171016335498 0.008731192909181116 -0.007570412475615743
v 0.021821662783622752 0.009134312160313128 -0.007629204075783495
v 0.021823914721608172 0.009132005274295805 -0.007570447400212291
v 0.021823914721608172 0.009132005274295805 -0.007570447400212291
v 0.021821662783622752 0.009134312160313128 -0.007629204075783495
v 0.022102592512965213 0.009722053073346613 -0.0076292296871542965
v 0.021823914721608172 0.009132005274295805 -0.007570447400212291
v 0.022102592512965213 0.009722053073346613 -0.0076292296871542965
v 0.022105278447270404 0.009720338508486746 -0.007570469751954082
v 0.022105278447270404 0.009720338508486746 -0.007570469751954082
v 0.022102592512965213 0.009722053073346613 -0.0076292296871542965
v 0.022188786417245875 0.010043455287814139 -0.007629224564880136
v 0.022105278447270404 0.009720338508486746 -0.007570469751954082
v 0.022188786417245875 0.010043455287814139 -0.007629224564880136
v 0.02219168469309808 0.010042122565209864 -0.007570465095341209
v 0.02219168469309808 0.010042122565209864 -0.007570465095341209
v 0.022188786417245875 0.010043455287814139 -0.007629224564880136
v 0.022192705422639857 0.010063854977488516 -0.007629224099218849
v 0.02219168469309808 0.010042122565209864 -0.007570465095341209
v 0.022192705422639857 0.010063854977488516 -0.007629224099218849
v 0.022233601659536372 0.010379082523286341 -0.0075704520568251644
v 0.022233601659536372 0.010379082523286341 -0.0075704520568251644
v 0.022192705422639857 0.010063854977488516 -0.007629224099218849
v 0.022230526432394992 0.010380002669990061 -0.00762921012938023
v 0.022233601659536372 0.010379082523286341 -0.0075704520568251644
v 0.022230526432394992 0.010380002669990061 -0.00762921012938023
v 0.0222248136997223 0.010721235536038874 -0.007629191502928737
v 0.021966323256492625 0.011778766289353369 -0.005372356157749894
v 0.02192780375480653 0.011770949698984621 -0.004370850510895254
v 0.022171102464199077 0.011072044260799883 -0.004370830021798612
v 0.021966323256492625 0.011778766289353369 -0.005372356157749894
v 0.022171102464199077 0.011072044260799883 -0.004370830021798612
v 0.022210251539945613 0.01107112970203161 -0.005372358020395043
v 0.022210251539945613 0.01107112970203161 -0.005372358020395043
v 0.022171102464199077 0.011072044260799883 -0.004370830021798612
v 0.0222248136997223 0.010721235536038874 -0.004370811861008407
v 0.022210251539945613 0.01107112970203161 -0.005372358020395043
v 0.0222248136997223 0.010721235536038874 -0.004370811861008407
v 0.022263217717409144 0.010715323500335215 -0.005372357554733756
v 0.022263217717409144 0.010715323500335215 -0.005372357554733756
v 0.0222248136997223 0.010721235536038874 -0.004370811861008407
v 0.022232934832572947 0.010578027926385401 -0.004370803944766523
v 0.022263217717409144 0.010715323500335215 -0.005372357554733756
v 0.022232934832572947 0.010578027926385401 -0.004370803944766523
v 0.022267427295446406 0.010369025170803068 -0.005372356157749894
v 0.022232934832572947 0.010578027926385401 -0.004370803944766523
v 0.022230526432394992 0.010380002669990061 -0.004370793234556915
v 0.022267427295446406 0.010369025170803068 -0.005372356157749894
v 0.022267427295446406 0.010369025170803068 -0.005372356157749894
v 0.022230526432394992 0.010380002669990061 -0.004370793234556915
v 0.022188786417245875 0.010043455287814139 -0.004370778799057009
v 0.022267427295446406 0.010369025170803068 -0.005372356157749894
v 0.022188786417245875 0.010043455287814139 -0.004370778799057009
v 0.02222350612282754 0.01002746634185314 -0.005372354760766032
v 0.02222350612282754 0.01002746634185314 -0.005372354760766032
v 0.022188786417245875 0.010043455287814139 -0.004370778799057009
v 0.022102592512965213 0.009722053073346613 -0.004370773676782848
v 0.02222350612282754 0.01002746634185314 -0.005372354760766032
v 0.022102592512965213 0.009722053073346613 -0.004370773676782848
v 0.022134730592370044 0.009701468050479887 -0.005372353829443457
v 0.022134730592370044 0.009701468050479887 -0.005372353829443457
v 0.022102592512965213 0.009722053073346613 -0.004370773676782848
v 0.021821662783622752 0.009134312160313128 -0.00437079928815365
v 0.022134730592370044 0.009701468050479887 -0.005372353829443457
v 0.021821662783622752 0.009134312160313128 -0.00437079928815365
v 0.021848659962415706 0.009106629528105257 -0.005372352898120883
v 0.021848659962415706 0.009106629528105257 -0.005372352898120883
v 0.021821662783622752 0.009134312160313128 -0.00437079928815365
v 0.021540166810154925 0.008733768016099928 -0.004370838403701784
v 0.021848659962415706 0.009106629528105257 -0.005372352898120883
v 0.021540166810154925 0.008733768016099928 -0.004370838403701784
v 0.021564271301031123 0.008702891878783701 -0.005372354295104745
v 0.021564271301031123 0.008702891878783701 -0.005372354295104745
v 0.021540166810154925 0.008733768016099928 -0.004370838403701784
v 0.021508045494556437 0.008693185634911059 -0.004370842128992082
v 0.021564271301031123 0.008702891878783701 -0.005372354295104745
v 0.021508045494556437 0.008693185634911059 -0.004370842128992082
v 0.021245822310447703 0.008324663154780863 -0.005372354760766032
v 0.021245822310447703 0.008324663154780863 -0.005372354760766032
v 0.021508045494556437 0.008693185634911059 -0.004370842128992082
v 0.021223364397883426 0.008357089944183825 -0.004370855167508127
v 0.021245822310447703 0.008324663154780863 -0.005372354760766032
v 0.021223364397883426 0.008357089944183825 -0.004370855167508127
v 0.021174103021621715 0.00830156449228525 -0.004370851907879116
v 0.021654829382896434 0.012259871698915957 -0.004370851907879116
v 0.02192780375480653 0.011770949698984621 -0.004370850510895254
v 0.02169872634112836 0.012274684384465216 -0.006000001914799216
v 0.02169872634112836 0.012274684384465216 -0.006000001914799216
v 0.02192780375480653 0.011770949698984621 -0.004370850510895254
v 0.021966323256492625 0.011778766289353369 -0.005372356157749894
v 0.02169872634112836 0.012274684384465216 -0.006000001914799216
v 0.021966323256492625 0.011778766289353369 -0.005372356157749894
v 0.021970642730593692 0.011779645457863806 -0.0063738566823303726
v 0.021970642730593692 0.011779645457863806 -0.0063738566823303726
v 0.021966323256492625 0.011778766289353369 -0.005372356157749894
v 0.022210251539945613 0.01107112970203161 -0.005372358020395043
v 0.021970642730593692 0.011779645457863806 -0.0063738566823303726
v 0.022210251539945613 0.01107112970203161 -0.005372358020395043
v 0.0222146399319172 0.011071033775806425 -0.006373855285346511
v 0.0222146399319172 0.011071033775806425 -0.006373855285346511
v 0.022210251539945613 0.01107112970203161 -0.005372358020395043
v 0.022263217717409144 0.010715323500335215 -0.005372357554733756
v 0.0222146399319172 0.011071033775806425 -0.006373855285346511
v 0.022263217717409144 0.010715323500335215 -0.005372357554733756
v 0.022267520427703868 0.010714665986597536 -0.006373854819685223
v 0.022267520427703868 0.010714665986597536 -0.006373854819685223
v 0.022263217717409144 0.010715323500335215 -0.005372357554733756
v 0.022267427295446406 0.010369025170803068 -0.005372356157749894
v 0.022267520427703868 0.010714665986597536 -0.006373854819685223
v 0.022267427295446406 0.010369025170803068 -0.005372356157749894
v 0.02227156050503255 0.0103677986189723 -0.006373855285346511
v 0.02227156050503255 0.0103677986189723 -0.006373855285346511
v 0.022267427295446406 0.010369025170803068 -0.005372356157749894
v 0.02222350612282754 0.01002746634185314 -0.005372354760766032
v 0.02227156050503255 0.0103677986189723 -0.006373855285346511
v 0.02222350612282754 0.01002746634185314 -0.005372354760766032
v 0.022227397188544284 0.010025676339864729 -0.006373855751007798
v 0.022227397188544284 0.010025676339864729 -0.006373855751007798
v 0.02222350612282754 0.01002746634185314 -0.005372354760766032
v 0.022134730592370044 0.009701468050479887 -0.005372353829443457
v 0.022227397188544284 0.010025676339864729 -0.006373855751007798
v 0.022134730592370044 0.009701468050479887 -0.005372353829443457
v 0.022138332948088656 0.00969916209578514 -0.006373856216669085
v 0.022138332948088656 0.00969916209578514 -0.006373856216669085
v 0.022134730592370044 0.009701468050479887 -0.005372353829443457
v 0.021848659962415706 0.009106629528105257 -0.005372352898120883
v 0.022138332948088656 0.00969916209578514 -0.006373856216669085
v 0.021848659962415706 0.009106629528105257 -0.005372352898120883
v 0.021851684898138057 0.009103521704673765 -0.006373857613652947
v 0.021851684898138057 0.009103521704673765 -0.006373857613652947
v 0.021848659962415706 0.009106629528105257 -0.005372352898120883
v 0.021564271301031123 0.008702891878783701 -0.005372354295104745
v 0.021851684898138057 0.009103521704673765 -0.006373857613652947
v 0.021564271301031123 0.008702891878783701 -0.005372354295104745
v 0.021566973999142657 0.008699424564838408 -0.006373857613652947
v 0.021566973999142657 0.008699424564838408 -0.006373857613652947
v 0.021564271301031123 0.008702891878783701 -0.005372354295104745
v 0.021245822310447703 0.008324663154780863 -0.005372354760766032
v 0.021566973999142657 0.008699424564838408 -0.006373857613652947
v 0.021245822310447703 0.008324663154780863 -0.005372354760766032
v 0.021248342469334613 0.008321022614836691 -0.006373857613652947
v 0.021248342469334613 0.008321022614836691 -0.006373857613652947
v 0.021245822310447703 0.008324663154780863 -0.005372354760766032
v 0.021200289949774753 0.00826334487646818 -0.006000001914799216
v 0.021248342469334613 0.008321022614836691 -0.006373857613652947
v 0.021200289949774753 0.00826334487646818 -0.006000001914799216
v 0.021175963804125796 0.008298854343593119 -0.007570400834083561
v 0.021175963804125796 0.008298854343593119 -0.007570400834083561
v 0.021225228905677806 0.008354385383427141 -0.0075703975744545494
v 0.021248342469334613 0.008321022614836691 -0.006373857613652947
v 0.021248342469334613 0.008321022614836691 -0.006373857613652947
v 0.021225228905677806 0.008354385383427141 -0.0075703975744545494
v 0.021542171016335498 0.008731192909181116 -0.007570412475615743
v 0.021248342469334613 0.008321022614836691 -0.006373857613652947
v 0.021542171016335498 0.008731192909181116 -0.007570412475615743
v 0.021566973999142657 0.008699424564838408 -0.006373857613652947
v 0.021566973999142657 0.008699424564838408 -0.006373857613652947
v 0.021542171016335498 0.008731192909181116 -0.007570412475615743
v 0.021823914721608172 0.009132005274295805 -0.007570447400212291
v 0.021566973999142657 0.008699424564838408 -0.006373857613652947
v 0.021823914721608172 0.009132005274295805 -0.007570447400212291
v 0.021851684898138057 0.009103521704673765 -0.006373857613652947
v 0.021851684898138057 0.009103521704673765 -0.006373857613652947
v 0.021823914721608172 0.009132005274295805 -0.007570447400212291
v 0.022105278447270404 0.009720338508486746 -0.007570469751954082
v 0.021851684898138057 0.009103521704673765 -0.006373857613652947
v 0.022105278447270404 0.009720338508486746 -0.007570469751954082
v 0.022138332948088656 0.00969916209578514 -0.006373856216669085
v 0.022138332948088656 0.00969916209578514 -0.006373856216669085
v 0.022105278447270404 0.009720338508486746 -0.007570469751954082
v 0.02219168469309808 0.010042122565209864 -0.007570465095341209
v 0.022138332948088656 0.00969916209578514 -0.006373856216669085
v 0.02219168469309808 0.010042122565209864 -0.007570465095341209
v 0.022227397188544284 0.010025676339864729 -0.006373855751007798
v 0.022227397188544284 0.010025676339864729 -0.006373855751007798
v 0.02219168469309808 0.010042122565209864 -0.007570465095341209
v 0.022233601659536372 0.010379082523286341 -0.0075704520568251644
v 0.022227397188544284 0.010025676339864729 -0.006373855751007798
v 0.022233601659536372 0.010379082523286341 -0.0075704520568251644
v 0.02227156050503255 0.0103677986189723 -0.006373855285346511
v 0.02227156050503255 0.0103677986189723 -0.006373855285346511
v 0.022233601659536372 0.010379082523286341 -0.0075704520568251644
v 0.02222801558673383 0.01072073820978403 -0.007570435293018821
v 0.02227156050503255 0.0103677986189723 -0.006373855285346511
v 0.02222801558673383 0.01072073820978403 -0.007570435293018821
v 0.022267520427703868 0.010714665986597536 -0.006373854819685223
v 0.022267520427703868 0.010714665986597536 -0.006373854819685223
v 0.02222801558673383 0.01072073820978403 -0.007570435293018821
v 0.02217436581850053 0.011071964167058466 -0.007570418994873766
v 0.022267520427703868 0.010714665986597536 -0.006373854819685223
v 0.02217436581850053 0.011071964167058466 -0.007570418994873766
v 0.0222146399319172 0.011071033775806425 -0.006373855285346511
v 0.0222146399319172 0.011071033775806425 -0.006373855285346511
v 0.02217436581850053 0.011071964167058466 -0.007570418994873766
v 0.021931009367108355 0.011771596968173979 -0.007570401299744848
v 0.0222146399319172 0.011071033775806425 -0.006373855285346511
v 0.021931009367108355 0.011771596968173979 -0.007570401299744848
v 0.021970642730593692 0.011779645457863806 -0.0063738566823303726
v 0.021970642730593692 0.011779645457863806 -0.0063738566823303726
v 0.021931009367108355 0.011771596968173979 -0.007570401299744848
v 0.02165794000029565 0.012260920368134974 -0.007570400368422273
v 0.021970642730593692 0.011779645457863806 -0.0063738566823303726
v 0.02165794000029565 0.012260920368134974 -0.007570400368422273
v 0.02169872634112836 0.012274684384465216 -0.006000001914799216
v 0.019863693043589602 0.01421822141855955 -0.007629141211509708
v 0.02000831626355649 0.014108178205788134 -0.007629131898283962
v 0.019983693957328807 0.014088674448430536 -0.00790837220847607
v 0.02016614004969598 0.013980175368487833 -0.00762911839410663
v 0.020735403522849093 0.013435969129204748 -0.007629070430994037
v 0.020594725385308276 0.013541933149099348 -0.007886252366006378
v 0.020894264802336703 0.013259710744023321 -0.0076290662400424515
v 0.021182753145694743 0.012912847101688383 -0.007629080675542358
v 0.021163001656532298 0.012897654436528681 -0.007863895967602733
v 0.02162722870707513 0.012302366085350512 -0.007629148662090305
v 0.021654829382896434 0.012259871698915957 -0.007629151921719316
v 0.02163268066942693 0.012248604558408259 -0.007855650037527088
v 0.019863693043589602 0.01421822141855955 -0.007629141211509708
v 0.019983693957328807 0.014088674448430536 -0.00790837220847607
v 0.01930303685367108 0.014600364491343496 -0.007629151921719316
v 0.01732738874852658 0.012293580919504164 -0.01135507225990296
v 0.016687372699379928 0.013214099220931528 -0.011323492042720323
v 0.01789349131286145 0.012637648731470106 -0.011109958402812486
v 0.01789349131286145 0.012637648731470106 -0.011109958402812486
v 0.016687372699379928 0.013214099220931528 -0.011323492042720323
v 0.017154557630419738 0.013466596603393553 -0.011132431216537958
v 0.01789349131286145 0.012637648731470106 -0.011109958402812486
v 0.017154557630419738 0.013466596603393553 -0.011132431216537958
v 0.01844121143221856 0.012997069396078585 -0.01073225680738688
v 0.01844121143221856 0.012997069396078585 -0.01073225680738688
v 0.017154557630419738 0.013466596603393553 -0.011132431216537958
v 0.017668813467025764 0.013740490190684794 -0.010790134780108934
v 0.01844121143221856 0.012997069396078585 -0.01073225680738688
v 0.017668813467025764 0.013740490190684794 -0.010790134780108934
v 0.018938465043902404 0.013331588357686995 -0.010209788568317895
v 0.018938465043902404 0.013331588357686995 -0.010209788568317895
v 0.017668813467025764 0.013740490190684794 -0.010790134780108934
v 0.018167853355407722 0.014002414420247076 -0.010279427282512193
v 0.018938465043902404 0.013331588357686995 -0.010209788568317895
v 0.018167853355407722 0.014002414420247076 -0.010279427282512193
v 0.019360182806849487 0.013625314459204672 -0.009584556333720688
v 0.019360182806849487 0.013625314459204672 -0.009584556333720688
v 0.018167853355407722 0.014002414420247076 -0.010279427282512193
v 0.018607685342431075 0.014230888336896895 -0.0096467137336731
v 0.019360182806849487 0.013625314459204672 -0.009584556333720688
v 0.018607685342431075 0.014230888336896895 -0.0096467137336731
v 0.01968086138367654 0.013857753016054629 -0.00893647409975529
v 0.01968086138367654 0.013857753016054629 -0.00893647409975529
v 0.018607685342431075 0.014230888336896895 -0.0096467137336731
v 0.01895014941692353 0.01440829038619995 -0.00897927395999432
v 0.01968086138367654 0.013857753016054629 -0.00893647409975529
v 0.01895014941692353 0.01440829038619995 -0.00897927395999432
v 0.019886428490281115 0.014012779109179972 -0.008354625664651397
v 0.019886428490281115 0.014012779109179972 -0.008354625664651397
v 0.01895014941692353 0.01440829038619995 -0.00897927395999432
v 0.019172647967934615 0.014524914324283598 -0.008374985307455066
v 0.019886428490281115 0.014012779109179972 -0.008354625664651397
v 0.019172647967934615 0.014524914324283598 -0.008374985307455066
v 0.019983693957328807 0.014088674448430536 -0.00790837220847607
v 0.019983693957328807 0.014088674448430536 -0.00790837220847607
v 0.019172647967934615 0.014524914324283598 -0.008374985307455066
v 0.019277859479188926 0.014582998119294642 -0.007912043482065204
v 0.019983693957328807 0.014088674448430536 -0.00790837220847607
v 0.019277859479188926 0.014582998119294642 -0.007912043482065204
v 0.01930303685367108 0.014600364491343496 -0.007629151921719316
v 0.02000831626355649 0.014108178205788134 -0.007629131898283962
v 0.02016614004969598 0.013980175368487833 -0.00762911839410663
v 0.019983693957328807 0.014088674448430536 -0.00790837220847607
v 0.019983693957328807 0.014088674448430536 -0.00790837220847607
v 0.02016614004969598 0.013980175368487833 -0.00762911839410663
v 0.020594725385308276 0.013541933149099348 -0.007886252366006378
v 0.019983693957328807 0.014088674448430536 -0.00790837220847607
v 0.020594725385308276 0.013541933149099348 -0.007886252366006378
v 0.019886428490281115 0.014012779109179972 -0.008354625664651397
v 0.019886428490281115 0.014012779109179972 -0.008354625664651397
v 0.020594725385308276 0.013541933149099348 -0.007886252366006378
v 0.020516008138656627 0.013458218425512312 -0.008297920227050785
v 0.019886428490281115 0.014012779109179972 -0.008354625664651397
v 0.020516008138656627 0.013458218425512312 -0.008297920227050785
v 0.01968086138367654 0.013857753016054629 -0.00893647409975529
v 0.01968086138367654 0.013857753016054629 -0.00893647409975529
v 0.020516008138656627 0.013458218425512312 -0.008297920227050785
v 0.020347120240330707 0.013284876011312006 -0.008841859176754955
v 0.01968086138367654 0.013857753016054629 -0.00893647409975529
v 0.020347120240330707 0.013284876011312006 -0.008841859176754955
v 0.019360182806849487 0.013625314459204672 -0.009584556333720688
v 0.019360182806849487 0.013625314459204672 -0.009584556333720688
v 0.020347120240330707 0.013284876011312006 -0.008841859176754955
v 0.020072836428880702 0.013025826774537562 -0.00945740565657616
v 0.019360182806849487 0.013625314459204672 -0.009584556333720688
v 0.020072836428880702 0.013025826774537562 -0.00945740565657616
v 0.018938465043902404 0.013331588357686995 -0.010209788568317895
v 0.018938465043902404 0.013331588357686995 -0.010209788568317895
v 0.020072836428880702 0.013025826774537562 -0.00945740565657616
v 0.01969239115715028 0.012698601000010966 -0.01006422378122807
v 0.018938465043902404 0.013331588357686995 -0.010209788568317895
v 0.01969239115715028 0.012698601000010966 -0.01006422378122807
v 0.01844121143221856 0.012997069396078585 -0.01073225680738688
v 0.01844121143221856 0.012997069396078585 -0.01073225680738688
v 0.01969239115715028 0.012698601000010966 -0.01006422378122807
v 0.019212521612644202 0.01231938600540161 -0.01059054490178824
v 0.01844121143221856 0.012997069396078585 -0.01073225680738688
v 0.019212521612644202 0.01231938600540161 -0.01059054490178824
v 0.01789349131286145 0.012637648731470106 -0.011109958402812486
v 0.01789349131286145 0.012637648731470106 -0.011109958402812486
v 0.019212521612644202 0.01231938600540161 -0.01059054490178824
v 0.018633045256137855 0.011889931745827196 -0.01099987886846066
v 0.01789349131286145 0.012637648731470106 -0.011109958402812486
v 0.018633045256137855 0.011889931745827196 -0.01099987886846066
v 0.01732738874852658 0.012293580919504164 -0.01135507225990296
v 0.01732738874852658 0.012293580919504164 -0.01135507225990296
v 0.018633045256137855 0.011889931745827196 -0.01099987886846066
v 0.017968872562050826 0.011426733806729315 -0.011299418285489088
v 0.020735403522849093 0.013435969129204748 -0.007629070430994037
v 0.020894264802336703 0.013259710744023321 -0.0076290662400424515
v 0.020594725385308276 0.013541933149099348 -0.007886252366006378
v 0.020594725385308276 0.013541933149099348 -0.007886252366006378
v 0.020894264802336703 0.013259710744023321 -0.0076290662400424515
v 0.021163001656532298 0.012897654436528681 -0.007863895967602733
v 0.020594725385308276 0.013541933149099348 -0.007886252366006378
v 0.021163001656532298 0.012897654436528681 -0.007863895967602733
v 0.020516008138656627 0.013458218425512312 -0.008297920227050785
v 0.020516008138656627 0.013458218425512312 -0.008297920227050785
v 0.021163001656532298 0.012897654436528681 -0.007863895967602733
v 0.021093212068080913 0.01282784342765808 -0.008237807080149654
v 0.020516008138656627 0.013458218425512312 -0.008297920227050785
v 0.021093212068080913 0.01282784342765808 -0.008237807080149654
v 0.020347120240330707 0.013284876011312006 -0.008841859176754955
v 0.020347120240330707 0.013284876011312006 -0.008841859176754955
v 0.021093212068080913 0.01282784342765808 -0.008237807080149654
v 0.020941153168678294 0.01267782226204872 -0.008737547323107723
v 0.020347120240330707 0.013284876011312006 -0.008841859176754955
v 0.020941153168678294 0.01267782226204872 -0.008737547323107723
v 0.020072836428880702 0.013025826774537562 -0.00945740565657616
v 0.020072836428880702 0.013025826774537562 -0.00945740565657616
v 0.020941153168678294 0.01267782226204872 -0.008737547323107723
v 0.020686667412519465 0.012444193474948404 -0.009312906302511696
v 0.020072836428880702 0.013025826774537562 -0.00945740565657616
v 0.020686667412519465 0.012444193474948404 -0.009312906302511696
v 0.01969239115715028 0.012698601000010966 -0.01006422378122807
v 0.01969239115715028 0.012698601000010966 -0.01006422378122807
v 0.020686667412519465 0.012444193474948404 -0.009312906302511696
v 0.020318808034062396 0.012134797871112822 -0.009894169867038732
v 0.01969239115715028 0.012698601000010966 -0.01006422378122807
v 0.020318808034062396 0.012134797871112822 -0.009894169867038732
v 0.019212521612644202 0.01231938600540161 -0.01059054490178824
v 0.019212521612644202 0.01231938600540161 -0.01059054490178824
v 0.020318808034062396 0.012134797871112822 -0.009894169867038732
v 0.019830232486128817 0.011757154949009417 -0.010417707264423376
v 0.019212521612644202 0.01231938600540161 -0.01059054490178824
v 0.019830232486128817 0.011757154949009417 -0.010417707264423376
v 0.018633045256137855 0.011889931745827196 -0.01099987886846066
v 0.018633045256137855 0.011889931745827196 -0.01099987886846066
v 0.019830232486128817 0.011757154949009417 -0.010417707264423376
v 0.019206270575523383 0.011306210421025751 -0.010848456993699079
v 0.018633045256137855 0.011889931745827196 -0.01099987886846066
v 0.019206270575523383 0.011306210421025751 -0.010848456993699079
v 0.017968872562050826 0.011426733806729315 -0.011299418285489088
v 0.017968872562050826 0.011426733806729315 -0.011299418285489088
v 0.019206270575523383 0.011306210421025751 -0.010848456993699079
v 0.01845670863986016 0.010787284933030604 -0.011183934286236768
v 0.018753835931420333 0.010401167906820772 -0.011055497452616697
v 0.01845670863986016 0.010787284933030604 -0.011183934286236768
v 0.01953071169555188 0.010885534808039663 -0.010713851079344755
v 0.01953071169555188 0.010885534808039663 -0.010713851079344755
v 0.01845670863986016 0.010787284933030604 -0.011183934286236768
v 0.019206270575523383 0.011306210421025751 -0.010848456993699079
v 0.01953071169555188 0.010885534808039663 -0.010713851079344755
v 0.019206270575523383 0.011306210421025751 -0.010848456993699079
v 0.02017931267619134 0.011297320015728472 -0.010285650379955774
v 0.02017931267619134 0.011297320015728472 -0.010285650379955774
v 0.019206270575523383 0.011306210421025751 -0.010848456993699079
v 0.019830232486128817 0.011757154949009417 -0.010417707264423376
v 0.02017931267619134 0.011297320015728472 -0.010285650379955774
v 0.019830232486128817 0.011757154949009417 -0.010417707264423376
v 0.020693428814411174 0.011630206368863581 -0.009775651618838315
v 0.020693428814411174 0.011630206368863581 -0.009775651618838315
v 0.019830232486128817 0.011757154949009417 -0.010417707264423376
v 0.020318808034062396 0.012134797871112822 -0.009894169867038732
v 0.020693428814411174 0.011630206368863581 -0.009775651618838315
v 0.020318808034062396 0.012134797871112822 -0.009894169867038732
v 0.021089596673846255 0.011890920810401438 -0.009219104424119
v 0.021089596673846255 0.011890920810401438 -0.009219104424119
v 0.020318808034062396 0.012134797871112822 -0.009894169867038732
v 0.020686667412519465 0.012444193474948404 -0.009312906302511696
v 0.021089596673846255 0.011890920810401438 -0.009219104424119
v 0.020686667412519465 0.012444193474948404 -0.009312906302511696
v 0.021373460069298755 0.012079397216439245 -0.008675712160766128
v 0.021373460069298755 0.012079397216439245 -0.008675712160766128
v 0.020686667412519465 0.012444193474948404 -0.009312906302511696
v 0.020941153168678294 0.01267782226204872 -0.008737547323107723
v 0.021373460069298755 0.012079397216439245 -0.008675712160766128
v 0.020941153168678294 0.01267782226204872 -0.008737547323107723
v 0.021549813449382792 0.012195973657071589 -0.008207326754927639
v 0.021549813449382792 0.012195973657071589 -0.008207326754927639
v 0.020941153168678294 0.01267782226204872 -0.008737547323107723
v 0.021093212068080913 0.01282784342765808 -0.008237807080149654
v 0.021549813449382792 0.012195973657071589 -0.008207326754927639
v 0.021093212068080913 0.01282784342765808 -0.008237807080149654
v 0.02163268066942693 0.012248604558408259 -0.007855650037527088
v 0.02163268066942693 0.012248604558408259 -0.007855650037527088
v 0.021093212068080913 0.01282784342765808 -0.008237807080149654
v 0.021163001656532298 0.012897654436528681 -0.007863895967602733
v 0.02163268066942693 0.012248604558408259 -0.007855650037527088
v 0.021163001656532298 0.012897654436528681 -0.007863895967602733
v 0.02162722870707513 0.012302366085350512 -0.007629148662090305
v 0.02162722870707513 0.012302366085350512 -0.007629148662090305
v 0.021163001656532298 0.012897654436528681 -0.007863895967602733
v 0.021182753145694743 0.012912847101688383 -0.007629080675542358
v 0.020735403522849093 0.013435969129204748 -0.007629070430994037
v 0.02016614004969598 0.013980175368487833 -0.00762911839410663
v 0.020204130560159694 0.014007764868438242 -0.006000001914799216
v 0.02165794000029565 0.012260920368134974 -0.007570400368422273
v 0.021654829382896434 0.012259871698915957 -0.007629151921719316
v 0.02162722870707513 0.012302366085350512 -0.007629148662090305
v 0.02165794000029565 0.012260920368134974 -0.007570400368422273
v 0.02162722870707513 0.012302366085350512 -0.007629148662090305
v 0.02169872634112836 0.012274684384465216 -0.006000001914799216
v 0.021627234295010577 0.01230236981064081 -0.004370855167508127
v 0.021654829382896434 0.012259871698915957 -0.004370851907879116
v 0.02169872634112836 0.012274684384465216 -0.006000001914799216
v 0.01930303685367108 0.014600364491343496 -0.007629151921719316
v 0.01933673210442067 0.014632164500653742 -0.005990211386233571
v 0.019863693043589602 0.01421822141855955 -0.007629141211509708
v 0.019863693043589602 0.01421822141855955 -0.007629141211509708
v 0.01933673210442067 0.014632164500653742 -0.005990211386233571
v 0.020204130560159694 0.014007764868438242 -0.006000001914799216
v 0.019863693043589602 0.01421822141855955 -0.007629141211509708
v 0.020204130560159694 0.014007764868438242 -0.006000001914799216
v 0.02000831626355649 0.014108178205788134 -0.007629131898283962
v 0.02000831626355649 0.014108178205788134 -0.007629131898283962
v 0.020204130560159694 0.014007764868438242 -0.006000001914799216
v 0.02016614004969598 0.013980175368487833 -0.00762911839410663
v 0.02016614004969598 0.013980175368487833 -0.004370884969830515
v 0.020623402670025836 0.013553842902183531 -0.004370926413685085
v 0.020936772227287303 0.013281744904816149 -0.006000001914799216
v 0.020894264802336703 0.013259710744023321 -0.0076290662400424515
v 0.020735403522849093 0.013435969129204748 -0.007629070430994037
v 0.020936772227287303 0.013281744904816149 -0.006000001914799216
v 0.020936772227287303 0.013281744904816149 -0.006000001914799216
v 0.020735403522849093 0.013435969129204748 -0.007629070430994037
v 0.020204130560159694 0.014007764868438242 -0.006000001914799216
v 0.020936772227287303 0.013281744904816149 -0.006000001914799216
v 0.020204130560159694 0.014007764868438242 -0.006000001914799216
v 0.02016614004969598 0.013980175368487833 -0.004370884969830515
v 0.02016614004969598 0.013980175368487833 -0.004370884969830515
v 0.020204130560159694 0.014007764868438242 -0.006000001914799216
v 0.01933673210442067 0.014632164500653742 -0.005990211386233571
v 0.02016614004969598 0.013980175368487833 -0.004370884969830515
v 0.01933673210442067 0.014632164500653742 -0.005990211386233571
v 0.01930303685367108 0.014600364491343496 -0.004370851907879116
v 0.021627234295010577 0.01230236981064081 -0.004370855167508127
v 0.02167104184627534 0.012317617423832415 -0.006000001914799216
v 0.021192437037825595 0.012900604866445063 -0.004370921757072212
v 0.021192437037825595 0.012900604866445063 -0.004370921757072212
v 0.02167104184627534 0.012317617423832415 -0.006000001914799216
v 0.020936772227287303 0.013281744904816149 -0.006000001914799216
v 0.021192437037825595 0.012900604866445063 -0.004370921757072212
v 0.020936772227287303 0.013281744904816149 -0.006000001914799216
v 0.020894264802336703 0.013259710744023321 -0.004370937123894693
v 0.020894264802336703 0.013259710744023321 -0.004370937123894693
v 0.020936772227287303 0.013281744904816149 -0.006000001914799216
v 0.020623402670025836 0.013553842902183531 -0.004370926413685085
v 0.021627234295010577 0.01230236981064081 -0.004370855167508127
v 0.02169872634112836 0.012274684384465216 -0.006000001914799216
v 0.02167104184627534 0.012317617423832415 -0.006000001914799216
v 0.02167104184627534 0.012317617423832415 -0.006000001914799216
v 0.02169872634112836 0.012274684384465216 -0.006000001914799216
v 0.02162722870707513 0.012302366085350512 -0.007629148662090305
v 0.02167104184627534 0.012317617423832415 -0.006000001914799216
v 0.02162722870707513 0.012302366085350512 -0.007629148662090305
v 0.020936772227287303 0.013281744904816149 -0.006000001914799216
v 0.020936772227287303 0.013281744904816149 -0.006000001914799216
v 0.02162722870707513 0.012302366085350512 -0.007629148662090305
v 0.021182753145694743 0.012912847101688383 -0.007629080675542358
v 0.020936772227287303 0.013281744904816149 -0.006000001914799216
v 0.021182753145694743 0.012912847101688383 -0.007629080675542358
v 0.020894264802336703 0.013259710744023321 -0.0076290662400424515
v 0.01636330038309098 0.013707635924220083 -0.011235572397708898
v 0.01621058769524098 0.013940951786935328 -0.011128487065434461
v 0.016630316153168685 0.014112798497080801 -0.01094309333711863
v 0.016029441729187972 0.014217651449143885 -0.010937382467091089
v 0.015946304425597198 0.01434486638754606 -0.010824927128851419
v 0.016335099935531623 0.014483266510069369 -0.010642716661095624
v 0.015709104016423232 0.015549430623650549 -0.007688261102885011
v 0.015711376443505294 0.015551473945379255 -0.007655003108084205
v 0.015900747850537307 0.01556221768260002 -0.007629151921719316
v 0.015900747850537307 0.01556221768260002 -0.007629151921719316
v 0.015711376443505294 0.015551473945379255 -0.007655003108084205
v 0.015711762011051185 0.015552447177469729 -0.007638076320290569
v 0.015900747850537307 0.01556221768260002 -0.007629151921719316
v 0.015711762011051185 0.015552447177469729 -0.007638076320290569
v 0.015711858868598945 0.015552949160337446 -0.007629151921719316
v 0.015296879224479205 0.015407366678118704 -0.008747037500143055
v 0.01527951285243035 0.015483458526432512 -0.008095507510006431
v 0.015421981923282153 0.015500981360673903 -0.008070608600974086
v 0.015788832679390914 0.01513271778821945 -0.009683954529464248
v 0.015488582663238055 0.015060435049235819 -0.009814499877393251
v 0.01542912237346173 0.015159091912209986 -0.009593633934855465
v 0.016045656055212028 0.01483640633523464 -0.01020952500402928
v 0.015696255490183837 0.014730508439242838 -0.01037579588592053
v 0.015490677207708366 0.015057008713483809 -0.009821585379540925
v 0.017154557630419738 0.013466596603393553 -0.011132431216537958
v 0.016687372699379928 0.013214099220931528 -0.011323492042720323
v 0.01646214351058007 0.013556547462940214 -0.011279985308647161
v 0.01646214351058007 0.013556547462940214 -0.011279985308647161
v 0.016908969730138786 0.01376146264374256 -0.01109746284782887
v 0.017154557630419738 0.013466596603393553 -0.011132431216537958
v 0.017154557630419738 0.013466596603393553 -0.011132431216537958
v 0.016908969730138786 0.01376146264374256 -0.01109746284782887
v 0.017399523407220847 0.014004054479300974 -0.010765160433948045
v 0.017154557630419738 0.013466596603393553 -0.011132431216537958
v 0.017399523407220847 0.014004054479300974 -0.010765160433948045
v 0.017668813467025764 0.013740490190684794 -0.010790134780108934
v 0.017668813467025764 0.013740490190684794 -0.010790134780108934
v 0.017399523407220847 0.014004054479300974 -0.010765160433948045
v 0.017878824844956405 0.01424028445035219 -0.010268913581967359
v 0.017668813467025764 0.013740490190684794 -0.010790134780108934
v 0.017878824844956405 0.01424028445035219 -0.010268913581967359
v 0.018167853355407722 0.014002414420247076 -0.010279427282512193
v 0.018167853355407722 0.014002414420247076 -0.010279427282512193
v 0.017878824844956405 0.01424028445035219 -0.010268913581967359
v 0.01830465532839299 0.014448104426264761 -0.009651971049606804
v 0.018167853355407722 0.014002414420247076 -0.010279427282512193
v 0.01830465532839299 0.014448104426264761 -0.009651971049606804
v 0.018607685342431075 0.014230888336896895 -0.0096467137336731
v 0.018655989319086082 0.014945364557206629 -0.00793479569256306
v 0.018549488857388503 0.015029162168502806 -0.007629189174622301
v 0.019277859479188926 0.014582998119294642 -0.007912043482065204
v 0.019277859479188926 0.014582998119294642 -0.007912043482065204
v 0.018549488857388503 0.015029162168502806 -0.007629189174622301
v 0.01930303685367108 0.014600364491343496 -0.007629151921719316
v 0.01646214351058007 0.013556547462940214 -0.011279985308647161
v 0.01636330038309098 0.013707635924220083 -0.011235572397708898
v 0.016908969730138786 0.01376146264374256 -0.01109746284782887
v 0.016908969730138786 0.01376146264374256 -0.01109746284782887
v 0.01636330038309098 0.013707635924220083 -0.011235572397708898
v 0.016630316153168685 0.014112798497080801 -0.01094309333711863
v 0.016908969730138786 0.01376146264374256 -0.01109746284782887
v 0.016630316153168685 0.014112798497080801 -0.01094309333711863
v 0.017399523407220847 0.014004054479300974 -0.010765160433948045
v 0.017399523407220847 0.014004054479300974 -0.010765160433948045
v 0.016630316153168685 0.014112798497080801 -0.01094309333711863
v 0.017093546688556678 0.014316506683826445 -0.010619082488119607
v 0.017399523407220847 0.014004054479300974 -0.010765160433948045
v 0.017093546688556678 0.014316506683826445 -0.010619082488119607
v 0.017878824844956405 0.01424028445035219 -0.010268913581967359
v 0.017878824844956405 0.01424028445035219 -0.010268913581967359
v 0.017093546688556678 0.014316506683826445 -0.010619082488119607
v 0.01754796132445336 0.01451617758721113 -0.010147409513592725
v 0.017878824844956405 0.01424028445035219 -0.010268913581967359
v 0.01754796132445336 0.01451617758721113 -0.010147409513592725
v 0.01830465532839299 0.014448104426264761 -0.009651971049606804
v 0.01830465532839299 0.014448104426264761 -0.009651971049606804
v 0.01754796132445336 0.01451617758721113 -0.010147409513592725
v 0.017955701798200614 0.014692377299070357 -0.009566800668835643
v 0.01757000014185906 0.014938892796635626 -0.00939629599452019
v 0.017955701798200614 0.014692377299070357 -0.009566800668835643
v 0.017186880111694343 0.014801176264882086 -0.009915661066770559
v 0.017186880111694343 0.014801176264882086 -0.009915661066770559
v 0.017955701798200614 0.014692377299070357 -0.009566800668835643
v 0.01754796132445336 0.01451617758721113 -0.010147409513592725
v 0.017186880111694343 0.014801176264882086 -0.009915661066770559
v 0.01754796132445336 0.01451617758721113 -0.010147409513592725
v 0.016764460131526 0.01464405097067356 -0.010341950692236429
v 0.016764460131526 0.01464405097067356 -0.010341950692236429
v 0.01754796132445336 0.01451617758721113 -0.010147409513592725
v 0.017093546688556678 0.014316506683826445 -0.010619082488119607
v 0.016764460131526 0.01464405097067356 -0.010341950692236429
v 0.017093546688556678 0.014316506683826445 -0.010619082488119607
v 0.016335099935531623 0.014483266510069369 -0.010642716661095624
v 0.016335099935531623 0.014483266510069369 -0.010642716661095624
v 0.017093546688556678 0.014316506683826445 -0.010619082488119607
v 0.016630316153168685 0.014112798497080801 -0.01094309333711863
v 0.016335099935531623 0.014483266510069369 -0.010642716661095624
v 0.016630316153168685 0.014112798497080801 -0.01094309333711863
v 0.016029441729187972 0.014217651449143885 -0.010937382467091089
v 0.016029441729187972 0.014217651449143885 -0.010937382467091089
v 0.016630316153168685 0.014112798497080801 -0.01094309333711863
v 0.01621058769524098 0.013940951786935328 -0.011128487065434461
v 0.015946304425597198 0.01434486638754606 -0.010824927128851419
v 0.015696255490183837 0.014730508439242838 -0.01037579588592053
v 0.016335099935531623 0.014483266510069369 -0.010642716661095624
v 0.016335099935531623 0.014483266510069369 -0.010642716661095624
v 0.015696255490183837 0.014730508439242838 -0.01037579588592053
v 0.016045656055212028 0.01483640633523464 -0.01020952500402928
v 0.016335099935531623 0.014483266510069369 -0.010642716661095624
v 0.016045656055212028 0.01483640633523464 -0.01020952500402928
v 0.016764460131526 0.01464405097067356 -0.010341950692236429
v 0.016764460131526 0.01464405097067356 -0.010341950692236429
v 0.016045656055212028 0.01483640633523464 -0.01020952500402928
v 0.016431855037808425 0.014954741112887858 -0.00995038822293282
v 0.016764460131526 0.01464405097067356 -0.010341950692236429
v 0.016431855037808425 0.014954741112887858 -0.00995038822293282
v 0.017186880111694343 0.014801176264882086 -0.009915661066770559
v 0.017186880111694343 0.014801176264882086 -0.009915661066770559
v 0.016431855037808425 0.014954741112887858 -0.00995038822293282
v 0.016812905669212348 0.015068995766341685 -0.009588831104338173
v 0.017186880111694343 0.014801176264882086 -0.009915661066770559
v 0.016812905669212348 0.015068995766341685 -0.009588831104338173
v 0.01757000014185906 0.014938892796635626 -0.00939629599452019
v 0.01757000014185906 0.014938892796635626 -0.00939629599452019
v 0.016812905669212348 0.015068995766341685 -0.009588831104338173
v 0.01716187037527562 0.015166930854320524 -0.009150423109531406
v 0.01535294950008393 0.015292640775442122 -0.009220219217240814
v 0.015296879224479205 0.015407366678118704 -0.008747037500143055
v 0.01558604463934899 0.01534142345190048 -0.009119592607021335
v 0.01558604463934899 0.01534142345190048 -0.009119592607021335
v 0.015296879224479205 0.015407366678118704 -0.008747037500143055
v 0.015615703538060195 0.015478673391044138 -0.008493324741721157
v 0.01558604463934899 0.01534142345190048 -0.009119592607021335
v 0.015615703538060195 0.015478673391044138 -0.008493324741721157
v 0.015845464542508132 0.01539051719009876 -0.008980646729469303
v 0.015845464542508132 0.01539051719009876 -0.008980646729469303
v 0.015615703538060195 0.015478673391044138 -0.008493324741721157
v 0.015789961442351348 0.015503587201237677 -0.008375102654099468
v 0.015845464542508132 0.01539051719009876 -0.008980646729469303
v 0.015789961442351348 0.015503587201237677 -0.008375102654099468
v 0.016104009002447135 0.015436437912285326 -0.008780743926763538
v 0.016104009002447135 0.015436437912285326 -0.008780743926763538
v 0.015789961442351348 0.015503587201237677 -0.008375102654099468
v 0.01595347188413144 0.015524846501648424 -0.00822192803025246
v 0.016104009002447135 0.015436437912285326 -0.008780743926763538
v 0.01595347188413144 0.015524846501648424 -0.00822192803025246
v 0.016344610601663596 0.015473252162337301 -0.008532933890819553
v 0.017754351720213897 0.015333656221628187 -0.007629183121025566
v 0.01720759272575379 0.015417097136378287 -0.008136659860610965
v 0.016864860430359847 0.015519888140261172 -0.007629160303622488
v 0.016864860430359847 0.015519888140261172 -0.007629160303622488
v 0.01720759272575379 0.015417097136378287 -0.008136659860610965
v 0.016713930293917663 0.015510001219809054 -0.008009766228497032
v 0.016864860430359847 0.015519888140261172 -0.007629160303622488
v 0.016713930293917663 0.015510001219809054 -0.008009766228497032
v 0.015900747850537307 0.01556221768260002 -0.007629151921719316
v 0.015900747850537307 0.01556221768260002 -0.007629151921719316
v 0.016713930293917663 0.015510001219809054 -0.008009766228497032
v 0.016201466321945197 0.015551071614027022 -0.007885717786848549
v 0.015900747850537307 0.01556221768260002 -0.007629151921719316
v 0.016201466321945197 0.015551071614027022 -0.007885717786848549
v 0.015709104016423232 0.015549430623650549 -0.007688261102885011
v 0.015709104016423232 0.015549430623650549 -0.007688261102885011
v 0.016201466321945197 0.015551071614027022 -0.007885717786848549
v 0.015629211440682418 0.015531493350863455 -0.007891810499131683
v 0.019172647967934615 0.014524914324283598 -0.008374985307455066
v 0.01895014941692353 0.01440829038619995 -0.00897927395999432
v 0.018870662897825248 0.014712030068039892 -0.008398366160690788
v 0.018870662897825248 0.014712030068039892 -0.008398366160690788
v 0.01895014941692353 0.01440829038619995 -0.00897927395999432
v 0.018642127513885505 0.014608887955546377 -0.0089971236884594
v 0.018870662897825248 0.014712030068039892 -0.008398366160690788
v 0.018642127513885505 0.014608887955546377 -0.0089971236884594
v 0.018518658354878433 0.0149124339222908 -0.008384576067328457
v 0.018518658354878433 0.0149124339222908 -0.008384576067328457
v 0.018642127513885505 0.014608887955546377 -0.0089971236884594
v 0.018285529688000686 0.01482802629470825 -0.008951279334723953
v 0.018518658354878433 0.0149124339222908 -0.008384576067328457
v 0.018285529688000686 0.01482802629470825 -0.008951279334723953
v 0.018119819462299354 0.01510561630129814 -0.008335866965353492
v 0.018119819462299354 0.01510561630129814 -0.008335866965353492
v 0.018285529688000686 0.01482802629470825 -0.008951279334723953
v 0.01788653992116452 0.015043310821056364 -0.008846209384500984
v 0.018119819462299354 0.01510561630129814 -0.008335866965353492
v 0.01788653992116452 0.015043310821056364 -0.008846209384500984
v 0.017679421231150634 0.015278538689017294 -0.00825032871216536
v 0.017679421231150634 0.015278538689017294 -0.00825032871216536
v 0.01788653992116452 0.015043310821056364 -0.008846209384500984
v 0.01745546609163285 0.01523853652179241 -0.008685266599059108
v 0.017679421231150634 0.015278538689017294 -0.00825032871216536
v 0.01745546609163285 0.01523853652179241 -0.008685266599059108
v 0.017006386071443565 0.015394957736134527 -0.008484025485813621
v 0.017006386071443565 0.015394957736134527 -0.008484025485813621
v 0.01745546609163285 0.01523853652179241 -0.008685266599059108
v 0.016748677939176566 0.01535176858305931 -0.00885247811675072
v 0.017006386071443565 0.015394957736134527 -0.008484025485813621
v 0.016748677939176566 0.01535176858305931 -0.00885247811675072
v 0.016344610601663596 0.015473252162337301 -0.008532933890819553
v 0.016344610601663596 0.015473252162337301 -0.008532933890819553
v 0.016748677939176566 0.01535176858305931 -0.00885247811675072
v 0.01644647121429444 0.015289023518562315 -0.00919770542532206
v 0.016344610601663596 0.015473252162337301 -0.008532933890819553
v 0.01644647121429444 0.015289023518562315 -0.00919770542532206
v 0.016104009002447135 0.015436437912285326 -0.008780743926763538
v 0.016104009002447135 0.015436437912285326 -0.008780743926763538
v 0.01644647121429444 0.015289023518562315 -0.00919770542532206
v 0.016119245439767844 0.01521299500018358 -0.009481198154389862
v 0.016104009002447135 0.015436437912285326 -0.008780743926763538
v 0.016119245439767844 0.01521299500018358 -0.009481198154389862
v 0.015845464542508132 0.01539051719009876 -0.008980646729469303
v 0.015845464542508132 0.01539051719009876 -0.008980646729469303
v 0.016119245439767844 0.01521299500018358 -0.009481198154389862
v 0.015788832679390914 0.01513271778821945 -0.009683954529464248
v 0.015845464542508132 0.01539051719009876 -0.008980646729469303
v 0.015788832679390914 0.01513271778821945 -0.009683954529464248
v 0.01558604463934899 0.01534142345190048 -0.009119592607021335
v 0.01558604463934899 0.01534142345190048 -0.009119592607021335
v 0.015788832679390914 0.01513271778821945 -0.009683954529464248
v 0.01542912237346173 0.015159091912209986 -0.009593633934855465
v 0.01558604463934899 0.01534142345190048 -0.009119592607021335
v 0.01542912237346173 0.015159091912209986 -0.009593633934855465
v 0.01535294950008393 0.015292640775442122 -0.009220219217240814
v 0.015296879224479205 0.015407366678118704 -0.008747037500143055
v 0.015421981923282153 0.015500981360673903 -0.008070608600974086
v 0.015615703538060195 0.015478673391044138 -0.008493324741721157
v 0.015615703538060195 0.015478673391044138 -0.008493324741721157
v 0.015421981923282153 0.015500981360673903 -0.008070608600974086
v 0.015456878580152995 0.01550566032528877 -0.008053531870245937
v 0.015615703538060195 0.015478673391044138 -0.008493324741721157
v 0.015456878580152995 0.01550566032528877 -0.008053531870245937
v 0.015789961442351348 0.015503587201237677 -0.008375102654099468
v 0.015789961442351348 0.015503587201237677 -0.008375102654099468
v 0.015456878580152995 0.01550566032528877 -0.008053531870245937
v 0.015629211440682418 0.015531493350863455 -0.007891810499131683
v 0.015789961442351348 0.015503587201237677 -0.008375102654099468
v 0.015629211440682418 0.015531493350863455 -0.007891810499131683
v 0.01595347188413144 0.015524846501648424 -0.00822192803025246
v 0.01595347188413144 0.015524846501648424 -0.00822192803025246
v 0.015629211440682418 0.015531493350863455 -0.007891810499131683
v 0.016201466321945197 0.015551071614027022 -0.007885717786848549
v 0.01595347188413144 0.015524846501648424 -0.00822192803025246
v 0.016201466321945197 0.015551071614027022 -0.007885717786848549
v 0.016344610601663596 0.015473252162337301 -0.008532933890819553
v 0.016344610601663596 0.015473252162337301 -0.008532933890819553
v 0.016201466321945197 0.015551071614027022 -0.007885717786848549
v 0.016713930293917663 0.015510001219809054 -0.008009766228497032
v 0.016344610601663596 0.015473252162337301 -0.008532933890819553
v 0.016713930293917663 0.015510001219809054 -0.008009766228497032
v 0.017006386071443565 0.015394957736134527 -0.008484025485813621
v 0.017006386071443565 0.015394957736134527 -0.008484025485813621
v 0.016713930293917663 0.015510001219809054 -0.008009766228497032
v 0.01720759272575379 0.015417097136378287 -0.008136659860610965
v 0.017006386071443565 0.015394957736134527 -0.008484025485813621
v 0.01720759272575379 0.015417097136378287 -0.008136659860610965
v 0.017679421231150634 0.015278538689017294 -0.00825032871216536
v 0.017679421231150634 0.015278538689017294 -0.00825032871216536
v 0.01720759272575379 0.015417097136378287 -0.008136659860610965
v 0.017754351720213897 0.015333656221628187 -0.007629183121025566
v 0.017679421231150634 0.015278538689017294 -0.00825032871216536
v 0.017754351720213897 0.015333656221628187 -0.007629183121025566
v 0.018119819462299354 0.01510561630129814 -0.008335866965353492
v 0.018119819462299354 0.01510561630129814 -0.008335866965353492
v 0.017754351720213897 0.015333656221628187 -0.007629183121025566
v 0.018549488857388503 0.015029162168502806 -0.007629189174622301
v 0.018119819462299354 0.01510561630129814 -0.008335866965353492
v 0.018549488857388503 0.015029162168502806 -0.007629189174622301
v 0.018518658354878433 0.0149124339222908 -0.008384576067328457
v 0.018518658354878433 0.0149124339222908 -0.008384576067328457
v 0.018549488857388503 0.015029162168502806 -0.007629189174622301
v 0.018655989319086082 0.014945364557206629 -0.00793479569256306
v 0.018518658354878433 0.0149124339222908 -0.008384576067328457
v 0.018655989319086082 0.014945364557206629 -0.00793479569256306
v 0.018870662897825248 0.014712030068039892 -0.008398366160690788
v 0.018870662897825248 0.014712030068039892 -0.008398366160690788
v 0.018655989319086082 0.014945364557206629 -0.00793479569256306
v 0.019277859479188926 0.014582998119294642 -0.007912043482065204
v 0.018870662897825248 0.014712030068039892 -0.008398366160690788
v 0.019277859479188926 0.014582998119294642 -0.007912043482065204
v 0.019172647967934615 0.014524914324283598 -0.008374985307455066
v 0.01895014941692353 0.01440829038619995 -0.00897927395999432
v 0.018607685342431075 0.014230888336896895 -0.0096467137336731
v 0.018642127513885505 0.014608887955546377 -0.0089971236884594
v 0.018642127513885505 0.014608887955546377 -0.0089971236884594
v 0.018607685342431075 0.014230888336896895 -0.0096467137336731
v 0.01830465532839299 0.014448104426264761 -0.009651971049606804
v 0.018642127513885505 0.014608887955546377 -0.0089971236884594
v 0.01830465532839299 0.014448104426264761 -0.009651971049606804
v 0.018285529688000686 0.01482802629470825 -0.008951279334723953
v 0.018285529688000686 0.01482802629470825 -0.008951279334723953
v 0.01830465532839299 0.014448104426264761 -0.009651971049606804
v 0.017955701798200614 0.014692377299070357 -0.009566800668835643
v 0.018285529688000686 0.01482802629470825 -0.008951279334723953
v 0.017955701798200614 0.014692377299070357 -0.009566800668835643
v 0.01788653992116452 0.015043310821056364 -0.008846209384500984
v 0.01788653992116452 0.015043310821056364 -0.008846209384500984
v 0.017955701798200614 0.014692377299070357 -0.009566800668835643
v 0.01757000014185906 0.014938892796635626 -0.00939629599452019
v 0.01788653992116452 0.015043310821056364 -0.008846209384500984
v 0.01757000014185906 0.014938892796635626 -0.00939629599452019
v 0.01745546609163285 0.01523853652179241 -0.008685266599059108
v 0.01745546609163285 0.01523853652179241 -0.008685266599059108
v 0.01757000014185906 0.014938892796635626 -0.00939629599452019
v 0.01716187037527562 0.015166930854320524 -0.009150423109531406
v 0.01745546609163285 0.01523853652179241 -0.008685266599059108
v 0.01716187037527562 0.015166930854320524 -0.009150423109531406
v 0.016748677939176566 0.01535176858305931 -0.00885247811675072
v 0.016748677939176566 0.01535176858305931 -0.00885247811675072
v 0.01716187037527562 0.015166930854320524 -0.009150423109531406
v 0.016812905669212348 0.015068995766341685 -0.009588831104338173
v 0.016748677939176566 0.01535176858305931 -0.00885247811675072
v 0.016812905669212348 0.015068995766341685 -0.009588831104338173
v 0.01644647121429444 0.015289023518562315 -0.00919770542532206
v 0.01644647121429444 0.015289023518562315 -0.00919770542532206
v 0.016812905669212348 0.015068995766341685 -0.009588831104338173
v 0.016431855037808425 0.014954741112887858 -0.00995038822293282
v 0.01644647121429444 0.015289023518562315 -0.00919770542532206
v 0.016431855037808425 0.014954741112887858 -0.00995038822293282
v 0.016119245439767844 0.01521299500018358 -0.009481198154389862
v 0.016119245439767844 0.01521299500018358 -0.009481198154389862
v 0.016431855037808425 0.014954741112887858 -0.00995038822293282
v 0.016045656055212028 0.01483640633523464 -0.01020952500402928
v 0.016119245439767844 0.01521299500018358 -0.009481198154389862
v 0.016045656055212028 0.01483640633523464 -0.01020952500402928
v 0.015788832679390914 0.01513271778821945 -0.009683954529464248
v 0.015788832679390914 0.01513271778821945 -0.009683954529464248
v 0.016045656055212028 0.01483640633523464 -0.01020952500402928
v 0.015490677207708366 0.015057008713483809 -0.009821585379540925
v 0.015788832679390914 0.01513271778821945 -0.009683954529464248
v 0.015490677207708366 0.015057008713483809 -0.009821585379540925
v 0.015488582663238055 0.015060435049235819 -0.009814499877393251
v 0.018652159720659263 0.01461135223507881 -0.0030209845863282694
v 0.018878562375903137 0.014713373035192488 -0.0036204755306243914
v 0.018529435619711883 0.01491205859929323 -0.003633056767284872
v 0.016827492043375976 0.015064750798046587 -0.0024088453501462945
v 0.017178809270262725 0.015163819305598734 -0.002853195182979108
v 0.016767084598541267 0.015348306857049463 -0.00314626842737198
v 0.016687372699379928 0.013214099220931528 -0.0006765116122551266
v 0.017152803018689163 0.013465655036270617 -0.0008666755747981374
v 0.01691174320876599 0.013760079629719256 -0.0009026530315168206
v 0.01663488149642945 0.014108946546912192 -0.0010548540158197288
v 0.016219995915889747 0.013926579616963862 -0.0008635193225927655
v 0.01649905368685723 0.013500157743692396 -0.0007080834475345913
v 0.01634143106639386 0.014477089978754519 -0.0013512814184650785
v 0.01595417223870755 0.014332802966237066 -0.001163719105534256
v 0.01615469343960286 0.014026308432221411 -0.0009228855487890546
v 0.015626111999154098 0.015476850792765616 -0.0034880635794252175
v 0.015289641916751869 0.015426510013639925 -0.0033661071211099638
v 0.0158568024635315 0.015386197715997694 -0.003003061516210438
v 0.0158568024635315 0.015386197715997694 -0.003003061516210438
v 0.015289641916751869 0.015426510013639925 -0.0033661071211099638
v 0.015320655889809139 0.015354909934103487 -0.0030067521147429956
v 0.015786668285727508 0.01459026988595724 -0.0014402176020666963
v 0.016053199768066413 0.014828819781541823 -0.0017794443992897877
v 0.015701852738857276 0.014721791259944437 -0.0016119879437610514
v 0.015701852738857276 0.014721791259944437 -0.0016119879437610514
v 0.016053199768066413 0.014828819781541823 -0.0017794443992897877
v 0.01579657010734082 0.015125270932912825 -0.002300022169947625
v 0.015701852738857276 0.014721791259944437 -0.0016119879437610514
v 0.01579657010734082 0.015125270932912825 -0.002300022169947625
v 0.015484846197068698 0.015066557563841341 -0.0021982507314533004
v 0.015484846197068698 0.015066557563841341 -0.0021982507314533004
v 0.01579657010734082 0.015125270932912825 -0.002300022169947625
v 0.015592853538692004 0.015335809439420698 -0.0028605370316654457
v 0.015484846197068698 0.015066557563841341 -0.0021982507314533004
v 0.015592853538692004 0.015335809439420698 -0.0028605370316654457
v 0.01535414811223746 0.01529041863977909 -0.0027725286781787885
v 0.01535414811223746 0.01529041863977909 -0.0027725286781787885
v 0.015592853538692004 0.015335809439420698 -0.0028605370316654457
v 0.015320655889809139 0.015354909934103487 -0.0030067521147429956
v 0.015626111999154098 0.015476850792765616 -0.0034880635794252175
v 0.015422699972987182 0.015501075424253939 -0.003929700236767532
v 0.015289641916751869 0.015426510013639925 -0.0033661071211099638
v 0.015289641916751869 0.015426510013639925 -0.0033661071211099638
v 0.015422699972987182 0.015501075424253939 -0.003929700236767532
v 0.015330023132264621 0.015489442273974417 -0.0039061822462826985
v 0.015289641916751869 0.015426510013639925 -0.0033661071211099638
v 0.015330023132264621 0.015489442273974417 -0.0039061822462826985
v 0.015279600396752364 0.015483471564948557 -0.00390449562110007
v 0.016864860430359847 0.015519887208938597 -0.004370835144072773
v 0.016453653573989875 0.015557041391730307 -0.004370835144072773
v 0.016226423904299743 0.0155507018789649 -0.004114948213100435
v 0.016226423904299743 0.0155507018789649 -0.004114948213100435
v 0.016453653573989875 0.015557041391730307 -0.004370835144072773
v 0.015711858868598945 0.015552948229014872 -0.004370820708572866
v 0.016226423904299743 0.0155507018789649 -0.004114948213100435
v 0.015711858868598945 0.015552948229014872 -0.004370820708572866
v 0.015659034252166755 0.015536768361926077 -0.004156893584877254
v 0.016864860430359847 0.015519887208938597 -0.004370835144072773
v 0.016736710444092757 0.015507820993661879 -0.0039940965361893194
v 0.01693889312446118 0.01551003288477659 -0.004370834212750198
v 0.01693889312446118 0.01551003288477659 -0.004370834212750198
v 0.016736710444092757 0.015507820993661879 -0.0039940965361893194
v 0.017227934673428542 0.01541402284055948 -0.0038710280787199753
v 0.01693889312446118 0.01551003288477659 -0.004370834212750198
v 0.017227934673428542 0.01541402284055948 -0.0038710280787199753
v 0.017507206648588187 0.0154006564989686 -0.004370824433863165
v 0.017507206648588187 0.0154006564989686 -0.004370824433863165
v 0.017227934673428542 0.01541402284055948 -0.0038710280787199753
v 0.017754351720213897 0.015333656221628187 -0.004370818845927717
v 0.017754351720213897 0.015333656221628187 -0.004370818845927717
v 0.017227934673428542 0.01541402284055948 -0.0038710280787199753
v 0.017696807160973556 0.015275609679520128 -0.003761326195672156
v 0.017754351720213897 0.015333656221628187 -0.004370818845927717
v 0.017696807160973556 0.015275609679520128 -0.003761326195672156
v 0.017950717359781272 0.015271519310772417 -0.004370814654976131
v 0.01930303685367108 0.014600364491343496 -0.004370851907879116
v 0.018729973584413535 0.01493906509131193 -0.004370820708572866
v 0.01929679140448571 0.014595170505344866 -0.004256984218955042
v 0.01929679140448571 0.014595170505344866 -0.004256984218955042
v 0.018729973584413535 0.01493906509131193 -0.004370820708572866
v 0.018664171919226653 0.014943577349185942 -0.004080665763467552
v 0.01929679140448571 0.014595170505344866 -0.004256984218955042
v 0.018664171919226653 0.014943577349185942 -0.004080665763467552
v 0.019277859479188926 0.014582998119294642 -0.004087960347533228
v 0.018729973584413535 0.01493906509131193 -0.004370820708572866
v 0.018439739942550666 0.015079924836754797 -0.004370812326669695
v 0.018664171919226653 0.014943577349185942 -0.004080665763467552
v 0.018664171919226653 0.014943577349185942 -0.004080665763467552
v 0.018439739942550666 0.015079924836754797 -0.004370812326669695
v 0.018529435619711883 0.01491205859929323 -0.003633056767284872
v 0.018664171919226653 0.014943577349185942 -0.004080665763467552
v 0.018529435619711883 0.01491205859929323 -0.003633056767284872
v 0.019277859479188926 0.014582998119294642 -0.004087960347533228
v 0.019277859479188926 0.014582998119294642 -0.004087960347533228
v 0.018529435619711883 0.01491205859929323 -0.003633056767284872
v 0.018878562375903137 0.014713373035192488 -0.0036204755306243914
v 0.019277859479188926 0.014582998119294642 -0.004087960347533228
v 0.018878562375903137 0.014713373035192488 -0.0036204755306243914
v 0.01915890723466874 0.014517599716782568 -0.0035794763825833815
v 0.01915890723466874 0.014517599716782568 -0.0035794763825833815
v 0.018878562375903137 0.014713373035192488 -0.0036204755306243914
v 0.018652159720659263 0.01461135223507881 -0.0030209845863282694
v 0.018549589440226562 0.014200794510543345 -0.0022577454801648864
v 0.01876934804022313 0.014314577914774416 -0.002643150743097068
v 0.018652159720659263 0.01461135223507881 -0.0030209845863282694
v 0.018652159720659263 0.01461135223507881 -0.0030209845863282694
v 0.01876934804022313 0.014314577914774416 -0.002643150743097068
v 0.018949752673506744 0.014408083632588385 -0.003019812982529403
v 0.018652159720659263 0.01461135223507881 -0.0030209845863282694
v 0.018949752673506744 0.014408083632588385 -0.003019812982529403
v 0.01915890723466874 0.014517599716782568 -0.0035794763825833815
v 0.017963213846087463 0.013895421288907526 -0.0014875506749376661
v 0.017887765541672714 0.014242191798985003 -0.0017394846072420487
v 0.01766729541122914 0.01373968832194805 -0.0012086018687114124
v 0.01766729541122914 0.01373968832194805 -0.0012086018687114124
v 0.017887765541672714 0.014242191798985003 -0.0017394846072420487
v 0.017405657097697265 0.014004469849169253 -0.001238100114278496
v 0.01766729541122914 0.01373968832194805 -0.0012086018687114124
v 0.017405657097697265 0.014004469849169253 -0.001238100114278496
v 0.01734080724418164 0.013566298410296438 -0.0009723746334202592
v 0.01734080724418164 0.013566298410296438 -0.0009723746334202592
v 0.017405657097697265 0.014004469849169253 -0.001238100114278496
v 0.01691174320876599 0.013760079629719256 -0.0009026530315168206
v 0.01734080724418164 0.013566298410296438 -0.0009723746334202592
v 0.01691174320876599 0.013760079629719256 -0.0009026530315168206
v 0.017154557630419738 0.013466596603393553 -0.0008675719727762048
v 0.017154557630419738 0.013466596603393553 -0.0008675719727762048
v 0.01691174320876599 0.013760079629719256 -0.0009026530315168206
v 0.017152803018689163 0.013465655036270617 -0.0008666755747981374
v 0.01644310355186463 0.014948905445635317 -0.0020420539658516654
v 0.016827492043375976 0.015064750798046587 -0.0024088453501462945
v 0.016462005674839027 0.015284552238881586 -0.002795104403048755
v 0.015320655889809139 0.015354909934103487 -0.0030067521147429956
v 0.015592853538692004 0.015335809439420698 -0.0028605370316654457
v 0.0158568024635315 0.015386197715997694 -0.003003061516210438
v 0.0158568024635315 0.015386197715997694 -0.003003061516210438
v 0.015592853538692004 0.015335809439420698 -0.0028605370316654457
v 0.01579657010734082 0.015125270932912825 -0.002300022169947625
v 0.0158568024635315 0.015386197715997694 -0.003003061516210438
v 0.01579657010734082 0.015125270932912825 -0.002300022169947625
v 0.01613102667033673 0.015207108110189436 -0.0025063990615308298
v 0.01613102667033673 0.015207108110189436 -0.0025063990615308298
v 0.01579657010734082 0.015125270932912825 -0.002300022169947625
v 0.016053199768066413 0.014828819781541823 -0.0017794443992897877
v 0.01613102667033673 0.015207108110189436 -0.0025063990615308298
v 0.016053199768066413 0.014828819781541823 -0.0017794443992897877
v 0.01644310355186463 0.014948905445635317 -0.0020420539658516654
v 0.016827492043375976 0.015064750798046587 -0.0024088453501462945
v 0.016767084598541267 0.015348306857049463 -0.00314626842737198
v 0.016462005674839027 0.015284552238881586 -0.002795104403048755
v 0.016462005674839027 0.015284552238881586 -0.002795104403048755
v 0.016767084598541267 0.015348306857049463 -0.00314626842737198
v 0.01636376418173314 0.015470829792320727 -0.0034615236800164
v 0.016462005674839027 0.015284552238881586 -0.002795104403048755
v 0.01636376418173314 0.015470829792320727 -0.0034615236800164
v 0.016119634732604034 0.015433253720402716 -0.0032079720403999103
v 0.016119634732604034 0.015433253720402716 -0.0032079720403999103
v 0.01636376418173314 0.015470829792320727 -0.0034615236800164
v 0.01597301661968232 0.015524393878877161 -0.0037693609483540075
v 0.016119634732604034 0.015433253720402716 -0.0032079720403999103
v 0.01597301661968232 0.015524393878877161 -0.0037693609483540075
v 0.01580526679754258 0.015502612106502054 -0.0036108589265495556
v 0.01580526679754258 0.015502612106502054 -0.0036108589265495556
v 0.01597301661968232 0.015524393878877161 -0.0037693609483540075
v 0.015581753104925163 0.015523823909461497 -0.004048037808388473
v 0.01580526679754258 0.015502612106502054 -0.0036108589265495556
v 0.015581753104925163 0.015523823909461497 -0.004048037808388473
v 0.01548314560204745 0.01550929620862007 -0.0039624003693461435
v 0.01644310355186463 0.014948905445635317 -0.0020420539658516654
v 0.016462005674839027 0.015284552238881586 -0.002795104403048755
v 0.01613102667033673 0.015207108110189436 -0.0025063990615308298
v 0.01613102667033673 0.015207108110189436 -0.0025063990615308298
v 0.016462005674839027 0.015284552238881586 -0.002795104403048755
v 0.016119634732604034 0.015433253720402716 -0.0032079720403999103
v 0.01613102667033673 0.015207108110189436 -0.0025063990615308298
v 0.016119634732604034 0.015433253720402716 -0.0032079720403999103
v 0.0158568024635315 0.015386197715997694 -0.003003061516210438
v 0.0158568024635315 0.015386197715997694 -0.003003061516210438
v 0.016119634732604034 0.015433253720402716 -0.0032079720403999103
v 0.01580526679754258 0.015502612106502054 -0.0036108589265495556
v 0.0158568024635315 0.015386197715997694 -0.003003061516210438
v 0.01580526679754258 0.015502612106502054 -0.0036108589265495556
v 0.015626111999154098 0.015476850792765616 -0.0034880635794252175
v 0.015626111999154098 0.015476850792765616 -0.0034880635794252175
v 0.01580526679754258 0.015502612106502054 -0.0036108589265495556
v 0.01548314560204745 0.01550929620862007 -0.0039624003693461435
v 0.015626111999154098 0.015476850792765616 -0.0034880635794252175
v 0.01548314560204745 0.01550929620862007 -0.0039624003693461435
v 0.015422699972987182 0.015501075424253939 -0.003929700236767532
v 0.017950717359781272 0.015271519310772417 -0.004370814654976131
v 0.017696807160973556 0.015275609679520128 -0.003761326195672156
v 0.018133893609046943 0.015103700570762156 -0.0036792806349694746
v 0.018133893609046943 0.015103700570762156 -0.0036792806349694746
v 0.017696807160973556 0.015275609679520128 -0.003761326195672156
v 0.01790179498493672 0.015041987411677836 -0.003166808281093837
v 0.018133893609046943 0.015103700570762156 -0.0036792806349694746
v 0.01790179498493672 0.015041987411677836 -0.003166808281093837
v 0.018298035487532623 0.014828564599156378 -0.0030650133267045034
v 0.018298035487532623 0.014828564599156378 -0.0030650133267045034
v 0.01790179498493672 0.015041987411677836 -0.003166808281093837
v 0.017968250438570983 0.014692903496325014 -0.0024451301433146013
v 0.018298035487532623 0.014828564599156378 -0.0030650133267045034
v 0.017968250438570983 0.014692903496325014 -0.0024451301433146013
v 0.018315058201551444 0.014450777322053908 -0.0023620740976184615
v 0.018315058201551444 0.014450777322053908 -0.0023620740976184615
v 0.017968250438570983 0.014692903496325014 -0.0024451301433146013
v 0.01755884103477002 0.014515761286020277 -0.0018588005332276234
v 0.018315058201551444 0.014450777322053908 -0.0023620740976184615
v 0.01755884103477002 0.014515761286020277 -0.0018588005332276234
v 0.017887765541672714 0.014242191798985003 -0.0017394846072420487
v 0.017887765541672714 0.014242191798985003 -0.0017394846072420487
v 0.01755884103477002 0.014515761286020277 -0.0018588005332276234
v 0.017101518809795387 0.0143144940957427 -0.0013820052845403559
v 0.017887765541672714 0.014242191798985003 -0.0017394846072420487
v 0.017101518809795387 0.0143144940957427 -0.0013820052845403559
v 0.017405657097697265 0.014004469849169253 -0.001238100114278496
v 0.017405657097697265 0.014004469849169253 -0.001238100114278496
v 0.017101518809795387 0.0143144940957427 -0.0013820052845403559
v 0.01663488149642945 0.014108946546912192 -0.0010548540158197288
v 0.017405657097697265 0.014004469849169253 -0.001238100114278496
v 0.01663488149642945 0.014108946546912192 -0.0010548540158197288
v 0.01691174320876599 0.013760079629719256 -0.0009026530315168206
v 0.01691174320876599 0.013760079629719256 -0.0009026530315168206
v 0.01663488149642945 0.014108946546912192 -0.0010548540158197288
v 0.01649905368685723 0.013500157743692396 -0.0007080834475345913
v 0.01691174320876599 0.013760079629719256 -0.0009026530315168206
v 0.01649905368685723 0.013500157743692396 -0.0007080834475345913
v 0.016687372699379928 0.013214099220931528 -0.0006765116122551266
v 0.017963213846087463 0.013895421288907526 -0.0014875506749376661
v 0.0181666947901249 0.014001810923218725 -0.0017191538354381928
v 0.017887765541672714 0.014242191798985003 -0.0017394846072420487
v 0.017887765541672714 0.014242191798985003 -0.0017394846072420487
v 0.0181666947901249 0.014001810923218725 -0.0017191538354381928
v 0.018549589440226562 0.014200794510543345 -0.0022577454801648864
v 0.017887765541672714 0.014242191798985003 -0.0017394846072420487
v 0.018549589440226562 0.014200794510543345 -0.0022577454801648864
v 0.018315058201551444 0.014450777322053908 -0.0023620740976184615
v 0.018315058201551444 0.014450777322053908 -0.0023620740976184615
v 0.018549589440226562 0.014200794510543345 -0.0022577454801648864
v 0.018652159720659263 0.01461135223507881 -0.0030209845863282694
v 0.018315058201551444 0.014450777322053908 -0.0023620740976184615
v 0.018652159720659263 0.01461135223507881 -0.0030209845863282694
v 0.018298035487532623 0.014828564599156378 -0.0030650133267045034
v 0.018298035487532623 0.014828564599156378 -0.0030650133267045034
v 0.018652159720659263 0.01461135223507881 -0.0030209845863282694
v 0.018529435619711883 0.01491205859929323 -0.003633056767284872
v 0.018298035487532623 0.014828564599156378 -0.0030650133267045034
v 0.018529435619711883 0.01491205859929323 -0.003633056767284872
v 0.018133893609046943 0.015103700570762156 -0.0036792806349694746
v 0.018133893609046943 0.015103700570762156 -0.0036792806349694746
v 0.018529435619711883 0.01491205859929323 -0.003633056767284872
v 0.018439739942550666 0.015079924836754797 -0.004370812326669695
v 0.018133893609046943 0.015103700570762156 -0.0036792806349694746
v 0.018439739942550666 0.015079924836754797 -0.004370812326669695
v 0.017950717359781272 0.015271519310772417 -0.004370814654976131
v 0.015659034252166755 0.015536768361926077 -0.004156893584877254
v 0.015581753104925163 0.015523823909461497 -0.004048037808388473
v 0.016226423904299743 0.0155507018789649 -0.004114948213100435
v 0.016226423904299743 0.0155507018789649 -0.004114948213100435
v 0.015581753104925163 0.015523823909461497 -0.004048037808388473
v 0.01597301661968232 0.015524393878877161 -0.0037693609483540075
v 0.016226423904299743 0.0155507018789649 -0.004114948213100435
v 0.01597301661968232 0.015524393878877161 -0.0037693609483540075
v 0.016572883352637298 0.015495437197387217 -0.0037347655743360537
v 0.016572883352637298 0.015495437197387217 -0.0037347655743360537
v 0.01597301661968232 0.015524393878877161 -0.0037693609483540075
v 0.01636376418173314 0.015470829792320727 -0.0034615236800164
v 0.016572883352637298 0.015495437197387217 -0.0037347655743360537
v 0.01636376418173314 0.015470829792320727 -0.0034615236800164
v 0.0170264020562172 0.015391960740089415 -0.0035200736019760388
v 0.0170264020562172 0.015391960740089415 -0.0035200736019760388
v 0.01636376418173314 0.015470829792320727 -0.0034615236800164
v 0.016767084598541267 0.015348306857049463 -0.00314626842737198
v 0.0170264020562172 0.015391960740089415 -0.0035200736019760388
v 0.016767084598541267 0.015348306857049463 -0.00314626842737198
v 0.01747334189713002 0.015235878527164457 -0.0033234616275876773
v 0.01747334189713002 0.015235878527164457 -0.0033234616275876773
v 0.016767084598541267 0.015348306857049463 -0.00314626842737198
v 0.017178809270262725 0.015163819305598734 -0.002853195182979108
v 0.01747334189713002 0.015235878527164457 -0.0033234616275876773
v 0.017178809270262725 0.015163819305598734 -0.002853195182979108
v 0.017584864050149925 0.01493729557842016 -0.002611978910863401
v 0.017584864050149925 0.01493729557842016 -0.002611978910863401
v 0.017178809270262725 0.015163819305598734 -0.002853195182979108
v 0.016827492043375976 0.015064750798046587 -0.0024088453501462945
v 0.017584864050149925 0.01493729557842016 -0.002611978910863401
v 0.016827492043375976 0.015064750798046587 -0.0024088453501462945
v 0.017199791967868812 0.014798487536609171 -0.0020867756102234134
v 0.017199791967868812 0.014798487536609171 -0.0020867756102234134
v 0.016827492043375976 0.015064750798046587 -0.0024088453501462945
v 0.01644310355186463 0.014948905445635317 -0.0020420539658516654
v 0.017199791967868812 0.014798487536609171 -0.0020867756102234134
v 0.01644310355186463 0.014948905445635317 -0.0020420539658516654
v 0.01677429303526879 0.014639712870121 -0.0016553167952224619
v 0.01677429303526879 0.014639712870121 -0.0016553167952224619
v 0.01644310355186463 0.014948905445635317 -0.0020420539658516654
v 0.016053199768066413 0.014828819781541823 -0.0017794443992897877
v 0.01677429303526879 0.014639712870121 -0.0016553167952224619
v 0.016053199768066413 0.014828819781541823 -0.0017794443992897877
v 0.01634143106639386 0.014477089978754519 -0.0013512814184650785
v 0.01634143106639386 0.014477089978754519 -0.0013512814184650785
v 0.016053199768066413 0.014828819781541823 -0.0017794443992897877
v 0.015786668285727508 0.01459026988595724 -0.0014402176020666963
v 0.01634143106639386 0.014477089978754519 -0.0013512814184650785
v 0.015786668285727508 0.01459026988595724 -0.0014402176020666963
v 0.01595417223870755 0.014332802966237066 -0.001163719105534256
v 0.016864860430359847 0.015519887208938597 -0.004370835144072773
v 0.016226423904299743 0.0155507018789649 -0.004114948213100435
v 0.016736710444092757 0.015507820993661879 -0.0039940965361893194
v 0.016736710444092757 0.015507820993661879 -0.0039940965361893194
v 0.016226423904299743 0.0155507018789649 -0.004114948213100435
v 0.016572883352637298 0.015495437197387217 -0.0037347655743360537
v 0.016736710444092757 0.015507820993661879 -0.0039940965361893194
v 0.016572883352637298 0.015495437197387217 -0.0037347655743360537
v 0.017227934673428542 0.01541402284055948 -0.0038710280787199753
v 0.017227934673428542 0.01541402284055948 -0.0038710280787199753
v 0.016572883352637298 0.015495437197387217 -0.0037347655743360537
v 0.0170264020562172 0.015391960740089415 -0.0035200736019760388
v 0.017227934673428542 0.01541402284055948 -0.0038710280787199753
v 0.0170264020562172 0.015391960740089415 -0.0035200736019760388
v 0.017696807160973556 0.015275609679520128 -0.003761326195672156
v 0.017696807160973556 0.015275609679520128 -0.003761326195672156
v 0.0170264020562172 0.015391960740089415 -0.0035200736019760388
v 0.01747334189713002 0.015235878527164457 -0.0033234616275876773
v 0.017696807160973556 0.015275609679520128 -0.003761326195672156
v 0.01747334189713002 0.015235878527164457 -0.0033234616275876773
v 0.01790179498493672 0.015041987411677836 -0.003166808281093837
v 0.01790179498493672 0.015041987411677836 -0.003166808281093837
v 0.01747334189713002 0.015235878527164457 -0.0033234616275876773
v 0.017584864050149925 0.01493729557842016 -0.002611978910863401
v 0.01790179498493672 0.015041987411677836 -0.003166808281093837
v 0.017584864050149925 0.01493729557842016 -0.002611978910863401
v 0.017968250438570983 0.014692903496325014 -0.0024451301433146013
v 0.017968250438570983 0.014692903496325014 -0.0024451301433146013
v 0.017584864050149925 0.01493729557842016 -0.002611978910863401
v 0.017199791967868812 0.014798487536609171 -0.0020867756102234134
v 0.017968250438570983 0.014692903496325014 -0.0024451301433146013
v 0.017199791967868812 0.014798487536609171 -0.0020867756102234134
v 0.01755884103477002 0.014515761286020277 -0.0018588005332276234
v 0.01755884103477002 0.014515761286020277 -0.0018588005332276234
v 0.017199791967868812 0.014798487536609171 -0.0020867756102234134
v 0.01677429303526879 0.014639712870121 -0.0016553167952224619
v 0.01755884103477002 0.014515761286020277 -0.0018588005332276234
v 0.01677429303526879 0.014639712870121 -0.0016553167952224619
v 0.017101518809795387 0.0143144940957427 -0.0013820052845403559
v 0.017101518809795387 0.0143144940957427 -0.0013820052845403559
v 0.01677429303526879 0.014639712870121 -0.0016553167952224619
v 0.01634143106639386 0.014477089978754519 -0.0013512814184650785
v 0.017101518809795387 0.0143144940957427 -0.0013820052845403559
v 0.01634143106639386 0.014477089978754519 -0.0013512814184650785
v 0.01663488149642945 0.014108946546912192 -0.0010548540158197288
v 0.01663488149642945 0.014108946546912192 -0.0010548540158197288
v 0.01634143106639386 0.014477089978754519 -0.0013512814184650785
v 0.01615469343960286 0.014026308432221411 -0.0009228855487890546
v 0.01663488149642945 0.014108946546912192 -0.0010548540158197288
v 0.01615469343960286 0.014026308432221411 -0.0009228855487890546
v 0.016219995915889747 0.013926579616963862 -0.0008635193225927655
v 0.020894264802336703 0.013259710744023321 -0.004370937123894693
v 0.020623402670025836 0.013553842902183531 -0.004370926413685085
v 0.02060179226100446 0.013534743338823317 -0.004114069975912573
v 0.0177341215312481 0.011739595793187617 -0.0006690610316582027
v 0.017982799559831626 0.011408294551074503 -0.0007028848049230877
v 0.01864127069711686 0.01188183482736349 -0.001001858501695097
v 0.01921417191624642 0.011297414079308508 -0.001154177240096033
v 0.018536375835537917 0.010683720000088213 -0.00084417435573414
v 0.018753835931420333 0.010401167906820772 -0.0009445062023587529
v 0.02016614004969598 0.013980175368487833 -0.004370884969830515
v 0.01930303685367108 0.014600364491343496 -0.004370851907879116
v 0.01929679140448571 0.014595170505344866 -0.004256984218955042
v 0.020894264802336703 0.013259710744023321 -0.004370937123894693
v 0.02060179226100446 0.013534743338823317 -0.004114069975912573
v 0.021192437037825595 0.012900604866445063 -0.004370921757072212
v 0.021102828904986392 0.012816044501960276 -0.00376301188953221
v 0.021565599367022525 0.012206254526972769 -0.003846195293590428
v 0.021172679960727702 0.012885495088994501 -0.0041363737545907515
v 0.021172679960727702 0.012885495088994501 -0.0041363737545907515
v 0.021565599367022525 0.012206254526972769 -0.003846195293590428
v 0.021654829382896434 0.012259871698915957 -0.004370851907879116
v 0.021172679960727702 0.012885495088994501 -0.0041363737545907515
v 0.021654829382896434 0.012259871698915957 -0.004370851907879116
v 0.021627234295010577 0.01230236981064081 -0.004370855167508127
v 0.02126336283981801 0.012006219476461409 -0.0030933029484003795
v 0.02154526486992837 0.012193000875413416 -0.0037778452970087546
v 0.021102828904986392 0.012816044501960276 -0.00376301188953221
v 0.021102828904986392 0.012816044501960276 -0.00376301188953221
v 0.02154526486992837 0.012193000875413416 -0.0037778452970087546
v 0.021549813449382792 0.012195973657071589 -0.0037926777731627243
v 0.021102828904986392 0.012816044501960276 -0.00376301188953221
v 0.021549813449382792 0.012195973657071589 -0.0037926777731627243
v 0.021565599367022525 0.012206254526972769 -0.003846195293590428
v 0.021102828904986392 0.012816044501960276 -0.00376301188953221
v 0.020950641483068477 0.012666678987443445 -0.0032639768905937685
v 0.02126336283981801 0.012006219476461409 -0.0030933029484003795
v 0.02126336283981801 0.012006219476461409 -0.0030933029484003795
v 0.020950641483068477 0.012666678987443445 -0.0032639768905937685
v 0.020695989951491366 0.012433856725692747 -0.0026892982423305524
v 0.02126336283981801 0.012006219476461409 -0.0030933029484003795
v 0.020695989951491366 0.012433856725692747 -0.0026892982423305524
v 0.02102375589311124 0.011847358196973799 -0.0026752604171633733
v 0.02102375589311124 0.011847358196973799 -0.0026752604171633733
v 0.020695989951491366 0.012433856725692747 -0.0026892982423305524
v 0.020327886566519748 0.01212520897388458 -0.002108505694195629
v 0.02102375589311124 0.011847358196973799 -0.0026752604171633733
v 0.020327886566519748 0.01212520897388458 -0.002108505694195629
v 0.020685285329818736 0.011624884791672228 -0.0022146524861454972
v 0.01983887515962125 0.011748095974326132 -0.001585110439918936
v 0.020172366872429858 0.011292865499854086 -0.0017086932202801115
v 0.020327886566519748 0.01212520897388458 -0.002108505694195629
v 0.020327886566519748 0.01212520897388458 -0.002108505694195629
v 0.020172366872429858 0.011292865499854086 -0.0017086932202801115
v 0.020492132753133784 0.01149912644177675 -0.002001316053792835
v 0.020327886566519748 0.01212520897388458 -0.002108505694195629
v 0.020492132753133784 0.01149912644177675 -0.002001316053792835
v 0.020685285329818736 0.011624884791672228 -0.0022146524861454972
v 0.018753835931420333 0.010401167906820772 -0.0009445062023587529
v 0.01952627673745156 0.010882746428251265 -0.0012837968533858663
v 0.01921417191624642 0.011297414079308508 -0.001154177240096033
v 0.01921417191624642 0.011297414079308508 -0.001154177240096033
v 0.01952627673745156 0.010882746428251265 -0.0012837968533858663
v 0.01953071169555188 0.010885534808039663 -0.0012861540308222181
v 0.01921417191624642 0.011297414079308508 -0.001154177240096033
v 0.01953071169555188 0.010885534808039663 -0.0012861540308222181
v 0.01983887515962125 0.011748095974326132 -0.001585110439918936
v 0.01983887515962125 0.011748095974326132 -0.001585110439918936
v 0.01953071169555188 0.010885534808039663 -0.0012861540308222181
v 0.019814841449260722 0.011064917780458925 -0.0014513217611238367
v 0.01983887515962125 0.011748095974326132 -0.001585110439918936
v 0.019814841449260722 0.011064917780458925 -0.0014513217611238367
v 0.020172366872429858 0.011292865499854086 -0.0017086932202801115
v 0.017898058518767364 0.012632830068469046 -0.0008904429269023244
v 0.01844593323767186 0.01299274433404207 -0.0012683457462117082
v 0.01766729541122914 0.01373968832194805 -0.0012086018687114124
v 0.01766729541122914 0.01373968832194805 -0.0012086018687114124
v 0.01734080724418164 0.013566298410296438 -0.0009723746334202592
v 0.017898058518767364 0.012632830068469046 -0.0008904429269023244
v 0.017898058518767364 0.012632830068469046 -0.0008904429269023244
v 0.01734080724418164 0.013566298410296438 -0.0009723746334202592
v 0.017154557630419738 0.013466596603393553 -0.0008675719727762048
v 0.017898058518767364 0.012632830068469046 -0.0008904429269023244
v 0.017154557630419738 0.013466596603393553 -0.0008675719727762048
v 0.017343390733003623 0.012271446175873278 -0.000645173073280603
v 0.017343390733003623 0.012271446175873278 -0.000645173073280603
v 0.017154557630419738 0.013466596603393553 -0.0008675719727762048
v 0.017152803018689163 0.013465655036270617 -0.0008666755747981374
v 0.017343390733003623 0.012271446175873278 -0.000645173073280603
v 0.017152803018689163 0.013465655036270617 -0.0008666755747981374
v 0.016687372699379928 0.013214099220931528 -0.0006765116122551266
v 0.020623402670025836 0.013553842902183531 -0.004370926413685085
v 0.02016614004969598 0.013980175368487833 -0.004370884969830515
v 0.02060179226100446 0.013534743338823317 -0.004114069975912573
v 0.02060179226100446 0.013534743338823317 -0.004114069975912573
v 0.02016614004969598 0.013980175368487833 -0.004370884969830515
v 0.019987544044852267 0.014085656031966208 -0.00409171497449279
v 0.02060179226100446 0.013534743338823317 -0.004114069975912573
v 0.019987544044852267 0.014085656031966208 -0.00409171497449279
v 0.02052329108119012 0.013451076112687586 -0.003702888265252115
v 0.02052329108119012 0.013451076112687586 -0.003702888265252115
v 0.019987544044852267 0.014085656031966208 -0.00409171497449279
v 0.019890373572707187 0.014009661972522734 -0.0036456170491874235
v 0.02052329108119012 0.013451076112687586 -0.003702888265252115
v 0.019890373572707187 0.014009661972522734 -0.0036456170491874235
v 0.020354818552732478 0.013277781195938585 -0.0031594862230122102
v 0.020354818552732478 0.013277781195938585 -0.0031594862230122102
v 0.019890373572707187 0.014009661972522734 -0.0036456170491874235
v 0.019684994593262683 0.013854425400495527 -0.0030639457982033504
v 0.020354818552732478 0.013277781195938585 -0.0031594862230122102
v 0.019684994593262683 0.013854425400495527 -0.0030639457982033504
v 0.02008103020489217 0.013018730096518992 -0.002544407965615393
v 0.02008103020489217 0.013018730096518992 -0.002544407965615393
v 0.019684994593262683 0.013854425400495527 -0.0030639457982033504
v 0.01936456188559533 0.013621696271002291 -0.0024160151369869718
v 0.02008103020489217 0.013018730096518992 -0.002544407965615393
v 0.01936456188559533 0.013621696271002291 -0.0024160151369869718
v 0.01970100775361062 0.012691413052380083 -0.0019378707511350521
v 0.01970100775361062 0.012691413052380083 -0.0019378707511350521
v 0.01936456188559533 0.013621696271002291 -0.0024160151369869718
v 0.01894307881593705 0.013327641412615774 -0.0017908591544255623
v 0.01970100775361062 0.012691413052380083 -0.0019378707511350521
v 0.01894307881593705 0.013327641412615774 -0.0017908591544255623
v 0.019221233204007156 0.012311910279095171 -0.0014115389203652746
v 0.019221233204007156 0.012311910279095171 -0.0014115389203652746
v 0.01894307881593705 0.013327641412615774 -0.0017908591544255623
v 0.01844593323767186 0.01299274433404207 -0.0012683457462117082
v 0.019221233204007156 0.012311910279095171 -0.0014115389203652746
v 0.01844593323767186 0.01299274433404207 -0.0012683457462117082
v 0.01864127069711686 0.01188183482736349 -0.001001858501695097
v 0.01864127069711686 0.01188183482736349 -0.001001858501695097
v 0.01844593323767186 0.01299274433404207 -0.0012683457462117082
v 0.017898058518767364 0.012632830068469046 -0.0008904429269023244
v 0.01864127069711686 0.01188183482736349 -0.001001858501695097
v 0.017898058518767364 0.012632830068469046 -0.0008904429269023244
v 0.0177341215312481 0.011739595793187617 -0.0006690610316582027
v 0.0177341215312481 0.011739595793187617 -0.0006690610316582027
v 0.017898058518767364 0.012632830068469046 -0.0008904429269023244
v 0.017343390733003623 0.012271446175873278 -0.000645173073280603
v 0.02016614004969598 0.013980175368487833 -0.004370884969830515
v 0.01929679140448571 0.014595170505344866 -0.004256984218955042
v 0.019987544044852267 0.014085656031966208 -0.00409171497449279
v 0.019987544044852267 0.014085656031966208 -0.00409171497449279
v 0.01929679140448571 0.014595170505344866 -0.004256984218955042
v 0.019277859479188926 0.014582998119294642 -0.004087960347533228
v 0.019987544044852267 0.014085656031966208 -0.00409171497449279
v 0.019277859479188926 0.014582998119294642 -0.004087960347533228
v 0.019890373572707187 0.014009661972522734 -0.0036456170491874235
v 0.019890373572707187 0.014009661972522734 -0.0036456170491874235
v 0.019277859479188926 0.014582998119294642 -0.004087960347533228
v 0.01915890723466874 0.014517599716782568 -0.0035794763825833815
v 0.019890373572707187 0.014009661972522734 -0.0036456170491874235
v 0.01915890723466874 0.014517599716782568 -0.0035794763825833815
v 0.019684994593262683 0.013854425400495527 -0.0030639457982033504
v 0.019684994593262683 0.013854425400495527 -0.0030639457982033504
v 0.01915890723466874 0.014517599716782568 -0.0035794763825833815
v 0.018949752673506744 0.014408083632588385 -0.003019812982529403
v 0.019684994593262683 0.013854425400495527 -0.0030639457982033504
v 0.018949752673506744 0.014408083632588385 -0.003019812982529403
v 0.01936456188559533 0.013621696271002291 -0.0024160151369869718
v 0.018949752673506744 0.014408083632588385 -0.003019812982529403
v 0.01876934804022313 0.014314577914774416 -0.002643150743097068
v 0.01936456188559533 0.013621696271002291 -0.0024160151369869718
v 0.01936456188559533 0.013621696271002291 -0.0024160151369869718
v 0.01876934804022313 0.014314577914774416 -0.002643150743097068
v 0.018549589440226562 0.014200794510543345 -0.0022577454801648864
v 0.01936456188559533 0.013621696271002291 -0.0024160151369869718
v 0.018549589440226562 0.014200794510543345 -0.0022577454801648864
v 0.01894307881593705 0.013327641412615774 -0.0017908591544255623
v 0.01894307881593705 0.013327641412615774 -0.0017908591544255623
v 0.018549589440226562 0.014200794510543345 -0.0022577454801648864
v 0.0181666947901249 0.014001810923218725 -0.0017191538354381928
v 0.01894307881593705 0.013327641412615774 -0.0017908591544255623
v 0.0181666947901249 0.014001810923218725 -0.0017191538354381928
v 0.01844593323767186 0.01299274433404207 -0.0012683457462117082
v 0.01844593323767186 0.01299274433404207 -0.0012683457462117082
v 0.0181666947901249 0.014001810923218725 -0.0017191538354381928
v 0.017963213846087463 0.013895421288907526 -0.0014875506749376661
v 0.01844593323767186 0.01299274433404207 -0.0012683457462117082
v 0.017963213846087463 0.013895421288907526 -0.0014875506749376661
v 0.01766729541122914 0.01373968832194805 -0.0012086018687114124
v 0.021627234295010577 0.01230236981064081 -0.004370855167508127
v 0.021192437037825595 0.012900604866445063 -0.004370921757072212
v 0.021172679960727702 0.012885495088994501 -0.0041363737545907515
v 0.021172679960727702 0.012885495088994501 -0.0041363737545907515
v 0.021192437037825595 0.012900604866445063 -0.004370921757072212
v 0.02060179226100446 0.013534743338823317 -0.004114069975912573
v 0.021172679960727702 0.012885495088994501 -0.0041363737545907515
v 0.02060179226100446 0.013534743338823317 -0.004114069975912573
v 0.021102828904986392 0.012816044501960276 -0.00376301188953221
v 0.021102828904986392 0.012816044501960276 -0.00376301188953221
v 0.02060179226100446 0.013534743338823317 -0.004114069975912573
v 0.02052329108119012 0.013451076112687586 -0.003702888265252115
v 0.021102828904986392 0.012816044501960276 -0.00376301188953221
v 0.02052329108119012 0.013451076112687586 -0.003702888265252115
v 0.020950641483068477 0.012666678987443445 -0.0032639768905937685
v 0.020950641483068477 0.012666678987443445 -0.0032639768905937685
v 0.02052329108119012 0.013451076112687586 -0.003702888265252115
v 0.020354818552732478 0.013277781195938585 -0.0031594862230122102
v 0.020950641483068477 0.012666678987443445 -0.0032639768905937685
v 0.020354818552732478 0.013277781195938585 -0.0031594862230122102
v 0.020695989951491366 0.012433856725692747 -0.0026892982423305524
v 0.020695989951491366 0.012433856725692747 -0.0026892982423305524
v 0.020354818552732478 0.013277781195938585 -0.0031594862230122102
v 0.02008103020489217 0.013018730096518992 -0.002544407965615393
v 0.020695989951491366 0.012433856725692747 -0.0026892982423305524
v 0.02008103020489217 0.013018730096518992 -0.002544407965615393
v 0.020327886566519748 0.01212520897388458 -0.002108505694195629
v 0.020327886566519748 0.01212520897388458 -0.002108505694195629
v 0.02008103020489217 0.013018730096518992 -0.002544407965615393
v 0.01970100775361062 0.012691413052380083 -0.0019378707511350521
v 0.020327886566519748 0.01212520897388458 -0.002108505694195629
v 0.01970100775361062 0.012691413052380083 -0.0019378707511350521
v 0.01983887515962125 0.011748095974326132 -0.001585110439918936
v 0.01983887515962125 0.011748095974326132 -0.001585110439918936
v 0.01970100775361062 0.012691413052380083 -0.0019378707511350521
v 0.019221233204007156 0.012311910279095171 -0.0014115389203652746
v 0.01983887515962125 0.011748095974326132 -0.001585110439918936
v 0.019221233204007156 0.012311910279095171 -0.0014115389203652746
v 0.01921417191624642 0.011297414079308508 -0.001154177240096033
v 0.01921417191624642 0.011297414079308508 -0.001154177240096033
v 0.019221233204007156 0.012311910279095171 -0.0014115389203652746
v 0.01864127069711686 0.01188183482736349 -0.001001858501695097
v 0.01921417191624642 0.011297414079308508 -0.001154177240096033
v 0.01864127069711686 0.01188183482736349 -0.001001858501695097
v 0.018536375835537917 0.010683720000088213 -0.00084417435573414
v 0.018536375835537917 0.010683720000088213 -0.00084417435573414
v 0.01864127069711686 0.01188183482736349 -0.001001858501695097
v 0.017982799559831626 0.011408294551074503 -0.0007028848049230877
v 0.021170033141970645 0.008303621783852575 -0.0077073196880519425
v 0.021154122427105914 0.008294498547911642 -0.007804799359291795
v 0.021474730223417293 0.008670258335769175 -0.007798843085765842
v 0.021223364397883426 0.008357089944183825 -0.007629148196429018
v 0.021174101158976565 0.008301566354930399 -0.007629185449332002
v 0.021170033141970645 0.008303621783852575 -0.0077073196880519425
v 0.021758565679192553 0.009072708897292612 -0.007820777595043186
v 0.021821662783622752 0.009134312160313128 -0.007629204075783495
v 0.021540166810154925 0.008733768016099928 -0.007629164960235361
v 0.022188786417245875 0.010043455287814139 -0.007629224564880136
v 0.022102592512965213 0.009722053073346613 -0.0076292296871542965
v 0.022032734006643306 0.009563257917761801 -0.007728377822786573
v 0.022032734006643306 0.009563257917761801 -0.007728377822786573
v 0.022102592512965213 0.009722053073346613 -0.0076292296871542965
v 0.021821662783622752 0.009134312160313128 -0.007629204075783495
v 0.022032734006643306 0.009563257917761801 -0.007728377822786573
v 0.021821662783622752 0.009134312160313128 -0.007629204075783495
v 0.021978968754410754 0.00951290689408779 -0.007869402877986435
v 0.021978968754410754 0.00951290689408779 -0.007869402877986435
v 0.021821662783622752 0.009134312160313128 -0.007629204075783495
v 0.021758565679192553 0.009072708897292612 -0.007820777595043186
v 0.021978968754410754 0.00951290689408779 -0.007869402877986435
v 0.021758565679192553 0.009072708897292612 -0.007820777595043186
v 0.02186656929552556 0.009399353526532648 -0.008049603551626209
v 0.021654829382896434 0.012259871698915957 -0.007629151921719316
v 0.02192780375480653 0.011770949698984621 -0.007629152853041891
v 0.021927118301391612 0.011708833277225493 -0.007853135466575626
v 0.021927118301391612 0.011708833277225493 -0.007853135466575626
v 0.02192780375480653 0.011770949698984621 -0.007629152853041891
v 0.022171102464199077 0.011072044260799883 -0.007629173342138532
v 0.021654829382896434 0.012259871698915957 -0.007629151921719316
v 0.021927118301391612 0.011708833277225493 -0.007853135466575626
v 0.02163268066942693 0.012248604558408259 -0.007855650037527088
v 0.02163268066942693 0.012248604558408259 -0.007855650037527088
v 0.021927118301391612 0.011708833277225493 -0.007853135466575626
v 0.021844124421477328 0.01164358854293823 -0.008178837597370151
v 0.02163268066942693 0.012248604558408259 -0.007855650037527088
v 0.021844124421477328 0.01164358854293823 -0.008178837597370151
v 0.021549813449382792 0.012195973657071589 -0.008207326754927639
v 0.021549813449382792 0.012195973657071589 -0.008207326754927639
v 0.021844124421477328 0.01164358854293823 -0.008178837597370151
v 0.02167186699807645 0.011502040550112723 -0.008604534901678566
v 0.021549813449382792 0.012195973657071589 -0.008207326754927639
v 0.02167186699807645 0.011502040550112723 -0.008604534901678566
v 0.021373460069298755 0.012079397216439245 -0.008675712160766128
v 0.021373460069298755 0.012079397216439245 -0.008675712160766128
v 0.02167186699807645 0.011502040550112723 -0.008604534901678566
v 0.021399537101387988 0.011281250044703482 -0.009092254564166073
v 0.021373460069298755 0.012079397216439245 -0.008675712160766128
v 0.021399537101387988 0.011281250044703482 -0.009092254564166073
v 0.021089596673846255 0.011890920810401438 -0.009219104424119
v 0.018753835931420333 0.010401167906820772 -0.011055497452616697
v 0.01953071169555188 0.010885534808039663 -0.010713851079344755
v 0.01884951256215573 0.010277140885591505 -0.011001508682966238
v 0.01884951256215573 0.010277140885591505 -0.011001508682966238
v 0.01953071169555188 0.010885534808039663 -0.010713851079344755
v 0.019956782460212718 0.010220712050795553 -0.010416585020720964
v 0.01884951256215573 0.010277140885591505 -0.011001508682966238
v 0.019956782460212718 0.010220712050795553 -0.010416585020720964
v 0.019258489832282073 0.009752300567924975 -0.010720421560108667
v 0.020619720220565806 0.009114668704569338 -0.00958321709185839
v 0.020054226741194735 0.0087670786306262 -0.009884108789265161
v 0.01972510851919652 0.009167096577584742 -0.010285382159054285
v 0.02051064558327199 0.008245279081165789 -0.009120580740273002
v 0.020930489525198947 0.008445855230093 -0.008769713342189792
v 0.020615974441170703 0.00813641771674156 -0.008883908390998844
v 0.020615974441170703 0.00813641771674156 -0.008883908390998844
v 0.020930489525198947 0.008445855230093 -0.008769713342189792
v 0.020970944315195094 0.008254918269813059 -0.008456377312541011
v 0.020615974441170703 0.00813641771674156 -0.008883908390998844
v 0.020970944315195094 0.008254918269813059 -0.008456377312541011
v 0.020752115175127994 0.008015010505914686 -0.008502911776304248
v 0.020752115175127994 0.008015010505914686 -0.008502911776304248
v 0.020970944315195094 0.008254918269813059 -0.008456377312541011
v 0.020816899836063395 0.007981516420841215 -0.008260584436357025
v 0.020970944315195094 0.008254918269813059 -0.008456377312541011
v 0.02109156921505929 0.008277967572212218 -0.008184112608432773
v 0.020816899836063395 0.007981516420841215 -0.008260584436357025
v 0.020816899836063395 0.007981516420841215 -0.008260584436357025
v 0.02109156921505929 0.008277967572212218 -0.008184112608432773
v 0.020968522876501094 0.008115378208458422 -0.008079854771494869
v 0.020816899836063395 0.007981516420841215 -0.008260584436357025
v 0.020968522876501094 0.008115378208458422 -0.008079854771494869
v 0.020852312445640574 0.007991524413228033 -0.008113967254757885
v 0.021474730223417293 0.008670258335769175 -0.007798843085765842
v 0.021154122427105914 0.008294498547911642 -0.007804799359291795
v 0.02132815867662431 0.008525370620191096 -0.008012311533093456
v 0.022192705422639857 0.010063854977488516 -0.007629224099218849
v 0.022188786417245875 0.010043455287814139 -0.007629224564880136
v 0.02217683568596841 0.01005559880286455 -0.0077568488195538556
v 0.02217683568596841 0.01005559880286455 -0.0077568488195538556
v 0.022188786417245875 0.010043455287814139 -0.007629224564880136
v 0.022032734006643306 0.009563257917761801 -0.007728377822786573
v 0.02217683568596841 0.01005559880286455 -0.0077568488195538556
v 0.022032734006643306 0.009563257917761801 -0.007728377822786573
v 0.02211233414709569 0.009994917549192904 -0.007939500734210018
v 0.02211233414709569 0.009994917549192904 -0.007939500734210018
v 0.022032734006643306 0.009563257917761801 -0.007728377822786573
v 0.021978968754410754 0.00951290689408779 -0.007869402877986435
v 0.02211233414709569 0.009994917549192904 -0.007939500734210018
v 0.021978968754410754 0.00951290689408779 -0.007869402877986435
v 0.0219781268388033 0.009859370999038218 -0.00817458797246218
v 0.0219781268388033 0.009859370999038218 -0.00817458797246218
v 0.021978968754410754 0.00951290689408779 -0.007869402877986435
v 0.02186656929552556 0.009399353526532648 -0.008049603551626209
v 0.0219781268388033 0.009859370999038218 -0.00817458797246218
v 0.02186656929552556 0.009399353526532648 -0.008049603551626209
v 0.021772786974906932 0.009650333784520624 -0.008440627716481689
v 0.020693428814411174 0.011630206368863581 -0.009775651618838315
v 0.021089596673846255 0.011890920810401438 -0.009219104424119
v 0.021025698632001887 0.010989367961883543 -0.009587417356669906
v 0.021025698632001887 0.010989367961883543 -0.009587417356669906
v 0.021089596673846255 0.011890920810401438 -0.009219104424119
v 0.021399537101387988 0.011281250044703482 -0.009092254564166073
v 0.021025698632001887 0.010989367961883543 -0.009587417356669906
v 0.021399537101387988 0.011281250044703482 -0.009092254564166073
v 0.02163192443549634 0.010683334432542322 -0.00888686161488295
v 0.02163192443549634 0.010683334432542322 -0.00888686161488295
v 0.021399537101387988 0.011281250044703482 -0.009092254564166073
v 0.02167186699807645 0.011502040550112723 -0.008604534901678566
v 0.02163192443549634 0.010683334432542322 -0.00888686161488295
v 0.02167186699807645 0.011502040550112723 -0.008604534901678566
v 0.021887673065066348 0.010918128304183481 -0.008471270091831688
v 0.021887673065066348 0.010918128304183481 -0.008471270091831688
v 0.02167186699807645 0.011502040550112723 -0.008604534901678566
v 0.021844124421477328 0.01164358854293823 -0.008178837597370151
v 0.021887673065066348 0.010918128304183481 -0.008471270091831688
v 0.021844124421477328 0.01164358854293823 -0.008178837597370151
v 0.022051416337490092 0.011070246808230875 -0.008106759749352935
v 0.022051416337490092 0.011070246808230875 -0.008106759749352935
v 0.021844124421477328 0.01164358854293823 -0.008178837597370151
v 0.021927118301391612 0.011708833277225493 -0.007853135466575626
v 0.022051416337490092 0.011070246808230875 -0.008106759749352935
v 0.021927118301391612 0.011708833277225493 -0.007853135466575626
v 0.022130539640784274 0.01113973557949066 -0.007825350388884548
v 0.022130539640784274 0.01113973557949066 -0.007825350388884548
v 0.021927118301391612 0.011708833277225493 -0.007853135466575626
v 0.022171102464199077 0.011072044260799883 -0.007629173342138532
v 0.022130539640784274 0.01113973557949066 -0.007825350388884548
v 0.022171102464199077 0.011072044260799883 -0.007629173342138532
v 0.0222248136997223 0.010721235536038874 -0.007629191502928737
v 0.020407119765877734 0.008358254097402094 -0.00932415667921305
v 0.020054226741194735 0.0087670786306262 -0.009884108789265161
v 0.020817343145608912 0.008727394975721834 -0.009154703468084339
v 0.020817343145608912 0.008727394975721834 -0.009154703468084339
v 0.020054226741194735 0.0087670786306262 -0.009884108789265161
v 0.020619720220565806 0.009114668704569338 -0.00958321709185839
v 0.020817343145608912 0.008727394975721834 -0.009154703468084339
v 0.020619720220565806 0.009114668704569338 -0.00958321709185839
v 0.021186066791415225 0.009071817621588705 -0.008950444869697097
v 0.021505339071154605 0.009382233954966067 -0.008708124049007896
v 0.021186066791415225 0.009071817621588705 -0.008950444869697097
v 0.021067554131150256 0.009498329833149908 -0.009316290728747848
v 0.021067554131150256 0.009498329833149908 -0.009316290728747848
v 0.021186066791415225 0.009071817621588705 -0.008950444869697097
v 0.020619720220565806 0.009114668704569338 -0.00958321709185839
v 0.021067554131150256 0.009498329833149908 -0.009316290728747848
v 0.020619720220565806 0.009114668704569338 -0.00958321709185839
v 0.02033226378262044 0.009613957256078718 -0.010018454864621168
v 0.02033226378262044 0.009613957256078718 -0.010018454864621168
v 0.020619720220565806 0.009114668704569338 -0.00958321709185839
v 0.01972510851919652 0.009167096577584742 -0.010285382159054285
v 0.02033226378262044 0.009613957256078718 -0.010018454864621168
v 0.01972510851919652 0.009167096577584742 -0.010285382159054285
v 0.01950205303728581 0.00944467633962631 -0.010510318912565713
v 0.021772786974906932 0.009650333784520624 -0.008440627716481689
v 0.021505339071154605 0.009382233954966067 -0.008708124049007896
v 0.021445557475090037 0.009841800667345522 -0.009002764709293846
v 0.021445557475090037 0.009841800667345522 -0.009002764709293846
v 0.021505339071154605 0.009382233954966067 -0.008708124049007896
v 0.021067554131150256 0.009498329833149908 -0.009316290728747848
v 0.021445557475090037 0.009841800667345522 -0.009002764709293846
v 0.021067554131150256 0.009498329833149908 -0.009316290728747848
v 0.020855773240327845 0.010020931251347063 -0.009692864492535595
v 0.020855773240327845 0.010020931251347063 -0.009692864492535595
v 0.021067554131150256 0.009498329833149908 -0.009316290728747848
v 0.02033226378262044 0.009613957256078718 -0.010018454864621168
v 0.020855773240327845 0.010020931251347063 -0.009692864492535595
v 0.02033226378262044 0.009613957256078718 -0.010018454864621168
v 0.019956782460212718 0.010220712050795553 -0.010416585020720964
v 0.019956782460212718 0.010220712050795553 -0.010416585020720964
v 0.02033226378262044 0.009613957256078718 -0.010018454864621168
v 0.01950205303728581 0.00944467633962631 -0.010510318912565713
v 0.019956782460212718 0.010220712050795553 -0.010416585020720964
v 0.01950205303728581 0.00944467633962631 -0.010510318912565713
v 0.019258489832282073 0.009752300567924975 -0.010720421560108667
v 0.02017931267619134 0.011297320015728472 -0.010285650379955774
v 0.020693428814411174 0.011630206368863581 -0.009775651618838315
v 0.0205486472696066 0.010635690763592718 -0.010038482025265699
v 0.0205486472696066 0.010635690763592718 -0.010038482025265699
v 0.020693428814411174 0.011630206368863581 -0.009775651618838315
v 0.021025698632001887 0.010989367961883543 -0.009587417356669906
v 0.0205486472696066 0.010635690763592718 -0.010038482025265699
v 0.021025698632001887 0.010989367961883543 -0.009587417356669906
v 0.021286912262439738 0.01037920732051134 -0.009308140724897388
v 0.021286912262439738 0.01037920732051134 -0.009308140724897388
v 0.021025698632001887 0.010989367961883543 -0.009587417356669906
v 0.02163192443549634 0.010683334432542322 -0.00888686161488295
v 0.021286912262439738 0.01037920732051134 -0.009308140724897388
v 0.02163192443549634 0.010683334432542322 -0.00888686161488295
v 0.02175513282418252 0.010137223638594149 -0.008659710176289085
v 0.02175513282418252 0.010137223638594149 -0.008659710176289085
v 0.02163192443549634 0.010683334432542322 -0.00888686161488295
v 0.021887673065066348 0.010918128304183481 -0.008471270091831688
v 0.02175513282418252 0.010137223638594149 -0.008659710176289085
v 0.021887673065066348 0.010918128304183481 -0.008471270091831688
v 0.02198886126279832 0.010367209091782568 -0.008320716209709648
v 0.02198886126279832 0.010367209091782568 -0.008320716209709648
v 0.021887673065066348 0.010918128304183481 -0.008471270091831688
v 0.022051416337490092 0.011070246808230875 -0.008106759749352935
v 0.02198886126279832 0.010367209091782568 -0.008320716209709648
v 0.022051416337490092 0.011070246808230875 -0.008106759749352935
v 0.02214021049439908 0.010516574606299399 -0.008022433146834377
v 0.02214021049439908 0.010516574606299399 -0.008022433146834377
v 0.022051416337490092 0.011070246808230875 -0.008106759749352935
v 0.022130539640784274 0.01113973557949066 -0.007825350388884548
v 0.02214021049439908 0.010516574606299399 -0.008022433146834377
v 0.022130539640784274 0.01113973557949066 -0.007825350388884548
v 0.02221325784921647 0.010584102012217043 -0.00779112242162228
v 0.02221325784921647 0.010584102012217043 -0.00779112242162228
v 0.022130539640784274 0.01113973557949066 -0.007825350388884548
v 0.0222248136997223 0.010721235536038874 -0.007629191502928737
v 0.02221325784921647 0.010584102012217043 -0.00779112242162228
v 0.0222248136997223 0.010721235536038874 -0.007629191502928737
v 0.022230526432394992 0.010380002669990061 -0.00762921012938023
v 0.01953071169555188 0.010885534808039663 -0.010713851079344755
v 0.02017931267619134 0.011297320015728472 -0.010285650379955774
v 0.019956782460212718 0.010220712050795553 -0.010416585020720964
v 0.019956782460212718 0.010220712050795553 -0.010416585020720964
v 0.02017931267619134 0.011297320015728472 -0.010285650379955774
v 0.0205486472696066 0.010635690763592718 -0.010038482025265699
v 0.019956782460212718 0.010220712050795553 -0.010416585020720964
v 0.0205486472696066 0.010635690763592718 -0.010038482025265699
v 0.020855773240327845 0.010020931251347063 -0.009692864492535595
v 0.020855773240327845 0.010020931251347063 -0.009692864492535595
v 0.0205486472696066 0.010635690763592718 -0.010038482025265699
v 0.021286912262439738 0.01037920732051134 -0.009308140724897388
v 0.020855773240327845 0.010020931251347063 -0.009692864492535595
v 0.021286912262439738 0.01037920732051134 -0.009308140724897388
v 0.021445557475090037 0.009841800667345522 -0.009002764709293846
v 0.021445557475090037 0.009841800667345522 -0.009002764709293846
v 0.021286912262439738 0.01037920732051134 -0.009308140724897388
v 0.02175513282418252 0.010137223638594149 -0.008659710176289085
v 0.021445557475090037 0.009841800667345522 -0.009002764709293846
v 0.02175513282418252 0.010137223638594149 -0.008659710176289085
v 0.021772786974906932 0.009650333784520624 -0.008440627716481689
v 0.021772786974906932 0.009650333784520624 -0.008440627716481689
v 0.02175513282418252 0.010137223638594149 -0.008659710176289085
v 0.02198886126279832 0.010367209091782568 -0.008320716209709648
v 0.021772786974906932 0.009650333784520624 -0.008440627716481689
v 0.02198886126279832 0.010367209091782568 -0.008320716209709648
v 0.0219781268388033 0.009859370999038218 -0.00817458797246218
v 0.0219781268388033 0.009859370999038218 -0.00817458797246218
v 0.02198886126279832 0.010367209091782568 -0.008320716209709648
v 0.02214021049439908 0.010516574606299399 -0.008022433146834377
v 0.0219781268388033 0.009859370999038218 -0.00817458797246218
v 0.02214021049439908 0.010516574606299399 -0.008022433146834377
v 0.02211233414709569 0.009994917549192904 -0.007939500734210018
v 0.02211233414709569 0.009994917549192904 -0.007939500734210018
v 0.02214021049439908 0.010516574606299399 -0.008022433146834377
v 0.02221325784921647 0.010584102012217043 -0.00779112242162228
v 0.02211233414709569 0.009994917549192904 -0.007939500734210018
v 0.02221325784921647 0.010584102012217043 -0.00779112242162228
v 0.02217683568596841 0.01005559880286455 -0.0077568488195538556
v 0.02217683568596841 0.01005559880286455 -0.0077568488195538556
v 0.02221325784921647 0.010584102012217043 -0.00779112242162228
v 0.022230526432394992 0.010380002669990061 -0.00762921012938023
v 0.02217683568596841 0.01005559880286455 -0.0077568488195538556
v 0.022230526432394992 0.010380002669990061 -0.00762921012938023
v 0.022192705422639857 0.010063854977488516 -0.007629224099218849
v 0.021154122427105914 0.008294498547911642 -0.007804799359291795
v 0.021120382472872744 0.0082659013569355 -0.007901292294263843
v 0.02132815867662431 0.008525370620191096 -0.008012311533093456
v 0.02132815867662431 0.008525370620191096 -0.008012311533093456
v 0.021120382472872744 0.0082659013569355 -0.007901292294263843
v 0.021081233397126208 0.008229125291109083 -0.00797101948410273
v 0.02132815867662431 0.008525370620191096 -0.008012311533093456
v 0.021081233397126208 0.008229125291109083 -0.00797101948410273
v 0.02109156921505929 0.008277967572212218 -0.008184112608432773
v 0.02109156921505929 0.008277967572212218 -0.008184112608432773
v 0.021081233397126208 0.008229125291109083 -0.00797101948410273
v 0.02101140096783639 0.008159630000591276 -0.00804990250617266
v 0.02109156921505929 0.008277967572212218 -0.008184112608432773
v 0.02101140096783639 0.008159630000591276 -0.00804990250617266
v 0.020968522876501094 0.008115378208458422 -0.008079854771494869
v 0.021671805530786525 0.008986365050077437 -0.00795739516615868
v 0.021540699526667605 0.008851955644786356 -0.0081061189994216
v 0.021695785224437724 0.009223561733961104 -0.008251347579061988
v 0.021695785224437724 0.009223561733961104 -0.008251347579061988
v 0.021540699526667605 0.008851955644786356 -0.0081061189994216
v 0.021374074742198 0.00867860298603773 -0.008248249068856243
v 0.021695785224437724 0.009223561733961104 -0.008251347579061988
v 0.021374074742198 0.00867860298603773 -0.008248249068856243
v 0.021476415917277347 0.008997626602649687 -0.008450843393802646
v 0.021476415917277347 0.008997626602649687 -0.008450843393802646
v 0.021374074742198 0.00867860298603773 -0.008248249068856243
v 0.02118229866027833 0.008477431721985338 -0.00836740899831057
v 0.021476415917277347 0.008997626602649687 -0.008450843393802646
v 0.02118229866027833 0.008477431721985338 -0.00836740899831057
v 0.021219754591584216 0.008735863491892813 -0.00862690526992083
v 0.021671805530786525 0.008986365050077437 -0.00795739516615868
v 0.021474730223417293 0.008670258335769175 -0.007798843085765842
v 0.021540699526667605 0.008851955644786356 -0.0081061189994216
v 0.021540699526667605 0.008851955644786356 -0.0081061189994216
v 0.021474730223417293 0.008670258335769175 -0.007798843085765842
v 0.02132815867662431 0.008525370620191096 -0.008012311533093456
v 0.021540699526667605 0.008851955644786356 -0.0081061189994216
v 0.02132815867662431 0.008525370620191096 -0.008012311533093456
v 0.021374074742198 0.00867860298603773 -0.008248249068856243
v 0.021374074742198 0.00867860298603773 -0.008248249068856243
v 0.02132815867662431 0.008525370620191096 -0.008012311533093456
v 0.02109156921505929 0.008277967572212218 -0.008184112608432773
v 0.021374074742198 0.00867860298603773 -0.008248249068856243
v 0.02109156921505929 0.008277967572212218 -0.008184112608432773
v 0.02118229866027833 0.008477431721985338 -0.00836740899831057
v 0.02118229866027833 0.008477431721985338 -0.00836740899831057
v 0.02109156921505929 0.008277967572212218 -0.008184112608432773
v 0.020970944315195094 0.008254918269813059 -0.008456377312541011
v 0.02118229866027833 0.008477431721985338 -0.00836740899831057
v 0.020970944315195094 0.008254918269813059 -0.008456377312541011
v 0.021219754591584216 0.008735863491892813 -0.00862690526992083
v 0.021219754591584216 0.008735863491892813 -0.00862690526992083
v 0.020970944315195094 0.008254918269813059 -0.008456377312541011
v 0.020930489525198947 0.008445855230093 -0.008769713342189792
v 0.021223364397883426 0.008357089944183825 -0.007629148196429018
v 0.021170033141970645 0.008303621783852575 -0.0077073196880519425
v 0.021540166810154925 0.008733768016099928 -0.007629164960235361
v 0.021540166810154925 0.008733768016099928 -0.007629164960235361
v 0.021170033141970645 0.008303621783852575 -0.0077073196880519425
v 0.021474730223417293 0.008670258335769175 -0.007798843085765842
v 0.021540166810154925 0.008733768016099928 -0.007629164960235361
v 0.021474730223417293 0.008670258335769175 -0.007798843085765842
v 0.021758565679192553 0.009072708897292612 -0.007820777595043186
v 0.021758565679192553 0.009072708897292612 -0.007820777595043186
v 0.021474730223417293 0.008670258335769175 -0.007798843085765842
v 0.021671805530786525 0.008986365050077437 -0.00795739516615868
v 0.021758565679192553 0.009072708897292612 -0.007820777595043186
v 0.021671805530786525 0.008986365050077437 -0.00795739516615868
v 0.02186656929552556 0.009399353526532648 -0.008049603551626209
v 0.02186656929552556 0.009399353526532648 -0.008049603551626209
v 0.021671805530786525 0.008986365050077437 -0.00795739516615868
v 0.021695785224437724 0.009223561733961104 -0.008251347579061988
v 0.02186656929552556 0.009399353526532648 -0.008049603551626209
v 0.021695785224437724 0.009223561733961104 -0.008251347579061988
v 0.021772786974906932 0.009650333784520624 -0.008440627716481689
v 0.021772786974906932 0.009650333784520624 -0.008440627716481689
v 0.021695785224437724 0.009223561733961104 -0.008251347579061988
v 0.021476415917277347 0.008997626602649687 -0.008450843393802646
v 0.021772786974906932 0.009650333784520624 -0.008440627716481689
v 0.021476415917277347 0.008997626602649687 -0.008450843393802646
v 0.021505339071154605 0.009382233954966067 -0.008708124049007896
v 0.021505339071154605 0.009382233954966067 -0.008708124049007896
v 0.021476415917277347 0.008997626602649687 -0.008450843393802646
v 0.021219754591584216 0.008735863491892813 -0.00862690526992083
v 0.021505339071154605 0.009382233954966067 -0.008708124049007896
v 0.021219754591584216 0.008735863491892813 -0.00862690526992083
v 0.021186066791415225 0.009071817621588705 -0.008950444869697097
v 0.021186066791415225 0.009071817621588705 -0.008950444869697097
v 0.021219754591584216 0.008735863491892813 -0.00862690526992083
v 0.020930489525198947 0.008445855230093 -0.008769713342189792
v 0.021186066791415225 0.009071817621588705 -0.008950444869697097
v 0.020930489525198947 0.008445855230093 -0.008769713342189792
v 0.020817343145608912 0.008727394975721834 -0.009154703468084339
v 0.020817343145608912 0.008727394975721834 -0.009154703468084339
v 0.020930489525198947 0.008445855230093 -0.008769713342189792
v 0.02051064558327199 0.008245279081165789 -0.009120580740273002
v 0.020817343145608912 0.008727394975721834 -0.009154703468084339
v 0.02051064558327199 0.008245279081165789 -0.009120580740273002
v 0.020407119765877734 0.008358254097402094 -0.00932415667921305
v 0.004300422035157682 -0.00641339411959052 -0.004449999891221525
v 0.0075306906364858185 -0.0038431012071669097 -0.004449999891221525
v 0.004300422035157682 -0.00641339411959052 -0.0075500002130866085
v 0.004300422035157682 -0.00641339411959052 -0.0075500002130866085
v 0.0075306906364858185 -0.0038431012071669097 -0.004449999891221525
v 0.0075306906364858185 -0.0038431012071669097 -0.0075500002130866085
v -9.175451123155658e-05 0.005736579187214374 -0.009710754267871383
v -9.175451123155658e-05 0.005736579187214374 -0.0022892490960657605
v -0.0001636103697819636 0.005826205015182494 -0.008469122461974624
v -0.0001636103697819636 0.005826205015182494 -0.008469122461974624
v -9.175451123155658e-05 0.005736579187214374 -0.0022892490960657605
v -0.00010112748714163903 0.005748335737735032 -0.002413921058177949
v -0.0001636103697819636 0.005826205015182494 -0.008469122461974624
v -0.00010112748714163903 0.005748335737735032 -0.002413921058177949
v -0.00018143301713280388 0.005849272944033145 -0.008095295168459419
v -0.00018143301713280388 0.005849272944033145 -0.008095295168459419
v -0.00010112748714163903 0.005748335737735032 -0.002413921058177949
v -0.00018143301713280388 0.005849272944033145 -0.003904707962647082
v -0.00018143301713280388 0.005849272944033145 -0.008095295168459419
v -0.00018143301713280388 0.005849272944033145 -0.003904707962647082
v -0.0002297456085216255 0.00590999936684966 -0.006000001914799216
v 0.005410630255937579 -0.008727211505174635 -0.0038878775667399185
v 0.005387675017118457 -0.008698362857103346 -0.003420348512008788
v 0.004777280613780023 -0.007931242696940897 -0.0011811315780505542
v 0.004777280613780023 -0.007931242696940897 -0.0011811315780505542
v 0.005387675017118457 -0.008698362857103346 -0.003420348512008788
v 0.005345971789211037 -0.008648556657135485 -0.002895236248150469
v 0.005410630255937579 -0.008727211505174635 -0.0038878775667399185
v 0.004777280613780023 -0.007931242696940897 -0.0011811315780505542
v 0.0054541588760912444 -0.008781914599239824 -0.005450721364468339
v 0.0054541588760912444 -0.008781914599239824 -0.005450721364468339
v 0.004777280613780023 -0.007931242696940897 -0.0011811315780505542
v 0.004777280613780023 -0.007931242696940897 -0.010818871669471269
v 0.0054541588760912444 -0.008781914599239824 -0.005450721364468339
v 0.004777280613780023 -0.007931242696940897 -0.010818871669471269
v 0.005446533206850293 -0.008772335946559904 -0.007014961447566751
v 0.005345971789211037 -0.008648556657135485 -0.002895236248150469
v 0.005270914174616339 -0.00855334661900997 -0.0024257972836494454
v 0.004777280613780023 -0.007931242696940897 -0.0011811315780505542
v 0.004777280613780023 -0.007931242696940897 -0.0011811315780505542
v 0.005270914174616339 -0.00855334661900997 -0.0024257972836494454
v 0.005163851194083693 -0.008417229168117045 -0.0020204086322337398
v 0.004777280613780023 -0.007931242696940897 -0.0011811315780505542
v 0.005163851194083693 -0.008417229168117045 -0.0020204086322337398
v 0.0050054038874805 -0.008218421600759028 -0.0016098649939522154
v 0.005446533206850293 -0.008772335946559904 -0.007014961447566751
v 0.004777280613780023 -0.007931242696940897 -0.010818871669471269
v 0.005387675017118457 -0.008698362857103346 -0.008579654619097713
v 0.005387675017118457 -0.008698362857103346 -0.008579654619097713
v 0.004777280613780023 -0.007931242696940897 -0.010818871669471269
v 0.004913055803626778 -0.00810215715318918 -0.010579948313534265
v 0.005387675017118457 -0.008698362857103346 -0.008579654619097713
v 0.004913055803626778 -0.00810215715318918 -0.010579948313534265
v 0.0053369337692856815 -0.008637525141239165 -0.009178731590509418
v 0.0053369337692856815 -0.008637525141239165 -0.009178731590509418
v 0.004913055803626778 -0.00810215715318918 -0.010579948313534265
v 0.0051097786054015186 -0.008349513635039328 -0.010135889984667306
v 0.0053369337692856815 -0.008637525141239165 -0.009178731590509418
v 0.0051097786054015186 -0.008349513635039328 -0.010135889984667306
v 0.005245484411716464 -0.008520255796611307 -0.009688329882919792
v 0.0006107552326284352 0.004952563904225825 -0.00954999960958958
v 9.45026622503065e-05 0.0055101560428738585 -0.010937815532088285
v 0.00023824941308703284 0.005345221608877181 -0.011392836458981042
v 6.535558350151407e-05 0.005544607061892747 -0.0024500000290572656
v -9.175451123155658e-05 0.005736579187214374 -0.0022892490960657605
v 6.535558350151407e-05 0.005544607061892747 -0.00954999960958958
v 6.535558350151407e-05 0.005544607061892747 -0.00954999960958958
v -9.175451123155658e-05 0.005736579187214374 -0.0022892490960657605
v -9.175451123155658e-05 0.005736579187214374 -0.009710754267871383
v 6.535558350151407e-05 0.005544607061892747 -0.00954999960958958
v -9.175451123155658e-05 0.005736579187214374 -0.009710754267871383
v 0.0006107552326284352 0.004952563904225825 -0.00954999960958958
v 0.0006107552326284352 0.004952563904225825 -0.00954999960958958
v -9.175451123155658e-05 0.005736579187214374 -0.009710754267871383
v -1.000472093437566e-05 0.005635343026369809 -0.010421817190945154
v 0.0006107552326284352 0.004952563904225825 -0.00954999960958958
v -1.000472093437566e-05 0.005635343026369809 -0.010421817190945154
v 9.45026622503065e-05 0.0055101560428738585 -0.010937815532088285
v 0.0004562024259939792 0.005109769292175769 -0.0001441578497178853
v 0.0002449898165650667 0.005337679293006658 -0.0005896480870433154
v 0.0006107552326284352 0.004952563904225825 -0.0024500000290572656
v 0.0002449898165650667 0.005337679293006658 -0.0005896480870433154
v 9.527352085569878e-05 0.005509257782250642 -0.0010592400794848804
v 0.0006107552326284352 0.004952563904225825 -0.0024500000290572656
v 0.0006107552326284352 0.004952563904225825 -0.0024500000290572656
v 9.527352085569878e-05 0.005509257782250642 -0.0010592400794848804
v -2.537493173804252e-06 0.005626242142170667 -0.0015321158571168787
v 0.0006107552326284352 0.004952563904225825 -0.0024500000290572656
v -2.537493173804252e-06 0.005626242142170667 -0.0015321158571168787
v 6.535558350151407e-05 0.005544607061892747 -0.0024500000290572656
v 6.535558350151407e-05 0.005544607061892747 -0.0024500000290572656
v -2.537493173804252e-06 0.005626242142170667 -0.0015321158571168787
v -8.260172762675215e-05 0.0057250848039984694 -0.0021800508257001647
v 6.535558350151407e-05 0.005544607061892747 -0.0024500000290572656
v -8.260172762675215e-05 0.0057250848039984694 -0.0021800508257001647
v -9.175451123155658e-05 0.005736579187214374 -0.0022892490960657605
v 0.00023824941308703284 0.005345221608877181 -0.011392836458981042
v 0.0004418905591592195 0.0051247156225144854 -0.011830597184598451
v 0.0006107552326284352 0.004952563904225825 -0.00954999960958958
v 0.0006107552326284352 0.004952563904225825 -0.00954999960958958
v 0.0004418905591592195 0.0051247156225144854 -0.011830597184598451
v 0.0006864746101200584 0.004878283943980931 -0.012197898700833326
v 0.0006107552326284352 0.004952563904225825 -0.00954999960958958
v 0.0006864746101200584 0.004878283943980931 -0.012197898700833326
v 0.001531857298687101 0.004154580645263194 -0.00954999960958958
v 0.001531857298687101 0.004154580645263194 -0.00954999960958958
v 0.0006864746101200584 0.004878283943980931 -0.012197898700833326
v 0.000977891264483333 0.004608009941875934 -0.01251156628131867
v 0.000977891264483333 0.004608009941875934 -0.01251156628131867
v 0.0013431602856144316 0.004300849512219428 -0.012789121828973299
v 0.001531857298687101 0.004154580645263194 -0.00954999960958958
v 0.001531857298687101 0.004154580645263194 -0.00954999960958958
v 0.0013431602856144316 0.004300849512219428 -0.012789121828973299
v 0.0017748452955856928 0.003977626096457242 -0.013012564741075044
v 0.001531857298687101 0.004154580645263194 -0.00954999960958958
v 0.0017748452955856928 0.003977626096457242 -0.013012564741075044
v 0.0024079869035631427 0.0035709738731384273 -0.00954999960958958
v 0.0024079869035631427 0.0035709738731384273 -0.00954999960958958
v 0.0017748452955856928 0.003977626096457242 -0.013012564741075044
v 0.002253709128126503 0.0036632677074521776 -0.013174445368349557
v 0.0024079869035631427 0.0035709738731384273 -0.00954999960958958
v 0.002253709128126503 0.0036632677074521776 -0.013174445368349557
v 0.0024079869035631427 0.0035709738731384273 -0.013212491758167749
v 0.001531857298687101 0.004154580645263194 -0.0024500000290572656
v 0.0010485565289855008 0.004545964766293763 0.0005735714803449812
v 0.0006107552326284352 0.004952563904225825 -0.0024500000290572656
v 0.0006107552326284352 0.004952563904225825 -0.0024500000290572656
v 0.0010485565289855008 0.004545964766293763 0.0005735714803449812
v 0.0007285536266863349 0.004837761167436837 0.00024997786385938536
v 0.0006107552326284352 0.004952563904225825 -0.0024500000290572656
v 0.0007285536266863349 0.004837761167436837 0.00024997786385938536
v 0.0004562024259939792 0.005109769292175769 -0.0001441578497178853
v 0.0024079869035631427 0.0035709738731384273 0.0012124885106459264
v 0.0023127305321395406 0.0036274648737162347 0.0011897004442289476
v 0.0024079869035631427 0.0035709738731384273 -0.0024500000290572656
v 0.0024079869035631427 0.0035709738731384273 -0.0024500000290572656
v 0.0023127305321395406 0.0036274648737162347 0.0011897004442289476
v 0.002030088799074293 0.003804643172770738 0.0011079289251938467
v 0.002030088799074293 0.003804643172770738 0.0011079289251938467
v 0.0018929826328530916 0.003895974019542336 0.0010595406638458375
v 0.0024079869035631427 0.0035709738731384273 -0.0024500000290572656
v 0.0024079869035631427 0.0035709738731384273 -0.0024500000290572656
v 0.0018929826328530916 0.003895974019542336 0.0010595406638458375
v 0.0018842648714780816 0.0039019058458507057 0.0010562475072219972
v 0.0024079869035631427 0.0035709738731384273 -0.0024500000290572656
v 0.0018842648714780816 0.0039019058458507057 0.0010562475072219972
v 0.001531857298687101 0.004154580645263194 -0.0024500000290572656
v 0.001531857298687101 0.004154580645263194 -0.0024500000290572656
v 0.0018842648714780816 0.0039019058458507057 0.0010562475072219972
v 0.0014323050854727632 0.0042307525873184195 0.0008429756271652881
v 0.001531857298687101 0.004154580645263194 -0.0024500000290572656
v 0.0014323050854727632 0.0042307525873184195 0.0008429756271652881
v 0.0010485565289855008 0.004545964766293763 0.0005735714803449812
v 0.002248740056529642 -0.008045896887779234 -0.004449999891221525
v 0.004300422035157682 -0.00641339411959052 -0.004449999891221525
v 0.002248740056529642 -0.008045896887779234 -0.0029499998781830085
v 0.002248740056529642 -0.008045896887779234 -0.0029499998781830085
v 0.004300422035157682 -0.00641339411959052 -0.004449999891221525
v 0.004300422035157682 -0.00641339411959052 -0.0029499998781830085
v 0.002248740056529642 -0.008045896887779234 -0.009050000458955768
v 0.004300422035157682 -0.00641339411959052 -0.009050000458955768
v 0.002248740056529642 -0.008045896887779234 -0.0075500002130866085
v 0.002248740056529642 -0.008045896887779234 -0.0075500002130866085
v 0.004300422035157682 -0.00641339411959052 -0.009050000458955768
v 0.004300422035157682 -0.00641339411959052 -0.0075500002130866085
v 0.0014958980027586228 0.00011083354183938353 -0.0024500000290572656
v 0.0013958511408418423 -0.000549186544958502 -0.0024500000290572656
v 0.004414542112499477 -0.0012856189860031007 -0.0024500000290572656
v 0.0006629686686210338 -0.007417012471705674 -0.0024500000290572656
v 4.175710637355225e-05 -0.007172601763159036 -0.0024500000290572656
v -4.862445348408075e-05 -0.007788209244608878 -0.0024500000290572656
v 0.0026623888406902565 0.003405460156500339 -0.0024500000290572656
v 0.0024079869035631427 0.0035709738731384273 -0.0024500000290572656
v 0.0008460246608592573 0.001238645752891898 -0.0024500000290572656
v 0.004414542112499477 -0.0012856189860031007 -0.0024500000290572656
v 0.00440129265189171 -0.00019777604029513893 -0.0024500000290572656
v 0.0014958980027586228 0.00011083354183938353 -0.0024500000290572656
v 0.0014958980027586228 0.00011083354183938353 -0.0024500000290572656
v 0.00440129265189171 -0.00019777604029513893 -0.0024500000290572656
v 0.0041670729406178015 0.0009771297918632624 -0.0024500000290572656
v 0.0014958980027586228 0.00011083354183938353 -0.0024500000290572656
v 0.0041670729406178015 0.0009771297918632624 -0.0024500000290572656
v 0.0012996708974242217 0.0007489055860787629 -0.0024500000290572656
v 0.0013958511408418423 -0.000549186544958502 -0.0024500000290572656
v 0.0011125934543088083 -0.004450899548828601 -0.0024500000290572656
v 0.004414542112499477 -0.0012856189860031007 -0.0024500000290572656
v 0.004414542112499477 -0.0012856189860031007 -0.0024500000290572656
v 0.0011125934543088083 -0.004450899548828601 -0.0024500000290572656
v 0.0017338052857667216 -0.004695310723036527 -0.0024500000290572656
v 0.004414542112499477 -0.0012856189860031007 -0.0024500000290572656
v 0.0017338052857667216 -0.004695310723036527 -0.0024500000290572656
v 0.004194159992039205 -0.0025418952573090787 -0.0024500000290572656
v -4.862445348408075e-05 -0.007788209244608878 -0.0024500000290572656
v 4.175710637355225e-05 -0.007172601763159036 -0.0024500000290572656
v -0.000521585170645267 -0.007374858018010854 -0.0024500000290572656
v -0.000521585170645267 -0.007374858018010854 -0.0024500000290572656
v 4.175710637355225e-05 -0.007172601763159036 -0.0024500000290572656
v -0.00041188931209035234 -0.006682861130684613 -0.0024500000290572656
v -0.000521585170645267 -0.007374858018010854 -0.0024500000290572656
v -0.00041188931209035234 -0.006682861130684613 -0.0024500000290572656
v -0.0048476061783731 -0.0019380331505089996 -0.0024500000290572656
v 0.00418110564351082 -0.0058693639002740374 -0.0024500000290572656
v 0.004029508214443924 -0.004788048099726438 -0.0024500000290572656
v 0.0021874515805393466 -0.005185051355510949 -0.0024500000290572656
v 0.0021874515805393466 -0.005185051355510949 -0.0024500000290572656
v 0.004029508214443924 -0.004788048099726438 -0.0024500000290572656
v 0.004022879991680385 -0.003492372343316674 -0.0024500000290572656
v 0.0021874515805393466 -0.005185051355510949 -0.0024500000290572656
v 0.004022879991680385 -0.003492372343316674 -0.0024500000290572656
v 0.0017338052857667216 -0.004695310723036527 -0.0024500000290572656
v 0.0017338052857667216 -0.004695310723036527 -0.0024500000290572656
v 0.004022879991680385 -0.003492372343316674 -0.0024500000290572656
v 0.004182515665888788 -0.0025831426028162237 -0.0024500000290572656
v 0.0017338052857667216 -0.004695310723036527 -0.0024500000290572656
v 0.004182515665888788 -0.0025831426028162237 -0.0024500000290572656
v 0.004194159992039205 -0.0025418952573090787 -0.0024500000290572656
v -0.00041188931209035234 -0.006682861130684613 -0.0024500000290572656
v -0.0006081229657866063 -0.006044792942702769 -0.0024500000290572656
v -0.0048476061783731 -0.0019380331505089996 -0.0024500000290572656
v -0.0048476061783731 -0.0019380331505089996 -0.0024500000290572656
v -0.0006081229657866063 -0.006044792942702769 -0.0024500000290572656
v -0.0005080695846118035 -0.005384769290685653 -0.0024500000290572656
v -0.0048476061783731 -0.0019380331505089996 -0.0024500000290572656
v -0.0005080695846118035 -0.005384769290685653 -0.0024500000290572656
v -0.004871956538408996 -0.0018438192782923577 -0.0024500000290572656
v -0.004871956538408996 -0.0018438192782923577 -0.0024500000290572656
v -0.0005080695846118035 -0.005384769290685653 -0.0024500000290572656
v -0.00013155510532669728 -0.0048335213214159 -0.0024500000290572656
v -0.0008460237295366827 -0.0012386451708152888 -0.0024500000290572656
v -0.00013155510532669728 -0.0048335213214159 -0.0024500000290572656
v 0.0004468531406018885 -0.0045002265833318225 -0.0024500000290572656
v -0.0008460237295366827 -0.0012386451708152888 -0.0024500000290572656
v -0.004951009526848796 0.0006996261654421686 -0.0024500000290572656
v -0.00013155510532669728 -0.0048335213214159 -0.0024500000290572656
v -0.00013155510532669728 -0.0048335213214159 -0.0024500000290572656
v -0.004951009526848796 0.0006996261654421686 -0.0024500000290572656
v -0.005047868471592667 -0.0005763338413089513 -0.0024500000290572656
v -0.00013155510532669728 -0.0048335213214159 -0.0024500000290572656
v -0.005047868471592667 -0.0005763338413089513 -0.0024500000290572656
v -0.004871956538408996 -0.0018438192782923577 -0.0024500000290572656
v 0.0021874515805393466 -0.005185051355510949 -0.0024500000290572656
v 0.0023836786858737477 -0.005823122803121804 -0.0024500000290572656
v 0.00418110564351082 -0.0058693639002740374 -0.0024500000290572656
v 0.00418110564351082 -0.0058693639002740374 -0.0024500000290572656
v 0.0023836786858737477 -0.005823122803121804 -0.0024500000290572656
v 0.0022836250718683013 -0.006483146455138921 -0.0024500000290572656
v 0.00418110564351082 -0.0058693639002740374 -0.0024500000290572656
v 0.0022836250718683013 -0.006483146455138921 -0.0024500000290572656
v 0.0019374232506379494 -0.007654639426618814 -0.0024500000290572656
v 0.0019374232506379494 -0.007654639426618814 -0.0024500000290572656
v 0.0022836250718683013 -0.006483146455138921 -0.0024500000290572656
v 0.0019071109127253303 -0.007034394890069961 -0.0024500000290572656
v 0.0019374232506379494 -0.007654639426618814 -0.0024500000290572656
v 0.0019071109127253303 -0.007034394890069961 -0.0024500000290572656
v 0.0017548344330862173 -0.007781843189150094 -0.0024500000290572656
v 0.0017548344330862173 -0.007781843189150094 -0.0024500000290572656
v 0.0019071109127253303 -0.007034394890069961 -0.0024500000290572656
v 0.0013287026667967445 -0.007367689162492751 -0.0024500000290572656
v 0.0017548344330862173 -0.007781843189150094 -0.0024500000290572656
v 0.0013287026667967445 -0.007367689162492751 -0.0024500000290572656
v 0.0011679553426802163 -0.008005710318684576 -0.0024500000290572656
v 0.0011679553426802163 -0.008005710318684576 -0.0024500000290572656
v 0.0013287026667967445 -0.007367689162492751 -0.0024500000290572656
v 0.0006629686686210338 -0.007417012471705674 -0.0024500000290572656
v 0.0011679553426802163 -0.008005710318684576 -0.0024500000290572656
v 0.0006629686686210338 -0.007417012471705674 -0.0024500000290572656
v 0.0005398246576078238 -0.008007929660379885 -0.0024500000290572656
v 0.0005398246576078238 -0.008007929660379885 -0.0024500000290572656
v 0.0006629686686210338 -0.007417012471705674 -0.0024500000290572656
v -4.862445348408075e-05 -0.007788209244608878 -0.0024500000290572656
v 0.0013958511408418423 -0.000549186544958502 -0.0024500000290572656
v 0.0010193302296102051 -0.0011004384141415355 -0.0024500000290572656
v 0.0011125934543088083 -0.004450899548828601 -0.0024500000290572656
v 0.0011125934543088083 -0.004450899548828601 -0.0024500000290572656
v 0.0010193302296102051 -0.0011004384141415355 -0.0024500000290572656
v 0.0004409220418892803 -0.0014337329193949697 -0.0024500000290572656
v 0.0011125934543088083 -0.004450899548828601 -0.0024500000290572656
v 0.0004409220418892803 -0.0014337329193949697 -0.0024500000290572656
v 0.0004468531406018885 -0.0045002265833318225 -0.0024500000290572656
v 0.0004468531406018885 -0.0045002265833318225 -0.0024500000290572656
v 0.0004409220418892803 -0.0014337329193949697 -0.0024500000290572656
v -0.00022481179621536296 -0.0014830562286078928 -0.0024500000290572656
v 0.0004468531406018885 -0.0045002265833318225 -0.0024500000290572656
v -0.00022481179621536296 -0.0014830562286078928 -0.0024500000290572656
v -0.0008460237295366827 -0.0012386451708152888 -0.0024500000290572656
v -0.0004409273678902539 0.0014337296597659586 -0.0024500000290572656
v 0.00022481275664176803 0.001483056810684502 -0.0024500000290572656
v 0.0006107552326284352 0.004952563904225825 -0.0024500000290572656
v 0.0008460246608592573 0.001238645752891898 -0.0024500000290572656
v 0.0024079869035631427 0.0035709738731384273 -0.0024500000290572656
v 0.00022481275664176803 0.001483056810684502 -0.0024500000290572656
v 0.00022481275664176803 0.001483056810684502 -0.0024500000290572656
v 0.0024079869035631427 0.0035709738731384273 -0.0024500000290572656
v 0.001531857298687101 0.004154580645263194 -0.0024500000290572656
v 0.00022481275664176803 0.001483056810684502 -0.0024500000290572656
v 0.001531857298687101 0.004154580645263194 -0.0024500000290572656
v 0.0006107552326284352 0.004952563904225825 -0.0024500000290572656
v -0.0008460237295366827 -0.0012386451708152888 -0.0024500000290572656
v -0.0012996698496863252 -0.0007489050040021538 -0.0024500000290572656
v -0.004951009526848796 0.0006996261654421686 -0.0024500000290572656
v -0.004951009526848796 0.0006996261654421686 -0.0024500000290572656
v -0.0012996698496863252 -0.0007489050040021538 -0.0024500000290572656
v -0.00149589718785137 -0.00011083282879553734 -0.0024500000290572656
v -0.004951009526848796 0.0006996261654421686 -0.0024500000290572656
v -0.00149589718785137 -0.00011083282879553734 -0.0024500000290572656
v -0.004585777875036003 0.0019260277040302751 -0.0024500000290572656
v -0.004585777875036003 0.0019260277040302751 -0.0024500000290572656
v -0.00149589718785137 -0.00011083282879553734 -0.0024500000290572656
v -0.001395850093103946 0.0005491870688274502 -0.0024500000290572656
v -0.004585777875036003 0.0019260277040302751 -0.0024500000290572656
v -0.001395850093103946 0.0005491870688274502 -0.0024500000290572656
v -0.003968784119933845 0.003047089325264096 -0.0024500000290572656
v -0.003968784119933845 0.003047089325264096 -0.0024500000290572656
v -0.001395850093103946 0.0005491870688274502 -0.0024500000290572656
v -0.0010193292982876305 0.0011004389962181447 -0.0024500000290572656
v -0.003968784119933845 0.003047089325264096 -0.0024500000290572656
v -0.0010193292982876305 0.0011004389962181447 -0.0024500000290572656
v -0.003128095762804152 0.0040118177421391 -0.0024500000290572656
v -0.003128095762804152 0.0040118177421391 -0.0024500000290572656
v -0.0010193292982876305 0.0011004389962181447 -0.0024500000290572656
v -0.002173514338210226 0.004733392968773841 -0.0024500000290572656
v -0.002173514338210226 0.004733392968773841 -0.0024500000290572656
v -0.0010193292982876305 0.0011004389962181447 -0.0024500000290572656
v -0.0004409273678902539 0.0014337296597659586 -0.0024500000290572656
v -0.002173514338210226 0.004733392968773841 -0.0024500000290572656
v -0.0004409273678902539 0.0014337296597659586 -0.0024500000290572656
v -0.0010947252158075575 0.005251189228147267 -0.0024500000290572656
v -0.0010947252158075575 0.005251189228147267 -0.0024500000290572656
v -0.0004409273678902539 0.0014337296597659586 -0.0024500000290572656
v 0.0006107552326284352 0.004952563904225825 -0.0024500000290572656
v -0.0010947252158075575 0.005251189228147267 -0.0024500000290572656
v 0.0006107552326284352 0.004952563904225825 -0.0024500000290572656
v 6.535558350151407e-05 0.005544607061892747 -0.0024500000290572656
v 0.0041670729406178015 0.0009771297918632624 -0.0024500000290572656
v 0.0037453635595738905 0.002035563345998525 -0.0024500000290572656
v 0.0012996708974242217 0.0007489055860787629 -0.0024500000290572656
v 0.0012996708974242217 0.0007489055860787629 -0.0024500000290572656
v 0.0037453635595738905 0.002035563345998525 -0.0024500000290572656
v 0.0031947540119290365 0.00289465207606554 -0.0024500000290572656
v 0.0012996708974242217 0.0007489055860787629 -0.0024500000290572656
v 0.0031947540119290365 0.00289465207606554 -0.0024500000290572656
v 0.0008460246608592573 0.001238645752891898 -0.0024500000290572656
v 0.0008460246608592573 0.001238645752891898 -0.0024500000290572656
v 0.0031947540119290365 0.00289465207606554 -0.0024500000290572656
v 0.0028838186990469707 0.003226428525522351 -0.0024500000290572656
v 0.0008460246608592573 0.001238645752891898 -0.0024500000290572656
v 0.0028838186990469707 0.003226428525522351 -0.0024500000290572656
v 0.0026623888406902565 0.003405460156500339 -0.0024500000290572656
v 0.0004409220418892803 -0.0014337329193949697 -0.00954999960958958
v 0.0012572281993925578 -0.004739803262054919 -0.00954999960958958
v -0.00022481179621536296 -0.0014830562286078928 -0.00954999960958958
v -0.00022481179621536296 -0.0014830562286078928 -0.00954999960958958
v 0.0012572281993925578 -0.004739803262054919 -0.00954999960958958
v 0.0006106582586653534 -0.0047150617465376845 -0.00954999960958958
v -0.00022481179621536296 -0.0014830562286078928 -0.00954999960958958
v 0.0006106582586653534 -0.0047150617465376845 -0.00954999960958958
v -0.0008460237295366827 -0.0012386451708152888 -0.00954999960958958
v -0.003968784119933845 0.003047089325264096 -0.00954999960958958
v -0.0010193292982876305 0.0011004389962181447 -0.00954999960958958
v -0.001395850093103946 0.0005491870688274502 -0.00954999960958958
v 0.0006106582586653534 -0.0047150617465376845 -0.00954999960958958
v 3.833578739431689e-05 -0.005016925744712352 -0.00954999960958958
v -0.0008460237295366827 -0.0012386451708152888 -0.00954999960958958
v -0.0008460237295366827 -0.0012386451708152888 -0.00954999960958958
v 3.833578739431689e-05 -0.005016925744712352 -0.00954999960958958
v -0.0048476061783731 -0.0019380331505089996 -0.00954999960958958
v -0.0008460237295366827 -0.0012386451708152888 -0.00954999960958958
v -0.0048476061783731 -0.0019380331505089996 -0.00954999960958958
v -0.0012996698496863252 -0.0007489050040021538 -0.00954999960958958
v -0.0012996698496863252 -0.0007489050040021538 -0.00954999960958958
v -0.0048476061783731 -0.0019380331505089996 -0.00954999960958958
v -0.004871956538408996 -0.0018438192782923577 -0.00954999960958958
v -0.0012996698496863252 -0.0007489050040021538 -0.00954999960958958
v -0.004871956538408996 -0.0018438192782923577 -0.00954999960958958
v -0.00149589718785137 -0.00011083282879553734 -0.00954999960958958
v 0.0031947540119290365 0.00289465207606554 -0.00954999960958958
v 0.0037453635595738905 0.002035563345998525 -0.00954999960958958
v 0.0012572281993925578 -0.004739803262054919 -0.00954999960958958
v 0.0012572281993925578 -0.004739803262054919 -0.00954999960958958
v 0.0037453635595738905 0.002035563345998525 -0.00954999960958958
v 0.0041670729406178015 0.0009771297918632624 -0.00954999960958958
v 0.0012572281993925578 -0.004739803262054919 -0.00954999960958958
v 0.0041670729406178015 0.0009771297918632624 -0.00954999960958958
v 0.00440129265189171 -0.00019777604029513893 -0.00954999960958958
v 0.0004409220418892803 -0.0014337329193949697 -0.00954999960958958
v 0.0010193302296102051 -0.0011004384141415355 -0.00954999960958958
v 0.0012572281993925578 -0.004739803262054919 -0.00954999960958958
v 0.0012572281993925578 -0.004739803262054919 -0.00954999960958958
v 0.0010193302296102051 -0.0011004384141415355 -0.00954999960958958
v 0.0013958511408418423 -0.000549186544958502 -0.00954999960958958
v 0.0012572281993925578 -0.004739803262054919 -0.00954999960958958
v 0.0013958511408418423 -0.000549186544958502 -0.00954999960958958
v 0.0031947540119290365 0.00289465207606554 -0.00954999960958958
v -0.004871956538408996 -0.0018438192782923577 -0.00954999960958958
v -0.005047868471592667 -0.0005763338413089513 -0.00954999960958958
v -0.00149589718785137 -0.00011083282879553734 -0.00954999960958958
v -0.00149589718785137 -0.00011083282879553734 -0.00954999960958958
v -0.005047868471592667 -0.0005763338413089513 -0.00954999960958958
v -0.004951009526848796 0.0006996261654421686 -0.00954999960958958
v -0.00149589718785137 -0.00011083282879553734 -0.00954999960958958
v -0.004951009526848796 0.0006996261654421686 -0.00954999960958958
v -0.001395850093103946 0.0005491870688274502 -0.00954999960958958
v -0.001395850093103946 0.0005491870688274502 -0.00954999960958958
v -0.004951009526848796 0.0006996261654421686 -0.00954999960958958
v -0.004585777875036003 0.0019260277040302751 -0.00954999960958958
v -0.001395850093103946 0.0005491870688274502 -0.00954999960958958
v -0.004585777875036003 0.0019260277040302751 -0.00954999960958958
v -0.003968784119933845 0.003047089325264096 -0.00954999960958958
v 0.0018048088531941184 -0.005084514617919921 -0.00954999960958958
v 0.004022879991680385 -0.003492372343316674 -0.00954999960958958
v 0.002106670057401062 -0.005656835157424211 -0.00954999960958958
v 0.002106670057401062 -0.005656835157424211 -0.00954999960958958
v 0.004022879991680385 -0.003492372343316674 -0.00954999960958958
v 0.004029508214443924 -0.004788048099726438 -0.00954999960958958
v 0.002106670057401062 -0.005656835157424211 -0.00954999960958958
v 0.004029508214443924 -0.004788048099726438 -0.00954999960958958
v 0.002081935293972493 -0.006303407717496156 -0.00954999960958958
v 0.002081935293972493 -0.006303407717496156 -0.00954999960958958
v 0.004029508214443924 -0.004788048099726438 -0.00954999960958958
v 0.00418110564351082 -0.0058693639002740374 -0.00954999960958958
v 0.002081935293972493 -0.006303407717496156 -0.00954999960958958
v 0.00418110564351082 -0.0058693639002740374 -0.00954999960958958
v 0.0017372197471559056 -0.0068509895354509345 -0.00954999960958958
v 0.0017372197471559056 -0.0068509895354509345 -0.00954999960958958
v 0.00418110564351082 -0.0058693639002740374 -0.00954999960958958
v 0.0019374232506379494 -0.007654639426618814 -0.00954999960958958
v 0.0017372197471559056 -0.0068509895354509345 -0.00954999960958958
v 0.0019374232506379494 -0.007654639426618814 -0.00954999960958958
v 0.0012552161933854229 -0.007128733210265636 -0.00954999960958958
v 0.0012552161933854229 -0.007128733210265636 -0.00954999960958958
v 0.0019374232506379494 -0.007654639426618814 -0.00954999960958958
v 0.0013304384192451841 -0.007967376150190828 -0.00954999960958958
v 0.0012552161933854229 -0.007128733210265636 -0.00954999960958958
v 0.0013304384192451841 -0.007967376150190828 -0.00954999960958958
v 0.0007004339131526652 -0.007169838994741439 -0.00954999960958958
v 0.0007004339131526652 -0.007169838994741439 -0.00954999960958958
v 0.0013304384192451841 -0.007967376150190828 -0.00954999960958958
v 0.0006499775336124006 -0.00802402477711439 -0.00954999960958958
v 0.0007004339131526652 -0.007169838994741439 -0.00954999960958958
v 0.0006499775336124006 -0.00802402477711439 -0.00954999960958958
v 0.00018276137416251012 -0.006966160144656896 -0.00954999960958958
v 0.00018276137416251012 -0.006966160144656896 -0.00954999960958958
v 0.0006499775336124006 -0.00802402477711439 -0.00954999960958958
v -3.7098678262736955e-07 -0.007815962657332419 -0.00954999960958958
v 0.00018276137416251012 -0.006966160144656896 -0.00954999960958958
v -3.7098678262736955e-07 -0.007815962657332419 -0.00954999960958958
v -0.0001952789461938665 -0.006558045279234647 -0.00954999960958958
v -0.0001952789461938665 -0.006558045279234647 -0.00954999960958958
v -3.7098678262736955e-07 -0.007815962657332419 -0.00954999960958958
v -0.000521585170645267 -0.007374858018010854 -0.00954999960958958
v -0.0001952789461938665 -0.006558045279234647 -0.00954999960958958
v -0.000521585170645267 -0.007374858018010854 -0.00954999960958958
v -0.0003588018298614772 -0.006026317831128835 -0.00954999960958958
v -0.0003588018298614772 -0.006026317831128835 -0.00954999960958958
v -0.000521585170645267 -0.007374858018010854 -0.00954999960958958
v -0.0048476061783731 -0.0019380331505089996 -0.00954999960958958
v -0.0003588018298614772 -0.006026317831128835 -0.00954999960958958
v -0.0048476061783731 -0.0019380331505089996 -0.00954999960958958
v -0.00027542730094864975 -0.005476300138980149 -0.00954999960958958
v -0.00027542730094864975 -0.005476300138980149 -0.00954999960958958
v -0.0048476061783731 -0.0019380331505089996 -0.00954999960958958
v 3.833578739431689e-05 -0.005016925744712352 -0.00954999960958958
v 0.00440129265189171 -0.00019777604029513893 -0.00954999960958958
v 0.004414542112499477 -0.0012856189860031007 -0.00954999960958958
v 0.0012572281993925578 -0.004739803262054919 -0.00954999960958958
v 0.0012572281993925578 -0.004739803262054919 -0.00954999960958958
v 0.004414542112499477 -0.0012856189860031007 -0.00954999960958958
v 0.004194159992039205 -0.0025418952573090787 -0.00954999960958958
v 0.0012572281993925578 -0.004739803262054919 -0.00954999960958958
v 0.004194159992039205 -0.0025418952573090787 -0.00954999960958958
v 0.0018048088531941184 -0.005084514617919921 -0.00954999960958958
v 0.0018048088531941184 -0.005084514617919921 -0.00954999960958958
v 0.004194159992039205 -0.0025418952573090787 -0.00954999960958958
v 0.004182515665888788 -0.0025831426028162237 -0.00954999960958958
v 0.0018048088531941184 -0.005084514617919921 -0.00954999960958958
v 0.004182515665888788 -0.0025831426028162237 -0.00954999960958958
v 0.004022879991680385 -0.003492372343316674 -0.00954999960958958
v -0.0010947252158075575 0.005251189228147267 -0.00954999960958958
v 6.535558350151407e-05 0.005544607061892747 -0.00954999960958958
v 0.0006107552326284352 0.004952563904225825 -0.00954999960958958
v -0.003968784119933845 0.003047089325264096 -0.00954999960958958
v -0.003128095762804152 0.0040118177421391 -0.00954999960958958
v -0.0010193292982876305 0.0011004389962181447 -0.00954999960958958
v -0.0010193292982876305 0.0011004389962181447 -0.00954999960958958
v -0.003128095762804152 0.0040118177421391 -0.00954999960958958
v -0.002173514338210226 0.004733392968773841 -0.00954999960958958
v -0.0010193292982876305 0.0011004389962181447 -0.00954999960958958
v -0.002173514338210226 0.004733392968773841 -0.00954999960958958
v -0.0004409273678902539 0.0014337296597659586 -0.00954999960958958
v -0.002173514338210226 0.004733392968773841 -0.00954999960958958
v -0.0010947252158075575 0.005251189228147267 -0.00954999960958958
v -0.0004409273678902539 0.0014337296597659586 -0.00954999960958958
v -0.0004409273678902539 0.0014337296597659586 -0.00954999960958958
v -0.0010947252158075575 0.005251189228147267 -0.00954999960958958
v 0.0006107552326284352 0.004952563904225825 -0.00954999960958958
v -0.0004409273678902539 0.0014337296597659586 -0.00954999960958958
v 0.0006107552326284352 0.004952563904225825 -0.00954999960958958
v 0.00022481275664176803 0.001483056810684502 -0.00954999960958958
v 0.00022481275664176803 0.001483056810684502 -0.00954999960958958
v 0.0006107552326284352 0.004952563904225825 -0.00954999960958958
v 0.001531857298687101 0.004154580645263194 -0.00954999960958958
v 0.00022481275664176803 0.001483056810684502 -0.00954999960958958
v 0.001531857298687101 0.004154580645263194 -0.00954999960958958
v 0.0008460246608592573 0.001238645752891898 -0.00954999960958958
v 0.0008460246608592573 0.001238645752891898 -0.00954999960958958
v 0.001531857298687101 0.004154580645263194 -0.00954999960958958
v 0.0024079869035631427 0.0035709738731384273 -0.00954999960958958
v 0.0013958511408418423 -0.000549186544958502 -0.00954999960958958
v 0.0014958980027586228 0.00011083354183938353 -0.00954999960958958
v 0.0031947540119290365 0.00289465207606554 -0.00954999960958958
v 0.0031947540119290365 0.00289465207606554 -0.00954999960958958
v 0.0014958980027586228 0.00011083354183938353 -0.00954999960958958
v 0.0012996708974242217 0.0007489055860787629 -0.00954999960958958
v 0.0031947540119290365 0.00289465207606554 -0.00954999960958958
v 0.0012996708974242217 0.0007489055860787629 -0.00954999960958958
v 0.0028838186990469707 0.003226428525522351 -0.00954999960958958
v 0.0028838186990469707 0.003226428525522351 -0.00954999960958958
v 0.0012996708974242217 0.0007489055860787629 -0.00954999960958958
v 0.0008460246608592573 0.001238645752891898 -0.00954999960958958
v 0.0028838186990469707 0.003226428525522351 -0.00954999960958958
v 0.0008460246608592573 0.001238645752891898 -0.00954999960958958
v 0.0026623888406902565 0.003405460156500339 -0.00954999960958958
v 0.0026623888406902565 0.003405460156500339 -0.00954999960958958
v 0.0008460246608592573 0.001238645752891898 -0.00954999960958958
v 0.0024079869035631427 0.0035709738731384273 -0.00954999960958958
v 0.004300422035157682 -0.00641339411959052 -0.009050000458955768
v 0.002248740056529642 -0.008045896887779234 -0.009050000458955768
v 0.004275849089026453 -0.006310978438705205 -0.009145441465079788
v 0.004275849089026453 -0.006310978438705205 -0.009145441465079788
v 0.002248740056529642 -0.008045896887779234 -0.009050000458955768
v 0.0019374232506379494 -0.007654639426618814 -0.00954999960958958
v 0.004275849089026453 -0.006310978438705205 -0.009145441465079788
v 0.0019374232506379494 -0.007654639426618814 -0.00954999960958958
v 0.00418110564351082 -0.0058693639002740374 -0.00954999960958958
v 0.002248740056529642 -0.008045896887779234 -0.0029499998781830085
v 0.004300422035157682 -0.00641339411959052 -0.0029499998781830085
v 0.0019374232506379494 -0.007654639426618814 -0.0024500000290572656
v 0.0019374232506379494 -0.007654639426618814 -0.0024500000290572656
v 0.004300422035157682 -0.00641339411959052 -0.0029499998781830085
v 0.004275849089026453 -0.006310978438705205 -0.0028545586392283453
v 0.0019374232506379494 -0.007654639426618814 -0.0024500000290572656
v 0.004275849089026453 -0.006310978438705205 -0.0028545586392283453
v 0.00418110564351082 -0.0058693639002740374 -0.0024500000290572656
v 0.004300422035157682 -0.00641339411959052 -0.0075500002130866085
v 0.0075306906364858185 -0.0038431012071669097 -0.0075500002130866085
v 0.002106670057401062 -0.005656835157424211 -0.0075500002130866085
v 0.002106670057401062 -0.005656835157424211 -0.0075500002130866085
v 0.0075306906364858185 -0.0038431012071669097 -0.0075500002130866085
v 0.0018048088531941184 -0.005084514617919921 -0.0075500002130866085
v 0.0012572281993925578 -0.004739803262054919 -0.0075500002130866085
v 0.0014958980027586228 0.00011083354183938353 -0.0075500002130866085
v 0.0013958511408418423 -0.000549186544958502 -0.0075500002130866085
v 0.004300422035157682 -0.00641339411959052 -0.0075500002130866085
v 0.002106670057401062 -0.005656835157424211 -0.0075500002130866085
v 0.002248740056529642 -0.008045896887779234 -0.0075500002130866085
v 0.002248740056529642 -0.008045896887779234 -0.0075500002130866085
v 0.002106670057401062 -0.005656835157424211 -0.0075500002130866085
v 0.002081935293972493 -0.006303407717496156 -0.0075500002130866085
v 0.002248740056529642 -0.008045896887779234 -0.0075500002130866085
v 0.002081935293972493 -0.006303407717496156 -0.0075500002130866085
v 0.0014683310873806483 -0.008447987027466295 -0.0075500002130866085
v -0.0037458343431353586 -0.004125748295336961 -0.0075500002130866085
v -0.00027542730094864975 -0.005476300138980149 -0.0075500002130866085
v -0.004431259352713825 -0.003045169403776526 -0.0075500002130866085
v -0.004431259352713825 -0.003045169403776526 -0.0075500002130866085
v -0.00027542730094864975 -0.005476300138980149 -0.0075500002130866085
v 3.833578739431689e-05 -0.005016925744712352 -0.0075500002130866085
v -0.0004409273678902539 0.0014337296597659586 -0.0075500002130866085
v 0.00022481275664176803 0.001483056810684502 -0.0075500002130866085
v 6.145551014924425e-05 0.005544027313590049 -0.0075500002130866085
v 0.00022481275664176803 0.001483056810684502 -0.0075500002130866085
v 0.0008460246608592573 0.001238645752891898 -0.0075500002130866085
v 6.145551014924425e-05 0.005544027313590049 -0.0075500002130866085
v 6.145551014924425e-05 0.005544027313590049 -0.0075500002130866085
v 0.0008460246608592573 0.001238645752891898 -0.0075500002130866085
v 0.0012996708974242217 0.0007489055860787629 -0.0075500002130866085
v 6.145551014924425e-05 0.005544027313590049 -0.0075500002130866085
v 0.0012996708974242217 0.0007489055860787629 -0.0075500002130866085
v 0.0075306906364858185 -0.0038431012071669097 -0.0075500002130866085
v 0.0075306906364858185 -0.0038431012071669097 -0.0075500002130866085
v 0.0012996708974242217 0.0007489055860787629 -0.0075500002130866085
v 0.0014958980027586228 0.00011083354183938353 -0.0075500002130866085
v 0.0075306906364858185 -0.0038431012071669097 -0.0075500002130866085
v 0.0014958980027586228 0.00011083354183938353 -0.0075500002130866085
v 0.0018048088531941184 -0.005084514617919921 -0.0075500002130866085
v 0.0018048088531941184 -0.005084514617919921 -0.0075500002130866085
v 0.0014958980027586228 0.00011083354183938353 -0.0075500002130866085
v 0.0012572281993925578 -0.004739803262054919 -0.0075500002130866085
v -0.004951009526848796 0.0006996261654421686 -0.0075500002130866085
v -0.005047868471592667 -0.0005763338413089513 -0.0075500002130866085
v 3.833578739431689e-05 -0.005016925744712352 -0.0075500002130866085
v 3.833578739431689e-05 -0.005016925744712352 -0.0075500002130866085
v -0.005047868471592667 -0.0005763338413089513 -0.0075500002130866085
v -0.004871956538408996 -0.0018438192782923577 -0.0075500002130866085
v 3.833578739431689e-05 -0.005016925744712352 -0.0075500002130866085
v -0.004871956538408996 -0.0018438192782923577 -0.0075500002130866085
v -0.004431259352713825 -0.003045169403776526 -0.0075500002130866085
v 0.0013958511408418423 -0.000549186544958502 -0.0075500002130866085
v 0.0010193302296102051 -0.0011004384141415355 -0.0075500002130866085
v 0.0012572281993925578 -0.004739803262054919 -0.0075500002130866085
v 0.0012572281993925578 -0.004739803262054919 -0.0075500002130866085
v 0.0010193302296102051 -0.0011004384141415355 -0.0075500002130866085
v 0.0004409220418892803 -0.0014337329193949697 -0.0075500002130866085
v 0.0012572281993925578 -0.004739803262054919 -0.0075500002130866085
v 0.0004409220418892803 -0.0014337329193949697 -0.0075500002130866085
v 0.0006106582586653534 -0.0047150617465376845 -0.0075500002130866085
v 0.0006106582586653534 -0.0047150617465376845 -0.0075500002130866085
v 0.0004409220418892803 -0.0014337329193949697 -0.0075500002130866085
v -0.00022481179621536296 -0.0014830562286078928 -0.0075500002130866085
v 0.0006106582586653534 -0.0047150617465376845 -0.0075500002130866085
v -0.00022481179621536296 -0.0014830562286078928 -0.0075500002130866085
v 3.833578739431689e-05 -0.005016925744712352 -0.0075500002130866085
v 3.833578739431689e-05 -0.005016925744712352 -0.0075500002130866085
v -0.00022481179621536296 -0.0014830562286078928 -0.0075500002130866085
v -0.0008460237295366827 -0.0012386451708152888 -0.0075500002130866085
v 3.833578739431689e-05 -0.005016925744712352 -0.0075500002130866085
v -0.0008460237295366827 -0.0012386451708152888 -0.0075500002130866085
v -0.004951009526848796 0.0006996261654421686 -0.0075500002130866085
v 0.002081935293972493 -0.006303407717496156 -0.0075500002130866085
v 0.0017372197471559056 -0.0068509895354509345 -0.0075500002130866085
v 0.0014683310873806483 -0.008447987027466295 -0.0075500002130866085
v 0.0014683310873806483 -0.008447987027466295 -0.0075500002130866085
v 0.0017372197471559056 -0.0068509895354509345 -0.0075500002130866085
v 0.0012552161933854229 -0.007128733210265636 -0.0075500002130866085
v 0.0014683310873806483 -0.008447987027466295 -0.0075500002130866085
v 0.0012552161933854229 -0.007128733210265636 -0.0075500002130866085
v 0.0005934504442848267 -0.008520821109414099 -0.0075500002130866085
v 0.0005934504442848267 -0.008520821109414099 -0.0075500002130866085
v 0.0012552161933854229 -0.007128733210265636 -0.0075500002130866085
v 0.0007004339131526652 -0.007169838994741439 -0.0075500002130866085
v 0.0005934504442848267 -0.008520821109414099 -0.0075500002130866085
v 0.0007004339131526652 -0.007169838994741439 -0.0075500002130866085
v -0.00024270672292914252 -0.008253308944404123 -0.0075500002130866085
v -0.00024270672292914252 -0.008253308944404123 -0.0075500002130866085
v 0.0007004339131526652 -0.007169838994741439 -0.0075500002130866085
v 0.00018276137416251012 -0.006966160144656896 -0.0075500002130866085
v -0.00024270672292914252 -0.008253308944404123 -0.0075500002130866085
v 0.00018276137416251012 -0.006966160144656896 -0.0075500002130866085
v -0.0009128389065153901 -0.007686174940317868 -0.0075500002130866085
v -0.0009128389065153901 -0.007686174940317868 -0.0075500002130866085
v 0.00018276137416251012 -0.006966160144656896 -0.0075500002130866085
v -0.0001952789461938665 -0.006558045279234647 -0.0075500002130866085
v -0.0009128389065153901 -0.007686174940317868 -0.0075500002130866085
v -0.0001952789461938665 -0.006558045279234647 -0.0075500002130866085
v -0.0037458343431353586 -0.004125748295336961 -0.0075500002130866085
v -0.0037458343431353586 -0.004125748295336961 -0.0075500002130866085
v -0.0001952789461938665 -0.006558045279234647 -0.0075500002130866085
v -0.0003588018298614772 -0.006026317831128835 -0.0075500002130866085
v -0.0037458343431353586 -0.004125748295336961 -0.0075500002130866085
v -0.0003588018298614772 -0.006026317831128835 -0.0075500002130866085
v -0.00027542730094864975 -0.005476300138980149 -0.0075500002130866085
v -0.0008460237295366827 -0.0012386451708152888 -0.0075500002130866085
v -0.0012996698496863252 -0.0007489050040021538 -0.0075500002130866085
v -0.004951009526848796 0.0006996261654421686 -0.0075500002130866085
v -0.004951009526848796 0.0006996261654421686 -0.0075500002130866085
v -0.0012996698496863252 -0.0007489050040021538 -0.0075500002130866085
v -0.00149589718785137 -0.00011083282879553734 -0.0075500002130866085
v -0.004951009526848796 0.0006996261654421686 -0.0075500002130866085
v -0.00149589718785137 -0.00011083282879553734 -0.0075500002130866085
v -0.004585777875036003 0.0019260277040302751 -0.0075500002130866085
v -0.004585777875036003 0.0019260277040302751 -0.0075500002130866085
v -0.00149589718785137 -0.00011083282879553734 -0.0075500002130866085
v -0.001395850093103946 0.0005491870688274502 -0.0075500002130866085
v -0.004585777875036003 0.0019260277040302751 -0.0075500002130866085
v -0.001395850093103946 0.0005491870688274502 -0.0075500002130866085
v -0.003968784119933845 0.003047089325264096 -0.0075500002130866085
v -0.003968784119933845 0.003047089325264096 -0.0075500002130866085
v -0.001395850093103946 0.0005491870688274502 -0.0075500002130866085
v -0.0010193292982876305 0.0011004389962181447 -0.0075500002130866085
v 6.145551014924425e-05 0.005544027313590049 -0.0075500002130866085
v -0.0010947252158075575 0.005251189228147267 -0.0075500002130866085
v -0.0004409273678902539 0.0014337296597659586 -0.0075500002130866085
v -0.0004409273678902539 0.0014337296597659586 -0.0075500002130866085
v -0.0010947252158075575 0.005251189228147267 -0.0075500002130866085
v -0.002173514338210226 0.004733392968773841 -0.0075500002130866085
v -0.0004409273678902539 0.0014337296597659586 -0.0075500002130866085
v -0.002173514338210226 0.004733392968773841 -0.0075500002130866085
v -0.0010193292982876305 0.0011004389962181447 -0.0075500002130866085
v -0.0010193292982876305 0.0011004389962181447 -0.0075500002130866085
v -0.002173514338210226 0.004733392968773841 -0.0075500002130866085
v -0.003128095762804152 0.0040118177421391 -0.0075500002130866085
v -0.0010193292982876305 0.0011004389962181447 -0.0075500002130866085
v -0.003128095762804152 0.0040118177421391 -0.0075500002130866085
v -0.003968784119933845 0.003047089325264096 -0.0075500002130866085
v -0.003128095762804152 0.0040118177421391 -0.004449999891221525
v -0.003128095762804152 0.0040118177421391 -0.0024500000290572656
v -0.002173514338210226 0.004733392968773841 -0.0024500000290572656
v -0.003128095762804152 0.0040118177421391 -0.004449999891221525
v -0.002173514338210226 0.004733392968773841 -0.0024500000290572656
v -0.002173514338210226 0.004733392968773841 -0.004449999891221525
v -0.002173514338210226 0.004733392968773841 -0.004449999891221525
v -0.002173514338210226 0.004733392968773841 -0.0024500000290572656
v -0.0010947252158075575 0.005251189228147267 -0.0024500000290572656
v -0.002173514338210226 0.004733392968773841 -0.004449999891221525
v -0.0010947252158075575 0.005251189228147267 -0.0024500000290572656
v -0.0010947252158075575 0.005251189228147267 -0.004449999891221525
v -0.0010947252158075575 0.005251189228147267 -0.004449999891221525
v -0.0010947252158075575 0.005251189228147267 -0.0024500000290572656
v 6.145551014924425e-05 0.005544027313590049 -0.004449999891221525
v 6.145551014924425e-05 0.005544027313590049 -0.004449999891221525
v -0.0010947252158075575 0.005251189228147267 -0.0024500000290572656
v 6.535558350151407e-05 0.005544607061892747 -0.0024500000290572656
v 6.145551014924425e-05 0.005544027313590049 -0.004449999891221525
v 6.535558350151407e-05 0.005544607061892747 -0.0024500000290572656
v 6.145551014924425e-05 0.005544027313590049 -0.0075500002130866085
v 6.145551014924425e-05 0.005544027313590049 -0.0075500002130866085
v 6.535558350151407e-05 0.005544607061892747 -0.0024500000290572656
v 6.535558350151407e-05 0.005544607061892747 -0.00954999960958958
v 6.145551014924425e-05 0.005544027313590049 -0.0075500002130866085
v 6.535558350151407e-05 0.005544607061892747 -0.00954999960958958
v -0.0010947252158075575 0.005251189228147267 -0.0075500002130866085
v 6.535558350151407e-05 0.005544607061892747 -0.00954999960958958
v -0.0010947252158075575 0.005251189228147267 -0.00954999960958958
v -0.0010947252158075575 0.005251189228147267 -0.0075500002130866085
v -0.0010947252158075575 0.005251189228147267 -0.0075500002130866085
v -0.0010947252158075575 0.005251189228147267 -0.00954999960958958
v -0.002173514338210226 0.004733392968773841 -0.00954999960958958
v -0.0010947252158075575 0.005251189228147267 -0.0075500002130866085
v -0.002173514338210226 0.004733392968773841 -0.00954999960958958
v -0.002173514338210226 0.004733392968773841 -0.0075500002130866085
v -0.002173514338210226 0.004733392968773841 -0.0075500002130866085
v -0.002173514338210226 0.004733392968773841 -0.00954999960958958
v -0.003128095762804152 0.0040118177421391 -0.00954999960958958
v -0.002173514338210226 0.004733392968773841 -0.0075500002130866085
v -0.003128095762804152 0.0040118177421391 -0.00954999960958958
v -0.003128095762804152 0.0040118177421391 -0.0075500002130866085
v -0.0037458343431353586 -0.004125748295336961 -0.0075500002130866085
v -0.0037458343431353586 -0.004125748295336961 -0.009050000458955768
v -0.0009128389065153901 -0.007686174940317868 -0.0075500002130866085
v -0.0009128389065153901 -0.007686174940317868 -0.0075500002130866085
v -0.0037458343431353586 -0.004125748295336961 -0.009050000458955768
v -0.0009128389065153901 -0.007686174940317868 -0.009050000458955768
v 0.0010193302296102051 -0.0011004384141415355 -0.00954999960958958
v 0.0010193302296102051 -0.0011004384141415355 -0.0075500002130866085
v 0.0013958511408418423 -0.000549186544958502 -0.00954999960958958
v 0.0013958511408418423 -0.000549186544958502 -0.00954999960958958
v 0.0010193302296102051 -0.0011004384141415355 -0.0075500002130866085
v 0.0013958511408418423 -0.000549186544958502 -0.0075500002130866085
v 0.0013958511408418423 -0.000549186544958502 -0.00954999960958958
v 0.0013958511408418423 -0.000549186544958502 -0.0075500002130866085
v 0.0014958980027586228 0.00011083354183938353 -0.00954999960958958
v 0.0014958980027586228 0.00011083354183938353 -0.00954999960958958
v 0.0013958511408418423 -0.000549186544958502 -0.0075500002130866085
v 0.0014958980027586228 0.00011083354183938353 -0.0075500002130866085
v 0.0014958980027586228 0.00011083354183938353 -0.00954999960958958
v 0.0014958980027586228 0.00011083354183938353 -0.0075500002130866085
v 0.0012996708974242217 0.0007489055860787629 -0.00954999960958958
v 0.0012996708974242217 0.0007489055860787629 -0.00954999960958958
v 0.0014958980027586228 0.00011083354183938353 -0.0075500002130866085
v 0.0012996708974242217 0.0007489055860787629 -0.0075500002130866085
v 0.0012996708974242217 0.0007489055860787629 -0.00954999960958958
v 0.0012996708974242217 0.0007489055860787629 -0.0075500002130866085
v 0.0008460246608592573 0.001238645752891898 -0.00954999960958958
v 0.0008460246608592573 0.001238645752891898 -0.00954999960958958
v 0.0012996708974242217 0.0007489055860787629 -0.0075500002130866085
v 0.0008460246608592573 0.001238645752891898 -0.0075500002130866085
v 0.0008460246608592573 0.001238645752891898 -0.00954999960958958
v 0.0008460246608592573 0.001238645752891898 -0.0075500002130866085
v 0.00022481275664176803 0.001483056810684502 -0.00954999960958958
v 0.00022481275664176803 0.001483056810684502 -0.00954999960958958
v 0.0008460246608592573 0.001238645752891898 -0.0075500002130866085
v 0.00022481275664176803 0.001483056810684502 -0.0075500002130866085
v 0.00022481275664176803 0.001483056810684502 -0.00954999960958958
v 0.00022481275664176803 0.001483056810684502 -0.0075500002130866085
v -0.0004409273678902539 0.0014337296597659586 -0.00954999960958958
v -0.0004409273678902539 0.0014337296597659586 -0.00954999960958958
v 0.00022481275664176803 0.001483056810684502 -0.0075500002130866085
v -0.0004409273678902539 0.0014337296597659586 -0.0075500002130866085
v -0.0004409273678902539 0.0014337296597659586 -0.00954999960958958
v -0.0004409273678902539 0.0014337296597659586 -0.0075500002130866085
v -0.0010193292982876305 0.0011004389962181447 -0.00954999960958958
v -0.0010193292982876305 0.0011004389962181447 -0.00954999960958958
v -0.0004409273678902539 0.0014337296597659586 -0.0075500002130866085
v -0.0010193292982876305 0.0011004389962181447 -0.0075500002130866085
v 0.0017372197471559056 -0.0068509895354509345 -0.00954999960958958
v 0.0017372197471559056 -0.0068509895354509345 -0.0075500002130866085
v 0.002081935293972493 -0.006303407717496156 -0.00954999960958958
v 0.002081935293972493 -0.006303407717496156 -0.00954999960958958
v 0.0017372197471559056 -0.0068509895354509345 -0.0075500002130866085
v 0.002081935293972493 -0.006303407717496156 -0.0075500002130866085
v 0.002081935293972493 -0.006303407717496156 -0.00954999960958958
v 0.002081935293972493 -0.006303407717496156 -0.0075500002130866085
v 0.002106670057401062 -0.005656835157424211 -0.00954999960958958
v 0.002106670057401062 -0.005656835157424211 -0.00954999960958958
v 0.002081935293972493 -0.006303407717496156 -0.0075500002130866085
v 0.002106670057401062 -0.005656835157424211 -0.0075500002130866085
v 0.002106670057401062 -0.005656835157424211 -0.00954999960958958
v 0.002106670057401062 -0.005656835157424211 -0.0075500002130866085
v 0.0018048088531941184 -0.005084514617919921 -0.00954999960958958
v 0.0018048088531941184 -0.005084514617919921 -0.00954999960958958
v 0.002106670057401062 -0.005656835157424211 -0.0075500002130866085
v 0.0018048088531941184 -0.005084514617919921 -0.0075500002130866085
v 0.0018048088531941184 -0.005084514617919921 -0.00954999960958958
v 0.0018048088531941184 -0.005084514617919921 -0.0075500002130866085
v 0.0012572281993925578 -0.004739803262054919 -0.00954999960958958
v 0.0012572281993925578 -0.004739803262054919 -0.00954999960958958
v 0.0018048088531941184 -0.005084514617919921 -0.0075500002130866085
v 0.0012572281993925578 -0.004739803262054919 -0.0075500002130866085
v 0.0012572281993925578 -0.004739803262054919 -0.00954999960958958
v 0.0012572281993925578 -0.004739803262054919 -0.0075500002130866085
v 0.0006106582586653534 -0.0047150617465376845 -0.00954999960958958
v 0.0006106582586653534 -0.0047150617465376845 -0.00954999960958958
v 0.0012572281993925578 -0.004739803262054919 -0.0075500002130866085
v 0.0006106582586653534 -0.0047150617465376845 -0.0075500002130866085
v 0.0006106582586653534 -0.0047150617465376845 -0.00954999960958958
v 0.0006106582586653534 -0.0047150617465376845 -0.0075500002130866085
v 3.833578739431689e-05 -0.005016925744712352 -0.00954999960958958
v 3.833578739431689e-05 -0.005016925744712352 -0.00954999960958958
v 0.0006106582586653534 -0.0047150617465376845 -0.0075500002130866085
v 3.833578739431689e-05 -0.005016925744712352 -0.0075500002130866085
v -0.0009128389065153901 -0.007686174940317868 -0.004449999891221525
v -0.0009128389065153901 -0.007686174940317868 -0.0029499998781830085
v -0.0037458343431353586 -0.004125748295336961 -0.004449999891221525
v -0.0037458343431353586 -0.004125748295336961 -0.004449999891221525
v -0.0009128389065153901 -0.007686174940317868 -0.0029499998781830085
v -0.0037458343431353586 -0.004125748295336961 -0.0029499998781830085
v -0.0010193292982876305 0.0011004389962181447 -0.0024500000290572656
v -0.0010193292982876305 0.0011004389962181447 -0.004449999891221525
v -0.0004409273678902539 0.0014337296597659586 -0.0024500000290572656
v -0.0004409273678902539 0.0014337296597659586 -0.0024500000290572656
v -0.0010193292982876305 0.0011004389962181447 -0.004449999891221525
v -0.0004409273678902539 0.0014337296597659586 -0.004449999891221525
v -0.0004409273678902539 0.0014337296597659586 -0.0024500000290572656
v -0.0004409273678902539 0.0014337296597659586 -0.004449999891221525
v 0.00022481275664176803 0.001483056810684502 -0.0024500000290572656
v 0.00022481275664176803 0.001483056810684502 -0.0024500000290572656
v -0.0004409273678902539 0.0014337296597659586 -0.004449999891221525
v 0.00022481275664176803 0.001483056810684502 -0.004449999891221525
v 0.00022481275664176803 0.001483056810684502 -0.0024500000290572656
v 0.00022481275664176803 0.001483056810684502 -0.004449999891221525
v 0.0008460246608592573 0.001238645752891898 -0.0024500000290572656
v 0.0008460246608592573 0.001238645752891898 -0.0024500000290572656
v 0.00022481275664176803 0.001483056810684502 -0.004449999891221525
v 0.0008460246608592573 0.001238645752891898 -0.004449999891221525
v 0.0008460246608592573 0.001238645752891898 -0.0024500000290572656
v 0.0008460246608592573 0.001238645752891898 -0.004449999891221525
v 0.0012996708974242217 0.0007489055860787629 -0.0024500000290572656
v 0.0012996708974242217 0.0007489055860787629 -0.0024500000290572656
v 0.0008460246608592573 0.001238645752891898 -0.004449999891221525
v 0.0012996708974242217 0.0007489055860787629 -0.004449999891221525
v 0.0012996708974242217 0.0007489055860787629 -0.0024500000290572656
v 0.0012996708974242217 0.0007489055860787629 -0.004449999891221525
v 0.0014958980027586228 0.00011083354183938353 -0.0024500000290572656
v 0.0014958980027586228 0.00011083354183938353 -0.0024500000290572656
v 0.0012996708974242217 0.0007489055860787629 -0.004449999891221525
v 0.0014958980027586228 0.00011083354183938353 -0.004449999891221525
v 0.0014958980027586228 0.00011083354183938353 -0.0024500000290572656
v 0.0014958980027586228 0.00011083354183938353 -0.004449999891221525
v 0.0013958511408418423 -0.000549186544958502 -0.0024500000290572656
v 0.0013958511408418423 -0.000549186544958502 -0.0024500000290572656
v 0.0014958980027586228 0.00011083354183938353 -0.004449999891221525
v 0.0013958511408418423 -0.000549186544958502 -0.004449999891221525
v 0.0013958511408418423 -0.000549186544958502 -0.0024500000290572656
v 0.0013958511408418423 -0.000549186544958502 -0.004449999891221525
v 0.0010193302296102051 -0.0011004384141415355 -0.0024500000290572656
v 0.0010193302296102051 -0.0011004384141415355 -0.0024500000290572656
v 0.0013958511408418423 -0.000549186544958502 -0.004449999891221525
v 0.0010193302296102051 -0.0011004384141415355 -0.004449999891221525
v -0.00013155510532669728 -0.0048335213214159 -0.0024500000290572656
v -0.00013155510532669728 -0.0048335213214159 -0.004449999891221525
v 0.0004468531406018885 -0.0045002265833318225 -0.0024500000290572656
v 0.0004468531406018885 -0.0045002265833318225 -0.0024500000290572656
v -0.00013155510532669728 -0.0048335213214159 -0.004449999891221525
v 0.0004468531406018885 -0.0045002265833318225 -0.004449999891221525
v 0.0004468531406018885 -0.0045002265833318225 -0.0024500000290572656
v 0.0004468531406018885 -0.0045002265833318225 -0.004449999891221525
v 0.0011125934543088083 -0.004450899548828601 -0.0024500000290572656
v 0.0011125934543088083 -0.004450899548828601 -0.0024500000290572656
v 0.0004468531406018885 -0.0045002265833318225 -0.004449999891221525
v 0.0011125934543088083 -0.004450899548828601 -0.004449999891221525
v 0.0011125934543088083 -0.004450899548828601 -0.0024500000290572656
v 0.0011125934543088083 -0.004450899548828601 -0.004449999891221525
v 0.0017338052857667216 -0.004695310723036527 -0.0024500000290572656
v 0.0017338052857667216 -0.004695310723036527 -0.0024500000290572656
v 0.0011125934543088083 -0.004450899548828601 -0.004449999891221525
v 0.0017338052857667216 -0.004695310723036527 -0.004449999891221525
v 0.0017338052857667216 -0.004695310723036527 -0.0024500000290572656
v 0.0017338052857667216 -0.004695310723036527 -0.004449999891221525
v 0.0021874515805393466 -0.005185051355510949 -0.0024500000290572656
v 0.0021874515805393466 -0.005185051355510949 -0.0024500000290572656
v 0.0017338052857667216 -0.004695310723036527 -0.004449999891221525
v 0.0021874515805393466 -0.005185051355510949 -0.004449999891221525
v 0.0021874515805393466 -0.005185051355510949 -0.0024500000290572656
v 0.0021874515805393466 -0.005185051355510949 -0.004449999891221525
v 0.0023836786858737477 -0.005823122803121804 -0.0024500000290572656
v 0.0023836786858737477 -0.005823122803121804 -0.0024500000290572656
v 0.0021874515805393466 -0.005185051355510949 -0.004449999891221525
v 0.0023836786858737477 -0.005823122803121804 -0.004449999891221525
v 0.0023836786858737477 -0.005823122803121804 -0.0024500000290572656
v 0.0023836786858737477 -0.005823122803121804 -0.004449999891221525
v 0.0022836250718683013 -0.006483146455138921 -0.0024500000290572656
v 0.0022836250718683013 -0.006483146455138921 -0.0024500000290572656
v 0.0023836786858737477 -0.005823122803121804 -0.004449999891221525
v 0.0022836250718683013 -0.006483146455138921 -0.004449999891221525
v 0.0022836250718683013 -0.006483146455138921 -0.0024500000290572656
v 0.0022836250718683013 -0.006483146455138921 -0.004449999891221525
v 0.0019071109127253303 -0.007034394890069961 -0.0024500000290572656
v 0.0019071109127253303 -0.007034394890069961 -0.0024500000290572656
v 0.0022836250718683013 -0.006483146455138921 -0.004449999891221525
v 0.0019071109127253303 -0.007034394890069961 -0.004449999891221525
v 6.145551014924425e-05 0.005544027313590049 -0.0075500002130866085
v 0.0075306906364858185 -0.0038431012071669097 -0.0075500002130866085
v 6.145551014924425e-05 0.005544027313590049 -0.004449999891221525
v 6.145551014924425e-05 0.005544027313590049 -0.004449999891221525
v 0.0075306906364858185 -0.0038431012071669097 -0.0075500002130866085
v 0.0075306906364858185 -0.0038431012071669097 -0.004449999891221525
v -0.0012996698496863252 -0.0007489050040021538 -0.004449999891221525
v -0.0008460237295366827 -0.0012386451708152888 -0.004449999891221525
v -0.0037458343431353586 -0.004125748295336961 -0.004449999891221525
v -0.0037458343431353586 -0.004125748295336961 -0.004449999891221525
v -0.004431259352713825 -0.003045169403776526 -0.004449999891221525
v -0.0012996698496863252 -0.0007489050040021538 -0.004449999891221525
v -0.0012996698496863252 -0.0007489050040021538 -0.004449999891221525
v -0.004431259352713825 -0.003045169403776526 -0.004449999891221525
v -0.004871956538408996 -0.0018438192782923577 -0.004449999891221525
v -0.0012996698496863252 -0.0007489050040021538 -0.004449999891221525
v -0.004871956538408996 -0.0018438192782923577 -0.004449999891221525
v -0.00149589718785137 -0.00011083282879553734 -0.004449999891221525
v 0.0075306906364858185 -0.0038431012071669097 -0.004449999891221525
v 0.0021874515805393466 -0.005185051355510949 -0.004449999891221525
v 0.0017338052857667216 -0.004695310723036527 -0.004449999891221525
v 0.0013958511408418423 -0.000549186544958502 -0.004449999891221525
v 0.0014958980027586228 0.00011083354183938353 -0.004449999891221525
v 0.0075306906364858185 -0.0038431012071669097 -0.004449999891221525
v 0.0075306906364858185 -0.0038431012071669097 -0.004449999891221525
v 0.0014958980027586228 0.00011083354183938353 -0.004449999891221525
v 0.0012996708974242217 0.0007489055860787629 -0.004449999891221525
v 0.0075306906364858185 -0.0038431012071669097 -0.004449999891221525
v 0.0012996708974242217 0.0007489055860787629 -0.004449999891221525
v 6.145551014924425e-05 0.005544027313590049 -0.004449999891221525
v 0.0012996708974242217 0.0007489055860787629 -0.004449999891221525
v 0.0008460246608592573 0.001238645752891898 -0.004449999891221525
v 6.145551014924425e-05 0.005544027313590049 -0.004449999891221525
v 6.145551014924425e-05 0.005544027313590049 -0.004449999891221525
v 0.0008460246608592573 0.001238645752891898 -0.004449999891221525
v 0.00022481275664176803 0.001483056810684502 -0.004449999891221525
v 6.145551014924425e-05 0.005544027313590049 -0.004449999891221525
v 0.00022481275664176803 0.001483056810684502 -0.004449999891221525
v -0.0010947252158075575 0.005251189228147267 -0.004449999891221525
v -0.0010947252158075575 0.005251189228147267 -0.004449999891221525
v 0.00022481275664176803 0.001483056810684502 -0.004449999891221525
v -0.0004409273678902539 0.0014337296597659586 -0.004449999891221525
v -0.0010947252158075575 0.005251189228147267 -0.004449999891221525
v -0.0004409273678902539 0.0014337296597659586 -0.004449999891221525
v -0.002173514338210226 0.004733392968773841 -0.004449999891221525
v -0.002173514338210226 0.004733392968773841 -0.004449999891221525
v -0.0004409273678902539 0.0014337296597659586 -0.004449999891221525
v -0.0010193292982876305 0.0011004389962181447 -0.004449999891221525
v -0.001395850093103946 0.0005491870688274502 -0.004449999891221525
v -0.003968784119933845 0.003047089325264096 -0.004449999891221525
v -0.0010193292982876305 0.0011004389962181447 -0.004449999891221525
v -0.0010193292982876305 0.0011004389962181447 -0.004449999891221525
v -0.003968784119933845 0.003047089325264096 -0.004449999891221525
v -0.003128095762804152 0.0040118177421391 -0.004449999891221525
v -0.0010193292982876305 0.0011004389962181447 -0.004449999891221525
v -0.003128095762804152 0.0040118177421391 -0.004449999891221525
v -0.002173514338210226 0.004733392968773841 -0.004449999891221525
v 0.0013958511408418423 -0.000549186544958502 -0.004449999891221525
v 0.0075306906364858185 -0.0038431012071669097 -0.004449999891221525
v 0.0010193302296102051 -0.0011004384141415355 -0.004449999891221525
v 0.0010193302296102051 -0.0011004384141415355 -0.004449999891221525
v 0.0075306906364858185 -0.0038431012071669097 -0.004449999891221525
v 0.0017338052857667216 -0.004695310723036527 -0.004449999891221525
v 0.0010193302296102051 -0.0011004384141415355 -0.004449999891221525
v 0.0017338052857667216 -0.004695310723036527 -0.004449999891221525
v 0.0004409220418892803 -0.0014337329193949697 -0.004449999891221525
v 0.0004409220418892803 -0.0014337329193949697 -0.004449999891221525
v 0.0017338052857667216 -0.004695310723036527 -0.004449999891221525
v 0.0011125934543088083 -0.004450899548828601 -0.004449999891221525
v 0.0004409220418892803 -0.0014337329193949697 -0.004449999891221525
v 0.0011125934543088083 -0.004450899548828601 -0.004449999891221525
v -0.00022481179621536296 -0.0014830562286078928 -0.004449999891221525
v -0.00022481179621536296 -0.0014830562286078928 -0.004449999891221525
v 0.0011125934543088083 -0.004450899548828601 -0.004449999891221525
v 0.0004468531406018885 -0.0045002265833318225 -0.004449999891221525
v -0.00022481179621536296 -0.0014830562286078928 -0.004449999891221525
v 0.0004468531406018885 -0.0045002265833318225 -0.004449999891221525
v -0.0008460237295366827 -0.0012386451708152888 -0.004449999891221525
v -0.0008460237295366827 -0.0012386451708152888 -0.004449999891221525
v 0.0004468531406018885 -0.0045002265833318225 -0.004449999891221525
v -0.00013155510532669728 -0.0048335213214159 -0.004449999891221525
v -0.0008460237295366827 -0.0012386451708152888 -0.004449999891221525
v -0.00013155510532669728 -0.0048335213214159 -0.004449999891221525
v -0.0037458343431353586 -0.004125748295336961 -0.004449999891221525
v -0.00013155510532669728 -0.0048335213214159 -0.004449999891221525
v -0.0005080695846118035 -0.005384769290685653 -0.004449999891221525
v -0.0037458343431353586 -0.004125748295336961 -0.004449999891221525
v -0.0037458343431353586 -0.004125748295336961 -0.004449999891221525
v -0.0005080695846118035 -0.005384769290685653 -0.004449999891221525
v -0.0006081229657866063 -0.006044792942702769 -0.004449999891221525
v -0.0037458343431353586 -0.004125748295336961 -0.004449999891221525
v -0.0006081229657866063 -0.006044792942702769 -0.004449999891221525
v -0.0009128389065153901 -0.007686174940317868 -0.004449999891221525
v -0.0009128389065153901 -0.007686174940317868 -0.004449999891221525
v -0.0006081229657866063 -0.006044792942702769 -0.004449999891221525
v -0.00041188931209035234 -0.006682861130684613 -0.004449999891221525
v -0.0009128389065153901 -0.007686174940317868 -0.004449999891221525
v -0.00041188931209035234 -0.006682861130684613 -0.004449999891221525
v -0.00024270672292914252 -0.008253308944404123 -0.004449999891221525
v -0.00024270672292914252 -0.008253308944404123 -0.004449999891221525
v -0.00041188931209035234 -0.006682861130684613 -0.004449999891221525
v 4.175710637355225e-05 -0.007172601763159036 -0.004449999891221525
v -0.00024270672292914252 -0.008253308944404123 -0.004449999891221525
v 4.175710637355225e-05 -0.007172601763159036 -0.004449999891221525
v 0.0005934504442848267 -0.008520821109414099 -0.004449999891221525
v 0.0005934504442848267 -0.008520821109414099 -0.004449999891221525
v 4.175710637355225e-05 -0.007172601763159036 -0.004449999891221525
v 0.0006629686686210338 -0.007417012471705674 -0.004449999891221525
v 0.0005934504442848267 -0.008520821109414099 -0.004449999891221525
v 0.0006629686686210338 -0.007417012471705674 -0.004449999891221525
v 0.0014683310873806483 -0.008447987027466295 -0.004449999891221525
v 0.0014683310873806483 -0.008447987027466295 -0.004449999891221525
v 0.0006629686686210338 -0.007417012471705674 -0.004449999891221525
v 0.0013287026667967445 -0.007367689162492751 -0.004449999891221525
v 0.0014683310873806483 -0.008447987027466295 -0.004449999891221525
v 0.0013287026667967445 -0.007367689162492751 -0.004449999891221525
v 0.002248740056529642 -0.008045896887779234 -0.004449999891221525
v 0.002248740056529642 -0.008045896887779234 -0.004449999891221525
v 0.0013287026667967445 -0.007367689162492751 -0.004449999891221525
v 0.0019071109127253303 -0.007034394890069961 -0.004449999891221525
v 0.002248740056529642 -0.008045896887779234 -0.004449999891221525
v 0.0019071109127253303 -0.007034394890069961 -0.004449999891221525
v 0.004300422035157682 -0.00641339411959052 -0.004449999891221525
v 0.004300422035157682 -0.00641339411959052 -0.004449999891221525
v 0.0019071109127253303 -0.007034394890069961 -0.004449999891221525
v 0.0022836250718683013 -0.006483146455138921 -0.004449999891221525
v 0.004300422035157682 -0.00641339411959052 -0.004449999891221525
v 0.0022836250718683013 -0.006483146455138921 -0.004449999891221525
v 0.0075306906364858185 -0.0038431012071669097 -0.004449999891221525
v 0.0075306906364858185 -0.0038431012071669097 -0.004449999891221525
v 0.0022836250718683013 -0.006483146455138921 -0.004449999891221525
v 0.0023836786858737477 -0.005823122803121804 -0.004449999891221525
v 0.0075306906364858185 -0.0038431012071669097 -0.004449999891221525
v 0.0023836786858737477 -0.005823122803121804 -0.004449999891221525
v 0.0021874515805393466 -0.005185051355510949 -0.004449999891221525
v -0.004871956538408996 -0.0018438192782923577 -0.004449999891221525
v -0.005047868471592667 -0.0005763338413089513 -0.004449999891221525
v -0.00149589718785137 -0.00011083282879553734 -0.004449999891221525
v -0.00149589718785137 -0.00011083282879553734 -0.004449999891221525
v -0.005047868471592667 -0.0005763338413089513 -0.004449999891221525
v -0.004951009526848796 0.0006996261654421686 -0.004449999891221525
v -0.00149589718785137 -0.00011083282879553734 -0.004449999891221525
v -0.004951009526848796 0.0006996261654421686 -0.004449999891221525
v -0.001395850093103946 0.0005491870688274502 -0.004449999891221525
v -0.001395850093103946 0.0005491870688274502 -0.004449999891221525
v -0.004951009526848796 0.0006996261654421686 -0.004449999891221525
v -0.004585777875036003 0.0019260277040302751 -0.004449999891221525
v -0.001395850093103946 0.0005491870688274502 -0.004449999891221525
v -0.004585777875036003 0.0019260277040302751 -0.004449999891221525
v -0.003968784119933845 0.003047089325264096 -0.004449999891221525
v -0.0009128389065153901 -0.007686174940317868 -0.0029499998781830085
v -0.0009128389065153901 -0.007686174940317868 -0.004449999891221525
v -0.00030474780942313384 -0.008217626251280306 -0.0029499998781830085
v -0.00030474780942313384 -0.008217626251280306 -0.0029499998781830085
v -0.0009128389065153901 -0.007686174940317868 -0.004449999891221525
v -0.00024270672292914252 -0.008253308944404123 -0.004449999891221525
v -0.00030474780942313384 -0.008217626251280306 -0.0029499998781830085
v -0.00024270672292914252 -0.008253308944404123 -0.004449999891221525
v -0.00024270672292914252 -0.008253308944404123 -0.0029499998781830085
v -0.00024270672292914252 -0.008253308944404123 -0.0029499998781830085
v -0.00024270672292914252 -0.008253308944404123 -0.004449999891221525
v 0.00045182876056060217 -0.00850012432783842 -0.0029499998781830085
v 0.00045182876056060217 -0.00850012432783842 -0.0029499998781830085
v -0.00024270672292914252 -0.008253308944404123 -0.004449999891221525
v 0.0005934504442848267 -0.008520821109414099 -0.004449999891221525
v 0.00045182876056060217 -0.00850012432783842 -0.0029499998781830085
v 0.0005934504442848267 -0.008520821109414099 -0.004449999891221525
v 0.0005934504442848267 -0.008520821109414099 -0.0029499998781830085
v 0.0005934504442848267 -0.008520821109414099 -0.0029499998781830085
v 0.0005934504442848267 -0.008520821109414099 -0.004449999891221525
v 0.0012594207655638463 -0.008497274480760096 -0.0029499998781830085
v 0.0012594207655638463 -0.008497274480760096 -0.0029499998781830085
v 0.0005934504442848267 -0.008520821109414099 -0.004449999891221525
v 0.0014683310873806483 -0.008447987027466295 -0.004449999891221525
v 0.0012594207655638463 -0.008497274480760096 -0.0029499998781830085
v 0.0014683310873806483 -0.008447987027466295 -0.004449999891221525
v 0.0014683310873806483 -0.008447987027466295 -0.0029499998781830085
v 0.0014683310873806483 -0.008447987027466295 -0.0029499998781830085
v 0.0014683310873806483 -0.008447987027466295 -0.004449999891221525
v 0.002013984601944686 -0.00820944271981716 -0.0029499998781830085
v 0.002013984601944686 -0.00820944271981716 -0.0029499998781830085
v 0.0014683310873806483 -0.008447987027466295 -0.004449999891221525
v 0.002248740056529642 -0.008045896887779234 -0.004449999891221525
v 0.002013984601944686 -0.00820944271981716 -0.0029499998781830085
v 0.002248740056529642 -0.008045896887779234 -0.004449999891221525
v 0.002248740056529642 -0.008045896887779234 -0.0029499998781830085
v -0.0009128389065153901 -0.007686174940317868 -0.0075500002130866085
v -0.0009128389065153901 -0.007686174940317868 -0.009050000458955768
v -0.00024270672292914252 -0.008253308944404123 -0.009050000458955768
v -0.0009128389065153901 -0.007686174940317868 -0.0075500002130866085
v -0.00024270672292914252 -0.008253308944404123 -0.009050000458955768
v -0.00024270672292914252 -0.008253308944404123 -0.0075500002130866085
v -0.00024270672292914252 -0.008253308944404123 -0.0075500002130866085
v -0.00024270672292914252 -0.008253308944404123 -0.009050000458955768
v 0.0005934504442848267 -0.008520821109414099 -0.009050000458955768
v -0.00024270672292914252 -0.008253308944404123 -0.0075500002130866085
v 0.0005934504442848267 -0.008520821109414099 -0.009050000458955768
v 0.0005934504442848267 -0.008520821109414099 -0.0075500002130866085
v 0.0005934504442848267 -0.008520821109414099 -0.0075500002130866085
v 0.0005934504442848267 -0.008520821109414099 -0.009050000458955768
v 0.0014683310873806483 -0.008447987027466295 -0.009050000458955768
v 0.0005934504442848267 -0.008520821109414099 -0.0075500002130866085
v 0.0014683310873806483 -0.008447987027466295 -0.009050000458955768
v 0.0014683310873806483 -0.008447987027466295 -0.0075500002130866085
v 0.0014683310873806483 -0.008447987027466295 -0.0075500002130866085
v 0.0014683310873806483 -0.008447987027466295 -0.009050000458955768
v 0.002248740056529642 -0.008045896887779234 -0.009050000458955768
v 0.0014683310873806483 -0.008447987027466295 -0.0075500002130866085
v 0.002248740056529642 -0.008045896887779234 -0.009050000458955768
v 0.002248740056529642 -0.008045896887779234 -0.0075500002130866085
v -0.004725738428533079 -0.0023379223421216007 -0.009396377950906757
v -0.0048476061783731 -0.0019380331505089996 -0.00954999960958958
v -0.000521585170645267 -0.007374858018010854 -0.00954999960958958
v -0.000521585170645267 -0.007374858018010854 -0.00954999960958958
v -0.0009128389065153901 -0.007686174940317868 -0.009050000458955768
v -0.0037458343431353586 -0.004125748295336961 -0.009050000458955768
v -0.0037458343431353586 -0.004125748295336961 -0.009050000458955768
v -0.004311687778681518 -0.003274843096733093 -0.00913701951503754
v -0.000521585170645267 -0.007374858018010854 -0.00954999960958958
v -0.000521585170645267 -0.007374858018010854 -0.00954999960958958
v -0.004311687778681518 -0.003274843096733093 -0.00913701951503754
v -0.004432968795299532 -0.003041709074750542 -0.009187274612486366
v -0.000521585170645267 -0.007374858018010854 -0.00954999960958958
v -0.004432968795299532 -0.003041709074750542 -0.009187274612486366
v -0.004725738428533079 -0.0023379223421216007 -0.009396377950906757
v 0.0019374232506379494 -0.007654639426618814 -0.00954999960958958
v 0.002248740056529642 -0.008045896887779234 -0.009050000458955768
v 0.0014683310873806483 -0.008447987027466295 -0.009050000458955768
v 0.0019374232506379494 -0.007654639426618814 -0.00954999960958958
v 0.0014683310873806483 -0.008447987027466295 -0.009050000458955768
v 0.0013304384192451841 -0.007967376150190828 -0.00954999960958958
v 0.0013304384192451841 -0.007967376150190828 -0.00954999960958958
v 0.0014683310873806483 -0.008447987027466295 -0.009050000458955768
v 0.0005934504442848267 -0.008520821109414099 -0.009050000458955768
v 0.0013304384192451841 -0.007967376150190828 -0.00954999960958958
v 0.0005934504442848267 -0.008520821109414099 -0.009050000458955768
v 0.0006499775336124006 -0.00802402477711439 -0.00954999960958958
v 0.0006499775336124006 -0.00802402477711439 -0.00954999960958958
v 0.0005934504442848267 -0.008520821109414099 -0.009050000458955768
v -0.00024270672292914252 -0.008253308944404123 -0.009050000458955768
v 0.0006499775336124006 -0.00802402477711439 -0.00954999960958958
v -0.00024270672292914252 -0.008253308944404123 -0.009050000458955768
v -3.7098678262736955e-07 -0.007815962657332419 -0.00954999960958958
v -3.7098678262736955e-07 -0.007815962657332419 -0.00954999960958958
v -0.00024270672292914252 -0.008253308944404123 -0.009050000458955768
v -0.0009128389065153901 -0.007686174940317868 -0.009050000458955768
v -3.7098678262736955e-07 -0.007815962657332419 -0.00954999960958958
v -0.0009128389065153901 -0.007686174940317868 -0.009050000458955768
v -0.000521585170645267 -0.007374858018010854 -0.00954999960958958
v 0.002013984601944686 -0.00820944271981716 -0.0029499998781830085
v 0.002248740056529642 -0.008045896887779234 -0.0029499998781830085
v 0.0017548344330862173 -0.007781843189150094 -0.0024500000290572656
v 0.0017548344330862173 -0.007781843189150094 -0.0024500000290572656
v 0.002248740056529642 -0.008045896887779234 -0.0029499998781830085
v 0.0019374232506379494 -0.007654639426618814 -0.0024500000290572656
v -0.0009128389065153901 -0.007686174940317868 -0.0029499998781830085
v -0.000521585170645267 -0.007374858018010854 -0.0024500000290572656
v -0.0037458343431353586 -0.004125748295336961 -0.0029499998781830085
v -0.0037458343431353586 -0.004125748295336961 -0.0029499998781830085
v -0.000521585170645267 -0.007374858018010854 -0.0024500000290572656
v -0.0048476061783731 -0.0019380331505089996 -0.0024500000290572656
v -0.0037458343431353586 -0.004125748295336961 -0.0029499998781830085
v -0.0048476061783731 -0.0019380331505089996 -0.0024500000290572656
v -0.0039649242535233515 -0.0038324652705341573 -0.002938831923529507
v -0.0039649242535233515 -0.0038324652705341573 -0.002938831923529507
v -0.0048476061783731 -0.0019380331505089996 -0.0024500000290572656
v -0.004488558042794468 -0.002925764303654432 -0.00278403307311237
usemtl material_191919
f 1 2 3
f 4 5 6
f 7 8 9
f 10 11 12
f 13 14 15
f 16 17 18
f 19 20 21
f 22 23 24
f 25 26 27
f 28 29 30
f 31 32 33
f 34 35 36
f 37 38 39
f 40 41 42
f 43 44 45
f 46 47 48
f 49 50 51
f 52 53 54
f 55 56 57
f 58 59 60
f 61 62 63
f 64 65 66
f 67 68 69
f 70 71 72
f 73 74 75
f 76 77 78
f 79 80 81
f 82 83 84
f 85 86 87
f 88 89 90
f 91 92 93
f 94 95 96
f 97 98 99
f 100 101 102
f 103 104 105
f 106 107 108
f 109 110 111
f 112 113 114
f 115 116 117
f 118 119 120
f 121 122 123
f 124 125 126
f 127 128 129
f 130 131 132
f 133 134 135
f 136 137 138
f 139 140 141
f 142 143 144
f 145 146 147
f 148 149 150
f 151 152 153
f 154 155 156
f 157 158 159
f 160 161 162
f 163 164 165
f 166 167 168
f 169 170 171
f 172 173 174
f 175 176 177
f 178 179 180
f 181 182 183
f 184 185 186
f 187 188 189
f 190 191 192
f 193 194 195
f 196 197 198
f 199 200 201
f 202 203 204
f 205 206 207
f 208 209 210
f 211 212 213
f 214 215 216
f 217 218 219
f 220 221 222
f 223 224 225
f 226 227 228
f 229 230 231
f 232 233 234
f 235 236 237
f 238 239 240
f 241 242 243
f 244 245 246
f 247 248 249
f 250 251 252
f 253 254 255
f 256 257 258
f 259 260 261
f 262 263 264
f 265 266 267
f 268 269 270
f 271 272 273
f 274 275 276
f 277 278 279
f 280 281 282
f 283 284 285
f 286 287 288
f 289 290 291
f 292 293 294
f 295 296 297
f 298 299 300
f 301 302 303
f 304 305 306
f 307 308 309
f 310 311 312
f 313 314 315
f 316 317 318
f 319 320 321
f 322 323 324
f 325 326 327
f 328 329 330
f 331 332 333
f 334 335 336
f 337 338 339
f 340 341 342
f 343 344 345
f 346 347 348
f 349 350 351
f 352 353 354
f 355 356 357
f 358 359 360
f 361 362 363
f 364 365 366
f 367 368 369
f 370 371 372
f 373 374 375
f 376 377 378
f 379 380 381
f 382 383 384
f 385 386 387
f 388 389 390
f 391 392 393
f 394 395 396
f 397 398 399
f 400 401 402
f 403 404 405
f 406 407 408
f 409 410 411
f 412 413 414
f 415 416 417
f 418 419 420
f 421 422 423
f 424 425 426
f 427 428 429
f 430 431 432
f 433 434 435
f 436 437 438
f 439 440 441
f 442 443 444
f 445 446 447
f 448 449 450
f 451 452 453
f 454 455 456
f 457 458 459
f 460 461 462
f 463 464 465
f 466 467 468
f 469 470 471
f 472 473 474
f 475 476 477
f 478 479 480
f 481 482 483
f 484 485 486
f 487 488 489
f 490 491 492
f 493 494 495
f 496 497 498
f 499 500 501
f 502 503 504
f 505 506 507
f 508 509 510
f 511 512 513
f 514 515 516
f 517 518 519
f 520 521 522
f 523 524 525
f 526 527 528
f 529 530 531
f 532 533 534
f 535 536 537
f 538 539 540
f 541 542 543
f 544 545 546
f 547 548 549
f 550 551 552
f 553 554 555
f 556 557 558
f 559 560 561
f 562 563 564
f 565 566 567
f 568 569 570
f 571 572 573
f 574 575 576
f 577 578 579
f 580 581 582
f 583 584 585
f 586 587 588
f 589 590 591
f 592 593 594
f 595 596 597
f 598 599 600
f 601 602 603
f 604 605 606
f 607 608 609
f 610 611 612
f 613 614 615
f 616 617 618
f 619 620 621
f 622 623 624
f 625 626 627
f 628 629 630
f 631 632 633
f 634 635 636
f 637 638 639
f 640 641 642
f 643 644 645
f 646 647 648
f 649 650 651
f 652 653 654
f 655 656 657
f 658 659 660
f 661 662 663
f 664 665 666
f 667 668 669
f 670 671 672
f 673 674 675
f 676 677 678
f 679 680 681
f 682 683 684
f 685 686 687
f 688 689 690
f 691 692 693
f 694 695 696
f 697 698 699
f 700 701 702
f 703 704 705
f 706 707 708
f 709 710 711
f 712 713 714
f 715 716 717
f 718 719 720
f 721 722 723
f 724 725 726
f 727 728 729
f 730 731 732
f 733 734 735
f 736 737 738
f 739 740 741
f 742 743 744
f 745 746 747
f 748 749 750
f 751 752 753
f 754 755 756
f 757 758 759
f 760 761 762
f 763 764 765
f 766 767 768
f 769 770 771
f 772 773 774
f 775 776 777
f 778 779 780
f 781 782 783
f 784 785 786
f 787 788 789
f 790 791 792
f 793 794 795
f 796 797 798
f 799 800 801
f 802 803 804
f 805 806 807
f 808 809 810
f 811 812 813
f 814 815 816
f 817 818 819
f 820 821 822
f 823 824 825
f 826 827 828
f 829 830 831
f 832 833 834
f 835 836 837
f 838 839 840
f 841 842 843
f 844 845 846
f 847 848 849
f 850 851 852
f 853 854 855
f 856 857 858
f 859 860 861
f 862 863 864
f 865 866 867
f 868 869 870
f 871 872 873
f 874 875 876
f 877 878 879
f 880 881 882
f 883 884 885
f 886 887 888
f 889 890 891
f 892 893 894
f 895 896 897
f 898 899 900
f 901 902 903
f 904 905 906
f 907 908 909
f 910 911 912
f 913 914 915
f 916 917 918
f 919 920 921
f 922 923 924
f 925 926 927
f 928 929 930
f 931 932 933
f 934 935 936
f 937 938 939
f 940 941 942
f 943 944 945
f 946 947 948
f 949 950 951
f 952 953 954
f 955 956 957
f 958 959 960
f 961 962 963
f 964 965 966
f 967 968 969
f 970 971 972
f 973 974 975
f 976 977 978
f 979 980 981
f 982 983 984
f 985 986 987
f 988 989 990
f 991 992 993
f 994 995 996
f 997 998 999
f 1000 1001 1002
f 1003 1004 1005
f 1006 1007 1008
f 1009 1010 1011
f 1012 1013 1014
f 1015 1016 1017
f 1018 1019 1020
f 1021 1022 1023
f 1024 1025 1026
f 1027 1028 1029
f 1030 1031 1032
f 1033 1034 1035
f 1036 1037 1038
f 1039 1040 1041
f 1042 1043 1044
f 1045 1046 1047
f 1048 1049 1050
f 1051 1052 1053
f 1054 1055 1056
f 1057 1058 1059
f 1060 1061 1062
f 1063 1064 1065
f 1066 1067 1068
f 1069 1070 1071
f 1072 1073 1074
f 1075 1076 1077
f 1078 1079 1080
f 1081 1082 1083
f 1084 1085 1086
f 1087 1088 1089
f 1090 1091 1092
f 1093 1094 1095
f 1096 1097 1098
f 1099 1100 1101
f 1102 1103 1104
f 1105 1106 1107
f 1108 1109 1110
f 1111 1112 1113
f 1114 1115 1116
f 1117 1118 1119
f 1120 1121 1122
f 1123 1124 1125
f 1126 1127 1128
f 1129 1130 1131
f 1132 1133 1134
f 1135 1136 1137
f 1138 1139 1140
f 1141 1142 1143
f 1144 1145 1146
f 1147 1148 1149
f 1150 1151 1152
f 1153 1154 1155
f 1156 1157 1158
f 1159 1160 1161
f 1162 1163 1164
f 1165 1166 1167
f 1168 1169 1170
f 1171 1172 1173
f 1174 1175 1176
f 1177 1178 1179
f 1180 1181 1182
f 1183 1184 1185
f 1186 1187 1188
f 1189 1190 1191
f 1192 1193 1194
f 1195 1196 1197
f 1198 1199 1200
f 1201 1202 1203
f 1204 1205 1206
f 1207 1208 1209
f 1210 1211 1212
f 1213 1214 1215
f 1216 1217 1218
f 1219 1220 1221
f 1222 1223 1224
f 1225 1226 1227
f 1228 1229 1230
f 1231 1232 1233
f 1234 1235 1236
f 1237 1238 1239
f 1240 1241 1242
f 1243 1244 1245
f 1246 1247 1248
f 1249 1250 1251
f 1252 1253 1254
f 1255 1256 1257
f 1258 1259 1260
f 1261 1262 1263
f 1264 1265 1266
f 1267 1268 1269
f 1270 1271 1272
f 1273 1274 1275
f 1276 1277 1278
f 1279 1280 1281
f 1282 1283 1284
f 1285 1286 1287
f 1288 1289 1290
f 1291 1292 1293
f 1294 1295 1296
f 1297 1298 1299
f 1300 1301 1302
f 1303 1304 1305
f 1306 1307 1308
f 1309 1310 1311
f 1312 1313 1314
f 1315 1316 1317
f 1318 1319 1320
f 1321 1322 1323
f 1324 1325 1326
f 1327 1328 1329
f 1330 1331 1332
f 1333 1334 1335
f 1336 1337 1338
f 1339 1340 1341
f 1342 1343 1344
f 1345 1346 1347
f 1348 1349 1350
f 1351 1352 1353
f 1354 1355 1356
f 1357 1358 1359
f 1360 1361 1362
f 1363 1364 1365
f 1366 1367 1368
f 1369 1370 1371
f 1372 1373 1374
f 1375 1376 1377
f 1378 1379 1380
f 1381 1382 1383
f 1384 1385 1386
f 1387 1388 1389
f 1390 1391 1392
f 1393 1394 1395
f 1396 1397 1398
f 1399 1400 1401
f 1402 1403 1404
f 1405 1406 1407
f 1408 1409 1410
f 1411 1412 1413
f 1414 1415 1416
f 1417 1418 1419
f 1420 1421 1422
f 1423 1424 1425
f 1426 1427 1428
f 1429 1430 1431
f 1432 1433 1434
f 1435 1436 1437
f 1438 1439 1440
f 1441 1442 1443
f 1444 1445 1446
f 1447 1448 1449
f 1450 1451 1452
f 1453 1454 1455
f 1456 1457 1458
f 1459 1460 1461
f 1462 1463 1464
f 1465 1466 1467
f 1468 1469 1470
f 1471 1472 1473
f 1474 1475 1476
f 1477 1478 1479
f 1480 1481 1482
f 1483 1484 1485
f 1486 1487 1488
f 1489 1490 1491
f 1492 1493 1494
f 1495 1496 1497
f 1498 1499 1500
f 1501 1502 1503
f 1504 1505 1506
f 1507 1508 1509
f 1510 1511 1512
f 1513 1514 1515
f 1516 1517 1518
f 1519 1520 1521
f 1522 1523 1524
f 1525 1526 1527
f 1528 1529 1530
f 1531 1532 1533
f 1534 1535 1536
f 1537 1538 1539
f 1540 1541 1542
f 1543 1544 1545
f 1546 1547 1548
f 1549 1550 1551
f 1552 1553 1554
f 1555 1556 1557
f 1558 1559 1560
f 1561 1562 1563
f 1564 1565 1566
f 1567 1568 1569
f 1570 1571 1572
f 1573 1574 1575
f 1576 1577 1578
f 1579 1580 1581
f 1582 1583 1584
f 1585 1586 1587
f 1588 1589 1590
f 1591 1592 1593
f 1594 1595 1596
f 1597 1598 1599
f 1600 1601 1602
f 1603 1604 1605
f 1606 1607 1608
f 1609 1610 1611
f 1612 1613 1614
f 1615 1616 1617
f 1618 1619 1620
f 1621 1622 1623
f 1624 1625 1626
f 1627 1628 1629
f 1630 1631 1632
f 1633 1634 1635
f 1636 1637 1638
f 1639 1640 1641
f 1642 1643 1644
f 1645 1646 1647
f 1648 1649 1650
f 1651 1652 1653
f 1654 1655 1656
f 1657 1658 1659
f 1660 1661 1662
f 1663 1664 1665
f 1666 1667 1668
f 1669 1670 1671
f 1672 1673 1674
f 1675 1676 1677
f 1678 1679 1680
f 1681 1682 1683
f 1684 1685 1686
f 1687 1688 1689
f 1690 1691 1692
f 1693 1694 1695
f 1696 1697 1698
f 1699 1700 1701
f 1702 1703 1704
f 1705 1706 1707
f 1708 1709 1710
f 1711 1712 1713
f 1714 1715 1716
f 1717 1718 1719
f 1720 1721 1722
f 1723 1724 1725
f 1726 1727 1728
f 1729 1730 1731
f 1732 1733 1734
f 1735 1736 1737
f 1738 1739 1740
f 1741 1742 1743
f 1744 1745 1746
f 1747 1748 1749
f 1750 1751 1752
f 1753 1754 1755
f 1756 1757 1758
f 1759 1760 1761
f 1762 1763 1764
f 1765 1766 1767
f 1768 1769 1770
f 1771 1772 1773
f 1774 1775 1776
f 1777 1778 1779
f 1780 1781 1782
f 1783 1784 1785
f 1786 1787 1788
f 1789 1790 1791
f 1792 1793 1794
f 1795 1796 1797
f 1798 1799 1800
f 1801 1802 1803
f 1804 1805 1806
f 1807 1808 1809
f 1810 1811 1812
f 1813 1814 1815
f 1816 1817 1818
f 1819 1820 1821
f 1822 1823 1824
f 1825 1826 1827
f 1828 1829 1830
f 1831 1832 1833
f 1834 1835 1836
f 1837 1838 1839
f 1840 1841 1842
f 1843 1844 1845
f 1846 1847 1848
f 1849 1850 1851
f 1852 1853 1854
f 1855 1856 1857
f 1858 1859 1860
f 1861 1862 1863
f 1864 1865 1866
f 1867 1868 1869
f 1870 1871 1872
f 1873 1874 1875
f 1876 1877 1878
f 1879 1880 1881
f 1882 1883 1884
f 1885 1886 1887
f 1888 1889 1890
f 1891 1892 1893
f 1894 1895 1896
f 1897 1898 1899
f 1900 1901 1902
f 1903 1904 1905
f 1906 1907 1908
f 1909 1910 1911
f 1912 1913 1914
f 1915 1916 1917
f 1918 1919 1920
f 1921 1922 1923
f 1924 1925 1926
f 1927 1928 1929
f 1930 1931 1932
f 1933 1934 1935
f 1936 1937 1938
f 1939 1940 1941
f 1942 1943 1944
f 1945 1946 1947
f 1948 1949 1950
f 1951 1952 1953
f 1954 1955 1956
f 1957 1958 1959
f 1960 1961 1962
f 1963 1964 1965
f 1966 1967 1968
f 1969 1970 1971
f 1972 1973 1974
f 1975 1976 1977
f 1978 1979 1980
f 1981 1982 1983
f 1984 1985 1986
f 1987 1988 1989
f 1990 1991 1992
f 1993 1994 1995
f 1996 1997 1998
f 1999 2000 2001
f 2002 2003 2004
f 2005 2006 2007
f 2008 2009 2010
f 2011 2012 2013
f 2014 2015 2016
f 2017 2018 2019
f 2020 2021 2022
f 2023 2024 2025
f 2026 2027 2028
f 2029 2030 2031
f 2032 2033 2034
f 2035 2036 2037
f 2038 2039 2040
f 2041 2042 2043
f 2044 2045 2046
f 2047 2048 2049
f 2050 2051 2052
f 2053 2054 2055
f 2056 2057 2058
f 2059 2060 2061
f 2062 2063 2064
f 2065 2066 2067
f 2068 2069 2070
f 2071 2072 2073
f 2074 2075 2076
f 2077 2078 2079
f 2080 2081 2082
f 2083 2084 2085
f 2086 2087 2088
f 2089 2090 2091
f 2092 2093 2094
f 2095 2096 2097
f 2098 2099 2100
f 2101 2102 2103
f 2104 2105 2106
f 2107 2108 2109
f 2110 2111 2112
f 2113 2114 2115
f 2116 2117 2118
f 2119 2120 2121
f 2122 2123 2124
f 2125 2126 2127
f 2128 2129 2130
f 2131 2132 2133
f 2134 2135 2136
f 2137 2138 2139
f 2140 2141 2142
f 2143 2144 2145
f 2146 2147 2148
f 2149 2150 2151
f 2152 2153 2154
f 2155 2156 2157
f 2158 2159 2160
f 2161 2162 2163
f 2164 2165 2166
f 2167 2168 2169
f 2170 2171 2172
f 2173 2174 2175
f 2176 2177 2178
f 2179 2180 2181
f 2182 2183 2184
f 2185 2186 2187
f 2188 2189 2190
f 2191 2192 2193
f 2194 2195 2196
f 2197 2198 2199
f 2200 2201 2202
f 2203 2204 2205
f 2206 2207 2208
f 2209 2210 2211
f 2212 2213 2214
f 2215 2216 2217
f 2218 2219 2220
f 2221 2222 2223
f 2224 2225 2226
f 2227 2228 2229
f 2230 2231 2232
f 2233 2234 2235
f 2236 2237 2238
f 2239 2240 2241
f 2242 2243 2244
f 2245 2246 2247
f 2248 2249 2250
f 2251 2252 2253
f 2254 2255 2256
f 2257 2258 2259
f 2260 2261 2262
f 2263 2264 2265
f 2266 2267 2268
f 2269 2270 2271
f 2272 2273 2274
f 2275 2276 2277
f 2278 2279 2280
f 2281 2282 2283
f 2284 2285 2286
f 2287 2288 2289
f 2290 2291 2292
f 2293 2294 2295
f 2296 2297 2298
f 2299 2300 2301
f 2302 2303 2304
f 2305 2306 2307
f 2308 2309 2310
f 2311 2312 2313
f 2314 2315 2316
f 2317 2318 2319
f 2320 2321 2322
f 2323 2324 2325
f 2326 2327 2328
f 2329 2330 2331
f 2332 2333 2334
f 2335 2336 2337
f 2338 2339 2340
f 2341 2342 2343
f 2344 2345 2346
f 2347 2348 2349
f 2350 2351 2352
f 2353 2354 2355
f 2356 2357 2358
f 2359 2360 2361
f 2362 2363 2364
f 2365 2366 2367
f 2368 2369 2370
f 2371 2372 2373
f 2374 2375 2376
f 2377 2378 2379
f 2380 2381 2382
f 2383 2384 2385
f 2386 2387 2388
f 2389 2390 2391
f 2392 2393 2394
f 2395 2396 2397
f 2398 2399 2400
f 2401 2402 2403
f 2404 2405 2406
f 2407 2408 2409
f 2410 2411 2412
f 2413 2414 2415
f 2416 2417 2418
f 2419 2420 2421
f 2422 2423 2424
f 2425 2426 2427
f 2428 2429 2430
f 2431 2432 2433
f 2434 2435 2436
f 2437 2438 2439
f 2440 2441 2442
f 2443 2444 2445
f 2446 2447 2448
f 2449 2450 2451
f 2452 2453 2454
f 2455 2456 2457
f 2458 2459 2460
f 2461 2462 2463
f 2464 2465 2466
f 2467 2468 2469
f 2470 2471 2472
f 2473 2474 2475
f 2476 2477 2478
f 2479 2480 2481
f 2482 2483 2484
f 2485 2486 2487
f 2488 2489 2490
f 2491 2492 2493
f 2494 2495 2496
f 2497 2498 2499
f 2500 2501 2502
f 2503 2504 2505
f 2506 2507 2508
f 2509 2510 2511
f 2512 2513 2514
f 2515 2516 2517
f 2518 2519 2520
f 2521 2522 2523
f 2524 2525 2526
f 2527 2528 2529
f 2530 2531 2532
f 2533 2534 2535
f 2536 2537 2538
f 2539 2540 2541
f 2542 2543 2544
f 2545 2546 2547
f 2548 2549 2550
f 2551 2552 2553
f 2554 2555 2556
f 2557 2558 2559
f 2560 2561 2562
f 2563 2564 2565
f 2566 2567 2568
f 2569 2570 2571
f 2572 2573 2574
f 2575 2576 2577
f 2578 2579 2580
f 2581 2582 2583
f 2584 2585 2586
f 2587 2588 2589
f 2590 2591 2592
f 2593 2594 2595
f 2596 2597 2598
f 2599 2600 2601
f 2602 2603 2604
f 2605 2606 2607
f 2608 2609 2610
f 2611 2612 2613
f 2614 2615 2616
f 2617 2618 2619
f 2620 2621 2622
f 2623 2624 2625
f 2626 2627 2628
f 2629 2630 2631
f 2632 2633 2634
f 2635 2636 2637
f 2638 2639 2640
f 2641 2642 2643
f 2644 2645 2646
f 2647 2648 2649
f 2650 2651 2652
f 2653 2654 2655
f 2656 2657 2658
f 2659 2660 2661
f 2662 2663 2664
f 2665 2666 2667
f 2668 2669 2670
f 2671 2672 2673
f 2674 2675 2676
f 2677 2678 2679
f 2680 2681 2682
f 2683 2684 2685
f 2686 2687 2688
f 2689 2690 2691
f 2692 2693 2694
f 2695 2696 2697
f 2698 2699 2700
f 2701 2702 2703
f 2704 2705 2706
f 2707 2708 2709
f 2710 2711 2712
f 2713 2714 2715
f 2716 2717 2718
f 2719 2720 2721
f 2722 2723 2724
f 2725 2726 2727
f 2728 2729 2730
f 2731 2732 2733
f 2734 2735 2736
f 2737 2738 2739
f 2740 2741 2742
f 2743 2744 2745
f 2746 2747 2748
f 2749 2750 2751
f 2752 2753 2754
f 2755 2756 2757
f 2758 2759 2760
f 2761 2762 2763
f 2764 2765 2766
f 2767 2768 2769
f 2770 2771 2772
f 2773 2774 2775
f 2776 2777 2778
f 2779 2780 2781
f 2782 2783 2784
f 2785 2786 2787
f 2788 2789 2790
f 2791 2792 2793
f 2794 2795 2796
f 2797 2798 2799
f 2800 2801 2802
f 2803 2804 2805
f 2806 2807 2808
f 2809 2810 2811
f 2812 2813 2814
f 2815 2816 2817
f 2818 2819 2820
f 2821 2822 2823
f 2824 2825 2826
f 2827 2828 2829
f 2830 2831 2832
f 2833 2834 2835
f 2836 2837 2838
f 2839 2840 2841
f 2842 2843 2844
f 2845 2846 2847
f 2848 2849 2850
f 2851 2852 2853
f 2854 2855 2856
f 2857 2858 2859
f 2860 2861 2862
f 2863 2864 2865
f 2866 2867 2868
f 2869 2870 2871
f 2872 2873 2874
f 2875 2876 2877
f 2878 2879 2880
f 2881 2882 2883
f 2884 2885 2886
f 2887 2888 2889
f 2890 2891 2892
f 2893 2894 2895
f 2896 2897 2898
f 2899 2900 2901
f 2902 2903 2904
f 2905 2906 2907
f 2908 2909 2910
f 2911 2912 2913
f 2914 2915 2916
f 2917 2918 2919
f 2920 2921 2922
f 2923 2924 2925
f 2926 2927 2928
f 2929 2930 2931
f 2932 2933 2934
f 2935 2936 2937
f 2938 2939 2940
f 2941 2942 2943
f 2944 2945 2946
f 2947 2948 2949
f 2950 2951 2952
f 2953 2954 2955
f 2956 2957 2958
f 2959 2960 2961
f 2962 2963 2964
f 2965 2966 2967
f 2968 2969 2970
f 2971 2972 2973
f 2974 2975 2976
f 2977 2978 2979
f 2980 2981 2982
f 2983 2984 2985
f 2986 2987 2988
f 2989 2990 2991
f 2992 2993 2994
f 2995 2996 2997
f 2998 2999 3000
f 3001 3002 3003
f 3004 3005 3006
f 3007 3008 3009
f 3010 3011 3012
f 3013 3014 3015
f 3016 3017 3018
f 3019 3020 3021
f 3022 3023 3024
f 3025 3026 3027
f 3028 3029 3030
f 3031 3032 3033
f 3034 3035 3036
f 3037 3038 3039
f 3040 3041 3042
f 3043 3044 3045
f 3046 3047 3048
f 3049 3050 3051
f 3052 3053 3054
f 3055 3056 3057
f 3058 3059 3060
f 3061 3062 3063
f 3064 3065 3066
f 3067 3068 3069
f 3070 3071 3072
f 3073 3074 3075
f 3076 3077 3078
f 3079 3080 3081
f 3082 3083 3084
f 3085 3086 3087
f 3088 3089 3090
f 3091 3092 3093
f 3094 3095 3096
f 3097 3098 3099
f 3100 3101 3102
f 3103 3104 3105
f 3106 3107 3108
f 3109 3110 3111
f 3112 3113 3114
f 3115 3116 3117
f 3118 3119 3120
f 3121 3122 3123
f 3124 3125 3126
f 3127 3128 3129
f 3130 3131 3132
f 3133 3134 3135
f 3136 3137 3138
f 3139 3140 3141
f 3142 3143 3144
f 3145 3146 3147
f 3148 3149 3150
f 3151 3152 3153
f 3154 3155 3156
f 3157 3158 3159
f 3160 3161 3162
f 3163 3164 3165
f 3166 3167 3168
f 3169 3170 3171
f 3172 3173 3174
f 3175 3176 3177
f 3178 3179 3180
f 3181 3182 3183
f 3184 3185 3186
f 3187 3188 3189
f 3190 3191 3192
f 3193 3194 3195
f 3196 3197 3198
f 3199 3200 3201
f 3202 3203 3204
f 3205 3206 3207
f 3208 3209 3210
f 3211 3212 3213
f 3214 3215 3216
f 3217 3218 3219
f 3220 3221 3222
f 3223 3224 3225
f 3226 3227 3228
f 3229 3230 3231
f 3232 3233 3234
f 3235 3236 3237
f 3238 3239 3240
f 3241 3242 3243
f 3244 3245 3246
f 3247 3248 3249
f 3250 3251 3252
f 3253 3254 3255
f 3256 3257 3258
f 3259 3260 3261
f 3262 3263 3264
f 3265 3266 3267
f 3268 3269 3270
f 3271 3272 3273
f 3274 3275 3276
f 3277 3278 3279
f 3280 3281 3282
f 3283 3284 3285
f 3286 3287 3288
f 3289 3290 3291
f 3292 3293 3294
f 3295 3296 3297
f 3298 3299 3300
f 3301 3302 3303
f 3304 3305 3306
f 3307 3308 3309
f 3310 3311 3312
f 3313 3314 3315
f 3316 3317 3318
f 3319 3320 3321
f 3322 3323 3324
f 3325 3326 3327
f 3328 3329 3330
f 3331 3332 3333
f 3334 3335 3336
f 3337 3338 3339
f 3340 3341 3342
f 3343 3344 3345
f 3346 3347 3348
f 3349 3350 3351
f 3352 3353 3354
f 3355 3356 3357
f 3358 3359 3360
f 3361 3362 3363
f 3364 3365 3366
f 3367 3368 3369
f 3370 3371 3372
f 3373 3374 3375
f 3376 3377 3378
f 3379 3380 3381
f 3382 3383 3384
f 3385 3386 3387
f 3388 3389 3390
f 3391 3392 3393
f 3394 3395 3396
f 3397 3398 3399
f 3400 3401 3402
f 3403 3404 3405
f 3406 3407 3408
f 3409 3410 3411
f 3412 3413 3414
f 3415 3416 3417
f 3418 3419 3420
f 3421 3422 3423
f 3424 3425 3426
f 3427 3428 3429
f 3430 3431 3432
f 3433 3434 3435
f 3436 3437 3438
f 3439 3440 3441
f 3442 3443 3444
f 3445 3446 3447
f 3448 3449 3450
f 3451 3452 3453
f 3454 3455 3456
f 3457 3458 3459
f 3460 3461 3462
f 3463 3464 3465
f 3466 3467 3468
f 3469 3470 3471
f 3472 3473 3474
f 3475 3476 3477
f 3478 3479 3480
f 3481 3482 3483
f 3484 3485 3486
f 3487 3488 3489
f 3490 3491 3492
f 3493 3494 3495
f 3496 3497 3498
f 3499 3500 3501
f 3502 3503 3504
f 3505 3506 3507
f 3508 3509 3510
f 3511 3512 3513
f 3514 3515 3516
f 3517 3518 3519
f 3520 3521 3522
f 3523 3524 3525
f 3526 3527 3528
f 3529 3530 3531
f 3532 3533 3534
f 3535 3536 3537
f 3538 3539 3540
f 3541 3542 3543
f 3544 3545 3546
f 3547 3548 3549
f 3550 3551 3552
f 3553 3554 3555
f 3556 3557 3558
f 3559 3560 3561
f 3562 3563 3564
f 3565 3566 3567
f 3568 3569 3570
f 3571 3572 3573
f 3574 3575 3576
f 3577 3578 3579
f 3580 3581 3582
f 3583 3584 3585
f 3586 3587 3588
f 3589 3590 3591
f 3592 3593 3594
f 3595 3596 3597
f 3598 3599 3600
f 3601 3602 3603
f 3604 3605 3606
f 3607 3608 3609
f 3610 3611 3612
f 3613 3614 3615
f 3616 3617 3618
f 3619 3620 3621
f 3622 3623 3624
f 3625 3626 3627
f 3628 3629 3630
f 3631 3632 3633
f 3634 3635 3636
f 3637 3638 3639
f 3640 3641 3642
f 3643 3644 3645
f 3646 3647 3648
f 3649 3650 3651
f 3652 3653 3654
f 3655 3656 3657
f 3658 3659 3660
f 3661 3662 3663
f 3664 3665 3666
f 3667 3668 3669
f 3670 3671 3672
f 3673 3674 3675
f 3676 3677 3678
f 3679 3680 3681
f 3682 3683 3684
f 3685 3686 3687
f 3688 3689 3690
f 3691 3692 3693
f 3694 3695 3696
f 3697 3698 3699
f 3700 3701 3702
f 3703 3704 3705
f 3706 3707 3708
f 3709 3710 3711
f 3712 3713 3714
f 3715 3716 3717
f 3718 3719 3720
f 3721 3722 3723
f 3724 3725 3726
f 3727 3728 3729
f 3730 3731 3732
f 3733 3734 3735
f 3736 3737 3738
f 3739 3740 3741
f 3742 3743 3744
f 3745 3746 3747
f 3748 3749 3750
f 3751 3752 3753
f 3754 3755 3756
f 3757 3758 3759
f 3760 3761 3762
f 3763 3764 3765
f 3766 3767 3768
f 3769 3770 3771
f 3772 3773 3774
f 3775 3776 3777
f 3778 3779 3780
f 3781 3782 3783
f 3784 3785 3786
f 3787 3788 3789
f 3790 3791 3792
f 3793 3794 3795
f 3796 3797 3798
f 3799 3800 3801
f 3802 3803 3804
f 3805 3806 3807
f 3808 3809 3810
f 3811 3812 3813
f 3814 3815 3816
f 3817 3818 3819
f 3820 3821 3822
f 3823 3824 3825
f 3826 3827 3828
f 3829 3830 3831
f 3832 3833 3834
f 3835 3836 3837
f 3838 3839 3840
f 3841 3842 3843
f 3844 3845 3846
f 3847 3848 3849
f 3850 3851 3852
f 3853 3854 3855
f 3856 3857 3858
f 3859 3860 3861
f 3862 3863 3864
f 3865 3866 3867
f 3868 3869 3870
f 3871 3872 3873
f 3874 3875 3876
f 3877 3878 3879
f 3880 3881 3882
f 3883 3884 3885
f 3886 3887 3888
f 3889 3890 3891
f 3892 3893 3894
f 3895 3896 3897
f 3898 3899 3900
f 3901 3902 3903
f 3904 3905 3906
f 3907 3908 3909
f 3910 3911 3912
f 3913 3914 3915
f 3916 3917 3918
f 3919 3920 3921
f 3922 3923 3924
f 3925 3926 3927
f 3928 3929 3930
f 3931 3932 3933
f 3934 3935 3936
f 3937 3938 3939
f 3940 3941 3942
f 3943 3944 3945
f 3946 3947 3948
f 3949 3950 3951
f 3952 3953 3954
f 3955 3956 3957
f 3958 3959 3960
f 3961 3962 3963
f 3964 3965 3966
f 3967 3968 3969
f 3970 3971 3972
f 3973 3974 3975
f 3976 3977 3978
f 3979 3980 3981
f 3982 3983 3984
f 3985 3986 3987
f 3988 3989 3990
f 3991 3992 3993
f 3994 3995 3996
f 3997 3998 3999
f 4000 4001 4002
f 4003 4004 4005
f 4006 4007 4008
f 4009 4010 4011
f 4012 4013 4014
f 4015 4016 4017
f 4018 4019 4020
f 4021 4022 4023
f 4024 4025 4026
f 4027 4028 4029
f 4030 4031 4032
f 4033 4034 4035
f 4036 4037 4038
f 4039 4040 4041
f 4042 4043 4044
f 4045 4046 4047
f 4048 4049 4050
f 4051 4052 4053
f 4054 4055 4056
f 4057 4058 4059
f 4060 4061 4062
f 4063 4064 4065
f 4066 4067 4068
f 4069 4070 4071
f 4072 4073 4074
f 4075 4076 4077
f 4078 4079 4080
f 4081 4082 4083
f 4084 4085 4086
f 4087 4088 4089
f 4090 4091 4092
f 4093 4094 4095
f 4096 4097 4098
f 4099 4100 4101
f 4102 4103 4104
f 4105 4106 4107
f 4108 4109 4110
f 4111 4112 4113
f 4114 4115 4116
f 4117 4118 4119
f 4120 4121 4122
f 4123 4124 4125
f 4126 4127 4128
f 4129 4130 4131
f 4132 4133 4134
f 4135 4136 4137
f 4138 4139 4140
f 4141 4142 4143
f 4144 4145 4146
f 4147 4148 4149
f 4150 4151 4152
f 4153 4154 4155
f 4156 4157 4158
f 4159 4160 4161
f 4162 4163 4164
f 4165 4166 4167
f 4168 4169 4170
f 4171 4172 4173
f 4174 4175 4176
f 4177 4178 4179
f 4180 4181 4182
f 4183 4184 4185
f 4186 4187 4188
f 4189 4190 4191
f 4192 4193 4194
f 4195 4196 4197
f 4198 4199 4200
f 4201 4202 4203
f 4204 4205 4206
f 4207 4208 4209
f 4210 4211 4212
f 4213 4214 4215
f 4216 4217 4218
f 4219 4220 4221
f 4222 4223 4224
f 4225 4226 4227
f 4228 4229 4230
f 4231 4232 4233
f 4234 4235 4236
f 4237 4238 4239
f 4240 4241 4242
f 4243 4244 4245
f 4246 4247 4248
f 4249 4250 4251
f 4252 4253 4254
f 4255 4256 4257
f 4258 4259 4260
f 4261 4262 4263
f 4264 4265 4266
f 4267 4268 4269
f 4270 4271 4272
f 4273 4274 4275
f 4276 4277 4278
f 4279 4280 4281
f 4282 4283 4284
f 4285 4286 4287
f 4288 4289 4290
f 4291 4292 4293
f 4294 4295 4296
f 4297 4298 4299
f 4300 4301 4302
f 4303 4304 4305
f 4306 4307 4308
f 4309 4310 4311
f 4312 4313 4314
f 4315 4316 4317
f 4318 4319 4320
f 4321 4322 4323
f 4324 4325 4326
f 4327 4328 4329
f 4330 4331 4332
f 4333 4334 4335
f 4336 4337 4338
f 4339 4340 4341
f 4342 4343 4344
f 4345 4346 4347
f 4348 4349 4350
f 4351 4352 4353
f 4354 4355 4356
f 4357 4358 4359
f 4360 4361 4362
f 4363 4364 4365
f 4366 4367 4368
f 4369 4370 4371
f 4372 4373 4374
f 4375 4376 4377
f 4378 4379 4380
f 4381 4382 4383
f 4384 4385 4386
f 4387 4388 4389
f 4390 4391 4392
f 4393 4394 4395
f 4396 4397 4398
f 4399 4400 4401
f 4402 4403 4404
f 4405 4406 4407
f 4408 4409 4410
f 4411 4412 4413
f 4414 4415 4416
f 4417 4418 4419
f 4420 4421 4422
f 4423 4424 4425
f 4426 4427 4428
f 4429 4430 4431
f 4432 4433 4434
f 4435 4436 4437
f 4438 4439 4440
f 4441 4442 4443
f 4444 4445 4446
f 4447 4448 4449
f 4450 4451 4452
f 4453 4454 4455
f 4456 4457 4458
f 4459 4460 4461
f 4462 4463 4464
f 4465 4466 4467
f 4468 4469 4470
f 4471 4472 4473
f 4474 4475 4476
f 4477 4478 4479
f 4480 4481 4482
f 4483 4484 4485
f 4486 4487 4488
f 4489 4490 4491
f 4492 4493 4494
f 4495 4496 4497
f 4498 4499 4500
f 4501 4502 4503
f 4504 4505 4506
f 4507 4508 4509
f 4510 4511 4512
f 4513 4514 4515
f 4516 4517 4518
f 4519 4520 4521
f 4522 4523 4524
f 4525 4526 4527
f 4528 4529 4530
f 4531 4532 4533
f 4534 4535 4536
f 4537 4538 4539
f 4540 4541 4542
f 4543 4544 4545
f 4546 4547 4548
f 4549 4550 4551
f 4552 4553 4554
f 4555 4556 4557
f 4558 4559 4560
f 4561 4562 4563
f 4564 4565 4566
f 4567 4568 4569
f 4570 4571 4572
f 4573 4574 4575
f 4576 4577 4578
f 4579 4580 4581
f 4582 4583 4584
f 4585 4586 4587
f 4588 4589 4590
f 4591 4592 4593
f 4594 4595 4596
f 4597 4598 4599
f 4600 4601 4602
f 4603 4604 4605
f 4606 4607 4608
f 4609 4610 4611
f 4612 4613 4614
f 4615 4616 4617
f 4618 4619 4620
f 4621 4622 4623
f 4624 4625 4626
f 4627 4628 4629
f 4630 4631 4632
f 4633 4634 4635
f 4636 4637 4638
f 4639 4640 4641
f 4642 4643 4644
f 4645 4646 4647
f 4648 4649 4650
f 4651 4652 4653
f 4654 4655 4656
f 4657 4658 4659
f 4660 4661 4662
f 4663 4664 4665
f 4666 4667 4668
f 4669 4670 4671
f 4672 4673 4674
f 4675 4676 4677
f 4678 4679 4680
f 4681 4682 4683
f 4684 4685 4686
f 4687 4688 4689
f 4690 4691 4692
f 4693 4694 4695
f 4696 4697 4698
f 4699 4700 4701
f 4702 4703 4704
f 4705 4706 4707
f 4708 4709 4710
f 4711 4712 4713
f 4714 4715 4716
f 4717 4718 4719
f 4720 4721 4722
f 4723 4724 4725
f 4726 4727 4728
f 4729 4730 4731
f 4732 4733 4734
f 4735 4736 4737
f 4738 4739 4740
f 4741 4742 4743
f 4744 4745 4746
f 4747 4748 4749
f 4750 4751 4752
f 4753 4754 4755
f 4756 4757 4758
f 4759 4760 4761
f 4762 4763 4764
f 4765 4766 4767
f 4768 4769 4770
f 4771 4772 4773
f 4774 4775 4776
f 4777 4778 4779
f 4780 4781 4782
f 4783 4784 4785
f 4786 4787 4788
f 4789 4790 4791
f 4792 4793 4794
f 4795 4796 4797
f 4798 4799 4800
f 4801 4802 4803
f 4804 4805 4806
f 4807 4808 4809
f 4810 4811 4812
f 4813 4814 4815
f 4816 4817 4818
f 4819 4820 4821
f 4822 4823 4824
f 4825 4826 4827
f 4828 4829 4830
f 4831 4832 4833
f 4834 4835 4836
f 4837 4838 4839
f 4840 4841 4842
f 4843 4844 4845
f 4846 4847 4848
f 4849 4850 4851
f 4852 4853 4854
f 4855 4856 4857
f 4858 4859 4860
f 4861 4862 4863
f 4864 4865 4866
f 4867 4868 4869
f 4870 4871 4872
f 4873 4874 4875
f 4876 4877 4878
f 4879 4880 4881
f 4882 4883 4884
f 4885 4886 4887
f 4888 4889 4890
f 4891 4892 4893
f 4894 4895 4896
f 4897 4898 4899
f 4900 4901 4902
f 4903 4904 4905
f 4906 4907 4908
f 4909 4910 4911
f 4912 4913 4914
f 4915 4916 4917
f 4918 4919 4920
f 4921 4922 4923
f 4924 4925 4926
f 4927 4928 4929
f 4930 4931 4932
f 4933 4934 4935
f 4936 4937 4938
f 4939 4940 4941
f 4942 4943 4944
f 4945 4946 4947
f 4948 4949 4950
f 4951 4952 4953
f 4954 4955 4956
f 4957 4958 4959
f 4960 4961 4962
f 4963 4964 4965
f 4966 4967 4968
f 4969 4970 4971
f 4972 4973 4974
f 4975 4976 4977
f 4978 4979 4980
f 4981 4982 4983
f 4984 4985 4986
f 4987 4988 4989
f 4990 4991 4992
f 4993 4994 4995
f 4996 4997 4998
f 4999 5000 5001
f 5002 5003 5004
f 5005 5006 5007
f 5008 5009 5010
f 5011 5012 5013
f 5014 5015 5016
f 5017 5018 5019
f 5020 5021 5022
f 5023 5024 5025
f 5026 5027 5028
f 5029 5030 5031
f 5032 5033 5034
f 5035 5036 5037
f 5038 5039 5040
f 5041 5042 5043
f 5044 5045 5046
f 5047 5048 5049
f 5050 5051 5052
f 5053 5054 5055
f 5056 5057 5058
f 5059 5060 5061
f 5062 5063 5064
f 5065 5066 5067
f 5068 5069 5070
f 5071 5072 5073
f 5074 5075 5076
f 5077 5078 5079
f 5080 5081 5082
f 5083 5084 5085
f 5086 5087 5088
f 5089 5090 5091
f 5092 5093 5094
f 5095 5096 5097
f 5098 5099 5100
f 5101 5102 5103
f 5104 5105 5106
f 5107 5108 5109
f 5110 5111 5112
f 5113 5114 5115
f 5116 5117 5118
f 5119 5120 5121
f 5122 5123 5124
f 5125 5126 5127
f 5128 5129 5130
f 5131 5132 5133
f 5134 5135 5136
f 5137 5138 5139
f 5140 5141 5142
f 5143 5144 5145
f 5146 5147 5148
f 5149 5150 5151
f 5152 5153 5154
f 5155 5156 5157
f 5158 5159 5160
f 5161 5162 5163
f 5164 5165 5166
f 5167 5168 5169
f 5170 5171 5172
f 5173 5174 5175
f 5176 5177 5178
f 5179 5180 5181
f 5182 5183 5184
f 5185 5186 5187
f 5188 5189 5190
f 5191 5192 5193
f 5194 5195 5196
f 5197 5198 5199
f 5200 5201 5202
f 5203 5204 5205
f 5206 5207 5208
f 5209 5210 5211
f 5212 5213 5214
f 5215 5216 5217
f 5218 5219 5220
f 5221 5222 5223
f 5224 5225 5226
f 5227 5228 5229
f 5230 5231 5232
f 5233 5234 5235
f 5236 5237 5238
f 5239 5240 5241
f 5242 5243 5244
f 5245 5246 5247
f 5248 5249 5250
f 5251 5252 5253
f 5254 5255 5256
f 5257 5258 5259
f 5260 5261 5262
f 5263 5264 5265
f 5266 5267 5268
f 5269 5270 5271
f 5272 5273 5274
f 5275 5276 5277
f 5278 5279 5280
f 5281 5282 5283
f 5284 5285 5286
f 5287 5288 5289
f 5290 5291 5292
f 5293 5294 5295
f 5296 5297 5298
f 5299 5300 5301
f 5302 5303 5304
f 5305 5306 5307
f 5308 5309 5310
f 5311 5312 5313
f 5314 5315 5316
f 5317 5318 5319
f 5320 5321 5322
f 5323 5324 5325
f 5326 5327 5328
f 5329 5330 5331
f 5332 5333 5334
f 5335 5336 5337
f 5338 5339 5340
f 5341 5342 5343
f 5344 5345 5346
f 5347 5348 5349
f 5350 5351 5352
f 5353 5354 5355
f 5356 5357 5358
f 5359 5360 5361
f 5362 5363 5364
f 5365 5366 5367
f 5368 5369 5370
f 5371 5372 5373
f 5374 5375 5376
f 5377 5378 5379
f 5380 5381 5382
f 5383 5384 5385
f 5386 5387 5388
f 5389 5390 5391
f 5392 5393 5394
f 5395 5396 5397
f 5398 5399 5400
f 5401 5402 5403
f 5404 5405 5406
f 5407 5408 5409
f 5410 5411 5412
f 5413 5414 5415
f 5416 5417 5418
f 5419 5420 5421
f 5422 5423 5424
f 5425 5426 5427
f 5428 5429 5430
f 5431 5432 5433
f 5434 5435 5436
f 5437 5438 5439
f 5440 5441 5442
f 5443 5444 5445
f 5446 5447 5448
f 5449 5450 5451
f 5452 5453 5454
f 5455 5456 5457
f 5458 5459 5460
f 5461 5462 5463
f 5464 5465 5466
f 5467 5468 5469
f 5470 5471 5472
f 5473 5474 5475
f 5476 5477 5478
f 5479 5480 5481
f 5482 5483 5484
f 5485 5486 5487
f 5488 5489 5490
f 5491 5492 5493
f 5494 5495 5496
f 5497 5498 5499
f 5500 5501 5502
f 5503 5504 5505
f 5506 5507 5508
f 5509 5510 5511
f 5512 5513 5514
f 5515 5516 5517
f 5518 5519 5520
f 5521 5522 5523
f 5524 5525 5526
f 5527 5528 5529
f 5530 5531 5532
f 5533 5534 5535
f 5536 5537 5538
f 5539 5540 5541
f 5542 5543 5544
f 5545 5546 5547
f 5548 5549 5550
f 5551 5552 5553
f 5554 5555 5556
f 5557 5558 5559
f 5560 5561 5562
f 5563 5564 5565
f 5566 5567 5568
f 5569 5570 5571
f 5572 5573 5574
f 5575 5576 5577
f 5578 5579 5580
f 5581 5582 5583
f 5584 5585 5586
f 5587 5588 5589
f 5590 5591 5592
f 5593 5594 5595
f 5596 5597 5598
f 5599 5600 5601
f 5602 5603 5604
f 5605 5606 5607
f 5608 5609 5610
f 5611 5612 5613
f 5614 5615 5616
f 5617 5618 5619
f 5620 5621 5622
f 5623 5624 5625
f 5626 5627 5628
f 5629 5630 5631
f 5632 5633 5634
f 5635 5636 5637
f 5638 5639 5640
f 5641 5642 5643
f 5644 5645 5646
f 5647 5648 5649
f 5650 5651 5652
f 5653 5654 5655
f 5656 5657 5658
f 5659 5660 5661
f 5662 5663 5664
f 5665 5666 5667
f 5668 5669 5670
f 5671 5672 5673
f 5674 5675 5676
f 5677 5678 5679
f 5680 5681 5682
f 5683 5684 5685
f 5686 5687 5688
f 5689 5690 5691
f 5692 5693 5694
f 5695 5696 5697
f 5698 5699 5700
f 5701 5702 5703
f 5704 5705 5706
f 5707 5708 5709
f 5710 5711 5712
f 5713 5714 5715
f 5716 5717 5718
f 5719 5720 5721
f 5722 5723 5724
f 5725 5726 5727
f 5728 5729 5730
f 5731 5732 5733
f 5734 5735 5736
f 5737 5738 5739
f 5740 5741 5742
f 5743 5744 5745
f 5746 5747 5748
f 5749 5750 5751
f 5752 5753 5754
f 5755 5756 5757
f 5758 5759 5760
f 5761 5762 5763
f 5764 5765 5766
f 5767 5768 5769
f 5770 5771 5772
f 5773 5774 5775
f 5776 5777 5778
f 5779 5780 5781
f 5782 5783 5784
f 5785 5786 5787
f 5788 5789 5790
f 5791 5792 5793
f 5794 5795 5796
f 5797 5798 5799
f 5800 5801 5802
f 5803 5804 5805
f 5806 5807 5808
f 5809 5810 5811
f 5812 5813 5814
f 5815 5816 5817
f 5818 5819 5820
f 5821 5822 5823
f 5824 5825 5826
f 5827 5828 5829
f 5830 5831 5832
f 5833 5834 5835
f 5836 5837 5838
f 5839 5840 5841
f 5842 5843 5844
f 5845 5846 5847
f 5848 5849 5850
f 5851 5852 5853
f 5854 5855 5856
f 5857 5858 5859
f 5860 5861 5862
f 5863 5864 5865
f 5866 5867 5868
f 5869 5870 5871
f 5872 5873 5874
f 5875 5876 5877
f 5878 5879 5880
f 5881 5882 5883
f 5884 5885 5886
f 5887 5888 5889
f 5890 5891 5892
f 5893 5894 5895
f 5896 5897 5898
f 5899 5900 5901
f 5902 5903 5904
f 5905 5906 5907
f 5908 5909 5910
f 5911 5912 5913
f 5914 5915 5916
f 5917 5918 5919
f 5920 5921 5922
f 5923 5924 5925
f 5926 5927 5928
f 5929 5930 5931
f 5932 5933 5934
f 5935 5936 5937
f 5938 5939 5940
f 5941 5942 5943
f 5944 5945 5946
f 5947 5948 5949
f 5950 5951 5952
f 5953 5954 5955
f 5956 5957 5958
f 5959 5960 5961
f 5962 5963 5964
f 5965 5966 5967
f 5968 5969 5970
f 5971 5972 5973
f 5974 5975 5976
f 5977 5978 5979
f 5980 5981 5982
f 5983 5984 5985
f 5986 5987 5988
f 5989 5990 5991
f 5992 5993 5994
f 5995 5996 5997
f 5998 5999 6000
f 6001 6002 6003
f 6004 6005 6006
f 6007 6008 6009
f 6010 6011 6012
f 6013 6014 6015
f 6016 6017 6018
f 6019 6020 6021
f 6022 6023 6024
f 6025 6026 6027
f 6028 6029 6030
f 6031 6032 6033
f 6034 6035 6036
f 6037 6038 6039
f 6040 6041 6042
f 6043 6044 6045
f 6046 6047 6048
f 6049 6050 6051
f 6052 6053 6054
f 6055 6056 6057
f 6058 6059 6060
f 6061 6062 6063
f 6064 6065 6066
f 6067 6068 6069
f 6070 6071 6072
f 6073 6074 6075
f 6076 6077 6078
f 6079 6080 6081
f 6082 6083 6084
f 6085 6086 6087
f 6088 6089 6090
f 6091 6092 6093
f 6094 6095 6096
f 6097 6098 6099
f 6100 6101 6102
f 6103 6104 6105
f 6106 6107 6108
f 6109 6110 6111
f 6112 6113 6114
f 6115 6116 6117
f 6118 6119 6120
f 6121 6122 6123
f 6124 6125 6126
f 6127 6128 6129
f 6130 6131 6132
f 6133 6134 6135
f 6136 6137 6138
f 6139 6140 6141
f 6142 6143 6144
f 6145 6146 6147
f 6148 6149 6150
f 6151 6152 6153
f 6154 6155 6156
f 6157 6158 6159
f 6160 6161 6162
f 6163 6164 6165
f 6166 6167 6168
f 6169 6170 6171
f 6172 6173 6174
f 6175 6176 6177
f 6178 6179 6180
f 6181 6182 6183
f 6184 6185 6186
f 6187 6188 6189
f 6190 6191 6192
f 6193 6194 6195
f 6196 6197 6198
f 6199 6200 6201
f 6202 6203 6204
f 6205 6206 6207
f 6208 6209 6210
f 6211 6212 6213
f 6214 6215 6216
f 6217 6218 6219
f 6220 6221 6222
f 6223 6224 6225
f 6226 6227 6228
f 6229 6230 6231
f 6232 6233 6234
f 6235 6236 6237
f 6238 6239 6240
f 6241 6242 6243
f 6244 6245 6246
f 6247 6248 6249
f 6250 6251 6252
f 6253 6254 6255
f 6256 6257 6258
f 6259 6260 6261
f 6262 6263 6264
f 6265 6266 6267
f 6268 6269 6270
f 6271 6272 6273
f 6274 6275 6276
f 6277 6278 6279
f 6280 6281 6282
f 6283 6284 6285
f 6286 6287 6288
f 6289 6290 6291
f 6292 6293 6294
f 6295 6296 6297
f 6298 6299 6300
f 6301 6302 6303
f 6304 6305 6306
f 6307 6308 6309
f 6310 6311 6312
f 6313 6314 6315
f 6316 6317 6318
f 6319 6320 6321
f 6322 6323 6324
f 6325 6326 6327
f 6328 6329 6330
f 6331 6332 6333
f 6334 6335 6336
f 6337 6338 6339
f 6340 6341 6342
f 6343 6344 6345
f 6346 6347 6348
f 6349 6350 6351
f 6352 6353 6354
f 6355 6356 6357
f 6358 6359 6360
f 6361 6362 6363
f 6364 6365 6366
f 6367 6368 6369
f 6370 6371 6372
f 6373 6374 6375
f 6376 6377 6378
f 6379 6380 6381
f 6382 6383 6384
f 6385 6386 6387
f 6388 6389 6390
f 6391 6392 6393
f 6394 6395 6396
f 6397 6398 6399
f 6400 6401 6402
f 6403 6404 6405
f 6406 6407 6408
f 6409 6410 6411
f 6412 6413 6414
f 6415 6416 6417
f 6418 6419 6420
f 6421 6422 6423
f 6424 6425 6426
f 6427 6428 6429
f 6430 6431 6432
f 6433 6434 6435
f 6436 6437 6438
f 6439 6440 6441
f 6442 6443 6444
f 6445 6446 6447
f 6448 6449 6450
f 6451 6452 6453
f 6454 6455 6456
f 6457 6458 6459
f 6460 6461 6462
f 6463 6464 6465
f 6466 6467 6468
f 6469 6470 6471
f 6472 6473 6474
f 6475 6476 6477
f 6478 6479 6480
f 6481 6482 6483
f 6484 6485 6486
f 6487 6488 6489
f 6490 6491 6492
f 6493 6494 6495
f 6496 6497 6498
f 6499 6500 6501
f 6502 6503 6504
f 6505 6506 6507
f 6508 6509 6510
f 6511 6512 6513
f 6514 6515 6516
f 6517 6518 6519
f 6520 6521 6522
f 6523 6524 6525
f 6526 6527 6528
f 6529 6530 6531
f 6532 6533 6534
f 6535 6536 6537
f 6538 6539 6540
f 6541 6542 6543
f 6544 6545 6546
f 6547 6548 6549
f 6550 6551 6552
f 6553 6554 6555
f 6556 6557 6558
f 6559 6560 6561
f 6562 6563 6564
f 6565 6566 6567
f 6568 6569 6570
f 6571 6572 6573
f 6574 6575 6576
f 6577 6578 6579
f 6580 6581 6582
f 6583 6584 6585
f 6586 6587 6588
f 6589 6590 6591
f 6592 6593 6594
f 6595 6596 6597
f 6598 6599 6600
f 6601 6602 6603
f 6604 6605 6606
f 6607 6608 6609
f 6610 6611 6612
f 6613 6614 6615
f 6616 6617 6618
f 6619 6620 6621
f 6622 6623 6624
f 6625 6626 6627
f 6628 6629 6630
f 6631 6632 6633
f 6634 6635 6636
f 6637 6638 6639
f 6640 6641 6642
f 6643 6644 6645
f 6646 6647 6648
f 6649 6650 6651
f 6652 6653 6654
f 6655 6656 6657
f 6658 6659 6660
f 6661 6662 6663
f 6664 6665 6666
f 6667 6668 6669
f 6670 6671 6672
f 6673 6674 6675
f 6676 6677 6678
f 6679 6680 6681
f 6682 6683 6684
f 6685 6686 6687
f 6688 6689 6690
f 6691 6692 6693
f 6694 6695 6696
f 6697 6698 6699
f 6700 6701 6702
f 6703 6704 6705
f 6706 6707 6708
f 6709 6710 6711
f 6712 6713 6714
f 6715 6716 6717
f 6718 6719 6720
f 6721 6722 6723
f 6724 6725 6726
f 6727 6728 6729
f 6730 6731 6732
f 6733 6734 6735
f 6736 6737 6738
f 6739 6740 6741
f 6742 6743 6744
f 6745 6746 6747
f 6748 6749 6750
f 6751 6752 6753
f 6754 6755 6756
f 6757 6758 6759
f 6760 6761 6762
f 6763 6764 6765
f 6766 6767 6768
f 6769 6770 6771
f 6772 6773 6774
f 6775 6776 6777
f 6778 6779 6780
f 6781 6782 6783
f 6784 6785 6786
f 6787 6788 6789
f 6790 6791 6792
f 6793 6794 6795
f 6796 6797 6798
f 6799 6800 6801
f 6802 6803 6804
f 6805 6806 6807
f 6808 6809 6810
f 6811 6812 6813
f 6814 6815 6816
f 6817 6818 6819
f 6820 6821 6822
f 6823 6824 6825
f 6826 6827 6828
f 6829 6830 6831
f 6832 6833 6834
f 6835 6836 6837
f 6838 6839 6840
f 6841 6842 6843
f 6844 6845 6846
f 6847 6848 6849
f 6850 6851 6852
f 6853 6854 6855
f 6856 6857 6858
f 6859 6860 6861
f 6862 6863 6864
f 6865 6866 6867
f 6868 6869 6870
f 6871 6872 6873
f 6874 6875 6876
f 6877 6878 6879
f 6880 6881 6882
f 6883 6884 6885
f 6886 6887 6888
f 6889 6890 6891
f 6892 6893 6894
f 6895 6896 6897
f 6898 6899 6900
f 6901 6902 6903
f 6904 6905 6906
f 6907 6908 6909
f 6910 6911 6912
f 6913 6914 6915
f 6916 6917 6918
f 6919 6920 6921
f 6922 6923 6924
f 6925 6926 6927
f 6928 6929 6930
f 6931 6932 6933
f 6934 6935 6936
f 6937 6938 6939
f 6940 6941 6942
f 6943 6944 6945
f 6946 6947 6948
f 6949 6950 6951
f 6952 6953 6954
f 6955 6956 6957
f 6958 6959 6960
f 6961 6962 6963
f 6964 6965 6966
f 6967 6968 6969
f 6970 6971 6972
f 6973 6974 6975
f 6976 6977 6978
f 6979 6980 6981
f 6982 6983 6984
f 6985 6986 6987
f 6988 6989 6990
f 6991 6992 6993
f 6994 6995 6996
f 6997 6998 6999
f 7000 7001 7002
f 7003 7004 7005
f 7006 7007 7008
f 7009 7010 7011
f 7012 7013 7014
f 7015 7016 7017
f 7018 7019 7020
f 7021 7022 7023
f 7024 7025 7026
f 7027 7028 7029
f 7030 7031 7032
f 7033 7034 7035
f 7036 7037 7038
f 7039 7040 7041
f 7042 7043 7044
f 7045 7046 7047
f 7048 7049 7050
f 7051 7052 7053
f 7054 7055 7056
f 7057 7058 7059
f 7060 7061 7062
f 7063 7064 7065
f 7066 7067 7068
f 7069 7070 7071
f 7072 7073 7074
f 7075 7076 7077
f 7078 7079 7080
f 7081 7082 7083
f 7084 7085 7086
f 7087 7088 7089
f 7090 7091 7092
f 7093 7094 7095
f 7096 7097 7098
f 7099 7100 7101
f 7102 7103 7104
f 7105 7106 7107
f 7108 7109 7110
f 7111 7112 7113
f 7114 7115 7116
f 7117 7118 7119
f 7120 7121 7122
f 7123 7124 7125
f 7126 7127 7128
f 7129 7130 7131
f 7132 7133 7134
f 7135 7136 7137
f 7138 7139 7140
f 7141 7142 7143
f 7144 7145 7146
f 7147 7148 7149
f 7150 7151 7152
f 7153 7154 7155
f 7156 7157 7158
f 7159 7160 7161
f 7162 7163 7164
f 7165 7166 7167
f 7168 7169 7170
f 7171 7172 7173
f 7174 7175 7176
f 7177 7178 7179
f 7180 7181 7182
f 7183 7184 7185
f 7186 7187 7188
f 7189 7190 7191
f 7192 7193 7194
f 7195 7196 7197
f 7198 7199 7200
f 7201 7202 7203
f 7204 7205 7206
f 7207 7208 7209
f 7210 7211 7212
f 7213 7214 7215
f 7216 7217 7218
f 7219 7220 7221
f 7222 7223 7224
f 7225 7226 7227
f 7228 7229 7230
f 7231 7232 7233
f 7234 7235 7236
f 7237 7238 7239
f 7240 7241 7242
f 7243 7244 7245
f 7246 7247 7248
f 7249 7250 7251
f 7252 7253 7254
f 7255 7256 7257
f 7258 7259 7260
f 7261 7262 7263
f 7264 7265 7266
f 7267 7268 7269
f 7270 7271 7272
f 7273 7274 7275
f 7276 7277 7278
f 7279 7280 7281
f 7282 7283 7284
f 7285 7286 7287
f 7288 7289 7290
f 7291 7292 7293
f 7294 7295 7296
f 7297 7298 7299
f 7300 7301 7302
f 7303 7304 7305
f 7306 7307 7308
f 7309 7310 7311
f 7312 7313 7314
f 7315 7316 7317
f 7318 7319 7320
f 7321 7322 7323
f 7324 7325 7326
f 7327 7328 7329
f 7330 7331 7332
f 7333 7334 7335
f 7336 7337 7338
f 7339 7340 7341
f 7342 7343 7344
f 7345 7346 7347
f 7348 7349 7350
f 7351 7352 7353
f 7354 7355 7356
f 7357 7358 7359
f 7360 7361 7362
f 7363 7364 7365
f 7366 7367 7368
f 7369 7370 7371
f 7372 7373 7374
f 7375 7376 7377
f 7378 7379 7380
f 7381 7382 7383
f 7384 7385 7386
f 7387 7388 7389
f 7390 7391 7392
f 7393 7394 7395
f 7396 7397 7398
f 7399 7400 7401
f 7402 7403 7404
f 7405 7406 7407
f 7408 7409 7410
f 7411 7412 7413
f 7414 7415 7416
f 7417 7418 7419
f 7420 7421 7422
f 7423 7424 7425
f 7426 7427 7428
f 7429 7430 7431
f 7432 7433 7434
f 7435 7436 7437
f 7438 7439 7440
f 7441 7442 7443
f 7444 7445 7446
f 7447 7448 7449
f 7450 7451 7452
f 7453 7454 7455
f 7456 7457 7458
f 7459 7460 7461
f 7462 7463 7464
f 7465 7466 7467
f 7468 7469 7470
f 7471 7472 7473
f 7474 7475 7476
f 7477 7478 7479
f 7480 7481 7482
f 7483 7484 7485
f 7486 7487 7488
f 7489 7490 7491
f 7492 7493 7494
f 7495 7496 7497
f 7498 7499 7500
f 7501 7502 7503
f 7504 7505 7506
f 7507 7508 7509
f 7510 7511 7512
f 7513 7514 7515
f 7516 7517 7518
f 7519 7520 7521
f 7522 7523 7524
f 7525 7526 7527
f 7528 7529 7530
f 7531 7532 7533
f 7534 7535 7536
f 7537 7538 7539
f 7540 7541 7542
f 7543 7544 7545
f 7546 7547 7548
f 7549 7550 7551
f 7552 7553 7554
f 7555 7556 7557
f 7558 7559 7560
f 7561 7562 7563
f 7564 7565 7566
f 7567 7568 7569
f 7570 7571 7572
f 7573 7574 7575
f 7576 7577 7578
f 7579 7580 7581
f 7582 7583 7584
f 7585 7586 7587
f 7588 7589 7590
f 7591 7592 7593
f 7594 7595 7596
f 7597 7598 7599
f 7600 7601 7602
f 7603 7604 7605
f 7606 7607 7608
f 7609 7610 7611
f 7612 7613 7614
f 7615 7616 7617
f 7618 7619 7620
f 7621 7622 7623
f 7624 7625 7626
f 7627 7628 7629
f 7630 7631 7632
f 7633 7634 7635
f 7636 7637 7638
f 7639 7640 7641
f 7642 7643 7644
f 7645 7646 7647
f 7648 7649 7650
f 7651 7652 7653
f 7654 7655 7656
f 7657 7658 7659
f 7660 7661 7662
f 7663 7664 7665
f 7666 7667 7668
f 7669 7670 7671
f 7672 7673 7674
f 7675 7676 7677
f 7678 7679 7680
f 7681 7682 7683
f 7684 7685 7686
f 7687 7688 7689
f 7690 7691 7692
f 7693 7694 7695
f 7696 7697 7698
f 7699 7700 7701
f 7702 7703 7704
f 7705 7706 7707
f 7708 7709 7710
f 7711 7712 7713
f 7714 7715 7716
f 7717 7718 7719
f 7720 7721 7722
f 7723 7724 7725
f 7726 7727 7728
f 7729 7730 7731
f 7732 7733 7734
f 7735 7736 7737
f 7738 7739 7740
f 7741 7742 7743
f 7744 7745 7746
f 7747 7748 7749
f 7750 7751 7752
f 7753 7754 7755
f 7756 7757 7758
f 7759 7760 7761
f 7762 7763 7764
f 7765 7766 7767
f 7768 7769 7770
f 7771 7772 7773
f 7774 7775 7776
f 7777 7778 7779
f 7780 7781 7782
f 7783 7784 7785
f 7786 7787 7788
f 7789 7790 7791
f 7792 7793 7794
f 7795 7796 7797
f 7798 7799 7800
f 7801 7802 7803
f 7804 7805 7806
f 7807 7808 7809
f 7810 7811 7812
f 7813 7814 7815
f 7816 7817 7818
f 7819 7820 7821
f 7822 7823 7824
f 7825 7826 7827
f 7828 7829 7830
f 7831 7832 7833
f 7834 7835 7836
f 7837 7838 7839
f 7840 7841 7842
f 7843 7844 7845
f 7846 7847 7848
f 7849 7850 7851
f 7852 7853 7854
f 7855 7856 7857
f 7858 7859 7860
f 7861 7862 7863
f 7864 7865 7866
f 7867 7868 7869
f 7870 7871 7872
f 7873 7874 7875
f 7876 7877 7878
f 7879 7880 7881
f 7882 7883 7884
f 7885 7886 7887
f 7888 7889 7890
f 7891 7892 7893
f 7894 7895 7896
f 7897 7898 7899
f 7900 7901 7902
f 7903 7904 7905
f 7906 7907 7908
f 7909 7910 7911
f 7912 7913 7914
f 7915 7916 7917
f 7918 7919 7920
f 7921 7922 7923
f 7924 7925 7926
f 7927 7928 7929
f 7930 7931 7932
f 7933 7934 7935
f 7936 7937 7938
f 7939 7940 7941
f 7942 7943 7944
f 7945 7946 7947
f 7948 7949 7950
f 7951 7952 7953
f 7954 7955 7956
f 7957 7958 7959
f 7960 7961 7962
f 7963 7964 7965
f 7966 7967 7968
f 7969 7970 7971
f 7972 7973 7974
f 7975 7976 7977
f 7978 7979 7980
f 7981 7982 7983
f 7984 7985 7986
f 7987 7988 7989
f 7990 7991 7992
f 7993 7994 7995
f 7996 7997 7998
f 7999 8000 8001
f 8002 8003 8004
f 8005 8006 8007
f 8008 8009 8010
f 8011 8012 8013
f 8014 8015 8016
f 8017 8018 8019
f 8020 8021 8022
f 8023 8024 8025
f 8026 8027 8028
f 8029 8030 8031
f 8032 8033 8034
f 8035 8036 8037
f 8038 8039 8040
f 8041 8042 8043
f 8044 8045 8046
f 8047 8048 8049
f 8050 8051 8052
f 8053 8054 8055
f 8056 8057 8058
f 8059 8060 8061
f 8062 8063 8064
f 8065 8066 8067
f 8068 8069 8070
f 8071 8072 8073
f 8074 8075 8076
f 8077 8078 8079
f 8080 8081 8082
f 8083 8084 8085
f 8086 8087 8088
f 8089 8090 8091
f 8092 8093 8094
f 8095 8096 8097
f 8098 8099 8100
f 8101 8102 8103
f 8104 8105 8106
f 8107 8108 8109
f 8110 8111 8112
f 8113 8114 8115
f 8116 8117 8118
f 8119 8120 8121
f 8122 8123 8124
f 8125 8126 8127
f 8128 8129 8130
f 8131 8132 8133
f 8134 8135 8136
f 8137 8138 8139
f 8140 8141 8142
f 8143 8144 8145
f 8146 8147 8148
f 8149 8150 8151
f 8152 8153 8154
f 8155 8156 8157
f 8158 8159 8160
f 8161 8162 8163
f 8164 8165 8166
f 8167 8168 8169
f 8170 8171 8172
f 8173 8174 8175
f 8176 8177 8178
f 8179 8180 8181
f 8182 8183 8184
f 8185 8186 8187
f 8188 8189 8190
f 8191 8192 8193
f 8194 8195 8196
f 8197 8198 8199
f 8200 8201 8202
f 8203 8204 8205
f 8206 8207 8208
f 8209 8210 8211
f 8212 8213 8214
f 8215 8216 8217
f 8218 8219 8220
f 8221 8222 8223
f 8224 8225 8226
f 8227 8228 8229
f 8230 8231 8232
f 8233 8234 8235
f 8236 8237 8238
f 8239 8240 8241
f 8242 8243 8244
f 8245 8246 8247
f 8248 8249 8250
f 8251 8252 8253
f 8254 8255 8256
f 8257 8258 8259
f 8260 8261 8262
f 8263 8264 8265
f 8266 8267 8268
f 8269 8270 8271
f 8272 8273 8274
f 8275 8276 8277
f 8278 8279 8280
f 8281 8282 8283
f 8284 8285 8286
f 8287 8288 8289
f 8290 8291 8292
f 8293 8294 8295
f 8296 8297 8298
f 8299 8300 8301
f 8302 8303 8304
f 8305 8306 8307
f 8308 8309 8310
f 8311 8312 8313
f 8314 8315 8316
f 8317 8318 8319
f 8320 8321 8322
f 8323 8324 8325
f 8326 8327 8328
f 8329 8330 8331
f 8332 8333 8334
f 8335 8336 8337
f 8338 8339 8340
f 8341 8342 8343
f 8344 8345 8346
f 8347 8348 8349
f 8350 8351 8352
f 8353 8354 8355
f 8356 8357 8358
f 8359 8360 8361
f 8362 8363 8364
f 8365 8366 8367
f 8368 8369 8370
f 8371 8372 8373
f 8374 8375 8376
f 8377 8378 8379
f 8380 8381 8382
f 8383 8384 8385
f 8386 8387 8388
f 8389 8390 8391
f 8392 8393 8394
f 8395 8396 8397
f 8398 8399 8400
f 8401 8402 8403
f 8404 8405 8406
f 8407 8408 8409
f 8410 8411 8412
f 8413 8414 8415
f 8416 8417 8418
f 8419 8420 8421
f 8422 8423 8424
f 8425 8426 8427
f 8428 8429 8430
f 8431 8432 8433
f 8434 8435 8436
f 8437 8438 8439
f 8440 8441 8442
f 8443 8444 8445
f 8446 8447 8448
f 8449 8450 8451
f 8452 8453 8454
f 8455 8456 8457
f 8458 8459 8460
f 8461 8462 8463
f 8464 8465 8466
f 8467 8468 8469
f 8470 8471 8472
f 8473 8474 8475
f 8476 8477 8478
f 8479 8480 8481
f 8482 8483 8484
f 8485 8486 8487
f 8488 8489 8490
f 8491 8492 8493
f 8494 8495 8496
f 8497 8498 8499
f 8500 8501 8502
f 8503 8504 8505
f 8506 8507 8508
f 8509 8510 8511
f 8512 8513 8514
f 8515 8516 8517
f 8518 8519 8520
f 8521 8522 8523
f 8524 8525 8526
f 8527 8528 8529
f 8530 8531 8532
f 8533 8534 8535
f 8536 8537 8538
f 8539 8540 8541
f 8542 8543 8544
f 8545 8546 8547
f 8548 8549 8550
f 8551 8552 8553
f 8554 8555 8556
f 8557 8558 8559
f 8560 8561 8562
f 8563 8564 8565
f 8566 8567 8568
f 8569 8570 8571
f 8572 8573 8574
f 8575 8576 8577
f 8578 8579 8580
f 8581 8582 8583
f 8584 8585 8586
f 8587 8588 8589
f 8590 8591 8592
f 8593 8594 8595
f 8596 8597 8598
f 8599 8600 8601
f 8602 8603 8604
f 8605 8606 8607
f 8608 8609 8610
f 8611 8612 8613
f 8614 8615 8616
f 8617 8618 8619
f 8620 8621 8622
f 8623 8624 8625
f 8626 8627 8628
f 8629 8630 8631
f 8632 8633 8634
f 8635 8636 8637
f 8638 8639 8640
f 8641 8642 8643
f 8644 8645 8646
f 8647 8648 8649
f 8650 8651 8652
f 8653 8654 8655
f 8656 8657 8658
f 8659 8660 8661
f 8662 8663 8664
f 8665 8666 8667
f 8668 8669 8670
f 8671 8672 8673
f 8674 8675 8676
f 8677 8678 8679
f 8680 8681 8682
f 8683 8684 8685
f 8686 8687 8688
f 8689 8690 8691
f 8692 8693 8694
f 8695 8696 8697
f 8698 8699 8700
f 8701 8702 8703
f 8704 8705 8706
f 8707 8708 8709
f 8710 8711 8712
f 8713 8714 8715
f 8716 8717 8718
f 8719 8720 8721
f 8722 8723 8724
f 8725 8726 8727
f 8728 8729 8730
f 8731 8732 8733
f 8734 8735 8736
f 8737 8738 8739
f 8740 8741 8742
f 8743 8744 8745
f 8746 8747 8748
f 8749 8750 8751
f 8752 8753 8754
f 8755 8756 8757
f 8758 8759 8760
f 8761 8762 8763
f 8764 8765 8766
f 8767 8768 8769
f 8770 8771 8772
f 8773 8774 8775
f 8776 8777 8778
f 8779 8780 8781
f 8782 8783 8784
f 8785 8786 8787
f 8788 8789 8790
f 8791 8792 8793
f 8794 8795 8796
f 8797 8798 8799
f 8800 8801 8802
f 8803 8804 8805
f 8806 8807 8808
f 8809 8810 8811
f 8812 8813 8814
f 8815 8816 8817
f 8818 8819 8820
f 8821 8822 8823
f 8824 8825 8826
f 8827 8828 8829
f 8830 8831 8832
f 8833 8834 8835
f 8836 8837 8838
f 8839 8840 8841
f 8842 8843 8844
f 8845 8846 8847
f 8848 8849 8850
f 8851 8852 8853
f 8854 8855 8856
f 8857 8858 8859
f 8860 8861 8862
f 8863 8864 8865
f 8866 8867 8868
f 8869 8870 8871
f 8872 8873 8874
f 8875 8876 8877
f 8878 8879 8880
f 8881 8882 8883
f 8884 8885 8886
f 8887 8888 8889
f 8890 8891 8892
f 8893 8894 8895
f 8896 8897 8898
f 8899 8900 8901
f 8902 8903 8904
f 8905 8906 8907
f 8908 8909 8910
f 8911 8912 8913
f 8914 8915 8916
f 8917 8918 8919
f 8920 8921 8922
f 8923 8924 8925
f 8926 8927 8928
f 8929 8930 8931
f 8932 8933 8934
f 8935 8936 8937
f 8938 8939 8940
f 8941 8942 8943
f 8944 8945 8946
f 8947 8948 8949
f 8950 8951 8952
f 8953 8954 8955
f 8956 8957 8958
f 8959 8960 8961
f 8962 8963 8964
f 8965 8966 8967
f 8968 8969 8970
f 8971 8972 8973
f 8974 8975 8976
f 8977 8978 8979
f 8980 8981 8982
f 8983 8984 8985
f 8986 8987 8988
f 8989 8990 8991
f 8992 8993 8994
f 8995 8996 8997
f 8998 8999 9000
f 9001 9002 9003
f 9004 9005 9006
f 9007 9008 9009
f 9010 9011 9012
f 9013 9014 9015
f 9016 9017 9018
f 9019 9020 9021
f 9022 9023 9024
f 9025 9026 9027
f 9028 9029 9030
f 9031 9032 9033
f 9034 9035 9036
f 9037 9038 9039
f 9040 9041 9042
f 9043 9044 9045
f 9046 9047 9048
f 9049 9050 9051
f 9052 9053 9054
f 9055 9056 9057
f 9058 9059 9060
f 9061 9062 9063
f 9064 9065 9066
f 9067 9068 9069
f 9070 9071 9072
f 9073 9074 9075
f 9076 9077 9078
f 9079 9080 9081
f 9082 9083 9084
f 9085 9086 9087
f 9088 9089 9090
f 9091 9092 9093
f 9094 9095 9096
f 9097 9098 9099
f 9100 9101 9102
f 9103 9104 9105
f 9106 9107 9108
f 9109 9110 9111
f 9112 9113 9114
f 9115 9116 9117
f 9118 9119 9120
f 9121 9122 9123
f 9124 9125 9126
f 9127 9128 9129
f 9130 9131 9132
f 9133 9134 9135
f 9136 9137 9138
f 9139 9140 9141
f 9142 9143 9144
f 9145 9146 9147
f 9148 9149 9150
f 9151 9152 9153
f 9154 9155 9156
f 9157 9158 9159
f 9160 9161 9162
f 9163 9164 9165
f 9166 9167 9168
f 9169 9170 9171
f 9172 9173 9174
f 9175 9176 9177
f 9178 9179 9180
f 9181 9182 9183
f 9184 9185 9186
f 9187 9188 9189
f 9190 9191 9192
f 9193 9194 9195
f 9196 9197 9198
f 9199 9200 9201
f 9202 9203 9204
f 9205 9206 9207
f 9208 9209 9210
f 9211 9212 9213
f 9214 9215 9216
f 9217 9218 9219
f 9220 9221 9222
f 9223 9224 9225
f 9226 9227 9228
f 9229 9230 9231
f 9232 9233 9234
f 9235 9236 9237
f 9238 9239 9240
f 9241 9242 9243
f 9244 9245 9246
f 9247 9248 9249
f 9250 9251 9252
f 9253 9254 9255
f 9256 9257 9258
f 9259 9260 9261
f 9262 9263 9264
f 9265 9266 9267
f 9268 9269 9270
f 9271 9272 9273
f 9274 9275 9276
f 9277 9278 9279
f 9280 9281 9282
f 9283 9284 9285
f 9286 9287 9288
f 9289 9290 9291
f 9292 9293 9294
f 9295 9296 9297
f 9298 9299 9300
f 9301 9302 9303
f 9304 9305 9306
f 9307 9308 9309
f 9310 9311 9312
f 9313 9314 9315
f 9316 9317 9318
f 9319 9320 9321
f 9322 9323 9324
f 9325 9326 9327
f 9328 9329 9330
