mtllib R_thumb_proximal_base_collisions_Link11_R_mesh.mtl
v -0.0004807786608580504 -0.0014208630891516811 -0.011221814900636683
v -0.0006448453641496604 -0.0013543170643970377 -0.011134439148008834
v -0.00191244052257389 -0.005727184936404231 -0.011136442422866832
v 0.0012538047740235936 0.0008233920088969174 -0.011449861340224753
v 0.0012723281979560863 0.0007944688550196591 -0.011450000107288371
v 0.0022152026649564526 0.004038142040371897 -0.011450000107288371
v -0.0002105500316247346 0.005007810425013306 -0.008849999867379674
v -0.002976665738970044 -0.004508171230554582 -0.008849999867379674
v -0.00015599199105054154 0.004991951398551467 -0.00939057022333146
v -0.00015599199105054154 0.004991951398551467 -0.00939057022333146
v -0.002976665738970044 -0.004508171230554582 -0.008849999867379674
v -0.002952230395749214 -0.0045281588099896925 -0.00923753250390292
v -0.00015599199105054154 0.004991951398551467 -0.00939057022333146
v -0.002952230395749214 -0.0045281588099896925 -0.00923753250390292
v -0.00292891566641629 -0.004547683056443931 -0.009390876628458509
v 9.20024831430056e-05 0.004919864237308505 -0.010090612806379804
v -0.0010199940297752627 0.0010998238576576118 -0.010087426751852044
v -0.0009053723770193763 0.0011959517141804103 -0.010229986160993585
v -0.0009053723770193763 0.0011959517141804103 -0.010229986160993585
v -0.0006726345745846636 0.0013407320948317653 -0.010486701503396043
v 9.20024831430056e-05 0.004919864237308505 -0.010090612806379804
v 9.20024831430056e-05 0.004919864237308505 -0.010090612806379804
v -0.0006726345745846636 0.0013407320948317653 -0.010486701503396043
v -0.000618132646195591 0.0013667155290022499 -0.010540707036852845
v 9.20024831430056e-05 0.004919864237308505 -0.010090612806379804
v -0.000618132646195591 0.0013667155290022499 -0.010540707036852845
v 0.00036560249282047185 0.004840333946049215 -0.010511324740946302
v 0.00036560249282047185 0.004840333946049215 -0.010511324740946302
v -0.000618132646195591 0.0013667155290022499 -0.010540707036852845
v -0.00038886259426362845 0.0014487188309431083 -0.010746934451162826
v 0.00036560249282047185 0.004840333946049215 -0.010511324740946302
v -0.00038886259426362845 0.0014487188309431083 -0.010746934451162826
v 0.0005200348678044979 0.004793749656528236 -0.010688723064959058
v 0.0005200348678044979 0.004793749656528236 -0.010688723064959058
v -0.00038886259426362845 0.0014487188309431083 -0.010746934451162826
v -0.00014552706852555289 0.0014929238241165883 -0.010932625271379958
v 0.0005200348678044979 0.004793749656528236 -0.010688723064959058
v -0.00014552706852555289 0.0014929238241165883 -0.010932625271379958
v 0.000637329241726548 0.004756080452352764 -0.010804538615047942
v 0.000637329241726548 0.004756080452352764 -0.010804538615047942
v -0.00014552706852555289 0.0014929238241165883 -0.010932625271379958
v 0.0009417451801709839 0.004648869391530754 -0.011045767925679694
v 0.0009417451801709839 0.004648869391530754 -0.011045767925679694
v -0.00014552706852555289 0.0014929238241165883 -0.010932625271379958
v 0.000141106895171106 0.0014933482743799693 -0.011112152598798285
v 0.0009417451801709839 0.004648869391530754 -0.011045767925679694
v 0.000141106895171106 0.0014933482743799693 -0.011112152598798285
v 0.0010848270030692228 0.0045936396345496195 -0.011135181412100802
v 0.0010848270030692228 0.0045936396345496195 -0.011135181412100802
v 0.000141106895171106 0.0014933482743799693 -0.011112152598798285
v 0.0012734030606225144 0.004515967331826689 -0.011233953759074222
v 0.0012734030606225144 0.004515967331826689 -0.011233953759074222
v 0.000141106895171106 0.0014933482743799693 -0.011112152598798285
v 0.00041869140113703944 0.0014403810491785414 -0.011249999515712272
v 0.0012734030606225144 0.004515967331826689 -0.011233953759074222
v 0.00041869140113703944 0.0014403810491785414 -0.011249999515712272
v 0.001618267386220397 0.004358996171504261 -0.011364695616066466
v 0.001618267386220397 0.004358996171504261 -0.011364695616066466
v 0.00041869140113703944 0.0014403810491785414 -0.011249999515712272
v 0.0006645618123002356 0.0013447516830638058 -0.011343193240463744
v 0.001618267386220397 0.004358996171504261 -0.011364695616066466
v 0.0006645618123002356 0.0013447516830638058 -0.011343193240463744
v 0.001961653586477043 0.004182417877018453 -0.011434812098741542
v 0.001961653586477043 0.004182417877018453 -0.011434812098741542
v 0.0006645618123002356 0.0013447516830638058 -0.011343193240463744
v 0.0008971426286734648 0.0012021374423056845 -0.011406416073441516
v 0.001961653586477043 0.004182417877018453 -0.011434812098741542
v 0.0008971426286734648 0.0012021374423056845 -0.011406416073441516
v 0.0022152026649564526 0.004038142040371897 -0.011450000107288371
v 0.0022152026649564526 0.004038142040371897 -0.011450000107288371
v 0.0008971426286734648 0.0012021374423056845 -0.011406416073441516
v 0.0010935099562630066 0.0010267600882798438 -0.011439013294875632
v 0.0022152026649564526 0.004038142040371897 -0.011450000107288371
v 0.0010935099562630066 0.0010267600882798438 -0.011439013294875632
v 0.0012538047740235936 0.0008233920088969174 -0.011449861340224753
v -0.0014899213565513505 -0.0001735927362460644 -0.009891601279377946
v -0.001497549703344704 8.57040649862029e-05 -0.009685942903161058
v -0.00292891566641629 -0.004547683056443931 -0.009390876628458509
v -0.0028827448841184404 -0.004587318748235704 -0.009605810977518567
v -0.0014326531672850264 -0.0004444155492819848 -0.010149602778255948
v -0.00292891566641629 -0.004547683056443931 -0.009390876628458509
v -0.00292891566641629 -0.004547683056443931 -0.009390876628458509
v -0.0014326531672850264 -0.0004444155492819848 -0.010149602778255948
v -0.0014832451706752194 -0.00022356986301019799 -0.00993696879595519
v -0.00292891566641629 -0.004547683056443931 -0.009390876628458509
v -0.0014832451706752194 -0.00022356986301019799 -0.00993696879595519
v -0.0014899213565513505 -0.0001735927362460644 -0.009891601279377946
v -0.001497549703344704 8.57040649862029e-05 -0.009685942903161058
v -0.001474235090427102 0.0002768237900454552 -0.009589230641722688
v -0.00292891566641629 -0.004547683056443931 -0.009390876628458509
v -0.00292891566641629 -0.004547683056443931 -0.009390876628458509
v -0.001474235090427102 0.0002768237900454552 -0.009589230641722688
v -0.0014405119000002755 0.00041824096115306036 -0.00956414360553027
v -0.00292891566641629 -0.004547683056443931 -0.009390876628458509
v -0.0014405119000002755 0.00041824096115306036 -0.00956414360553027
v -0.00015599199105054154 0.004991951398551467 -0.00939057022333146
v -0.00015599199105054154 0.004991951398551467 -0.00939057022333146
v -0.0014405119000002755 0.00041824096115306036 -0.00956414360553027
v -0.001435262034647168 0.0004359159793239089 -0.009564548730850228
v -0.00015599199105054154 0.004991951398551467 -0.00939057022333146
v -0.001435262034647168 0.0004359159793239089 -0.009564548730850228
v -0.0013750019716098918 0.0005994744133204224 -0.00960661657154561
v -0.0013750019716098918 0.0005994744133204224 -0.00960661657154561
v -0.0012879536952823411 0.0007688790792599324 -0.009716521948575982
v -0.00015599199105054154 0.004991951398551467 -0.00939057022333146
v -0.00015599199105054154 0.004991951398551467 -0.00939057022333146
v -0.0012879536952823411 0.0007688790792599324 -0.009716521948575982
v -0.0011324984952807437 0.0009835889795795087 -0.009936647489666947
v -0.00015599199105054154 0.004991951398551467 -0.00939057022333146
v -0.0011324984952807437 0.0009835889795795087 -0.009936647489666947
v 9.20024831430056e-05 0.004919864237308505 -0.010090612806379804
v 9.20024831430056e-05 0.004919864237308505 -0.010090612806379804
v -0.0011324984952807437 0.0009835889795795087 -0.009936647489666947
v -0.0011252604890614759 0.000991861219517887 -0.009946679696440705
v 9.20024831430056e-05 0.004919864237308505 -0.010090612806379804
v -0.0011252604890614759 0.000991861219517887 -0.009946679696440705
v -0.0010199940297752627 0.0010998238576576118 -0.010087426751852044
v -0.0028827448841184404 -0.004587318748235704 -0.009605810977518567
v -0.00277214124798775 -0.004686676897108557 -0.009954412467777738
v -0.0014326531672850264 -0.0004444155492819848 -0.010149602778255948
v -0.0014326531672850264 -0.0004444155492819848 -0.010149602778255948
v -0.00277214124798775 -0.004686676897108557 -0.009954412467777738
v -0.0027153803966939475 -0.004739908035844566 -0.010091549716889867
v -0.0014326531672850264 -0.0004444155492819848 -0.010149602778255948
v -0.0027153803966939475 -0.004739908035844566 -0.010091549716889867
v -0.0013238952960819017 -0.0007051953580230478 -0.01041739061474801
v -0.002616610610857608 -0.004836583044379951 -0.010293335653841504
v -0.0011650341330096136 -0.0009448257042095069 -0.010671421885490426
v -0.0027153803966939475 -0.004739908035844566 -0.010091549716889867
v -0.0027153803966939475 -0.004739908035844566 -0.010091549716889867
v -0.0011650341330096136 -0.0009448257042095069 -0.010671421885490426
v -0.001254671486094595 -0.0008220703457482162 -0.010540365241467961
v -0.0027153803966939475 -0.004739908035844566 -0.010091549716889867
v -0.001254671486094595 -0.0008220703457482162 -0.010540365241467961
v -0.0013238952960819017 -0.0007051953580230478 -0.01041739061474801
v -0.002616610610857608 -0.004836583044379951 -0.010293335653841504
v -0.0024373645428568146 -0.005026604514569047 -0.01058389339596034
v -0.0011650341330096136 -0.0009448257042095069 -0.010671421885490426
v -0.0011650341330096136 -0.0009448257042095069 -0.010671421885490426
v -0.0024373645428568146 -0.005026604514569047 -0.01058389339596034
v -0.002358854515478017 -0.00511636305600405 -0.010689972899854192
v -0.0011650341330096136 -0.0009448257042095069 -0.010671421885490426
v -0.002358854515478017 -0.00511636305600405 -0.010689972899854192
v -0.0009752771584317097 -0.0011396640911698346 -0.010884889401495467
v -0.0009752771584317097 -0.0011396640911698346 -0.010884889401495467
v -0.002358854515478017 -0.00511636305600405 -0.010689972899854192
v -0.000739762443117798 -0.0013048951514065272 -0.011074203997850428
v -0.00191244052257389 -0.005727184936404231 -0.011136442422866832
v -0.0006448453641496604 -0.0013543170643970377 -0.011134439148008834
v -0.0020383931696414965 -0.005534285213798287 -0.011032785288989554
v -0.000739762443117798 -0.0013048951514065272 -0.011074203997850428
v -0.002358854515478017 -0.00511636305600405 -0.010689972899854192
v -0.0006448453641496604 -0.0013543170643970377 -0.011134439148008834
v -0.0006448453641496604 -0.0013543170643970377 -0.011134439148008834
v -0.002358854515478017 -0.00511636305600405 -0.010689972899854192
v -0.002239451278001072 -0.005261576268821957 -0.010832821018993865
v -0.0006448453641496604 -0.0013543170643970377 -0.011134439148008834
v -0.002239451278001072 -0.005261576268821957 -0.010832821018993865
v -0.0020383931696414965 -0.005534285213798287 -0.011032785288989554
v -0.0014846103731542839 -0.0065945885144174125 -0.011383362114429484
v -0.00013944641978014274 -0.0014935040380805737 -0.01134907640516759
v -0.0016597593203187004 -0.0061868154443800475 -0.01130122784525157
v -0.0016597593203187004 -0.0061868154443800475 -0.01130122784525157
v -0.00013944641978014274 -0.0014935040380805737 -0.01134907640516759
v -0.00041869160486385264 -0.0014403809327632195 -0.011249999515712272
v -0.0016597593203187004 -0.0061868154443800475 -0.01130122784525157
v -0.00041869160486385264 -0.0014403809327632195 -0.011249999515712272
v -0.0017641648883000031 -0.0059827570803463485 -0.011239818297326575
v -0.0004807786608580504 -0.0014208630891516811 -0.011221814900636683
v -0.00191244052257389 -0.005727184936404231 -0.011136442422866832
v -0.00041869160486385264 -0.0014403809327632195 -0.011249999515712272
v -0.00041869160486385264 -0.0014403809327632195 -0.011249999515712272
v -0.00191244052257389 -0.005727184936404231 -0.011136442422866832
v -0.0018365059513598698 -0.005853693466633561 -0.011191802099347125
v -0.00041869160486385264 -0.0014403809327632195 -0.011249999515712272
v -0.0018365059513598698 -0.005853693466633561 -0.011191802099347125
v -0.0017641648883000031 -0.0059827570803463485 -0.011239818297326575
v -0.0013407425722107302 -0.007035105489194397 -0.011429763399064551
v 0.0003737152437679473 -0.001452699885703624 -0.011439092457294475
v -0.0014846103731542839 -0.0065945885144174125 -0.011383362114429484
v -0.0014846103731542839 -0.0065945885144174125 -0.011383362114429484
v 0.0003737152437679473 -0.001452699885703624 -0.011439092457294475
v 0.00011267021909588957 -0.001495762611739338 -0.011406372301280509
v -0.0014846103731542839 -0.0065945885144174125 -0.011383362114429484
v 0.00011267021909588957 -0.001495762611739338 -0.011406372301280509
v -0.00013944641978014274 -0.0014935040380805737 -0.01134907640516759
v 0.0006481798482127493 -0.0013527241535484797 -0.011450000107288371
v 0.0006170381675474351 -0.0013672101777046925 -0.011449861340224753
v -0.0012029854115098726 -0.007721096277236942 -0.011450000107288371
v -0.0012029854115098726 -0.007721096277236942 -0.011450000107288371
v 0.0006170381675474351 -0.0013672101777046925 -0.011449861340224753
v 0.0003737152437679473 -0.001452699885703624 -0.011439092457294475
v -0.0012029854115098726 -0.007721096277236942 -0.011450000107288371
v 0.0003737152437679473 -0.001452699885703624 -0.011439092457294475
v -0.0012303560506552469 -0.007536117453128103 -0.011448832228779803
v -0.0012303560506552469 -0.007536117453128103 -0.011448832228779803
v 0.0003737152437679473 -0.001452699885703624 -0.011439092457294475
v -0.0013407425722107302 -0.007035105489194397 -0.011429763399064551
v -0.013809158466756356 -0.0009325467399321501 -0.009250000119209298
v -0.01115744560956956 0.008189866319298748 -0.009250000119209298
v -0.013699515722692025 -0.0009644178207963709 -0.008675974793732173
v -0.013699515722692025 -0.0009644178207963709 -0.008675974793732173
v -0.01115744560956956 0.008189866319298748 -0.009250000119209298
v -0.011047802865505229 0.008157994598150257 -0.008675974793732173
v -0.013699515722692025 -0.0009644178207963709 -0.008675974793732173
v -0.011047802865505229 0.008157994598150257 -0.008675974793732173
v -0.01338728051632644 -0.0010551786981523041 -0.008189340122044093
v -0.01338728051632644 -0.0010551786981523041 -0.008189340122044093
v -0.011047802865505229 0.008157994598150257 -0.008675974793732173
v -0.010735567659139642 0.00806723348796368 -0.008189340122044093
v -0.01338728051632644 -0.0010551786981523041 -0.008189340122044093
v -0.010735567659139642 0.00806723348796368 -0.008189340122044093
v -0.012919987551867974 -0.0011910120956599717 -0.007864180952310569
v -0.012919987551867974 -0.0011910120956599717 -0.007864180952310569
v -0.010735567659139642 0.00806723348796368 -0.008189340122044093
v -0.010268274694681176 0.007931401021778587 -0.007864180952310569
v -0.012919987551867974 -0.0011910120956599717 -0.007864180952310569
v -0.010268274694681176 0.007931401021778587 -0.007864180952310569
v -0.012368777766823779 -0.0013512383447960026 -0.007749999873340137
v -0.012368777766823779 -0.0013512383447960026 -0.007749999873340137
v -0.010268274694681176 0.007931401021778587 -0.007864180952310569
v -0.009717064909636983 0.007771174423396591 -0.007749999873340137
v -0.012368777766823779 -0.0013512383447960026 -0.007749999873340137
v -0.009717064909636983 0.007771174423396591 -0.007749999873340137
v -0.011817567050457011 -0.0015114645939320332 -0.007864180952310569
v -0.011817567050457011 -0.0015114645939320332 -0.007864180952310569
v -0.009717064909636983 0.007771174423396591 -0.007749999873340137
v -0.00916585512459279 0.007610947825014595 -0.007864180952310569
v -0.011817567050457011 -0.0015114645939320332 -0.007864180952310569
v -0.00916585512459279 0.007610947825014595 -0.007864180952310569
v -0.011350274085998546 -0.0016472979914397008 -0.008189340122044093
v -0.011350274085998546 -0.0016472979914397008 -0.008189340122044093
v -0.00916585512459279 0.007610947825014595 -0.007864180952310569
v -0.008698561228811748 0.0074751148931682145 -0.008189340122044093
v -0.011350274085998546 -0.0016472979914397008 -0.008189340122044093
v -0.008698561228811748 0.0074751148931682145 -0.008189340122044093
v -0.01103803887963296 -0.0017380588687956342 -0.008675974793732173
v -0.01103803887963296 -0.0017380588687956342 -0.008675974793732173
v -0.008698561228811748 0.0074751148931682145 -0.008189340122044093
v -0.008386326022446162 0.007384353782981638 -0.008675974793732173
v -0.01103803887963296 -0.0017380588687956342 -0.008675974793732173
v -0.008386326022446162 0.007384353782981638 -0.008675974793732173
v -0.01092839613556863 -0.0017699298914521941 -0.009250000119209298
v -0.01092839613556863 -0.0017699298914521941 -0.009250000119209298
v -0.008386326022446162 0.007384353782981638 -0.008675974793732173
v -0.008276683278381831 0.007352482993155721 -0.009250000119209298
v -0.011572370305657397 -0.0015827388269826776 -0.0005566678009927278
v -0.008920657448470601 0.007539673708379272 -0.0005566678009927278
v -0.011462727561593066 -0.0016146098496392376 1.735753539833242e-05
v -0.011462727561593066 -0.0016146098496392376 1.735753539833242e-05
v -0.008920657448470601 0.007539673708379272 -0.0005566678009927278
v -0.00881101470440627 0.007507802918553356 1.735753539833242e-05
v -0.011462727561593066 -0.0016146098496392376 1.735753539833242e-05
v -0.00881101470440627 0.007507802918553356 1.735753539833242e-05
v -0.01115049235522748 -0.0017053707269951708 0.0005039926618337636
v -0.01115049235522748 -0.0017053707269951708 0.0005039926618337636
v -0.00881101470440627 0.007507802918553356 1.735753539833242e-05
v -0.008498779498040683 0.007417041808366779 0.0005039926618337636
v -0.01115049235522748 -0.0017053707269951708 0.0005039926618337636
v -0.008498779498040683 0.007417041808366779 0.0005039926618337636
v -0.010683199390769013 -0.0018412041245028385 0.0008291518315672882
v -0.010683199390769013 -0.0018412041245028385 0.0008291518315672882
v -0.008498779498040683 0.007417041808366779 0.0005039926618337636
v -0.008031486533582217 0.0072812084108591114 0.0008291518315672882
v -0.010683199390769013 -0.0018412041245028385 0.0008291518315672882
v -0.008031486533582217 0.0072812084108591114 0.0008291518315672882
v -0.01013198960572482 -0.002001430373638869 0.0009433324448764333
v -0.01013198960572482 -0.002001430373638869 0.0009433324448764333
v -0.008031486533582217 0.0072812084108591114 0.0008291518315672882
v -0.007480276748538024 0.007120982278138403 0.0009433324448764333
v -0.01013198960572482 -0.002001430373638869 0.0009433324448764333
v -0.007480276748538024 0.007120982278138403 0.0009433324448764333
v -0.009580778889358052 -0.0021616567391902217 0.0008291518315672882
v -0.009580778889358052 -0.0021616567391902217 0.0008291518315672882
v -0.007480276748538024 0.007120982278138403 0.0009433324448764333
v -0.006929066497832543 0.006960756145417694 0.0008291518315672882
v -0.009580778889358052 -0.0021616567391902217 0.0008291518315672882
v -0.006929066497832543 0.006960756145417694 0.0008291518315672882
v -0.009113485924899587 -0.0022974899038672456 0.0005039926618337636
v -0.009113485924899587 -0.0022974899038672456 0.0005039926618337636
v -0.006929066497832543 0.006960756145417694 0.0008291518315672882
v -0.006461773533374077 0.006824922747910025 0.0005039926618337636
v -0.009113485924899587 -0.0022974899038672456 0.0005039926618337636
v -0.006461773533374077 0.006824922747910025 0.0005039926618337636
v -0.008801250718534001 -0.0023882507812231788 1.735753539833242e-05
v -0.008801250718534001 -0.0023882507812231788 1.735753539833242e-05
v -0.006461773533374077 0.006824922747910025 0.0005039926618337636
v -0.006149537861347204 0.0067341616377234485 1.735753539833242e-05
v -0.008801250718534001 -0.0023882507812231788 1.735753539833242e-05
v -0.006149537861347204 0.0067341616377234485 1.735753539833242e-05
v -0.008691607974469669 -0.0024201218038797387 -0.0005566678009927278
v -0.008691607974469669 -0.0024201218038797387 -0.0005566678009927278
v -0.006149537861347204 0.0067341616377234485 1.735753539833242e-05
v -0.00603989558294416 0.006702290847897532 -0.0005566678009927278
v 0.003483759704977277 -0.004136836621910335 -0.014250000007450593
v 0.003483759704977277 -0.004136836621910335 -0.011450000107288371
v 0.0029006793629378106 -0.00408625276759267 -0.014250000007450593
v 0.0029006793629378106 -0.00408625276759267 -0.014250000007450593
v 0.003483759704977277 -0.004136836621910335 -0.011450000107288371
v 0.0029006793629378106 -0.00408625276759267 -0.011450000107288371
v 0.0029006793629378106 -0.00408625276759267 -0.014250000007450593
v 0.0029006793629378106 -0.00408625276759267 -0.011450000107288371
v 0.0023426248226314805 -0.004262654576450588 -0.014250000007450593
v 0.0023426248226314805 -0.004262654576450588 -0.014250000007450593
v 0.0029006793629378106 -0.00408625276759267 -0.011450000107288371
v 0.0023426248226314805 -0.004262654576450588 -0.011450000107288371
v 0.0023426248226314805 -0.004262654576450588 -0.014250000007450593
v 0.0023426248226314805 -0.004262654576450588 -0.011450000107288371
v 0.0018945561023429053 -0.004639186896383764 -0.014250000007450593
v 0.0018945561023429053 -0.004639186896383764 -0.014250000007450593
v 0.0023426248226314805 -0.004262654576450588 -0.011450000107288371
v 0.0018945561023429053 -0.004639186896383764 -0.011450000107288371
v 0.0018945561023429053 -0.004639186896383764 -0.014250000007450593
v 0.0018945561023429053 -0.004639186896383764 -0.011450000107288371
v 0.0016246878076344744 -0.005158526357263329 -0.014250000007450593
v 0.0016246878076344744 -0.005158526357263329 -0.014250000007450593
v 0.0018945561023429053 -0.004639186896383764 -0.011450000107288371
v 0.0016246878076344744 -0.005158526357263329 -0.011450000107288371
v 0.0016246878076344744 -0.005158526357263329 -0.014250000007450593
v 0.0016246878076344744 -0.005158526357263329 -0.011450000107288371
v 0.0015741034876555217 -0.005741606932133439 -0.014250000007450593
v 0.0015741034876555217 -0.005741606932133439 -0.014250000007450593
v 0.0016246878076344744 -0.005158526357263329 -0.011450000107288371
v 0.0015741034876555217 -0.005741606932133439 -0.011450000107288371
v 0.0015741034876555217 -0.005741606932133439 -0.014250000007450593
v 0.0015741034876555217 -0.005741606932133439 -0.011450000107288371
v 0.0017505056457594052 -0.006299661006778481 -0.014250000007450593
v 0.0017505056457594052 -0.006299661006778481 -0.014250000007450593
v 0.0015741034876555217 -0.005741606932133439 -0.011450000107288371
v 0.0017505056457594052 -0.006299661006778481 -0.011450000107288371
v 0.0017505056457594052 -0.006299661006778481 -0.014250000007450593
v 0.0017505056457594052 -0.006299661006778481 -0.011450000107288371
v 0.0021270385477691906 -0.006747730076313021 -0.014250000007450593
v 0.0021270385477691906 -0.006747730076313021 -0.014250000007450593
v 0.0017505056457594052 -0.006299661006778481 -0.011450000107288371
v 0.0021270385477691906 -0.006747730076313021 -0.011450000107288371
v 0.0021270385477691906 -0.006747730076313021 -0.014250000007450593
v 0.0021270385477691906 -0.006747730076313021 -0.011450000107288371
v 0.0026463766116648934 -0.007017598487436775 -0.014250000007450593
v 0.0026463766116648934 -0.007017598487436775 -0.014250000007450593
v 0.0021270385477691906 -0.006747730076313021 -0.011450000107288371
v 0.0026463766116648934 -0.007017598487436775 -0.011450000107288371
v 1.1994030501227836e-05 0.0014999521663412458 -0.014250000007450593
v 0.00041869140113703944 0.0014403810491785414 -0.014250000007450593
v 0.00041869140113703944 0.0014403810491785414 -0.011249999515712272
v -0.0007939497008919723 -0.0012726524146273739 -0.014250000007450593
v -0.0009752771584317097 -0.0011396640911698346 -0.010884889401495467
v -0.000739762443117798 -0.0013048951514065272 -0.011074203997850428
v -0.00041869160486385264 -0.0014403809327632195 -0.011249999515712272
v -0.00041869160486385264 -0.0014403809327632195 -0.014250000007450593
v -0.0004807786608580504 -0.0014208630891516811 -0.011221814900636683
v -0.0004807786608580504 -0.0014208630891516811 -0.011221814900636683
v -0.00041869160486385264 -0.0014403809327632195 -0.014250000007450593
v -0.0007939497008919723 -0.0012726524146273739 -0.014250000007450593
v -0.0004807786608580504 -0.0014208630891516811 -0.011221814900636683
v -0.0007939497008919723 -0.0012726524146273739 -0.014250000007450593
v -0.0006448453641496604 -0.0013543170643970377 -0.011134439148008834
v -0.0006448453641496604 -0.0013543170643970377 -0.011134439148008834
v -0.0007939497008919723 -0.0012726524146273739 -0.014250000007450593
v -0.000739762443117798 -0.0013048951514065272 -0.011074203997850428
v -0.0009752771584317097 -0.0011396640911698346 -0.010884889401495467
v -0.0007939497008919723 -0.0012726524146273739 -0.014250000007450593
v -0.0011650341330096136 -0.0009448257042095069 -0.010671421885490426
v -0.0011650341330096136 -0.0009448257042095069 -0.010671421885490426
v -0.0007939497008919723 -0.0012726524146273739 -0.014250000007450593
v -0.0012538279406726371 -0.0008233559201471511 -0.014250000007450593
v -0.0011650341330096136 -0.0009448257042095069 -0.010671421885490426
v -0.0012538279406726371 -0.0008233559201471511 -0.014250000007450593
v -0.001254671486094595 -0.0008220703457482162 -0.010540365241467961
v -0.001254671486094595 -0.0008220703457482162 -0.010540365241467961
v -0.0012538279406726371 -0.0008233559201471511 -0.014250000007450593
v -0.0013238952960819017 -0.0007051953580230478 -0.01041739061474801
v -0.0013238952960819017 -0.0007051953580230478 -0.01041739061474801
v -0.0012538279406726371 -0.0008233559201471511 -0.014250000007450593
v -0.0014833613531664027 -0.0002227977674920113 -0.014250000007450593
v -0.0013238952960819017 -0.0007051953580230478 -0.01041739061474801
v -0.0014833613531664027 -0.0002227977674920113 -0.014250000007450593
v -0.0014326531672850264 -0.0004444155492819848 -0.010149602778255948
v -0.0014403808163478984 0.0004186916921753438 -0.014250000007450593
v -0.0014405119000002755 0.00041824096115306036 -0.00956414360553027
v -0.001474235090427102 0.0002768237900454552 -0.009589230641722688
v -0.001474235090427102 0.0002768237900454552 -0.009589230641722688
v -0.001497549703344704 8.57040649862029e-05 -0.009685942903161058
v -0.0014403808163478984 0.0004186916921753438 -0.014250000007450593
v -0.0014403808163478984 0.0004186916921753438 -0.014250000007450593
v -0.001497549703344704 8.57040649862029e-05 -0.009685942903161058
v -0.0014899213565513505 -0.0001735927362460644 -0.009891601279377946
v -0.0014403808163478984 0.0004186916921753438 -0.014250000007450593
v -0.0014899213565513505 -0.0001735927362460644 -0.009891601279377946
v -0.0014833613531664027 -0.0002227977674920113 -0.014250000007450593
v -0.0014833613531664027 -0.0002227977674920113 -0.014250000007450593
v -0.0014899213565513505 -0.0001735927362460644 -0.009891601279377946
v -0.0014832451706752194 -0.00022356986301019799 -0.00993696879595519
v -0.0014833613531664027 -0.0002227977674920113 -0.014250000007450593
v -0.0014832451706752194 -0.00022356986301019799 -0.00993696879595519
v -0.0014326531672850264 -0.0004444155492819848 -0.010149602778255948
v -0.001132782781496645 0.0009832613868638877 -0.014250000007450593
v -0.0011324984952807437 0.0009835889795795087 -0.009936647489666947
v -0.0014403808163478984 0.0004186916921753438 -0.014250000007450593
v -0.0014403808163478984 0.0004186916921753438 -0.014250000007450593
v -0.0011324984952807437 0.0009835889795795087 -0.009936647489666947
v -0.0012879536952823411 0.0007688790792599324 -0.009716521948575982
v -0.0012879536952823411 0.0007688790792599324 -0.009716521948575982
v -0.0013750019716098918 0.0005994744133204224 -0.00960661657154561
v -0.0014403808163478984 0.0004186916921753438 -0.014250000007450593
v -0.0014403808163478984 0.0004186916921753438 -0.014250000007450593
v -0.0013750019716098918 0.0005994744133204224 -0.00960661657154561
v -0.001435262034647168 0.0004359159793239089 -0.009564548730850228
v -0.0014403808163478984 0.0004186916921753438 -0.014250000007450593
v -0.001435262034647168 0.0004359159793239089 -0.009564548730850228
v -0.0014405119000002755 0.00041824096115306036 -0.00956414360553027
v -0.0006170768756419426 0.0013671928318217403 -0.014250000007450593
v -0.000618132646195591 0.0013667155290022499 -0.010540707036852845
v -0.001132782781496645 0.0009832613868638877 -0.014250000007450593
v -0.001132782781496645 0.0009832613868638877 -0.014250000007450593
v -0.000618132646195591 0.0013667155290022499 -0.010540707036852845
v -0.0006726345745846636 0.0013407320948317653 -0.010486701503396043
v -0.001132782781496645 0.0009832613868638877 -0.014250000007450593
v -0.0006726345745846636 0.0013407320948317653 -0.010486701503396043
v -0.0009053723770193763 0.0011959517141804103 -0.010229986160993585
v -0.0009053723770193763 0.0011959517141804103 -0.010229986160993585
v -0.0010199940297752627 0.0010998238576576118 -0.010087426751852044
v -0.001132782781496645 0.0009832613868638877 -0.014250000007450593
v -0.001132782781496645 0.0009832613868638877 -0.014250000007450593
v -0.0010199940297752627 0.0010998238576576118 -0.010087426751852044
v -0.0011252604890614759 0.000991861219517887 -0.009946679696440705
v -0.001132782781496645 0.0009832613868638877 -0.014250000007450593
v -0.0011252604890614759 0.000991861219517887 -0.009946679696440705
v -0.0011324984952807437 0.0009835889795795087 -0.009936647489666947
v 0.00041869140113703944 0.0014403810491785414 -0.011249999515712272
v 0.000141106895171106 0.0014933482743799693 -0.011112152598798285
v 1.1994030501227836e-05 0.0014999521663412458 -0.014250000007450593
v 1.1994030501227836e-05 0.0014999521663412458 -0.014250000007450593
v 0.000141106895171106 0.0014933482743799693 -0.011112152598798285
v -0.00014552706852555289 0.0014929238241165883 -0.010932625271379958
v 1.1994030501227836e-05 0.0014999521663412458 -0.014250000007450593
v -0.00014552706852555289 0.0014929238241165883 -0.010932625271379958
v -0.0006170768756419426 0.0013671928318217403 -0.014250000007450593
v -0.0006170768756419426 0.0013671928318217403 -0.014250000007450593
v -0.00014552706852555289 0.0014929238241165883 -0.010932625271379958
v -0.00038886259426362845 0.0014487188309431083 -0.010746934451162826
v -0.0006170768756419426 0.0013671928318217403 -0.014250000007450593
v -0.00038886259426362845 0.0014487188309431083 -0.010746934451162826
v -0.000618132646195591 0.0013667155290022499 -0.010540707036852845
v 0.003483759704977277 -0.004136836621910335 -0.006250000093132263
v 0.003483759704977277 -0.004136836621910335 -0.0027499999850988414
v 0.0029006793629378106 -0.00408625276759267 -0.006250000093132263
v 0.0029006793629378106 -0.00408625276759267 -0.006250000093132263
v 0.003483759704977277 -0.004136836621910335 -0.0027499999850988414
v 0.0029006793629378106 -0.00408625276759267 -0.0027499999850988414
v 0.0029006793629378106 -0.00408625276759267 -0.006250000093132263
v 0.0029006793629378106 -0.00408625276759267 -0.0027499999850988414
v 0.0023426248226314805 -0.004262654576450588 -0.006250000093132263
v 0.0023426248226314805 -0.004262654576450588 -0.006250000093132263
v 0.0029006793629378106 -0.00408625276759267 -0.0027499999850988414
v 0.0023426248226314805 -0.004262654576450588 -0.0027499999850988414
v 0.0023426248226314805 -0.004262654576450588 -0.006250000093132263
v 0.0023426248226314805 -0.004262654576450588 -0.0027499999850988414
v 0.0018945561023429053 -0.004639186896383764 -0.006250000093132263
v 0.0018945561023429053 -0.004639186896383764 -0.006250000093132263
v 0.0023426248226314805 -0.004262654576450588 -0.0027499999850988414
v 0.0018945561023429053 -0.004639186896383764 -0.0027499999850988414
v 0.0018945561023429053 -0.004639186896383764 -0.006250000093132263
v 0.0018945561023429053 -0.004639186896383764 -0.0027499999850988414
v 0.0016246878076344744 -0.005158526357263329 -0.006250000093132263
v 0.0016246878076344744 -0.005158526357263329 -0.006250000093132263
v 0.0018945561023429053 -0.004639186896383764 -0.0027499999850988414
v 0.0016246878076344744 -0.005158526357263329 -0.0027499999850988414
v 0.0016246878076344744 -0.005158526357263329 -0.006250000093132263
v 0.0016246878076344744 -0.005158526357263329 -0.0027499999850988414
v 0.0015741034876555217 -0.005741606932133439 -0.006250000093132263
v 0.0015741034876555217 -0.005741606932133439 -0.006250000093132263
v 0.0016246878076344744 -0.005158526357263329 -0.0027499999850988414
v 0.0015741034876555217 -0.005741606932133439 -0.0027499999850988414
v 0.0015741034876555217 -0.005741606932133439 -0.006250000093132263
v 0.0015741034876555217 -0.005741606932133439 -0.0027499999850988414
v 0.0017505056457594052 -0.006299661006778481 -0.006250000093132263
v 0.0017505056457594052 -0.006299661006778481 -0.006250000093132263
v 0.0015741034876555217 -0.005741606932133439 -0.0027499999850988414
v 0.0017505056457594052 -0.006299661006778481 -0.0027499999850988414
v 0.0017505056457594052 -0.006299661006778481 -0.006250000093132263
v 0.0017505056457594052 -0.006299661006778481 -0.0027499999850988414
v 0.0021270385477691906 -0.006747730076313021 -0.006250000093132263
v 0.0021270385477691906 -0.006747730076313021 -0.006250000093132263
v 0.0017505056457594052 -0.006299661006778481 -0.0027499999850988414
v 0.0021270385477691906 -0.006747730076313021 -0.0027499999850988414
v 0.0021270385477691906 -0.006747730076313021 -0.006250000093132263
v 0.0021270385477691906 -0.006747730076313021 -0.0027499999850988414
v 0.0026463766116648934 -0.007017598487436775 -0.006250000093132263
v 0.0026463766116648934 -0.007017598487436775 -0.006250000093132263
v 0.0021270385477691906 -0.006747730076313021 -0.0027499999850988414
v 0.0026463766116648934 -0.007017598487436775 -0.0027499999850988414
v 1.1994030501227836e-05 0.0014999521663412458 -0.0027499999850988414
v -0.0002088909677695485 0.0014853839529678232 -0.00681256782263518
v 7.832601113477729e-05 0.0014979537809267647 -0.006623846944421536
v 0.00041869140113703944 0.0014403810491785414 -0.006449999753385788
v 0.00041869140113703944 0.0014403810491785414 -0.0027499999850988414
v 0.00035898559144698116 0.001456409576348961 -0.006476720329374081
v 0.00035898559144698116 0.001456409576348961 -0.006476720329374081
v 0.00041869140113703944 0.0014403810491785414 -0.0027499999850988414
v 1.1994030501227836e-05 0.0014999521663412458 -0.0027499999850988414
v 0.00035898559144698116 0.001456409576348961 -0.006476720329374081
v 1.1994030501227836e-05 0.0014999521663412458 -0.0027499999850988414
v 0.00018165828078053908 0.0014889594167470939 -0.006565548945218331
v 0.00018165828078053908 0.0014889594167470939 -0.006565548945218331
v 1.1994030501227836e-05 0.0014999521663412458 -0.0027499999850988414
v 7.832601113477729e-05 0.0014979537809267647 -0.006623846944421536
v -0.0002088909677695485 0.0014853839529678232 -0.00681256782263518
v 1.1994030501227836e-05 0.0014999521663412458 -0.0027499999850988414
v -0.00047383719356730624 0.0014231931418180472 -0.007025781553238636
v -0.00047383719356730624 0.0014231931418180472 -0.007025781553238636
v 1.1994030501227836e-05 0.0014999521663412458 -0.0027499999850988414
v -0.0006170768756419426 0.0013671928318217403 -0.0027499999850988414
v -0.00047383719356730624 0.0014231931418180472 -0.007025781553238636
v -0.0006170768756419426 0.0013671928318217403 -0.0027499999850988414
v -0.0006184787489473825 0.0013665591832250363 -0.007159625645726925
v -0.0006184787489473825 0.0013665591832250363 -0.007159625645726925
v -0.0006170768756419426 0.0013671928318217403 -0.0027499999850988414
v -0.0007365772617049522 0.0013066957471892244 -0.007279437500983483
v -0.0007365772617049522 0.0013066957471892244 -0.007279437500983483
v -0.0006170768756419426 0.0013671928318217403 -0.0027499999850988414
v -0.001132782781496645 0.0009832613868638877 -0.0027499999850988414
v -0.0007365772617049522 0.0013066957471892244 -0.007279437500983483
v -0.001132782781496645 0.0009832613868638877 -0.0027499999850988414
v -0.0009720663656480619 0.0011424041585996751 -0.007551630493253476
v -0.0014403808163478984 0.0004186916921753438 -0.0027499999850988414
v -0.0014402503147721304 0.00041914064786396937 -0.008135852403938777
v -0.001393044134601952 0.0005562622682191434 -0.008110919035971172
v -0.001393044134601952 0.0005562622682191434 -0.008110919035971172
v -0.0013100001960992824 0.0007306842016987506 -0.008013865910470493
v -0.0014403808163478984 0.0004186916921753438 -0.0027499999850988414
v -0.0014403808163478984 0.0004186916921753438 -0.0027499999850988414
v -0.0013100001960992824 0.0007306842016987506 -0.008013865910470493
v -0.0011662306496873509 0.0009433484519831841 -0.0078105488792061875
v -0.0014403808163478984 0.0004186916921753438 -0.0027499999850988414
v -0.0011662306496873509 0.0009433484519831841 -0.0078105488792061875
v -0.001132782781496645 0.0009832613868638877 -0.0027499999850988414
v -0.001132782781496645 0.0009832613868638877 -0.0027499999850988414
v -0.0011662306496873509 0.0009433484519831841 -0.0078105488792061875
v -0.0011322472710162412 0.0009838782716542487 -0.007763003464788205
v -0.001132782781496645 0.0009832613868638877 -0.0027499999850988414
v -0.0011322472710162412 0.0009838782716542487 -0.007763003464788205
v -0.0009720663656480619 0.0011424041585996751 -0.007551630493253476
v -0.0014833613531664027 -0.0002227977674920113 -0.0027499999850988414
v -0.0014832962770015014 -0.0002232312981504948 -0.0077633485198021004
v -0.0014403808163478984 0.0004186916921753438 -0.0027499999850988414
v -0.0014403808163478984 0.0004186916921753438 -0.0027499999850988414
v -0.0014832962770015014 -0.0002232312981504948 -0.0077633485198021004
v -0.0014994125813245786 4.197700764052572e-05 -0.007983901537954814
v -0.0014994125813245786 4.197700764052572e-05 -0.007983901537954814
v -0.001482101273722948 0.00023103189596440654 -0.008093383163213737
v -0.0014403808163478984 0.0004186916921753438 -0.0027499999850988414
v -0.0014403808163478984 0.0004186916921753438 -0.0027499999850988414
v -0.001482101273722948 0.00023103189596440654 -0.008093383163213737
v -0.0014452785253524793 0.0004014598962385209 -0.008135420270264156
v -0.0014403808163478984 0.0004186916921753438 -0.0027499999850988414
v -0.0014452785253524793 0.0004014598962385209 -0.008135420270264156
v -0.0014402503147721304 0.00041914064786396937 -0.008135852403938777
v -0.0012538279406726371 -0.0008233559201471511 -0.0027499999850988414
v -0.0012544665951281797 -0.0008223830373026434 -0.007159305736422545
v -0.0014833613531664027 -0.0002227977674920113 -0.0027499999850988414
v -0.0014833613531664027 -0.0002227977674920113 -0.0027499999850988414
v -0.0012544665951281797 -0.0008223830373026434 -0.007159305736422545
v -0.0012867791811004292 -0.0007708431803621355 -0.0072137173265218795
v -0.0014833613531664027 -0.0002227977674920113 -0.0027499999850988414
v -0.0012867791811004292 -0.0007708431803621355 -0.0072137173265218795
v -0.0014051822945475591 -0.000524845556356013 -0.007469426840543754
v -0.0014051822945475591 -0.000524845556356013 -0.007469426840543754
v -0.0014506325824186219 -0.00038166137528605775 -0.007612592075020082
v -0.0014833613531664027 -0.0002227977674920113 -0.0027499999850988414
v -0.0014833613531664027 -0.0002227977674920113 -0.0027499999850988414
v -0.0014506325824186219 -0.00038166137528605775 -0.007612592075020082
v -0.0014816058101132525 -0.00023418833734467636 -0.007753231097012765
v -0.0014833613531664027 -0.0002227977674920113 -0.0027499999850988414
v -0.0014816058101132525 -0.00023418833734467636 -0.007753231097012765
v -0.0014832962770015014 -0.0002232312981504948 -0.0077633485198021004
v -0.0007939497008919723 -0.0012726524146273739 -0.0027499999850988414
v -0.00041869160486385264 -0.0014403809327632195 -0.0027499999850988414
v -0.00041869160486385264 -0.0014403809327632195 -0.006449999753385788
v -0.00041869160486385264 -0.0014403809327632195 -0.006449999753385788
v -0.0006814156076870865 -0.001336290733888746 -0.0065878480672836364
v -0.0007939497008919723 -0.0012726524146273739 -0.0027499999850988414
v -0.0007939497008919723 -0.0012726524146273739 -0.0027499999850988414
v -0.0006814156076870865 -0.001336290733888746 -0.0065878480672836364
v -0.0009231622680090376 -0.0011822738451883201 -0.0067673795856535495
v -0.0007939497008919723 -0.0012726524146273739 -0.0027499999850988414
v -0.0009231622680090376 -0.0011822738451883201 -0.0067673795856535495
v -0.0012538279406726371 -0.0008233559201471511 -0.0027499999850988414
v -0.0012538279406726371 -0.0008233559201471511 -0.0027499999850988414
v -0.0009231622680090376 -0.0011822738451883201 -0.0067673795856535495
v -0.0011051363544538628 -0.001014235545881093 -0.006953374948352581
v -0.0012538279406726371 -0.0008233559201471511 -0.0027499999850988414
v -0.0011051363544538628 -0.001014235545881093 -0.006953374948352581
v -0.0012544665951281797 -0.0008223830373026434 -0.007159305736422545
v 0.005701632704585796 -0.000251434772508219 -0.014250000007450593
v 0.0014403811655938638 -0.00041869131382554786 -0.014250000007450593
v 0.0014833613531664027 0.00022279775294009607 -0.014250000007450593
v -0.00851674750447274 0.007422264665365223 -0.014250000007450593
v 0.00036560249282047185 0.004840333946049215 -0.014250000007450593
v 1.1994030501227836e-05 0.0014999521663412458 -0.014250000007450593
v 0.005701632704585796 -0.000251434772508219 -0.014250000007450593
v 0.006034265272319322 -0.0015913457609713084 -0.014250000007450593
v 0.0014403811655938638 -0.00041869131382554786 -0.014250000007450593
v 0.0014403811655938638 -0.00041869131382554786 -0.014250000007450593
v 0.006034265272319322 -0.0015913457609713084 -0.014250000007450593
v 0.006131575908511882 -0.002968493849039079 -0.014250000007450593
v 0.0014403811655938638 -0.00041869131382554786 -0.014250000007450593
v 0.006131575908511882 -0.002968493849039079 -0.014250000007450593
v 0.001132782781496645 -0.0009832613868638877 -0.014250000007450593
v 0.0007939494680613287 0.0012726525310426957 -0.014250000007450593
v 0.003423929214477542 0.003158438252285124 -0.014250000007450593
v 0.0012538282899186026 0.0008233560947701338 -0.014250000007450593
v 0.0012538282899186026 0.0008233560947701338 -0.014250000007450593
v 0.003423929214477542 0.003158438252285124 -0.014250000007450593
v 0.004376736003905538 0.002159355441108347 -0.014250000007450593
v 0.0012538282899186026 0.0008233560947701338 -0.014250000007450593
v 0.004376736003905538 0.002159355441108347 -0.014250000007450593
v 0.0014833613531664027 0.00022279775294009607 -0.014250000007450593
v 0.0014833613531664027 0.00022279775294009607 -0.014250000007450593
v 0.004376736003905538 0.002159355441108347 -0.014250000007450593
v 0.005143582355231051 0.0010113348253071312 -0.014250000007450593
v 0.0014833613531664027 0.00022279775294009607 -0.014250000007450593
v 0.005143582355231051 0.0010113348253071312 -0.014250000007450593
v 0.005701632704585796 -0.000251434772508219 -0.014250000007450593
v -0.011168459430336963 -0.001700147986412049 -0.014250000007450593
v -0.0014833613531664027 -0.0002227977674920113 -0.014250000007450593
v -0.00476603908464313 -0.0035612105857580918 -0.014250000007450593
v -0.00476603908464313 -0.0035612105857580918 -0.014250000007450593
v -0.0014833613531664027 -0.0002227977674920113 -0.014250000007450593
v -0.0012538279406726371 -0.0008233559201471511 -0.014250000007450593
v 1.1994030501227836e-05 0.0014999521663412458 -0.014250000007450593
v 0.00036560249282047185 0.004840333946049215 -0.014250000007450593
v 0.00041869140113703944 0.0014403810491785414 -0.014250000007450593
v 0.00041869140113703944 0.0014403810491785414 -0.014250000007450593
v 0.00036560249282047185 0.004840333946049215 -0.014250000007450593
v 0.0010786352213472137 0.004596095066517593 -0.014250000007450593
v 0.00041869140113703944 0.0014403810491785414 -0.014250000007450593
v 0.0010786352213472137 0.004596095066517593 -0.014250000007450593
v 0.0007939494680613287 0.0012726525310426957 -0.014250000007450593
v 0.0007939494680613287 0.0012726525310426957 -0.014250000007450593
v 0.0010786352213472137 0.004596095066517593 -0.014250000007450593
v 0.002313539618626239 0.003978828899562361 -0.014250000007450593
v 0.0007939494680613287 0.0012726525310426957 -0.014250000007450593
v 0.002313539618626239 0.003978828899562361 -0.014250000007450593
v 0.003423929214477542 0.003158438252285124 -0.014250000007450593
v 1.1994030501227836e-05 0.0014999521663412458 -0.014250000007450593
v -0.0006170768756419426 0.0013671928318217403 -0.014250000007450593
v -0.00851674750447274 0.007422264665365223 -0.014250000007450593
v -0.00851674750447274 0.007422264665365223 -0.014250000007450593
v -0.0006170768756419426 0.0013671928318217403 -0.014250000007450593
v -0.001132782781496645 0.0009832613868638877 -0.014250000007450593
v -0.00851674750447274 0.007422264665365223 -0.014250000007450593
v -0.001132782781496645 0.0009832613868638877 -0.014250000007450593
v -0.011168459430336963 -0.001700147986412049 -0.014250000007450593
v -0.011168459430336963 -0.001700147986412049 -0.014250000007450593
v -0.001132782781496645 0.0009832613868638877 -0.014250000007450593
v -0.0014403808163478984 0.0004186916921753438 -0.014250000007450593
v -0.011168459430336963 -0.001700147986412049 -0.014250000007450593
v -0.0014403808163478984 0.0004186916921753438 -0.014250000007450593
v -0.0014833613531664027 -0.0002227977674920113 -0.014250000007450593
v 0.003787512425333265 -0.006891780532896522 -0.014250000007450593
v 0.004235580097883943 -0.006515247747302058 -0.014250000007450593
v 0.005081031005829577 -0.007232163101434711 -0.014250000007450593
v 0.005081031005829577 -0.007232163101434711 -0.014250000007450593
v 0.004235580097883943 -0.006515247747302058 -0.014250000007450593
v 0.005395921878516679 -0.006515100132673981 -0.014250000007450593
v 0.005395921878516679 -0.006515100132673981 -0.014250000007450593
v 0.004235580097883943 -0.006515247747302058 -0.014250000007450593
v 0.004505449440330271 -0.005995909217745068 -0.014250000007450593
v 0.005395921878516679 -0.006515100132673981 -0.014250000007450593
v 0.004505449440330271 -0.005995909217745068 -0.014250000007450593
v 0.005814613308757549 -0.005074718967080119 -0.014250000007450593
v 0.005814613308757549 -0.005074718967080119 -0.014250000007450593
v 0.004505449440330271 -0.005995909217745068 -0.014250000007450593
v 0.004556032828986649 -0.005412828177213671 -0.014250000007450593
v 0.005814613308757549 -0.005074718967080119 -0.014250000007450593
v 0.004556032828986649 -0.005412828177213671 -0.014250000007450593
v 0.004379631485790018 -0.004854774102568628 -0.014250000007450593
v 0.004379631485790018 -0.004854774102568628 -0.014250000007450593
v 0.004003098700195554 -0.004406705498695375 -0.014250000007450593
v 0.005814613308757549 -0.005074718967080119 -0.014250000007450593
v 0.005814613308757549 -0.005074718967080119 -0.014250000007450593
v 0.004003098700195554 -0.004406705498695375 -0.014250000007450593
v 0.001132782781496645 -0.0009832613868638877 -0.014250000007450593
v 0.005814613308757549 -0.005074718967080119 -0.014250000007450593
v 0.001132782781496645 -0.0009832613868638877 -0.014250000007450593
v 0.0059906654059886984 -0.004341865889728071 -0.014250000007450593
v 0.0059906654059886984 -0.004341865889728071 -0.014250000007450593
v 0.001132782781496645 -0.0009832613868638877 -0.014250000007450593
v 0.006131575908511882 -0.002968493849039079 -0.014250000007450593
v 0.005081031005829577 -0.007232163101434711 -0.014250000007450593
v 0.004591281525790696 -0.00784329324960709 -0.014250000007450593
v 0.003787512425333265 -0.006891780532896522 -0.014250000007450593
v 0.003787512425333265 -0.006891780532896522 -0.014250000007450593
v 0.004591281525790696 -0.00784329324960709 -0.014250000007450593
v 0.003960046917200092 -0.008306842297315601 -0.014250000007450593
v 0.003787512425333265 -0.006891780532896522 -0.014250000007450593
v 0.003960046917200092 -0.008306842297315601 -0.014250000007450593
v 0.003229457885026935 -0.00706818234175444 -0.014250000007450593
v 0.003229457885026935 -0.00706818234175444 -0.014250000007450593
v 0.003960046917200092 -0.008306842297315601 -0.014250000007450593
v 0.0032303454354405433 -0.008591221645474437 -0.014250000007450593
v 0.003229457885026935 -0.00706818234175444 -0.014250000007450593
v 0.0032303454354405433 -0.008591221645474437 -0.014250000007450593
v 0.0026463766116648934 -0.007017598487436775 -0.014250000007450593
v 0.0026463766116648934 -0.007017598487436775 -0.014250000007450593
v 0.0032303454354405433 -0.008591221645474437 -0.014250000007450593
v 0.0024519057478755734 -0.00867705047130585 -0.014250000007450593
v 0.0026463766116648934 -0.007017598487436775 -0.014250000007450593
v 0.0024519057478755734 -0.00867705047130585 -0.014250000007450593
v 0.0021270385477691906 -0.006747730076313021 -0.014250000007450593
v 0.0021270385477691906 -0.006747730076313021 -0.014250000007450593
v 0.0024519057478755734 -0.00867705047130585 -0.014250000007450593
v 0.0016777761047706023 -0.008558479137718681 -0.014250000007450593
v 0.0021270385477691906 -0.006747730076313021 -0.014250000007450593
v 0.0016777761047706023 -0.008558479137718681 -0.014250000007450593
v 0.0017505056457594052 -0.006299661006778481 -0.014250000007450593
v 0.004003098700195554 -0.004406705498695375 -0.014250000007450593
v 0.003483759704977277 -0.004136836621910335 -0.014250000007450593
v 0.001132782781496645 -0.0009832613868638877 -0.014250000007450593
v 0.001132782781496645 -0.0009832613868638877 -0.014250000007450593
v 0.003483759704977277 -0.004136836621910335 -0.014250000007450593
v 0.0029006793629378106 -0.00408625276759267 -0.014250000007450593
v 0.001132782781496645 -0.0009832613868638877 -0.014250000007450593
v 0.0029006793629378106 -0.00408625276759267 -0.014250000007450593
v 0.0006170771666802471 -0.0013671927154064185 -0.014250000007450593
v 0.0006170771666802471 -0.0013671927154064185 -0.014250000007450593
v 0.0029006793629378106 -0.00408625276759267 -0.014250000007450593
v 0.0023426248226314805 -0.004262654576450588 -0.014250000007450593
v 0.0006170771666802471 -0.0013671927154064185 -0.014250000007450593
v 0.0023426248226314805 -0.004262654576450588 -0.014250000007450593
v -1.1994246051472156e-05 -0.0014999521663412458 -0.014250000007450593
v -1.1994246051472156e-05 -0.0014999521663412458 -0.014250000007450593
v 0.0023426248226314805 -0.004262654576450588 -0.014250000007450593
v 0.0018945561023429053 -0.004639186896383764 -0.014250000007450593
v -1.1994246051472156e-05 -0.0014999521663412458 -0.014250000007450593
v 0.0018945561023429053 -0.004639186896383764 -0.014250000007450593
v -0.00041869160486385264 -0.0014403809327632195 -0.014250000007450593
v -0.00041869160486385264 -0.0014403809327632195 -0.014250000007450593
v 0.0018945561023429053 -0.004639186896383764 -0.014250000007450593
v -0.0007939497008919723 -0.0012726524146273739 -0.014250000007450593
v -0.0031357822008430984 -0.004382033366709949 -0.014250000007450593
v -0.004043494816869501 -0.003833319293335082 -0.014250000007450593
v 0.0016246878076344744 -0.005158526357263329 -0.014250000007450593
v 0.0016246878076344744 -0.005158526357263329 -0.014250000007450593
v -0.004043494816869501 -0.003833319293335082 -0.014250000007450593
v -0.00476603908464313 -0.0035612105857580918 -0.014250000007450593
v 0.0016246878076344744 -0.005158526357263329 -0.014250000007450593
v -0.00476603908464313 -0.0035612105857580918 -0.014250000007450593
v 0.0018945561023429053 -0.004639186896383764 -0.014250000007450593
v 0.0018945561023429053 -0.004639186896383764 -0.014250000007450593
v -0.00476603908464313 -0.0035612105857580918 -0.014250000007450593
v -0.0012538279406726371 -0.0008233559201471511 -0.014250000007450593
v 0.0018945561023429053 -0.004639186896383764 -0.014250000007450593
v -0.0012538279406726371 -0.0008233559201471511 -0.014250000007450593
v -0.0007939497008919723 -0.0012726524146273739 -0.014250000007450593
v 0.0016777761047706023 -0.008558479137718681 -0.014250000007450593
v -0.0012029854115098726 -0.007721096277236942 -0.014250000007450593
v 0.0017505056457594052 -0.006299661006778481 -0.014250000007450593
v 0.0017505056457594052 -0.006299661006778481 -0.014250000007450593
v -0.0012029854115098726 -0.007721096277236942 -0.014250000007450593
v -0.001360848895274104 -0.006965323351323608 -0.014250000007450593
v 0.0017505056457594052 -0.006299661006778481 -0.014250000007450593
v -0.001360848895274104 -0.006965323351323608 -0.014250000007450593
v 0.0015741034876555217 -0.005741606932133439 -0.014250000007450593
v 0.0015741034876555217 -0.005741606932133439 -0.014250000007450593
v -0.001360848895274104 -0.006965323351323608 -0.014250000007450593
v -0.0017635842086747304 -0.005984082352370026 -0.014250000007450593
v 0.0015741034876555217 -0.005741606932133439 -0.014250000007450593
v -0.0017635842086747304 -0.005984082352370026 -0.014250000007450593
v 0.0016246878076344744 -0.005158526357263329 -0.014250000007450593
v 0.0016246878076344744 -0.005158526357263329 -0.014250000007450593
v -0.0017635842086747304 -0.005984082352370026 -0.014250000007450593
v -0.002364238491281869 -0.005109872668981555 -0.014250000007450593
v 0.0016246878076344744 -0.005158526357263329 -0.014250000007450593
v -0.002364238491281869 -0.005109872668981555 -0.014250000007450593
v -0.0031357822008430984 -0.004382033366709949 -0.014250000007450593
v 0.0006481798482127493 -0.0013527241535484797 -0.006250000093132263
v 0.0006170381093397742 -0.0013672104105353362 -0.006250138394534593
v 0.0006170771666802471 -0.0013671927154064185 -0.0027499999850988414
v 0.0006170771666802471 -0.0013671927154064185 -0.0027499999850988414
v 0.0006170381093397742 -0.0013672104105353362 -0.006250138394534593
v -1.1994246051472156e-05 -0.0014999521663412458 -0.0027499999850988414
v 0.0006170381093397742 -0.0013672104105353362 -0.006250138394534593
v 0.00037270432221703264 -0.0014529596082866198 -0.006260985974222427
v -1.1994246051472156e-05 -0.0014999521663412458 -0.0027499999850988414
v -1.1994246051472156e-05 -0.0014999521663412458 -0.0027499999850988414
v 0.00037270432221703264 -0.0014529596082866198 -0.006260985974222427
v 0.00011332127905916432 -0.0014957132516428835 -0.006293514277786022
v -1.1994246051472156e-05 -0.0014999521663412458 -0.0027499999850988414
v 0.00011332127905916432 -0.0014957132516428835 -0.006293514277786022
v -0.00041869160486385264 -0.0014403809327632195 -0.0027499999850988414
v -0.00041869160486385264 -0.0014403809327632195 -0.0027499999850988414
v 0.00011332127905916432 -0.0014957132516428835 -0.006293514277786022
v -0.0001596787769813092 -0.0014914766652509577 -0.006356750614941126
v -0.00041869160486385264 -0.0014403809327632195 -0.0027499999850988414
v -0.0001596787769813092 -0.0014914766652509577 -0.006356750614941126
v -0.00041869160486385264 -0.0014403809327632195 -0.006449999753385788
v 0.0006481798482127493 -0.0013527241535484797 -0.006250000093132263
v 0.0006170771666802471 -0.0013671927154064185 -0.0027499999850988414
v 0.001132782781496645 -0.0009832613868638877 -0.006250000093132263
v 0.001132782781496645 -0.0009832613868638877 -0.006250000093132263
v 0.0006170771666802471 -0.0013671927154064185 -0.0027499999850988414
v 0.001132782781496645 -0.0009832613868638877 -0.0027499999850988414
v 0.001132782781496645 -0.0009832613868638877 -0.006250000093132263
v 0.001132782781496645 -0.0009832613868638877 -0.0027499999850988414
v 0.0014403811655938638 -0.00041869131382554786 -0.006250000093132263
v 0.0014403811655938638 -0.00041869131382554786 -0.006250000093132263
v 0.001132782781496645 -0.0009832613868638877 -0.0027499999850988414
v 0.0014403811655938638 -0.00041869131382554786 -0.0027499999850988414
v 0.0014403811655938638 -0.00041869131382554786 -0.006250000093132263
v 0.0014403811655938638 -0.00041869131382554786 -0.0027499999850988414
v 0.0014833613531664027 0.00022279775294009607 -0.006250000093132263
v 0.0014833613531664027 0.00022279775294009607 -0.006250000093132263
v 0.0014403811655938638 -0.00041869131382554786 -0.0027499999850988414
v 0.0014833613531664027 0.00022279775294009607 -0.0027499999850988414
v 0.0014833613531664027 0.00022279775294009607 -0.006250000093132263
v 0.0014833613531664027 0.00022279775294009607 -0.0027499999850988414
v 0.0012723281979560863 0.0007944688550196591 -0.006250000093132263
v 0.0012723281979560863 0.0007944688550196591 -0.006250000093132263
v 0.0014833613531664027 0.00022279775294009607 -0.0027499999850988414
v 0.0012538282899186026 0.0008233560947701338 -0.0027499999850988414
v 0.0012723281979560863 0.0007944688550196591 -0.006250000093132263
v 0.0012538282899186026 0.0008233560947701338 -0.0027499999850988414
v 0.0012538046576082717 0.000823391601443291 -0.006250138394534593
v 0.0012538046576082717 0.000823391601443291 -0.006250138394534593
v 0.0012538282899186026 0.0008233560947701338 -0.0027499999850988414
v 0.0010937395272776493 0.0010265153832733635 -0.006260964553803211
v 0.0010937395272776493 0.0010265153832733635 -0.006260964553803211
v 0.0012538282899186026 0.0008233560947701338 -0.0027499999850988414
v 0.0007939494680613287 0.0012726525310426957 -0.0027499999850988414
v 0.0010937395272776493 0.0010265153832733635 -0.006260964553803211
v 0.0007939494680613287 0.0012726525310426957 -0.0027499999850988414
v 0.0008958823746070273 0.0012030769139528279 -0.0062938574701547675
v 0.0008958823746070273 0.0012030769139528279 -0.0062938574701547675
v 0.0007939494680613287 0.0012726525310426957 -0.0027499999850988414
v 0.0006828996702097363 0.0013355329865589744 -0.00635092286393047
v 0.0006828996702097363 0.0013355329865589744 -0.00635092286393047
v 0.0007939494680613287 0.0012726525310426957 -0.0027499999850988414
v 0.00041869140113703944 0.0014403810491785414 -0.0027499999850988414
v 0.0006828996702097363 0.0013355329865589744 -0.00635092286393047
v 0.00041869140113703944 0.0014403810491785414 -0.0027499999850988414
v 0.00041869140113703944 0.0014403810491785414 -0.006449999753385788
v 0.005395921878516679 -0.006515100132673981 -0.0027499999850988414
v 0.005395921878516679 -0.006515100132673981 -0.006250000093132263
v 0.005814613308757549 -0.005074718967080119 -0.0027499999850988414
v 0.005814613308757549 -0.005074718967080119 -0.0027499999850988414
v 0.005395921878516679 -0.006515100132673981 -0.006250000093132263
v 0.005814613308757549 -0.005074718967080119 -0.006250000093132263
v -0.0012029854115098726 -0.007721096277236942 -0.006250000093132263
v 0.0016777761047706023 -0.008558479137718681 -0.006250000093132263
v -0.0012029854115098726 -0.007721096277236942 -0.0027499999850988414
v -0.0012029854115098726 -0.007721096277236942 -0.0027499999850988414
v 0.0016777761047706023 -0.008558479137718681 -0.006250000093132263
v 0.0016777761047706023 -0.008558479137718681 -0.0027499999850988414
v 0.0026463766116648934 -0.007017598487436775 -0.006250000093132263
v 0.0026463766116648934 -0.007017598487436775 -0.0027499999850988414
v 0.003229457885026935 -0.00706818234175444 -0.006250000093132263
v 0.003229457885026935 -0.00706818234175444 -0.006250000093132263
v 0.0026463766116648934 -0.007017598487436775 -0.0027499999850988414
v 0.003229457885026935 -0.00706818234175444 -0.0027499999850988414
v 0.003229457885026935 -0.00706818234175444 -0.006250000093132263
v 0.003229457885026935 -0.00706818234175444 -0.0027499999850988414
v 0.003787512425333265 -0.006891780532896522 -0.006250000093132263
v 0.003787512425333265 -0.006891780532896522 -0.006250000093132263
v 0.003229457885026935 -0.00706818234175444 -0.0027499999850988414
v 0.003787512425333265 -0.006891780532896522 -0.0027499999850988414
v 0.003787512425333265 -0.006891780532896522 -0.006250000093132263
v 0.003787512425333265 -0.006891780532896522 -0.0027499999850988414
v 0.004235580097883943 -0.006515247747302058 -0.006250000093132263
v 0.004235580097883943 -0.006515247747302058 -0.006250000093132263
v 0.003787512425333265 -0.006891780532896522 -0.0027499999850988414
v 0.004235580097883943 -0.006515247747302058 -0.0027499999850988414
v 0.004235580097883943 -0.006515247747302058 -0.006250000093132263
v 0.004235580097883943 -0.006515247747302058 -0.0027499999850988414
v 0.004505449440330271 -0.005995909217745068 -0.006250000093132263
v 0.004505449440330271 -0.005995909217745068 -0.006250000093132263
v 0.004235580097883943 -0.006515247747302058 -0.0027499999850988414
v 0.004505449440330271 -0.005995909217745068 -0.0027499999850988414
v 0.004505449440330271 -0.005995909217745068 -0.006250000093132263
v 0.004505449440330271 -0.005995909217745068 -0.0027499999850988414
v 0.004556032828986649 -0.005412828177213671 -0.006250000093132263
v 0.004556032828986649 -0.005412828177213671 -0.006250000093132263
v 0.004505449440330271 -0.005995909217745068 -0.0027499999850988414
v 0.004556032828986649 -0.005412828177213671 -0.0027499999850988414
v 0.004556032828986649 -0.005412828177213671 -0.006250000093132263
v 0.004556032828986649 -0.005412828177213671 -0.0027499999850988414
v 0.004379631485790018 -0.004854774102568628 -0.006250000093132263
v 0.004379631485790018 -0.004854774102568628 -0.006250000093132263
v 0.004556032828986649 -0.005412828177213671 -0.0027499999850988414
v 0.004379631485790018 -0.004854774102568628 -0.0027499999850988414
v 0.004379631485790018 -0.004854774102568628 -0.006250000093132263
v 0.004379631485790018 -0.004854774102568628 -0.0027499999850988414
v 0.004003098700195554 -0.004406705498695375 -0.006250000093132263
v 0.004003098700195554 -0.004406705498695375 -0.006250000093132263
v 0.004379631485790018 -0.004854774102568628 -0.0027499999850988414
v 0.004003098700195554 -0.004406705498695375 -0.0027499999850988414
v 0.004003098700195554 -0.004406705498695375 -0.006250000093132263
v 0.004003098700195554 -0.004406705498695375 -0.0027499999850988414
v 0.003483759704977277 -0.004136836621910335 -0.006250000093132263
v 0.003483759704977277 -0.004136836621910335 -0.006250000093132263
v 0.004003098700195554 -0.004406705498695375 -0.0027499999850988414
v 0.003483759704977277 -0.004136836621910335 -0.0027499999850988414
v 0.0010786352213472137 0.004596095066517593 -0.0027499999850988414
v 0.0012094062985852372 0.0045429575257003325 -0.006497309543192393
v 0.00036560249282047185 0.004840333946049215 -0.0027499999850988414
v 0.00036560249282047185 0.004840333946049215 -0.0027499999850988414
v 0.0012094062985852372 0.0045429575257003325 -0.006497309543192393
v 0.0010848131496459254 0.0045935185626149195 -0.006565004587173468
v 0.00036560249282047185 0.004840333946049215 -0.0027499999850988414
v 0.0010848131496459254 0.0045935185626149195 -0.006565004587173468
v 0.0009102370240725584 0.004660217091441156 -0.006676426157355315
v 0.0009102370240725584 0.004660217091441156 -0.006676426157355315
v 0.0006300190580077475 0.004758125171065332 -0.006903010420501238
v 0.00036560249282047185 0.004840333946049215 -0.0027499999850988414
v 0.00036560249282047185 0.004840333946049215 -0.0027499999850988414
v 0.0006300190580077475 0.004758125171065332 -0.006903010420501238
v 0.0005202123429626231 0.004793513100594284 -0.007011510431766516
v 0.00036560249282047185 0.004840333946049215 -0.0027499999850988414
v 0.0005202123429626231 0.004793513100594284 -0.007011510431766516
v 0.00036560249282047185 0.004840333946049215 -0.007188674993813044
v 0.0019018583698198217 0.004214457701891662 -0.0062736794352531485
v 0.001729891868308188 0.004303581081330778 -0.006306719034910207
v 0.0010786352213472137 0.004596095066517593 -0.0027499999850988414
v 0.0010786352213472137 0.004596095066517593 -0.0027499999850988414
v 0.001729891868308188 0.004303581081330778 -0.006306719034910207
v 0.0015517995925620211 0.004390552639961244 -0.006356171332299715
v 0.0010786352213472137 0.004596095066517593 -0.0027499999850988414
v 0.0015517995925620211 0.004390552639961244 -0.006356171332299715
v 0.0012094062985852372 0.0045429575257003325 -0.006497309543192393
v 0.0019018583698198217 0.004214457701891662 -0.0062736794352531485
v 0.0010786352213472137 0.004596095066517593 -0.0027499999850988414
v 0.0022152026649564526 0.004038142040371897 -0.006250000093132263
v 0.0022152026649564526 0.004038142040371897 -0.006250000093132263
v 0.0010786352213472137 0.004596095066517593 -0.0027499999850988414
v 0.002313539618626239 0.003978828899562361 -0.0027499999850988414
v 0.0022152026649564526 0.004038142040371897 -0.006250000093132263
v 0.002313539618626239 0.003978828899562361 -0.0027499999850988414
v 0.002313539618626239 0.003978828899562361 -0.006250000093132263
v 0.002313539618626239 0.003978828899562361 -0.006250000093132263
v 0.002313539618626239 0.003978828899562361 -0.0027499999850988414
v 0.003423929214477542 0.003158438252285124 -0.0027499999850988414
v 0.002313539618626239 0.003978828899562361 -0.006250000093132263
v 0.003423929214477542 0.003158438252285124 -0.0027499999850988414
v 0.003423929214477542 0.003158438252285124 -0.006250000093132263
v 0.003423929214477542 0.003158438252285124 -0.006250000093132263
v 0.003423929214477542 0.003158438252285124 -0.0027499999850988414
v 0.004376736003905538 0.002159355441108347 -0.0027499999850988414
v 0.003423929214477542 0.003158438252285124 -0.006250000093132263
v 0.004376736003905538 0.002159355441108347 -0.0027499999850988414
v 0.004376736003905538 0.002159355441108347 -0.006250000093132263
v 0.004376736003905538 0.002159355441108347 -0.006250000093132263
v 0.004376736003905538 0.002159355441108347 -0.0027499999850988414
v 0.005143582355231051 0.0010113348253071312 -0.0027499999850988414
v 0.004376736003905538 0.002159355441108347 -0.006250000093132263
v 0.005143582355231051 0.0010113348253071312 -0.0027499999850988414
v 0.005143582355231051 0.0010113348253071312 -0.006250000093132263
v 0.005143582355231051 0.0010113348253071312 -0.006250000093132263
v 0.005143582355231051 0.0010113348253071312 -0.0027499999850988414
v 0.005701632704585796 -0.000251434772508219 -0.0027499999850988414
v 0.005143582355231051 0.0010113348253071312 -0.006250000093132263
v 0.005701632704585796 -0.000251434772508219 -0.0027499999850988414
v 0.005701632704585796 -0.000251434772508219 -0.006250000093132263
v 0.005701632704585796 -0.000251434772508219 -0.006250000093132263
v 0.005701632704585796 -0.000251434772508219 -0.0027499999850988414
v 0.006034265272319322 -0.0015913457609713084 -0.0027499999850988414
v 0.005701632704585796 -0.000251434772508219 -0.006250000093132263
v 0.006034265272319322 -0.0015913457609713084 -0.0027499999850988414
v 0.006034265272319322 -0.0015913457609713084 -0.006250000093132263
v 0.006034265272319322 -0.0015913457609713084 -0.006250000093132263
v 0.006034265272319322 -0.0015913457609713084 -0.0027499999850988414
v 0.006131575908511882 -0.002968493849039079 -0.0027499999850988414
v 0.006034265272319322 -0.0015913457609713084 -0.006250000093132263
v 0.006131575908511882 -0.002968493849039079 -0.0027499999850988414
v 0.006131575908511882 -0.002968493849039079 -0.006250000093132263
v 0.006131575908511882 -0.002968493849039079 -0.006250000093132263
v 0.006131575908511882 -0.002968493849039079 -0.0027499999850988414
v 0.0059906654059886984 -0.004341865889728071 -0.0027499999850988414
v 0.006131575908511882 -0.002968493849039079 -0.006250000093132263
v 0.0059906654059886984 -0.004341865889728071 -0.0027499999850988414
v 0.0059906654059886984 -0.004341865889728071 -0.006250000093132263
v 0.0059906654059886984 -0.004341865889728071 -0.006250000093132263
v 0.0059906654059886984 -0.004341865889728071 -0.0027499999850988414
v 0.005814613308757549 -0.005074718967080119 -0.0027499999850988414
v 0.0059906654059886984 -0.004341865889728071 -0.006250000093132263
v 0.005814613308757549 -0.005074718967080119 -0.0027499999850988414
v 0.005814613308757549 -0.005074718967080119 -0.006250000093132263
v 0.0016777761047706023 -0.008558479137718681 -0.0027499999850988414
v 0.0016777761047706023 -0.008558479137718681 -0.006250000093132263
v 0.0024519057478755734 -0.00867705047130585 -0.006250000093132263
v 0.0016777761047706023 -0.008558479137718681 -0.0027499999850988414
v 0.0024519057478755734 -0.00867705047130585 -0.006250000093132263
v 0.0024519057478755734 -0.00867705047130585 -0.0027499999850988414
v 0.0024519057478755734 -0.00867705047130585 -0.0027499999850988414
v 0.0024519057478755734 -0.00867705047130585 -0.006250000093132263
v 0.0032303454354405433 -0.008591221645474437 -0.006250000093132263
v 0.0024519057478755734 -0.00867705047130585 -0.0027499999850988414
v 0.0032303454354405433 -0.008591221645474437 -0.006250000093132263
v 0.0032303454354405433 -0.008591221645474437 -0.0027499999850988414
v 0.0032303454354405433 -0.008591221645474437 -0.0027499999850988414
v 0.0032303454354405433 -0.008591221645474437 -0.006250000093132263
v 0.003960046917200092 -0.008306842297315601 -0.006250000093132263
v 0.0032303454354405433 -0.008591221645474437 -0.0027499999850988414
v 0.003960046917200092 -0.008306842297315601 -0.006250000093132263
v 0.003960046917200092 -0.008306842297315601 -0.0027499999850988414
v 0.003960046917200092 -0.008306842297315601 -0.0027499999850988414
v 0.003960046917200092 -0.008306842297315601 -0.006250000093132263
v 0.004591281525790696 -0.00784329324960709 -0.006250000093132263
v 0.003960046917200092 -0.008306842297315601 -0.0027499999850988414
v 0.004591281525790696 -0.00784329324960709 -0.006250000093132263
v 0.004591281525790696 -0.00784329324960709 -0.0027499999850988414
v 0.004591281525790696 -0.00784329324960709 -0.0027499999850988414
v 0.004591281525790696 -0.00784329324960709 -0.006250000093132263
v 0.005081031005829577 -0.007232163101434711 -0.006250000093132263
v 0.004591281525790696 -0.00784329324960709 -0.0027499999850988414
v 0.005081031005829577 -0.007232163101434711 -0.006250000093132263
v 0.005081031005829577 -0.007232163101434711 -0.0027499999850988414
v 0.005081031005829577 -0.007232163101434711 -0.0027499999850988414
v 0.005081031005829577 -0.007232163101434711 -0.006250000093132263
v 0.005395921878516679 -0.006515100132673981 -0.006250000093132263
v 0.005081031005829577 -0.007232163101434711 -0.0027499999850988414
v 0.005395921878516679 -0.006515100132673981 -0.006250000093132263
v 0.005395921878516679 -0.006515100132673981 -0.0027499999850988414
v 0.0012723281979560863 0.0007944688550196591 -0.011450000107288371
v 0.0012538047740235936 0.0008233920088969174 -0.011449861340224753
v 0.0012538282899186026 0.0008233560947701338 -0.014250000007450593
v 0.0012538282899186026 0.0008233560947701338 -0.014250000007450593
v 0.0012538047740235936 0.0008233920088969174 -0.011449861340224753
v 0.0007939494680613287 0.0012726525310426957 -0.014250000007450593
v 0.0012538047740235936 0.0008233920088969174 -0.011449861340224753
v 0.0010935099562630066 0.0010267600882798438 -0.011439013294875632
v 0.0007939494680613287 0.0012726525310426957 -0.014250000007450593
v 0.0007939494680613287 0.0012726525310426957 -0.014250000007450593
v 0.0010935099562630066 0.0010267600882798438 -0.011439013294875632
v 0.0008971426286734648 0.0012021374423056845 -0.011406416073441516
v 0.0007939494680613287 0.0012726525310426957 -0.014250000007450593
v 0.0008971426286734648 0.0012021374423056845 -0.011406416073441516
v 0.00041869140113703944 0.0014403810491785414 -0.014250000007450593
v 0.00041869140113703944 0.0014403810491785414 -0.014250000007450593
v 0.0008971426286734648 0.0012021374423056845 -0.011406416073441516
v 0.0006645618123002356 0.0013447516830638058 -0.011343193240463744
v 0.00041869140113703944 0.0014403810491785414 -0.014250000007450593
v 0.0006645618123002356 0.0013447516830638058 -0.011343193240463744
v 0.00041869140113703944 0.0014403810491785414 -0.011249999515712272
v 0.0012723281979560863 0.0007944688550196591 -0.011450000107288371
v 0.0012538282899186026 0.0008233560947701338 -0.014250000007450593
v 0.0014833613531664027 0.00022279775294009607 -0.011450000107288371
v 0.0014833613531664027 0.00022279775294009607 -0.011450000107288371
v 0.0012538282899186026 0.0008233560947701338 -0.014250000007450593
v 0.0014833613531664027 0.00022279775294009607 -0.014250000007450593
v 0.0014833613531664027 0.00022279775294009607 -0.011450000107288371
v 0.0014833613531664027 0.00022279775294009607 -0.014250000007450593
v 0.0014403811655938638 -0.00041869131382554786 -0.011450000107288371
v 0.0014403811655938638 -0.00041869131382554786 -0.011450000107288371
v 0.0014833613531664027 0.00022279775294009607 -0.014250000007450593
v 0.0014403811655938638 -0.00041869131382554786 -0.014250000007450593
v 0.0014403811655938638 -0.00041869131382554786 -0.011450000107288371
v 0.0014403811655938638 -0.00041869131382554786 -0.014250000007450593
v 0.001132782781496645 -0.0009832613868638877 -0.011450000107288371
v 0.001132782781496645 -0.0009832613868638877 -0.011450000107288371
v 0.0014403811655938638 -0.00041869131382554786 -0.014250000007450593
v 0.001132782781496645 -0.0009832613868638877 -0.014250000007450593
v 0.001132782781496645 -0.0009832613868638877 -0.011450000107288371
v 0.001132782781496645 -0.0009832613868638877 -0.014250000007450593
v 0.0006481798482127493 -0.0013527241535484797 -0.011450000107288371
v 0.0006481798482127493 -0.0013527241535484797 -0.011450000107288371
v 0.001132782781496645 -0.0009832613868638877 -0.014250000007450593
v 0.0006170771666802471 -0.0013671927154064185 -0.014250000007450593
v 0.0006481798482127493 -0.0013527241535484797 -0.011450000107288371
v 0.0006170771666802471 -0.0013671927154064185 -0.014250000007450593
v 0.0006170381675474351 -0.0013672101777046925 -0.011449861340224753
v 0.0006170381675474351 -0.0013672101777046925 -0.011449861340224753
v 0.0006170771666802471 -0.0013671927154064185 -0.014250000007450593
v 0.0003737152437679473 -0.001452699885703624 -0.011439092457294475
v 0.0003737152437679473 -0.001452699885703624 -0.011439092457294475
v 0.0006170771666802471 -0.0013671927154064185 -0.014250000007450593
v -1.1994246051472156e-05 -0.0014999521663412458 -0.014250000007450593
v 0.0003737152437679473 -0.001452699885703624 -0.011439092457294475
v -1.1994246051472156e-05 -0.0014999521663412458 -0.014250000007450593
v 0.00011267021909588957 -0.001495762611739338 -0.011406372301280509
v 0.00011267021909588957 -0.001495762611739338 -0.011406372301280509
v -1.1994246051472156e-05 -0.0014999521663412458 -0.014250000007450593
v -0.00013944641978014274 -0.0014935040380805737 -0.01134907640516759
v -0.00013944641978014274 -0.0014935040380805737 -0.01134907640516759
v -1.1994246051472156e-05 -0.0014999521663412458 -0.014250000007450593
v -0.00041869160486385264 -0.0014403809327632195 -0.014250000007450593
v -0.00013944641978014274 -0.0014935040380805737 -0.01134907640516759
v -0.00041869160486385264 -0.0014403809327632195 -0.014250000007450593
v -0.00041869160486385264 -0.0014403809327632195 -0.011249999515712272
v 0.0012538282899186026 0.0008233560947701338 -0.0027499999850988414
v 0.0014833613531664027 0.00022279775294009607 -0.0027499999850988414
v 0.005143582355231051 0.0010113348253071312 -0.0027499999850988414
v 0.005143582355231051 0.0010113348253071312 -0.0027499999850988414
v 0.0014833613531664027 0.00022279775294009607 -0.0027499999850988414
v 0.005701632704585796 -0.000251434772508219 -0.0027499999850988414
v 0.005701632704585796 -0.000251434772508219 -0.0027499999850988414
v 0.0014833613531664027 0.00022279775294009607 -0.0027499999850988414
v 0.0014403811655938638 -0.00041869131382554786 -0.0027499999850988414
v 0.005701632704585796 -0.000251434772508219 -0.0027499999850988414
v 0.0014403811655938638 -0.00041869131382554786 -0.0027499999850988414
v 0.006034265272319322 -0.0015913457609713084 -0.0027499999850988414
v -0.0007939497008919723 -0.0012726524146273739 -0.0027499999850988414
v -0.0012538279406726371 -0.0008233559201471511 -0.0027499999850988414
v -0.0042846933938562905 -0.0037281594704836624 -0.0027499999850988414
v 0.006034265272319322 -0.0015913457609713084 -0.0027499999850988414
v 0.0014403811655938638 -0.00041869131382554786 -0.0027499999850988414
v 0.006131575908511882 -0.002968493849039079 -0.0027499999850988414
v 0.006131575908511882 -0.002968493849039079 -0.0027499999850988414
v 0.0014403811655938638 -0.00041869131382554786 -0.0027499999850988414
v 0.001132782781496645 -0.0009832613868638877 -0.0027499999850988414
v 0.006131575908511882 -0.002968493849039079 -0.0027499999850988414
v 0.001132782781496645 -0.0009832613868638877 -0.0027499999850988414
v 0.0059906654059886984 -0.004341865889728071 -0.0027499999850988414
v 0.0016246878076344744 -0.005158526357263329 -0.0027499999850988414
v 0.0006170771666802471 -0.0013671927154064185 -0.0027499999850988414
v -1.1994246051472156e-05 -0.0014999521663412458 -0.0027499999850988414
v -0.0016257355455309168 0.0054191779345274 -0.0027499999850988414
v -0.0006170768756419426 0.0013671928318217403 -0.0027499999850988414
v 0.00036560249282047185 0.004840333946049215 -0.0027499999850988414
v 0.00036560249282047185 0.004840333946049215 -0.0027499999850988414
v -0.0006170768756419426 0.0013671928318217403 -0.0027499999850988414
v 1.1994030501227836e-05 0.0014999521663412458 -0.0027499999850988414
v 0.00036560249282047185 0.004840333946049215 -0.0027499999850988414
v 1.1994030501227836e-05 0.0014999521663412458 -0.0027499999850988414
v 0.0010786352213472137 0.004596095066517593 -0.0027499999850988414
v 0.0010786352213472137 0.004596095066517593 -0.0027499999850988414
v 1.1994030501227836e-05 0.0014999521663412458 -0.0027499999850988414
v 0.00041869140113703944 0.0014403810491785414 -0.0027499999850988414
v 0.0010786352213472137 0.004596095066517593 -0.0027499999850988414
v 0.00041869140113703944 0.0014403810491785414 -0.0027499999850988414
v 0.002313539618626239 0.003978828899562361 -0.0027499999850988414
v 0.002313539618626239 0.003978828899562361 -0.0027499999850988414
v 0.00041869140113703944 0.0014403810491785414 -0.0027499999850988414
v 0.0007939494680613287 0.0012726525310426957 -0.0027499999850988414
v 0.002313539618626239 0.003978828899562361 -0.0027499999850988414
v 0.0007939494680613287 0.0012726525310426957 -0.0027499999850988414
v 0.003423929214477542 0.003158438252285124 -0.0027499999850988414
v 0.003423929214477542 0.003158438252285124 -0.0027499999850988414
v 0.0007939494680613287 0.0012726525310426957 -0.0027499999850988414
v 0.0012538282899186026 0.0008233560947701338 -0.0027499999850988414
v 0.003423929214477542 0.003158438252285124 -0.0027499999850988414
v 0.0012538282899186026 0.0008233560947701338 -0.0027499999850988414
v 0.004376736003905538 0.002159355441108347 -0.0027499999850988414
v 0.004376736003905538 0.002159355441108347 -0.0027499999850988414
v 0.0012538282899186026 0.0008233560947701338 -0.0027499999850988414
v 0.005143582355231051 0.0010113348253071312 -0.0027499999850988414
v -0.0007939497008919723 -0.0012726524146273739 -0.0027499999850988414
v -0.0042846933938562905 -0.0037281594704836624 -0.0027499999850988414
v -0.00041869160486385264 -0.0014403809327632195 -0.0027499999850988414
v -0.0012538279406726371 -0.0008233559201471511 -0.0027499999850988414
v -0.0014833613531664027 -0.0002227977674920113 -0.0027499999850988414
v -0.0042846933938562905 -0.0037281594704836624 -0.0027499999850988414
v -0.0042846933938562905 -0.0037281594704836624 -0.0027499999850988414
v -0.0014833613531664027 -0.0002227977674920113 -0.0027499999850988414
v -0.0014403808163478984 0.0004186916921753438 -0.0027499999850988414
v -0.0042846933938562905 -0.0037281594704836624 -0.0027499999850988414
v -0.0014403808163478984 0.0004186916921753438 -0.0027499999850988414
v -0.0016257355455309168 0.0054191779345274 -0.0027499999850988414
v -0.0016257355455309168 0.0054191779345274 -0.0027499999850988414
v -0.0014403808163478984 0.0004186916921753438 -0.0027499999850988414
v -0.001132782781496645 0.0009832613868638877 -0.0027499999850988414
v -0.0016257355455309168 0.0054191779345274 -0.0027499999850988414
v -0.001132782781496645 0.0009832613868638877 -0.0027499999850988414
v -0.0006170768756419426 0.0013671928318217403 -0.0027499999850988414
v 0.0016246878076344744 -0.005158526357263329 -0.0027499999850988414
v 0.0018945561023429053 -0.004639186896383764 -0.0027499999850988414
v 0.0006170771666802471 -0.0013671927154064185 -0.0027499999850988414
v 0.0006170771666802471 -0.0013671927154064185 -0.0027499999850988414
v 0.0018945561023429053 -0.004639186896383764 -0.0027499999850988414
v 0.0023426248226314805 -0.004262654576450588 -0.0027499999850988414
v 0.0006170771666802471 -0.0013671927154064185 -0.0027499999850988414
v 0.0023426248226314805 -0.004262654576450588 -0.0027499999850988414
v 0.001132782781496645 -0.0009832613868638877 -0.0027499999850988414
v 0.001132782781496645 -0.0009832613868638877 -0.0027499999850988414
v 0.0023426248226314805 -0.004262654576450588 -0.0027499999850988414
v 0.0029006793629378106 -0.00408625276759267 -0.0027499999850988414
v 0.001132782781496645 -0.0009832613868638877 -0.0027499999850988414
v 0.0029006793629378106 -0.00408625276759267 -0.0027499999850988414
v 0.003483759704977277 -0.004136836621910335 -0.0027499999850988414
v 0.003483759704977277 -0.004136836621910335 -0.0027499999850988414
v 0.004003098700195554 -0.004406705498695375 -0.0027499999850988414
v 0.001132782781496645 -0.0009832613868638877 -0.0027499999850988414
v 0.001132782781496645 -0.0009832613868638877 -0.0027499999850988414
v 0.004003098700195554 -0.004406705498695375 -0.0027499999850988414
v 0.005814613308757549 -0.005074718967080119 -0.0027499999850988414
v 0.001132782781496645 -0.0009832613868638877 -0.0027499999850988414
v 0.005814613308757549 -0.005074718967080119 -0.0027499999850988414
v 0.0059906654059886984 -0.004341865889728071 -0.0027499999850988414
v 0.0017505056457594052 -0.006299661006778481 -0.0027499999850988414
v -0.0012029854115098726 -0.007721096277236942 -0.0027499999850988414
v 0.0021270385477691906 -0.006747730076313021 -0.0027499999850988414
v 0.0021270385477691906 -0.006747730076313021 -0.0027499999850988414
v -0.0012029854115098726 -0.007721096277236942 -0.0027499999850988414
v 0.0016777761047706023 -0.008558479137718681 -0.0027499999850988414
v 0.0021270385477691906 -0.006747730076313021 -0.0027499999850988414
v 0.0016777761047706023 -0.008558479137718681 -0.0027499999850988414
v 0.0026463766116648934 -0.007017598487436775 -0.0027499999850988414
v 0.0026463766116648934 -0.007017598487436775 -0.0027499999850988414
v 0.0016777761047706023 -0.008558479137718681 -0.0027499999850988414
v 0.0024519057478755734 -0.00867705047130585 -0.0027499999850988414
v 0.0026463766116648934 -0.007017598487436775 -0.0027499999850988414
v 0.0024519057478755734 -0.00867705047130585 -0.0027499999850988414
v 0.003229457885026935 -0.00706818234175444 -0.0027499999850988414
v -0.004043494816869501 -0.003833319293335082 -0.0027499999850988414
v 0.0016246878076344744 -0.005158526357263329 -0.0027499999850988414
v -0.0042846933938562905 -0.0037281594704836624 -0.0027499999850988414
v -0.0042846933938562905 -0.0037281594704836624 -0.0027499999850988414
v 0.0016246878076344744 -0.005158526357263329 -0.0027499999850988414
v -1.1994246051472156e-05 -0.0014999521663412458 -0.0027499999850988414
v -0.0042846933938562905 -0.0037281594704836624 -0.0027499999850988414
v -1.1994246051472156e-05 -0.0014999521663412458 -0.0027499999850988414
v -0.00041869160486385264 -0.0014403809327632195 -0.0027499999850988414
v 0.004003098700195554 -0.004406705498695375 -0.0027499999850988414
v 0.004379631485790018 -0.004854774102568628 -0.0027499999850988414
v 0.005814613308757549 -0.005074718967080119 -0.0027499999850988414
v 0.005814613308757549 -0.005074718967080119 -0.0027499999850988414
v 0.004379631485790018 -0.004854774102568628 -0.0027499999850988414
v 0.004556032828986649 -0.005412828177213671 -0.0027499999850988414
v 0.005814613308757549 -0.005074718967080119 -0.0027499999850988414
v 0.004556032828986649 -0.005412828177213671 -0.0027499999850988414
v 0.005395921878516679 -0.006515100132673981 -0.0027499999850988414
v 0.005395921878516679 -0.006515100132673981 -0.0027499999850988414
v 0.004556032828986649 -0.005412828177213671 -0.0027499999850988414
v 0.004505449440330271 -0.005995909217745068 -0.0027499999850988414
v 0.005395921878516679 -0.006515100132673981 -0.0027499999850988414
v 0.004505449440330271 -0.005995909217745068 -0.0027499999850988414
v 0.005081031005829577 -0.007232163101434711 -0.0027499999850988414
v 0.005081031005829577 -0.007232163101434711 -0.0027499999850988414
v 0.004505449440330271 -0.005995909217745068 -0.0027499999850988414
v 0.004235580097883943 -0.006515247747302058 -0.0027499999850988414
v 0.005081031005829577 -0.007232163101434711 -0.0027499999850988414
v 0.004235580097883943 -0.006515247747302058 -0.0027499999850988414
v 0.004591281525790696 -0.00784329324960709 -0.0027499999850988414
v 0.004591281525790696 -0.00784329324960709 -0.0027499999850988414
v 0.004235580097883943 -0.006515247747302058 -0.0027499999850988414
v 0.003787512425333265 -0.006891780532896522 -0.0027499999850988414
v 0.004591281525790696 -0.00784329324960709 -0.0027499999850988414
v 0.003787512425333265 -0.006891780532896522 -0.0027499999850988414
v 0.003960046917200092 -0.008306842297315601 -0.0027499999850988414
v 0.003960046917200092 -0.008306842297315601 -0.0027499999850988414
v 0.003787512425333265 -0.006891780532896522 -0.0027499999850988414
v 0.003229457885026935 -0.00706818234175444 -0.0027499999850988414
v 0.003960046917200092 -0.008306842297315601 -0.0027499999850988414
v 0.003229457885026935 -0.00706818234175444 -0.0027499999850988414
v 0.0032303454354405433 -0.008591221645474437 -0.0027499999850988414
v 0.0032303454354405433 -0.008591221645474437 -0.0027499999850988414
v 0.003229457885026935 -0.00706818234175444 -0.0027499999850988414
v 0.0024519057478755734 -0.00867705047130585 -0.0027499999850988414
v -0.004043494816869501 -0.003833319293335082 -0.0027499999850988414
v -0.0031357822008430984 -0.004382033366709949 -0.0027499999850988414
v 0.0016246878076344744 -0.005158526357263329 -0.0027499999850988414
v 0.0016246878076344744 -0.005158526357263329 -0.0027499999850988414
v -0.0031357822008430984 -0.004382033366709949 -0.0027499999850988414
v -0.002364238491281869 -0.005109872668981555 -0.0027499999850988414
v 0.0016246878076344744 -0.005158526357263329 -0.0027499999850988414
v -0.002364238491281869 -0.005109872668981555 -0.0027499999850988414
v 0.0015741034876555217 -0.005741606932133439 -0.0027499999850988414
v 0.0015741034876555217 -0.005741606932133439 -0.0027499999850988414
v -0.002364238491281869 -0.005109872668981555 -0.0027499999850988414
v -0.0017635842086747304 -0.005984082352370026 -0.0027499999850988414
v 0.0015741034876555217 -0.005741606932133439 -0.0027499999850988414
v -0.0017635842086747304 -0.005984082352370026 -0.0027499999850988414
v 0.0017505056457594052 -0.006299661006778481 -0.0027499999850988414
v 0.0017505056457594052 -0.006299661006778481 -0.0027499999850988414
v -0.0017635842086747304 -0.005984082352370026 -0.0027499999850988414
v -0.001360848895274104 -0.006965323351323608 -0.0027499999850988414
v 0.0017505056457594052 -0.006299661006778481 -0.0027499999850988414
v -0.001360848895274104 -0.006965323351323608 -0.0027499999850988414
v -0.0012029854115098726 -0.007721096277236942 -0.0027499999850988414
v -0.009717064909636983 0.007771174423396591 -0.003194548189640048
v -0.009717064909636983 0.007771174423396591 -0.004941578023135666
v -0.012368777766823779 -0.0013512383447960026 -0.003194548189640048
v -0.012368777766823779 -0.0013512383447960026 -0.003194548189640048
v -0.009717064909636983 0.007771174423396591 -0.004941578023135666
v -0.012368777766823779 -0.0013512383447960026 -0.004941578023135666
v -0.01103803887963296 -0.0017380588687956342 -0.008675974793732173
v -0.01092839613556863 -0.0017699298914521941 -0.009250000119209298
v -0.00476603908464313 -0.0035612105857580918 -0.014250000007450593
v -0.008691607974469669 -0.0024201218038797387 -0.0005566678009927278
v -0.008801250718534001 -0.0023882507812231788 -0.0011306926608085643
v -0.006675497163087136 -0.003006167244166137 -0.001412365119904281
v -0.006675497163087136 -0.003006167244166137 -0.001412365119904281
v -0.007008831948041922 -0.0029092731419950737 -0.0007035038433969027
v -0.008691607974469669 -0.0024201218038797387 -0.0005566678009927278
v -0.008691607974469669 -0.0024201218038797387 -0.0005566678009927278
v -0.007008831948041922 -0.0029092731419950737 -0.0007035038433969027
v -0.007133321836590773 -0.002873086137697102 -0.0001434963050996886
v -0.008691607974469669 -0.0024201218038797387 -0.0005566678009927278
v -0.007133321836590773 -0.002873086137697102 -0.0001434963050996886
v -0.008801250718534001 -0.0023882507812231788 1.735753539833242e-05
v -0.008801250718534001 -0.0023882507812231788 1.735753539833242e-05
v -0.007133321836590773 -0.002873086137697102 -0.0001434963050996886
v -0.007357263937592513 -0.0028079904150217785 0.0006974702700972564
v -0.008801250718534001 -0.0023882507812231788 1.735753539833242e-05
v -0.007357263937592513 -0.0028079904150217785 0.0006974702700972564
v -0.009113485924899587 -0.0022974899038672456 0.0005039926618337636
v -0.012919987551867974 -0.0011910120956599717 -0.007864180952310569
v -0.012368777766823779 -0.0013512383447960026 -0.007749999873340137
v -0.01013198960572482 -0.002001430373638869 -0.0020566675812006014
v -0.01013198960572482 -0.002001430373638869 -0.0020566675812006014
v -0.012368777766823779 -0.0013512383447960026 -0.007749999873340137
v -0.009580778889358052 -0.0021616567391902217 -0.0019424869678914564
v -0.009580778889358052 -0.0021616567391902217 -0.0019424869678914564
v -0.012368777766823779 -0.0013512383447960026 -0.007749999873340137
v -0.011817567050457011 -0.0015114645939320332 -0.007864180952310569
v -0.009580778889358052 -0.0021616567391902217 -0.0019424869678914564
v -0.011817567050457011 -0.0015114645939320332 -0.007864180952310569
v -0.011350274085998546 -0.0016472979914397008 -0.008189340122044093
v -0.01013198960572482 -0.002001430373638869 0.0009433324448764333
v -0.010816874913871299 -0.0018023470183834442 0.002511523198336365
v -0.010683199390769013 -0.0018412041245028385 0.0008291518315672882
v -0.010683199390769013 -0.0018412041245028385 0.0008291518315672882
v -0.010816874913871299 -0.0018023470183834442 0.002511523198336365
v -0.011598974466323863 -0.0015750054735690362 0.002198076341301205
v -0.010683199390769013 -0.0018412041245028385 0.0008291518315672882
v -0.011598974466323863 -0.0015750054735690362 0.002198076341301205
v -0.01115049235522748 -0.0017053707269951708 0.0005039926618337636
v -0.01115049235522748 -0.0017053707269951708 0.0005039926618337636
v -0.011598974466323863 -0.0015750054735690362 0.002198076341301205
v -0.012268473394215117 -0.001380394794978202 0.001673186663538219
v -0.01115049235522748 -0.0017053707269951708 0.0005039926618337636
v -0.012268473394215117 -0.001380394794978202 0.001673186663538219
v -0.011462727561593066 -0.0016146098496392376 1.735753539833242e-05
v -0.007357263937592513 -0.0028079904150217785 0.0006974702700972564
v -0.007794183213263757 -0.0026809861883521093 0.0014421739615499986
v -0.009113485924899587 -0.0022974899038672456 0.0005039926618337636
v -0.009113485924899587 -0.0022974899038672456 0.0005039926618337636
v -0.007794183213263757 -0.0026809861883521093 0.0014421739615499986
v -0.008410543203353889 -0.002501822076737882 0.0020334543660283106
v -0.009113485924899587 -0.0022974899038672456 0.0005039926618337636
v -0.008410543203353889 -0.002501822076737882 0.0020334543660283106
v -0.009580778889358052 -0.0021616567391902217 0.0008291518315672882
v -0.009580778889358052 -0.0021616567391902217 0.0008291518315672882
v -0.008410543203353889 -0.002501822076737882 0.0020334543660283106
v -0.00915903504937888 -0.0022842497564852246 0.0024259272031486056
v -0.009580778889358052 -0.0021616567391902217 0.0008291518315672882
v -0.00915903504937888 -0.0022842497564852246 0.0024259272031486056
v -0.01013198960572482 -0.002001430373638869 0.0009433324448764333
v -0.01013198960572482 -0.002001430373638869 0.0009433324448764333
v -0.00915903504937888 -0.0022842497564852246 0.0024259272031486056
v -0.009982206858694562 -0.0020449692383408555 0.0025894683785736583
v -0.01013198960572482 -0.002001430373638869 0.0009433324448764333
v -0.009982206858694562 -0.0020449692383408555 0.0025894683785736583
v -0.010816874913871299 -0.0018023470183834442 0.002511523198336365
v -0.009113485924899587 -0.0022974899038672456 -0.001617327798157932
v -0.005545408930629497 -0.003334662411361934 -0.002443776233121755
v -0.008801250718534001 -0.0023882507812231788 -0.0011306926608085643
v -0.008801250718534001 -0.0023882507812231788 -0.0011306926608085643
v -0.005545408930629497 -0.003334662411361934 -0.002443776233121755
v -0.006176168099045759 -0.003151312703266741 -0.0020061570685356873
v -0.008801250718534001 -0.0023882507812231788 -0.0011306926608085643
v -0.006176168099045759 -0.003151312703266741 -0.0020061570685356873
v -0.006675497163087136 -0.003006167244166137 -0.001412365119904281
v -0.012268473394215117 -0.001380394794978202 0.001673186663538219
v -0.01277398504316808 -0.0012334522325545556 0.0009771413169801244
v -0.011462727561593066 -0.0016146098496392376 1.735753539833242e-05
v -0.011462727561593066 -0.0016146098496392376 1.735753539833242e-05
v -0.01277398504316808 -0.0012334522325545556 0.0009771413169801244
v -0.013076706789433968 -0.001145456801168621 0.0001633670326555149
v -0.011462727561593066 -0.0016146098496392376 1.735753539833242e-05
v -0.013076706789433968 -0.001145456801168621 0.0001633670326555149
v -0.011572370305657397 -0.0015827388269826776 -0.0005566678009927278
v -0.011572370305657397 -0.0015827388269826776 -0.0005566678009927278
v -0.013076706789433968 -0.001145456801168621 0.0001633670326555149
v -0.013153403066098702 -0.0011231624521315102 -0.0007056742906570441
v -0.011572370305657397 -0.0015827388269826776 -0.0005566678009927278
v -0.013153403066098702 -0.0011231624521315102 -0.0007056742906570441
v -0.011462727561593066 -0.0016146098496392376 -0.0011306926608085643
v -0.011462727561593066 -0.0016146098496392376 -0.0011306926608085643
v -0.013153403066098702 -0.0011231624521315102 -0.0007056742906570441
v -0.012998187914490712 -0.0011682806070894007 -0.0015632784925401224
v -0.011462727561593066 -0.0016146098496392376 -0.0011306926608085643
v -0.012998187914490712 -0.0011682806070894007 -0.0015632784925401224
v -0.01115049235522748 -0.0017053707269951708 -0.001617327798157932
v -0.009113485924899587 -0.0022974899038672456 -0.001617327798157932
v -0.009580778889358052 -0.0021616567391902217 -0.0019424869678914564
v -0.005545408930629497 -0.003334662411361934 -0.002443776233121755
v -0.005545408930629497 -0.003334662411361934 -0.002443776233121755
v -0.009580778889358052 -0.0021616567391902217 -0.0019424869678914564
v -0.011350274085998546 -0.0016472979914397008 -0.008189340122044093
v -0.005545408930629497 -0.003334662411361934 -0.002443776233121755
v -0.011350274085998546 -0.0016472979914397008 -0.008189340122044093
v -0.00482688052579761 -0.0035435250028967875 -0.0026949306484311845
v -0.00482688052579761 -0.0035435250028967875 -0.0026949306484311845
v -0.011350274085998546 -0.0016472979914397008 -0.008189340122044093
v -0.01103803887963296 -0.0017380588687956342 -0.008675974793732173
v -0.00482688052579761 -0.0035435250028967875 -0.0026949306484311845
v -0.01103803887963296 -0.0017380588687956342 -0.008675974793732173
v -0.00476603908464313 -0.0035612105857580918 -0.002706536557525399
v -0.00476603908464313 -0.0035612105857580918 -0.002706536557525399
v -0.01103803887963296 -0.0017380588687956342 -0.008675974793732173
v -0.00476603908464313 -0.0035612105857580918 -0.014250000007450593
v -0.012368777766823779 -0.0013512383447960026 -0.004941578023135666
v -0.012445734813809405 -0.001328868442215026 -0.005502064712345605
v -0.010683199390769013 -0.0018412041245028385 -0.0019424869678914564
v -0.01092839613556863 -0.0017699298914521941 -0.009250000119209298
v -0.01103803887963296 -0.0017380588687956342 -0.009824024513363847
v -0.00476603908464313 -0.0035612105857580918 -0.014250000007450593
v -0.00476603908464313 -0.0035612105857580918 -0.014250000007450593
v -0.01103803887963296 -0.0017380588687956342 -0.009824024513363847
v -0.011350274085998546 -0.0016472979914397008 -0.010310660116374501
v -0.00476603908464313 -0.0035612105857580918 -0.014250000007450593
v -0.011350274085998546 -0.0016472979914397008 -0.010310660116374501
v -0.011168459430336963 -0.001700147986412049 -0.014250000007450593
v -0.011168459430336963 -0.001700147986412049 -0.014250000007450593
v -0.011350274085998546 -0.0016472979914397008 -0.010310660116374501
v -0.011817567050457011 -0.0015114645939320332 -0.010635819286108026
v -0.011168459430336963 -0.001700147986412049 -0.014250000007450593
v -0.011817567050457011 -0.0015114645939320332 -0.010635819286108026
v -0.01216258853673936 -0.0014111736090853817 -0.014113702811300767
v -0.01216258853673936 -0.0014111736090853817 -0.014113702811300767
v -0.011817567050457011 -0.0015114645939320332 -0.010635819286108026
v -0.012368777766823779 -0.0013512383447960026 -0.010749999433755885
v -0.01216258853673936 -0.0014111736090853817 -0.014113702811300767
v -0.012368777766823779 -0.0013512383447960026 -0.010749999433755885
v -0.013088967651128781 -0.0011418926296755676 -0.013714101165533078
v -0.013088967651128781 -0.0011418926296755676 -0.013714101165533078
v -0.012368777766823779 -0.0013512383447960026 -0.010749999433755885
v -0.012919987551867974 -0.0011910120956599717 -0.010635819286108026
v -0.012445734813809405 -0.001328868442215026 -0.005502064712345605
v -0.012670436874032031 -0.0012635516468435532 -0.0060176332481205515
v -0.010683199390769013 -0.0018412041245028385 -0.0019424869678914564
v -0.010683199390769013 -0.0018412041245028385 -0.0019424869678914564
v -0.012670436874032031 -0.0012635516468435532 -0.0060176332481205515
v -0.013699515722692025 -0.0009644178207963709 -0.008675974793732173
v -0.010683199390769013 -0.0018412041245028385 -0.0019424869678914564
v -0.013699515722692025 -0.0009644178207963709 -0.008675974793732173
v -0.01013198960572482 -0.002001430373638869 -0.0020566675812006014
v -0.01013198960572482 -0.002001430373638869 -0.0020566675812006014
v -0.013699515722692025 -0.0009644178207963709 -0.008675974793732173
v -0.01338728051632644 -0.0010551786981523041 -0.008189340122044093
v -0.01013198960572482 -0.002001430373638869 -0.0020566675812006014
v -0.01338728051632644 -0.0010551786981523041 -0.008189340122044093
v -0.012919987551867974 -0.0011910120956599717 -0.007864180952310569
v -0.012670436874032031 -0.0012635516468435532 -0.0060176332481205515
v -0.013024877756834042 -0.0011605223407968883 -0.006446964107453829
v -0.013699515722692025 -0.0009644178207963709 -0.008675974793732173
v -0.013699515722692025 -0.0009644178207963709 -0.008675974793732173
v -0.013024877756834042 -0.0011605223407968883 -0.006446964107453829
v -0.013480650261044514 -0.0010280378628522162 -0.006755650509148842
v -0.013699515722692025 -0.0009644178207963709 -0.008675974793732173
v -0.013480650261044514 -0.0010280378628522162 -0.006755650509148842
v -0.014107338152825845 -0.0008458715747110549 -0.007180093787610537
v -0.01338728051632644 -0.0010551786981523041 -0.010310660116374501
v -0.014494877308607114 -0.0007332214154303077 -0.012249999679625045
v -0.012919987551867974 -0.0011910120956599717 -0.010635819286108026
v -0.012919987551867974 -0.0011910120956599717 -0.010635819286108026
v -0.014494877308607114 -0.0007332214154303077 -0.012249999679625045
v -0.013884468004107487 -0.0009106556535698478 -0.013078426942229283
v -0.012919987551867974 -0.0011910120956599717 -0.010635819286108026
v -0.013884468004107487 -0.0009106556535698478 -0.013078426942229283
v -0.013088967651128781 -0.0011418926296755676 -0.013714101165533078
v -0.012998187914490712 -0.0011682806070894007 -0.0015632784925401224
v -0.012622974812984477 -0.0012773480266332633 -0.0023436190094798825
v -0.01115049235522748 -0.0017053707269951708 -0.001617327798157932
v -0.01115049235522748 -0.0017053707269951708 -0.001617327798157932
v -0.012622974812984477 -0.0012773480266332633 -0.0023436190094798825
v -0.01243379432708026 -0.0013323392486199743 -0.0027489708736538913
v -0.01115049235522748 -0.0017053707269951708 -0.001617327798157932
v -0.01243379432708026 -0.0013323392486199743 -0.0027489708736538913
v -0.010683199390769013 -0.0018412041245028385 -0.0019424869678914564
v -0.010683199390769013 -0.0018412041245028385 -0.0019424869678914564
v -0.01243379432708026 -0.0013323392486199743 -0.0027489708736538913
v -0.012368777766823779 -0.0013512383447960026 -0.003194548189640048
v -0.010683199390769013 -0.0018412041245028385 -0.0019424869678914564
v -0.012368777766823779 -0.0013512383447960026 -0.003194548189640048
v -0.012368777766823779 -0.0013512383447960026 -0.004941578023135666
v -0.014107338152825845 -0.0008458715747110549 -0.007180093787610537
v -0.014594694599509251 -0.0007042064680717889 -0.0077704242430627415
v -0.013699515722692025 -0.0009644178207963709 -0.008675974793732173
v -0.013699515722692025 -0.0009644178207963709 -0.008675974793732173
v -0.014594694599509251 -0.0007042064680717889 -0.0077704242430627415
v -0.014903660863637938 -0.0006143956561572853 -0.008479330688714988
v -0.013699515722692025 -0.0009644178207963709 -0.008675974793732173
v -0.014903660863637938 -0.0006143956561572853 -0.008479330688714988
v -0.013809158466756356 -0.0009325467399321501 -0.009250000119209298
v -0.013809158466756356 -0.0009325467399321501 -0.009250000119209298
v -0.014903660863637938 -0.0006143956561572853 -0.008479330688714988
v -0.0150094758719206 -0.0005836372147314253 -0.009250000119209298
v -0.013809158466756356 -0.0009325467399321501 -0.009250000119209298
v -0.0150094758719206 -0.0005836372147314253 -0.009250000119209298
v -0.013699515722692025 -0.0009644178207963709 -0.009824024513363847
v -0.013699515722692025 -0.0009644178207963709 -0.009824024513363847
v -0.0150094758719206 -0.0005836372147314253 -0.009250000119209298
v -0.0150094758719206 -0.0005836372147314253 -0.010249999351799497
v -0.013699515722692025 -0.0009644178207963709 -0.009824024513363847
v -0.0150094758719206 -0.0005836372147314253 -0.010249999351799497
v -0.01338728051632644 -0.0010551786981523041 -0.010310660116374501
v -0.01338728051632644 -0.0010551786981523041 -0.010310660116374501
v -0.0150094758719206 -0.0005836372147314253 -0.010249999351799497
v -0.014878596179187312 -0.000621681509073824 -0.011285276152193557
v -0.01338728051632644 -0.0010551786981523041 -0.010310660116374501
v -0.014878596179187312 -0.000621681509073824 -0.011285276152193557
v -0.014494877308607114 -0.0007332214154303077 -0.012249999679625045
v 9.20024831430056e-05 0.004919864237308505 -0.010090612806379804
v 0.00036560249282047185 0.004840333946049215 -0.010511324740946302
v 0.00036560249282047185 0.004840333946049215 -0.014250000007450593
v 0.00036560249282047185 0.004840333946049215 -0.014250000007450593
v -0.008698561228811748 0.0074751148931682145 -0.010310660116374501
v -0.008386326022446162 0.007384353782981638 -0.009824024513363847
v -0.006149537861347204 0.0067341616377234485 1.735753539833242e-05
v -0.004481608979403977 0.006249326281249526 -0.0001434963050996886
v -0.00603989558294416 0.006702290847897532 -0.0005566678009927278
v -0.00603989558294416 0.006702290847897532 -0.0005566678009927278
v -0.004481608979403977 0.006249326281249526 -0.0001434963050996886
v -0.004357119090855125 0.006213139742612841 -0.0007035038433969027
v -0.00603989558294416 0.006702290847897532 -0.0005566678009927278
v -0.004357119090855125 0.006213139742612841 -0.0007035038433969027
v -0.006149537861347204 0.0067341616377234485 -0.0011306926608085643
v -0.006149537861347204 0.0067341616377234485 -0.0011306926608085643
v -0.004357119090855125 0.006213139742612841 -0.0007035038433969027
v -0.004023784305900339 0.006116245407611134 -0.001412365119904281
v -0.006149537861347204 0.0067341616377234485 -0.0011306926608085643
v -0.004023784305900339 0.006116245407611134 -0.001412365119904281
v -0.003524455474689606 0.005971100181341174 -0.0020061570685356873
v -0.008698561228811748 0.0074751148931682145 -0.010310660116374501
v 0.00036560249282047185 0.004840333946049215 -0.014250000007450593
v -0.00916585512459279 0.007610947825014595 -0.010635819286108026
v -0.00916585512459279 0.007610947825014595 -0.010635819286108026
v 0.00036560249282047185 0.004840333946049215 -0.014250000007450593
v -0.00851674750447274 0.007422264665365223 -0.014250000007450593
v -0.00916585512459279 0.007610947825014595 -0.010635819286108026
v -0.00851674750447274 0.007422264665365223 -0.014250000007450593
v -0.009717064909636983 0.007771174423396591 -0.010749999433755885
v -0.008386326022446162 0.007384353782981638 -0.008675974793732173
v -0.007480276748538024 0.007120982278138403 -0.0020566675812006014
v -0.008276683278381831 0.007352482993155721 -0.009250000119209298
v -0.008276683278381831 0.007352482993155721 -0.009250000119209298
v -0.007480276748538024 0.007120982278138403 -0.0020566675812006014
v -0.006929066497832543 0.006960756145417694 -0.0019424869678914564
v -0.006929066497832543 0.006960756145417694 0.0008291518315672882
v -0.00575883081182838 0.006620590575039389 0.0020334543660283106
v -0.006461773533374077 0.006824922747910025 0.0005039926618337636
v -0.006461773533374077 0.006824922747910025 0.0005039926618337636
v -0.00575883081182838 0.006620590575039389 0.0020334543660283106
v -0.00514247035607696 0.006441426463425162 0.0014421739615499986
v -0.006461773533374077 0.006824922747910025 0.0005039926618337636
v -0.00514247035607696 0.006441426463425162 0.0014421739615499986
v -0.006149537861347204 0.0067341616377234485 1.735753539833242e-05
v -0.006149537861347204 0.0067341616377234485 1.735753539833242e-05
v -0.00514247035607696 0.006441426463425162 0.0014421739615499986
v -0.004705551546067004 0.006314422003924849 0.0006974702700972564
v -0.006149537861347204 0.0067341616377234485 1.735753539833242e-05
v -0.004705551546067004 0.006314422003924849 0.0006974702700972564
v -0.004481608979403977 0.006249326281249526 -0.0001434963050996886
v -0.008031486533582217 0.0072812084108591114 0.0008291518315672882
v -0.008165162056684501 0.007320065516978506 0.002511523198336365
v -0.007480276748538024 0.007120982278138403 0.0009433324448764333
v -0.007480276748538024 0.007120982278138403 0.0009433324448764333
v -0.008165162056684501 0.007320065516978506 0.002511523198336365
v -0.007330493535846479 0.007077443413436416 0.0025894683785736583
v -0.007480276748538024 0.007120982278138403 0.0009433324448764333
v -0.007330493535846479 0.007077443413436416 0.0025894683785736583
v -0.006929066497832543 0.006960756145417694 0.0008291518315672882
v -0.006929066497832543 0.006960756145417694 0.0008291518315672882
v -0.007330493535846479 0.007077443413436416 0.0025894683785736583
v -0.006507322192192084 0.006838162895292047 0.0024259272031486056
v -0.006929066497832543 0.006960756145417694 0.0008291518315672882
v -0.006507322192192084 0.006838162895292047 0.0024259272031486056
v -0.00575883081182838 0.006620590575039389 0.0020334543660283106
v -0.010268274694681176 0.007931401021778587 -0.010635819286108026
v -0.011843164451420318 0.00838919170200825 -0.012249999679625045
v -0.010735567659139642 0.00806723348796368 -0.010310660116374501
v -0.010735567659139642 0.00806723348796368 -0.010310660116374501
v -0.011843164451420318 0.00838919170200825 -0.012249999679625045
v -0.012226883322000514 0.008500731550157074 -0.011285276152193557
v -0.010735567659139642 0.00806723348796368 -0.010310660116374501
v -0.012226883322000514 0.008500731550157074 -0.011285276152193557
v -0.011047802865505229 0.008157994598150257 -0.009824024513363847
v -0.011047802865505229 0.008157994598150257 -0.009824024513363847
v -0.012226883322000514 0.008500731550157074 -0.011285276152193557
v -0.012357763014733802 0.008538775146007541 -0.010249999351799497
v -0.011047802865505229 0.008157994598150257 -0.009824024513363847
v -0.012357763014733802 0.008538775146007541 -0.010249999351799497
v -0.01115744560956956 0.008189866319298748 -0.009250000119209298
v -0.01115744560956956 0.008189866319298748 -0.009250000119209298
v -0.012357763014733802 0.008538775146007541 -0.010249999351799497
v -0.012357763014733802 0.008538775146007541 -0.009250000119209298
v -0.01115744560956956 0.008189866319298748 -0.009250000119209298
v -0.012357763014733802 0.008538775146007541 -0.009250000119209298
v -0.011047802865505229 0.008157994598150257 -0.008675974793732173
v -0.00851674750447274 0.007422264665365223 -0.014250000007450593
v -0.009510875679552564 0.007711239159107212 -0.014113702811300767
v -0.009717064909636983 0.007771174423396591 -0.010749999433755885
v -0.009717064909636983 0.007771174423396591 -0.010749999433755885
v -0.009510875679552564 0.007711239159107212 -0.014113702811300767
v -0.010437254793941983 0.007980519905686382 -0.013714101165533078
v -0.009717064909636983 0.007771174423396591 -0.010749999433755885
v -0.010437254793941983 0.007980519905686382 -0.013714101165533078
v -0.010268274694681176 0.007931401021778587 -0.010635819286108026
v -0.010268274694681176 0.007931401021778587 -0.010635819286108026
v -0.010437254793941983 0.007980519905686382 -0.013714101165533078
v -0.011232755146920691 0.008211757056415084 -0.013078426942229283
v -0.010268274694681176 0.007931401021778587 -0.010635819286108026
v -0.011232755146920691 0.008211757056415084 -0.013078426942229283
v -0.011843164451420318 0.00838919170200825 -0.012249999679625045
v -0.008498779498040683 0.007417041808366779 -0.001617327798157932
v -0.009971261955797681 0.007845064625144008 -0.0023436190094798825
v -0.00881101470440627 0.007507802918553356 -0.0011306926608085643
v -0.00881101470440627 0.007507802918553356 -0.0011306926608085643
v -0.009971261955797681 0.007845064625144008 -0.0023436190094798825
v -0.010346475057303914 0.007954131811857227 -0.0015632784925401224
v -0.00881101470440627 0.007507802918553356 -0.0011306926608085643
v -0.010346475057303914 0.007954131811857227 -0.0015632784925401224
v -0.008920657448470601 0.007539673708379272 -0.0005566678009927278
v 0.00036560249282047185 0.004840333946049215 -0.0027499999850988414
v 0.00036560249282047185 0.004840333946049215 -0.007188674993813044
v -0.0016257355455309168 0.0054191779345274 -0.0027499999850988414
v -0.0016257355455309168 0.0054191779345274 -0.0027499999850988414
v 0.00036560249282047185 0.004840333946049215 -0.007188674993813044
v 9.20024831430056e-05 0.004919864237308505 -0.00760938739404083
v -0.0016257355455309168 0.0054191779345274 -0.0027499999850988414
v 9.20024831430056e-05 0.004919864237308505 -0.00760938739404083
v -0.002175167668610813 0.005578887648880484 -0.0026949306484311845
v -0.002175167668610813 0.005578887648880484 -0.0026949306484311845
v 9.20024831430056e-05 0.004919864237308505 -0.00760938739404083
v -0.0028936960734427 0.005787750240415337 -0.002443776233121755
v -0.010346475057303914 0.007954131811857227 -0.0015632784925401224
v -0.010501690208911904 0.007999250665307048 -0.0007056742906570441
v -0.008920657448470601 0.007539673708379272 -0.0005566678009927278
v -0.008920657448470601 0.007539673708379272 -0.0005566678009927278
v -0.010501690208911904 0.007999250665307048 -0.0007056742906570441
v -0.01042499393224717 0.007976955734193329 0.0001633670326555149
v -0.008920657448470601 0.007539673708379272 -0.0005566678009927278
v -0.01042499393224717 0.007976955734193329 0.0001633670326555149
v -0.00881101470440627 0.007507802918553356 1.735753539833242e-05
v -0.00881101470440627 0.007507802918553356 1.735753539833242e-05
v -0.01042499393224717 0.007976955734193329 0.0001633670326555149
v -0.010122272185981282 0.00788896065205336 0.0009771413169801244
v -0.00881101470440627 0.007507802918553356 1.735753539833242e-05
v -0.010122272185981282 0.00788896065205336 0.0009771413169801244
v -0.008498779498040683 0.007417041808366779 0.0005039926618337636
v -0.008498779498040683 0.007417041808366779 0.0005039926618337636
v -0.010122272185981282 0.00788896065205336 0.0009771413169801244
v -0.009616760537028321 0.007742017973214391 0.001673186663538219
v -0.008498779498040683 0.007417041808366779 0.0005039926618337636
v -0.009616760537028321 0.007742017973214391 0.001673186663538219
v -0.008031486533582217 0.0072812084108591114 0.0008291518315672882
v -0.008031486533582217 0.0072812084108591114 0.0008291518315672882
v -0.009616760537028321 0.007742017973214391 0.001673186663538219
v -0.008947261609137067 0.007547406945377592 0.002198076341301205
v -0.008031486533582217 0.0072812084108591114 0.0008291518315672882
v -0.008947261609137067 0.007547406945377592 0.002198076341301205
v -0.008165162056684501 0.007320065516978506 0.002511523198336365
v -0.008386326022446162 0.007384353782981638 -0.008675974793732173
v -0.008698561228811748 0.0074751148931682145 -0.008189340122044093
v -0.007480276748538024 0.007120982278138403 -0.0020566675812006014
v -0.007480276748538024 0.007120982278138403 -0.0020566675812006014
v -0.008698561228811748 0.0074751148931682145 -0.008189340122044093
v -0.00916585512459279 0.007610947825014595 -0.007864180952310569
v -0.007480276748538024 0.007120982278138403 -0.0020566675812006014
v -0.00916585512459279 0.007610947825014595 -0.007864180952310569
v -0.008031486533582217 0.0072812084108591114 -0.0019424869678914564
v -0.008031486533582217 0.0072812084108591114 -0.0019424869678914564
v -0.00916585512459279 0.007610947825014595 -0.007864180952310569
v -0.009717064909636983 0.007771174423396591 -0.007749999873340137
v -0.003524455474689606 0.005971100181341174 -0.0020061570685356873
v -0.0028936960734427 0.005787750240415337 -0.002443776233121755
v -0.006149537861347204 0.0067341616377234485 -0.0011306926608085643
v -0.006149537861347204 0.0067341616377234485 -0.0011306926608085643
v -0.0028936960734427 0.005787750240415337 -0.002443776233121755
v 9.20024831430056e-05 0.004919864237308505 -0.00760938739404083
v -0.006149537861347204 0.0067341616377234485 -0.0011306926608085643
v 9.20024831430056e-05 0.004919864237308505 -0.00760938739404083
v -0.006461773533374077 0.006824922747910025 -0.001617327798157932
v -0.006461773533374077 0.006824922747910025 -0.001617327798157932
v 9.20024831430056e-05 0.004919864237308505 -0.00760938739404083
v -0.00015599199105054154 0.004991951398551467 -0.008309429511427886
v -0.006461773533374077 0.006824922747910025 -0.001617327798157932
v -0.00015599199105054154 0.004991951398551467 -0.008309429511427886
v -0.006929066497832543 0.006960756145417694 -0.0019424869678914564
v -0.006929066497832543 0.006960756145417694 -0.0019424869678914564
v -0.00015599199105054154 0.004991951398551467 -0.008309429511427886
v -0.0002105500316247346 0.005007810425013306 -0.008849999867379674
v -0.006929066497832543 0.006960756145417694 -0.0019424869678914564
v -0.0002105500316247346 0.005007810425013306 -0.008849999867379674
v -0.00015599199105054154 0.004991951398551467 -0.00939057022333146
v -0.008386326022446162 0.007384353782981638 -0.009824024513363847
v -0.008276683278381831 0.007352482993155721 -0.009250000119209298
v 0.00036560249282047185 0.004840333946049215 -0.014250000007450593
v 0.00036560249282047185 0.004840333946049215 -0.014250000007450593
v -0.008276683278381831 0.007352482993155721 -0.009250000119209298
v -0.006929066497832543 0.006960756145417694 -0.0019424869678914564
v 0.00036560249282047185 0.004840333946049215 -0.014250000007450593
v -0.006929066497832543 0.006960756145417694 -0.0019424869678914564
v 9.20024831430056e-05 0.004919864237308505 -0.010090612806379804
v 9.20024831430056e-05 0.004919864237308505 -0.010090612806379804
v -0.006929066497832543 0.006960756145417694 -0.0019424869678914564
v -0.00015599199105054154 0.004991951398551467 -0.00939057022333146
v -0.010018724016845235 0.007858861237764362 -0.0060176332481205515
v -0.00979402195662261 0.007793544325977567 -0.005502064712345605
v -0.009717064909636983 0.007771174423396591 -0.007749999873340137
v -0.009717064909636983 0.007771174423396591 -0.007749999873340137
v -0.00979402195662261 0.007793544325977567 -0.005502064712345605
v -0.009717064909636983 0.007771174423396591 -0.004941578023135666
v -0.009717064909636983 0.007771174423396591 -0.007749999873340137
v -0.009717064909636983 0.007771174423396591 -0.004941578023135666
v -0.008031486533582217 0.0072812084108591114 -0.0019424869678914564
v -0.008031486533582217 0.0072812084108591114 -0.0019424869678914564
v -0.009717064909636983 0.007771174423396591 -0.004941578023135666
v -0.009717064909636983 0.007771174423396591 -0.003194548189640048
v -0.008031486533582217 0.0072812084108591114 -0.0019424869678914564
v -0.009717064909636983 0.007771174423396591 -0.003194548189640048
v -0.008498779498040683 0.007417041808366779 -0.001617327798157932
v -0.008498779498040683 0.007417041808366779 -0.001617327798157932
v -0.009717064909636983 0.007771174423396591 -0.003194548189640048
v -0.009782081469893464 0.0077900732867419754 -0.0027489708736538913
v -0.008498779498040683 0.007417041808366779 -0.001617327798157932
v -0.009782081469893464 0.0077900732867419754 -0.0027489708736538913
v -0.009971261955797681 0.007845064625144008 -0.0023436190094798825
v -0.012357763014733802 0.008538775146007541 -0.009250000119209298
v -0.01225194800645114 0.00850801728665829 -0.008479330688714988
v -0.011047802865505229 0.008157994598150257 -0.008675974793732173
v -0.011047802865505229 0.008157994598150257 -0.008675974793732173
v -0.01225194800645114 0.00850801728665829 -0.008479330688714988
v -0.011942981742322455 0.008418206125497821 -0.0077704242430627415
v -0.011047802865505229 0.008157994598150257 -0.008675974793732173
v -0.011942981742322455 0.008418206125497821 -0.0077704242430627415
v -0.010735567659139642 0.00806723348796368 -0.008189340122044093
v -0.010735567659139642 0.00806723348796368 -0.008189340122044093
v -0.011942981742322455 0.008418206125497821 -0.0077704242430627415
v -0.011455625295639048 0.008276540786027912 -0.007180093787610537
v -0.010735567659139642 0.00806723348796368 -0.008189340122044093
v -0.011455625295639048 0.008276540786027912 -0.007180093787610537
v -0.010268274694681176 0.007931401021778587 -0.007864180952310569
v -0.010268274694681176 0.007931401021778587 -0.007864180952310569
v -0.011455625295639048 0.008276540786027912 -0.007180093787610537
v -0.010828937403857718 0.008094375021755699 -0.006755650509148842
v -0.010268274694681176 0.007931401021778587 -0.007864180952310569
v -0.010828937403857718 0.008094375021755699 -0.006755650509148842
v -0.009717064909636983 0.007771174423396591 -0.007749999873340137
v -0.009717064909636983 0.007771174423396591 -0.007749999873340137
v -0.010828937403857718 0.008094375021755699 -0.006755650509148842
v -0.010373164899647245 0.007961890660226349 -0.006446964107453829
v -0.009717064909636983 0.007771174423396591 -0.007749999873340137
v -0.010373164899647245 0.007961890660226349 -0.006446964107453829
v -0.010018724016845235 0.007858861237764362 -0.0060176332481205515
v 0.005395921878516679 -0.006515100132673981 -0.014250000007450593
v 0.005814613308757549 -0.005074718967080119 -0.014250000007450593
v 0.005395921878516679 -0.006515100132673981 -0.011450000107288371
v 0.005395921878516679 -0.006515100132673981 -0.011450000107288371
v 0.005814613308757549 -0.005074718967080119 -0.014250000007450593
v 0.005814613308757549 -0.005074718967080119 -0.011450000107288371
v -0.0012029854115098726 -0.007721096277236942 -0.011450000107288371
v -0.0012029854115098726 -0.007721096277236942 -0.014250000007450593
v 0.0016777761047706023 -0.008558479137718681 -0.011450000107288371
v 0.0016777761047706023 -0.008558479137718681 -0.011450000107288371
v -0.0012029854115098726 -0.007721096277236942 -0.014250000007450593
v 0.0016777761047706023 -0.008558479137718681 -0.014250000007450593
v 0.0026463766116648934 -0.007017598487436775 -0.014250000007450593
v 0.0026463766116648934 -0.007017598487436775 -0.011450000107288371
v 0.003229457885026935 -0.00706818234175444 -0.014250000007450593
v 0.003229457885026935 -0.00706818234175444 -0.014250000007450593
v 0.0026463766116648934 -0.007017598487436775 -0.011450000107288371
v 0.003229457885026935 -0.00706818234175444 -0.011450000107288371
v 0.003229457885026935 -0.00706818234175444 -0.014250000007450593
v 0.003229457885026935 -0.00706818234175444 -0.011450000107288371
v 0.003787512425333265 -0.006891780532896522 -0.014250000007450593
v 0.003787512425333265 -0.006891780532896522 -0.014250000007450593
v 0.003229457885026935 -0.00706818234175444 -0.011450000107288371
v 0.003787512425333265 -0.006891780532896522 -0.011450000107288371
v 0.003787512425333265 -0.006891780532896522 -0.014250000007450593
v 0.003787512425333265 -0.006891780532896522 -0.011450000107288371
v 0.004235580097883943 -0.006515247747302058 -0.014250000007450593
v 0.004235580097883943 -0.006515247747302058 -0.014250000007450593
v 0.003787512425333265 -0.006891780532896522 -0.011450000107288371
v 0.004235580097883943 -0.006515247747302058 -0.011450000107288371
v 0.004235580097883943 -0.006515247747302058 -0.014250000007450593
v 0.004235580097883943 -0.006515247747302058 -0.011450000107288371
v 0.004505449440330271 -0.005995909217745068 -0.014250000007450593
v 0.004505449440330271 -0.005995909217745068 -0.014250000007450593
v 0.004235580097883943 -0.006515247747302058 -0.011450000107288371
v 0.004505449440330271 -0.005995909217745068 -0.011450000107288371
v 0.004505449440330271 -0.005995909217745068 -0.014250000007450593
v 0.004505449440330271 -0.005995909217745068 -0.011450000107288371
v 0.004556032828986649 -0.005412828177213671 -0.014250000007450593
v 0.004556032828986649 -0.005412828177213671 -0.014250000007450593
v 0.004505449440330271 -0.005995909217745068 -0.011450000107288371
v 0.004556032828986649 -0.005412828177213671 -0.011450000107288371
v 0.004556032828986649 -0.005412828177213671 -0.014250000007450593
v 0.004556032828986649 -0.005412828177213671 -0.011450000107288371
v 0.004379631485790018 -0.004854774102568628 -0.014250000007450593
v 0.004379631485790018 -0.004854774102568628 -0.014250000007450593
v 0.004556032828986649 -0.005412828177213671 -0.011450000107288371
v 0.004379631485790018 -0.004854774102568628 -0.011450000107288371
v 0.004379631485790018 -0.004854774102568628 -0.014250000007450593
v 0.004379631485790018 -0.004854774102568628 -0.011450000107288371
v 0.004003098700195554 -0.004406705498695375 -0.014250000007450593
v 0.004003098700195554 -0.004406705498695375 -0.014250000007450593
v 0.004379631485790018 -0.004854774102568628 -0.011450000107288371
v 0.004003098700195554 -0.004406705498695375 -0.011450000107288371
v 0.004003098700195554 -0.004406705498695375 -0.014250000007450593
v 0.004003098700195554 -0.004406705498695375 -0.011450000107288371
v 0.003483759704977277 -0.004136836621910335 -0.014250000007450593
v 0.003483759704977277 -0.004136836621910335 -0.014250000007450593
v 0.004003098700195554 -0.004406705498695375 -0.011450000107288371
v 0.003483759704977277 -0.004136836621910335 -0.011450000107288371
v 0.0012734030606225144 0.004515967331826689 -0.011233953759074222
v 0.001618267386220397 0.004358996171504261 -0.011364695616066466
v 0.0010786352213472137 0.004596095066517593 -0.014250000007450593
v 0.0010786352213472137 0.004596095066517593 -0.014250000007450593
v 0.001618267386220397 0.004358996171504261 -0.011364695616066466
v 0.001961653586477043 0.004182417877018453 -0.011434812098741542
v 0.0010786352213472137 0.004596095066517593 -0.014250000007450593
v 0.001961653586477043 0.004182417877018453 -0.011434812098741542
v 0.002313539618626239 0.003978828899562361 -0.014250000007450593
v 0.002313539618626239 0.003978828899562361 -0.014250000007450593
v 0.001961653586477043 0.004182417877018453 -0.011434812098741542
v 0.0022152026649564526 0.004038142040371897 -0.011450000107288371
v 0.00036560249282047185 0.004840333946049215 -0.014250000007450593
v 0.00036560249282047185 0.004840333946049215 -0.010511324740946302
v 0.0005200348678044979 0.004793749656528236 -0.010688723064959058
v 0.0005200348678044979 0.004793749656528236 -0.010688723064959058
v 0.000637329241726548 0.004756080452352764 -0.010804538615047942
v 0.00036560249282047185 0.004840333946049215 -0.014250000007450593
v 0.00036560249282047185 0.004840333946049215 -0.014250000007450593
v 0.000637329241726548 0.004756080452352764 -0.010804538615047942
v 0.0009417451801709839 0.004648869391530754 -0.011045767925679694
v 0.00036560249282047185 0.004840333946049215 -0.014250000007450593
v 0.0009417451801709839 0.004648869391530754 -0.011045767925679694
v 0.0010786352213472137 0.004596095066517593 -0.014250000007450593
v 0.0010786352213472137 0.004596095066517593 -0.014250000007450593
v 0.0009417451801709839 0.004648869391530754 -0.011045767925679694
v 0.0010848270030692228 0.0045936396345496195 -0.011135181412100802
v 0.0010786352213472137 0.004596095066517593 -0.014250000007450593
v 0.0010848270030692228 0.0045936396345496195 -0.011135181412100802
v 0.0012734030606225144 0.004515967331826689 -0.011233953759074222
v 0.0022152026649564526 0.004038142040371897 -0.011450000107288371
v 0.002313539618626239 0.003978828899562361 -0.011450000107288371
v 0.002313539618626239 0.003978828899562361 -0.014250000007450593
v 0.002313539618626239 0.003978828899562361 -0.014250000007450593
v 0.002313539618626239 0.003978828899562361 -0.011450000107288371
v 0.003423929214477542 0.003158438252285124 -0.011450000107288371
v 0.002313539618626239 0.003978828899562361 -0.014250000007450593
v 0.003423929214477542 0.003158438252285124 -0.011450000107288371
v 0.003423929214477542 0.003158438252285124 -0.014250000007450593
v 0.003423929214477542 0.003158438252285124 -0.014250000007450593
v 0.003423929214477542 0.003158438252285124 -0.011450000107288371
v 0.004376736003905538 0.002159355441108347 -0.011450000107288371
v 0.003423929214477542 0.003158438252285124 -0.014250000007450593
v 0.004376736003905538 0.002159355441108347 -0.011450000107288371
v 0.004376736003905538 0.002159355441108347 -0.014250000007450593
v 0.004376736003905538 0.002159355441108347 -0.014250000007450593
v 0.004376736003905538 0.002159355441108347 -0.011450000107288371
v 0.005143582355231051 0.0010113348253071312 -0.011450000107288371
v 0.004376736003905538 0.002159355441108347 -0.014250000007450593
v 0.005143582355231051 0.0010113348253071312 -0.011450000107288371
v 0.005143582355231051 0.0010113348253071312 -0.014250000007450593
v 0.005143582355231051 0.0010113348253071312 -0.014250000007450593
v 0.005143582355231051 0.0010113348253071312 -0.011450000107288371
v 0.005701632704585796 -0.000251434772508219 -0.011450000107288371
v 0.005143582355231051 0.0010113348253071312 -0.014250000007450593
v 0.005701632704585796 -0.000251434772508219 -0.011450000107288371
v 0.005701632704585796 -0.000251434772508219 -0.014250000007450593
v 0.005701632704585796 -0.000251434772508219 -0.014250000007450593
v 0.005701632704585796 -0.000251434772508219 -0.011450000107288371
v 0.006034265272319322 -0.0015913457609713084 -0.011450000107288371
v 0.005701632704585796 -0.000251434772508219 -0.014250000007450593
v 0.006034265272319322 -0.0015913457609713084 -0.011450000107288371
v 0.006034265272319322 -0.0015913457609713084 -0.014250000007450593
v 0.006034265272319322 -0.0015913457609713084 -0.014250000007450593
v 0.006034265272319322 -0.0015913457609713084 -0.011450000107288371
v 0.006131575908511882 -0.002968493849039079 -0.011450000107288371
v 0.006034265272319322 -0.0015913457609713084 -0.014250000007450593
v 0.006131575908511882 -0.002968493849039079 -0.011450000107288371
v 0.006131575908511882 -0.002968493849039079 -0.014250000007450593
v 0.006131575908511882 -0.002968493849039079 -0.014250000007450593
v 0.006131575908511882 -0.002968493849039079 -0.011450000107288371
v 0.0059906654059886984 -0.004341865889728071 -0.011450000107288371
v 0.006131575908511882 -0.002968493849039079 -0.014250000007450593
v 0.0059906654059886984 -0.004341865889728071 -0.011450000107288371
v 0.0059906654059886984 -0.004341865889728071 -0.014250000007450593
v 0.0059906654059886984 -0.004341865889728071 -0.014250000007450593
v 0.0059906654059886984 -0.004341865889728071 -0.011450000107288371
v 0.005814613308757549 -0.005074718967080119 -0.011450000107288371
v 0.0059906654059886984 -0.004341865889728071 -0.014250000007450593
v 0.005814613308757549 -0.005074718967080119 -0.011450000107288371
v 0.005814613308757549 -0.005074718967080119 -0.014250000007450593
v 0.0016777761047706023 -0.008558479137718681 -0.011450000107288371
v 0.0016777761047706023 -0.008558479137718681 -0.014250000007450593
v 0.0024519057478755734 -0.00867705047130585 -0.014250000007450593
v 0.0016777761047706023 -0.008558479137718681 -0.011450000107288371
v 0.0024519057478755734 -0.00867705047130585 -0.014250000007450593
v 0.0024519057478755734 -0.00867705047130585 -0.011450000107288371
v 0.0024519057478755734 -0.00867705047130585 -0.011450000107288371
v 0.0024519057478755734 -0.00867705047130585 -0.014250000007450593
v 0.0032303454354405433 -0.008591221645474437 -0.014250000007450593
v 0.0024519057478755734 -0.00867705047130585 -0.011450000107288371
v 0.0032303454354405433 -0.008591221645474437 -0.014250000007450593
v 0.0032303454354405433 -0.008591221645474437 -0.011450000107288371
v 0.0032303454354405433 -0.008591221645474437 -0.011450000107288371
v 0.0032303454354405433 -0.008591221645474437 -0.014250000007450593
v 0.003960046917200092 -0.008306842297315601 -0.014250000007450593
v 0.0032303454354405433 -0.008591221645474437 -0.011450000107288371
v 0.003960046917200092 -0.008306842297315601 -0.014250000007450593
v 0.003960046917200092 -0.008306842297315601 -0.011450000107288371
v 0.003960046917200092 -0.008306842297315601 -0.011450000107288371
v 0.003960046917200092 -0.008306842297315601 -0.014250000007450593
v 0.004591281525790696 -0.00784329324960709 -0.014250000007450593
v 0.003960046917200092 -0.008306842297315601 -0.011450000107288371
v 0.004591281525790696 -0.00784329324960709 -0.014250000007450593
v 0.004591281525790696 -0.00784329324960709 -0.011450000107288371
v 0.004591281525790696 -0.00784329324960709 -0.011450000107288371
v 0.004591281525790696 -0.00784329324960709 -0.014250000007450593
v 0.005081031005829577 -0.007232163101434711 -0.014250000007450593
v 0.004591281525790696 -0.00784329324960709 -0.011450000107288371
v 0.005081031005829577 -0.007232163101434711 -0.014250000007450593
v 0.005081031005829577 -0.007232163101434711 -0.011450000107288371
v 0.005081031005829577 -0.007232163101434711 -0.011450000107288371
v 0.005081031005829577 -0.007232163101434711 -0.014250000007450593
v 0.005395921878516679 -0.006515100132673981 -0.014250000007450593
v 0.005081031005829577 -0.007232163101434711 -0.011450000107288371
v 0.005395921878516679 -0.006515100132673981 -0.014250000007450593
v 0.005395921878516679 -0.006515100132673981 -0.011450000107288371
v -0.008691607974469669 -0.0024201218038797387 -0.0005566678009927278
v -0.00603989558294416 0.006702290847897532 -0.0005566678009927278
v -0.008801250718534001 -0.0023882507812231788 -0.0011306926608085643
v -0.008801250718534001 -0.0023882507812231788 -0.0011306926608085643
v -0.00603989558294416 0.006702290847897532 -0.0005566678009927278
v -0.006149537861347204 0.0067341616377234485 -0.0011306926608085643
v -0.008801250718534001 -0.0023882507812231788 -0.0011306926608085643
v -0.006149537861347204 0.0067341616377234485 -0.0011306926608085643
v -0.009113485924899587 -0.0022974899038672456 -0.001617327798157932
v -0.009113485924899587 -0.0022974899038672456 -0.001617327798157932
v -0.006149537861347204 0.0067341616377234485 -0.0011306926608085643
v -0.006461773533374077 0.006824922747910025 -0.001617327798157932
v -0.009113485924899587 -0.0022974899038672456 -0.001617327798157932
v -0.006461773533374077 0.006824922747910025 -0.001617327798157932
v -0.009580778889358052 -0.0021616567391902217 -0.0019424869678914564
v -0.009580778889358052 -0.0021616567391902217 -0.0019424869678914564
v -0.006461773533374077 0.006824922747910025 -0.001617327798157932
v -0.006929066497832543 0.006960756145417694 -0.0019424869678914564
v -0.009580778889358052 -0.0021616567391902217 -0.0019424869678914564
v -0.006929066497832543 0.006960756145417694 -0.0019424869678914564
v -0.01013198960572482 -0.002001430373638869 -0.0020566675812006014
v -0.01013198960572482 -0.002001430373638869 -0.0020566675812006014
v -0.006929066497832543 0.006960756145417694 -0.0019424869678914564
v -0.007480276748538024 0.007120982278138403 -0.0020566675812006014
v -0.01013198960572482 -0.002001430373638869 -0.0020566675812006014
v -0.007480276748538024 0.007120982278138403 -0.0020566675812006014
v -0.010683199390769013 -0.0018412041245028385 -0.0019424869678914564
v -0.010683199390769013 -0.0018412041245028385 -0.0019424869678914564
v -0.007480276748538024 0.007120982278138403 -0.0020566675812006014
v -0.008031486533582217 0.0072812084108591114 -0.0019424869678914564
v -0.010683199390769013 -0.0018412041245028385 -0.0019424869678914564
v -0.008031486533582217 0.0072812084108591114 -0.0019424869678914564
v -0.01115049235522748 -0.0017053707269951708 -0.001617327798157932
v -0.01115049235522748 -0.0017053707269951708 -0.001617327798157932
v -0.008031486533582217 0.0072812084108591114 -0.0019424869678914564
v -0.008498779498040683 0.007417041808366779 -0.001617327798157932
v -0.01115049235522748 -0.0017053707269951708 -0.001617327798157932
v -0.008498779498040683 0.007417041808366779 -0.001617327798157932
v -0.011462727561593066 -0.0016146098496392376 -0.0011306926608085643
v -0.011462727561593066 -0.0016146098496392376 -0.0011306926608085643
v -0.008498779498040683 0.007417041808366779 -0.001617327798157932
v -0.00881101470440627 0.007507802918553356 -0.0011306926608085643
v -0.011462727561593066 -0.0016146098496392376 -0.0011306926608085643
v -0.00881101470440627 0.007507802918553356 -0.0011306926608085643
v -0.011572370305657397 -0.0015827388269826776 -0.0005566678009927278
v -0.011572370305657397 -0.0015827388269826776 -0.0005566678009927278
v -0.00881101470440627 0.007507802918553356 -0.0011306926608085643
v -0.008920657448470601 0.007539673708379272 -0.0005566678009927278
v -0.01092839613556863 -0.0017699298914521941 -0.009250000119209298
v -0.008276683278381831 0.007352482993155721 -0.009250000119209298
v -0.01103803887963296 -0.0017380588687956342 -0.009824024513363847
v -0.01103803887963296 -0.0017380588687956342 -0.009824024513363847
v -0.008276683278381831 0.007352482993155721 -0.009250000119209298
v -0.008386326022446162 0.007384353782981638 -0.009824024513363847
v -0.01103803887963296 -0.0017380588687956342 -0.009824024513363847
v -0.008386326022446162 0.007384353782981638 -0.009824024513363847
v -0.011350274085998546 -0.0016472979914397008 -0.010310660116374501
v -0.011350274085998546 -0.0016472979914397008 -0.010310660116374501
v -0.008386326022446162 0.007384353782981638 -0.009824024513363847
v -0.008698561228811748 0.0074751148931682145 -0.010310660116374501
v -0.011350274085998546 -0.0016472979914397008 -0.010310660116374501
v -0.008698561228811748 0.0074751148931682145 -0.010310660116374501
v -0.011817567050457011 -0.0015114645939320332 -0.010635819286108026
v -0.011817567050457011 -0.0015114645939320332 -0.010635819286108026
v -0.008698561228811748 0.0074751148931682145 -0.010310660116374501
v -0.00916585512459279 0.007610947825014595 -0.010635819286108026
v -0.011817567050457011 -0.0015114645939320332 -0.010635819286108026
v -0.00916585512459279 0.007610947825014595 -0.010635819286108026
v -0.012368777766823779 -0.0013512383447960026 -0.010749999433755885
v -0.012368777766823779 -0.0013512383447960026 -0.010749999433755885
v -0.00916585512459279 0.007610947825014595 -0.010635819286108026
v -0.009717064909636983 0.007771174423396591 -0.010749999433755885
v -0.012368777766823779 -0.0013512383447960026 -0.010749999433755885
v -0.009717064909636983 0.007771174423396591 -0.010749999433755885
v -0.012919987551867974 -0.0011910120956599717 -0.010635819286108026
v -0.012919987551867974 -0.0011910120956599717 -0.010635819286108026
v -0.009717064909636983 0.007771174423396591 -0.010749999433755885
v -0.010268274694681176 0.007931401021778587 -0.010635819286108026
v -0.012919987551867974 -0.0011910120956599717 -0.010635819286108026
v -0.010268274694681176 0.007931401021778587 -0.010635819286108026
v -0.01338728051632644 -0.0010551786981523041 -0.010310660116374501
v -0.01338728051632644 -0.0010551786981523041 -0.010310660116374501
v -0.010268274694681176 0.007931401021778587 -0.010635819286108026
v -0.010735567659139642 0.00806723348796368 -0.010310660116374501
v -0.01338728051632644 -0.0010551786981523041 -0.010310660116374501
v -0.010735567659139642 0.00806723348796368 -0.010310660116374501
v -0.013699515722692025 -0.0009644178207963709 -0.009824024513363847
v -0.013699515722692025 -0.0009644178207963709 -0.009824024513363847
v -0.010735567659139642 0.00806723348796368 -0.010310660116374501
v -0.011047802865505229 0.008157994598150257 -0.009824024513363847
v -0.013699515722692025 -0.0009644178207963709 -0.009824024513363847
v -0.011047802865505229 0.008157994598150257 -0.009824024513363847
v -0.013809158466756356 -0.0009325467399321501 -0.009250000119209298
v -0.013809158466756356 -0.0009325467399321501 -0.009250000119209298
v -0.011047802865505229 0.008157994598150257 -0.009824024513363847
v -0.01115744560956956 0.008189866319298748 -0.009250000119209298
v 0.005143582355231051 0.0010113348253071312 -0.011450000107288371
v 0.0014833613531664027 0.00022279775294009607 -0.011450000107288371
v 0.005701632704585796 -0.000251434772508219 -0.011450000107288371
v 0.005701632704585796 -0.000251434772508219 -0.011450000107288371
v 0.0014833613531664027 0.00022279775294009607 -0.011450000107288371
v 0.0014403811655938638 -0.00041869131382554786 -0.011450000107288371
v 0.005143582355231051 0.0010113348253071312 -0.011450000107288371
v 0.004376736003905538 0.002159355441108347 -0.011450000107288371
v 0.0014833613531664027 0.00022279775294009607 -0.011450000107288371
v 0.0014833613531664027 0.00022279775294009607 -0.011450000107288371
v 0.004376736003905538 0.002159355441108347 -0.011450000107288371
v 0.003423929214477542 0.003158438252285124 -0.011450000107288371
v 0.0014833613531664027 0.00022279775294009607 -0.011450000107288371
v 0.003423929214477542 0.003158438252285124 -0.011450000107288371
v 0.0012723281979560863 0.0007944688550196591 -0.011450000107288371
v 0.0012723281979560863 0.0007944688550196591 -0.011450000107288371
v 0.003423929214477542 0.003158438252285124 -0.011450000107288371
v 0.002313539618626239 0.003978828899562361 -0.011450000107288371
v 0.0012723281979560863 0.0007944688550196591 -0.011450000107288371
v 0.002313539618626239 0.003978828899562361 -0.011450000107288371
v 0.0022152026649564526 0.004038142040371897 -0.011450000107288371
v 0.005814613308757549 -0.005074718967080119 -0.011450000107288371
v 0.0059906654059886984 -0.004341865889728071 -0.011450000107288371
v 0.001132782781496645 -0.0009832613868638877 -0.011450000107288371
v 0.001132782781496645 -0.0009832613868638877 -0.011450000107288371
v 0.0059906654059886984 -0.004341865889728071 -0.011450000107288371
v 0.006131575908511882 -0.002968493849039079 -0.011450000107288371
v 0.001132782781496645 -0.0009832613868638877 -0.011450000107288371
v 0.006131575908511882 -0.002968493849039079 -0.011450000107288371
v 0.0014403811655938638 -0.00041869131382554786 -0.011450000107288371
v 0.0014403811655938638 -0.00041869131382554786 -0.011450000107288371
v 0.006131575908511882 -0.002968493849039079 -0.011450000107288371
v 0.006034265272319322 -0.0015913457609713084 -0.011450000107288371
v 0.0014403811655938638 -0.00041869131382554786 -0.011450000107288371
v 0.006034265272319322 -0.0015913457609713084 -0.011450000107288371
v 0.005701632704585796 -0.000251434772508219 -0.011450000107288371
v 0.0017505056457594052 -0.006299661006778481 -0.011450000107288371
v -0.0012029854115098726 -0.007721096277236942 -0.011450000107288371
v 0.0021270385477691906 -0.006747730076313021 -0.011450000107288371
v 0.0021270385477691906 -0.006747730076313021 -0.011450000107288371
v -0.0012029854115098726 -0.007721096277236942 -0.011450000107288371
v 0.0016777761047706023 -0.008558479137718681 -0.011450000107288371
v 0.0021270385477691906 -0.006747730076313021 -0.011450000107288371
v 0.0016777761047706023 -0.008558479137718681 -0.011450000107288371
v 0.0026463766116648934 -0.007017598487436775 -0.011450000107288371
v 0.0026463766116648934 -0.007017598487436775 -0.011450000107288371
v 0.0016777761047706023 -0.008558479137718681 -0.011450000107288371
v 0.0024519057478755734 -0.00867705047130585 -0.011450000107288371
v 0.0026463766116648934 -0.007017598487436775 -0.011450000107288371
v 0.0024519057478755734 -0.00867705047130585 -0.011450000107288371
v 0.003229457885026935 -0.00706818234175444 -0.011450000107288371
v 0.0017505056457594052 -0.006299661006778481 -0.011450000107288371
v 0.0015741034876555217 -0.005741606932133439 -0.011450000107288371
v -0.0012029854115098726 -0.007721096277236942 -0.011450000107288371
v -0.0012029854115098726 -0.007721096277236942 -0.011450000107288371
v 0.0015741034876555217 -0.005741606932133439 -0.011450000107288371
v 0.0016246878076344744 -0.005158526357263329 -0.011450000107288371
v -0.0012029854115098726 -0.007721096277236942 -0.011450000107288371
v 0.0016246878076344744 -0.005158526357263329 -0.011450000107288371
v 0.0006481798482127493 -0.0013527241535484797 -0.011450000107288371
v 0.0024519057478755734 -0.00867705047130585 -0.011450000107288371
v 0.0032303454354405433 -0.008591221645474437 -0.011450000107288371
v 0.003229457885026935 -0.00706818234175444 -0.011450000107288371
v 0.003229457885026935 -0.00706818234175444 -0.011450000107288371
v 0.0032303454354405433 -0.008591221645474437 -0.011450000107288371
v 0.003960046917200092 -0.008306842297315601 -0.011450000107288371
v 0.003229457885026935 -0.00706818234175444 -0.011450000107288371
v 0.003960046917200092 -0.008306842297315601 -0.011450000107288371
v 0.003787512425333265 -0.006891780532896522 -0.011450000107288371
v 0.003787512425333265 -0.006891780532896522 -0.011450000107288371
v 0.003960046917200092 -0.008306842297315601 -0.011450000107288371
v 0.004591281525790696 -0.00784329324960709 -0.011450000107288371
v 0.003787512425333265 -0.006891780532896522 -0.011450000107288371
v 0.004591281525790696 -0.00784329324960709 -0.011450000107288371
v 0.004235580097883943 -0.006515247747302058 -0.011450000107288371
v 0.004235580097883943 -0.006515247747302058 -0.011450000107288371
v 0.004591281525790696 -0.00784329324960709 -0.011450000107288371
v 0.005081031005829577 -0.007232163101434711 -0.011450000107288371
v 0.004235580097883943 -0.006515247747302058 -0.011450000107288371
v 0.005081031005829577 -0.007232163101434711 -0.011450000107288371
v 0.004505449440330271 -0.005995909217745068 -0.011450000107288371
v 0.004505449440330271 -0.005995909217745068 -0.011450000107288371
v 0.005081031005829577 -0.007232163101434711 -0.011450000107288371
v 0.005395921878516679 -0.006515100132673981 -0.011450000107288371
v 0.004505449440330271 -0.005995909217745068 -0.011450000107288371
v 0.005395921878516679 -0.006515100132673981 -0.011450000107288371
v 0.004556032828986649 -0.005412828177213671 -0.011450000107288371
v 0.004556032828986649 -0.005412828177213671 -0.011450000107288371
v 0.005395921878516679 -0.006515100132673981 -0.011450000107288371
v 0.005814613308757549 -0.005074718967080119 -0.011450000107288371
v 0.004556032828986649 -0.005412828177213671 -0.011450000107288371
v 0.005814613308757549 -0.005074718967080119 -0.011450000107288371
v 0.004379631485790018 -0.004854774102568628 -0.011450000107288371
v 0.004379631485790018 -0.004854774102568628 -0.011450000107288371
v 0.005814613308757549 -0.005074718967080119 -0.011450000107288371
v 0.004003098700195554 -0.004406705498695375 -0.011450000107288371
v 0.004003098700195554 -0.004406705498695375 -0.011450000107288371
v 0.005814613308757549 -0.005074718967080119 -0.011450000107288371
v 0.001132782781496645 -0.0009832613868638877 -0.011450000107288371
v 0.004003098700195554 -0.004406705498695375 -0.011450000107288371
v 0.001132782781496645 -0.0009832613868638877 -0.011450000107288371
v 0.003483759704977277 -0.004136836621910335 -0.011450000107288371
v 0.0016246878076344744 -0.005158526357263329 -0.011450000107288371
v 0.0018945561023429053 -0.004639186896383764 -0.011450000107288371
v 0.0006481798482127493 -0.0013527241535484797 -0.011450000107288371
v 0.0006481798482127493 -0.0013527241535484797 -0.011450000107288371
v 0.0018945561023429053 -0.004639186896383764 -0.011450000107288371
v 0.0023426248226314805 -0.004262654576450588 -0.011450000107288371
v 0.0006481798482127493 -0.0013527241535484797 -0.011450000107288371
v 0.0023426248226314805 -0.004262654576450588 -0.011450000107288371
v 0.001132782781496645 -0.0009832613868638877 -0.011450000107288371
v 0.001132782781496645 -0.0009832613868638877 -0.011450000107288371
v 0.0023426248226314805 -0.004262654576450588 -0.011450000107288371
v 0.0029006793629378106 -0.00408625276759267 -0.011450000107288371
v 0.001132782781496645 -0.0009832613868638877 -0.011450000107288371
v 0.0029006793629378106 -0.00408625276759267 -0.011450000107288371
v 0.003483759704977277 -0.004136836621910335 -0.011450000107288371
v 0.0022152026649564526 0.004038142040371897 -0.006250000093132263
v 0.002313539618626239 0.003978828899562361 -0.006250000093132263
v 0.0012723281979560863 0.0007944688550196591 -0.006250000093132263
v 0.0012723281979560863 0.0007944688550196591 -0.006250000093132263
v 0.002313539618626239 0.003978828899562361 -0.006250000093132263
v 0.003423929214477542 0.003158438252285124 -0.006250000093132263
v 0.0012723281979560863 0.0007944688550196591 -0.006250000093132263
v 0.003423929214477542 0.003158438252285124 -0.006250000093132263
v 0.0014833613531664027 0.00022279775294009607 -0.006250000093132263
v 0.0006481798482127493 -0.0013527241535484797 -0.006250000093132263
v 0.0018945561023429053 -0.004639186896383764 -0.006250000093132263
v -0.0012029854115098726 -0.007721096277236942 -0.006250000093132263
v -0.0012029854115098726 -0.007721096277236942 -0.006250000093132263
v 0.0018945561023429053 -0.004639186896383764 -0.006250000093132263
v 0.0016246878076344744 -0.005158526357263329 -0.006250000093132263
v 0.003787512425333265 -0.006891780532896522 -0.006250000093132263
v 0.004235580097883943 -0.006515247747302058 -0.006250000093132263
v 0.005081031005829577 -0.007232163101434711 -0.006250000093132263
v 0.005081031005829577 -0.007232163101434711 -0.006250000093132263
v 0.004235580097883943 -0.006515247747302058 -0.006250000093132263
v 0.005395921878516679 -0.006515100132673981 -0.006250000093132263
v 0.005395921878516679 -0.006515100132673981 -0.006250000093132263
v 0.004235580097883943 -0.006515247747302058 -0.006250000093132263
v 0.004505449440330271 -0.005995909217745068 -0.006250000093132263
v 0.005395921878516679 -0.006515100132673981 -0.006250000093132263
v 0.004505449440330271 -0.005995909217745068 -0.006250000093132263
v 0.005814613308757549 -0.005074718967080119 -0.006250000093132263
v 0.005814613308757549 -0.005074718967080119 -0.006250000093132263
v 0.004505449440330271 -0.005995909217745068 -0.006250000093132263
v 0.004556032828986649 -0.005412828177213671 -0.006250000093132263
v 0.005814613308757549 -0.005074718967080119 -0.006250000093132263
v 0.004556032828986649 -0.005412828177213671 -0.006250000093132263
v 0.0059906654059886984 -0.004341865889728071 -0.006250000093132263
v 0.0059906654059886984 -0.004341865889728071 -0.006250000093132263
v 0.004556032828986649 -0.005412828177213671 -0.006250000093132263
v 0.004379631485790018 -0.004854774102568628 -0.006250000093132263
v 0.0059906654059886984 -0.004341865889728071 -0.006250000093132263
v 0.004379631485790018 -0.004854774102568628 -0.006250000093132263
v 0.006131575908511882 -0.002968493849039079 -0.006250000093132263
v 0.006131575908511882 -0.002968493849039079 -0.006250000093132263
v 0.004379631485790018 -0.004854774102568628 -0.006250000093132263
v 0.004003098700195554 -0.004406705498695375 -0.006250000093132263
v 0.006131575908511882 -0.002968493849039079 -0.006250000093132263
v 0.004003098700195554 -0.004406705498695375 -0.006250000093132263
v 0.006034265272319322 -0.0015913457609713084 -0.006250000093132263
v 0.006034265272319322 -0.0015913457609713084 -0.006250000093132263
v 0.004003098700195554 -0.004406705498695375 -0.006250000093132263
v 0.005701632704585796 -0.000251434772508219 -0.006250000093132263
v 0.005701632704585796 -0.000251434772508219 -0.006250000093132263
v 0.004003098700195554 -0.004406705498695375 -0.006250000093132263
v 0.003483759704977277 -0.004136836621910335 -0.006250000093132263
v 0.005701632704585796 -0.000251434772508219 -0.006250000093132263
v 0.003483759704977277 -0.004136836621910335 -0.006250000093132263
v 0.005143582355231051 0.0010113348253071312 -0.006250000093132263
v 0.003423929214477542 0.003158438252285124 -0.006250000093132263
v 0.004376736003905538 0.002159355441108347 -0.006250000093132263
v 0.0014833613531664027 0.00022279775294009607 -0.006250000093132263
v 0.0014833613531664027 0.00022279775294009607 -0.006250000093132263
v 0.004376736003905538 0.002159355441108347 -0.006250000093132263
v 0.005143582355231051 0.0010113348253071312 -0.006250000093132263
v 0.0014833613531664027 0.00022279775294009607 -0.006250000093132263
v 0.005143582355231051 0.0010113348253071312 -0.006250000093132263
v 0.0014403811655938638 -0.00041869131382554786 -0.006250000093132263
v 0.0014403811655938638 -0.00041869131382554786 -0.006250000093132263
v 0.005143582355231051 0.0010113348253071312 -0.006250000093132263
v 0.003483759704977277 -0.004136836621910335 -0.006250000093132263
v 0.0014403811655938638 -0.00041869131382554786 -0.006250000093132263
v 0.003483759704977277 -0.004136836621910335 -0.006250000093132263
v 0.001132782781496645 -0.0009832613868638877 -0.006250000093132263
v 0.001132782781496645 -0.0009832613868638877 -0.006250000093132263
v 0.003483759704977277 -0.004136836621910335 -0.006250000093132263
v 0.0029006793629378106 -0.00408625276759267 -0.006250000093132263
v 0.001132782781496645 -0.0009832613868638877 -0.006250000093132263
v 0.0029006793629378106 -0.00408625276759267 -0.006250000093132263
v 0.0006481798482127493 -0.0013527241535484797 -0.006250000093132263
v 0.0006481798482127493 -0.0013527241535484797 -0.006250000093132263
v 0.0029006793629378106 -0.00408625276759267 -0.006250000093132263
v 0.0023426248226314805 -0.004262654576450588 -0.006250000093132263
v 0.0006481798482127493 -0.0013527241535484797 -0.006250000093132263
v 0.0023426248226314805 -0.004262654576450588 -0.006250000093132263
v 0.0018945561023429053 -0.004639186896383764 -0.006250000093132263
v 0.005081031005829577 -0.007232163101434711 -0.006250000093132263
v 0.004591281525790696 -0.00784329324960709 -0.006250000093132263
v 0.003787512425333265 -0.006891780532896522 -0.006250000093132263
v 0.003787512425333265 -0.006891780532896522 -0.006250000093132263
v 0.004591281525790696 -0.00784329324960709 -0.006250000093132263
v 0.003960046917200092 -0.008306842297315601 -0.006250000093132263
v 0.003787512425333265 -0.006891780532896522 -0.006250000093132263
v 0.003960046917200092 -0.008306842297315601 -0.006250000093132263
v 0.003229457885026935 -0.00706818234175444 -0.006250000093132263
v 0.003229457885026935 -0.00706818234175444 -0.006250000093132263
v 0.003960046917200092 -0.008306842297315601 -0.006250000093132263
v 0.0032303454354405433 -0.008591221645474437 -0.006250000093132263
v 0.003229457885026935 -0.00706818234175444 -0.006250000093132263
v 0.0032303454354405433 -0.008591221645474437 -0.006250000093132263
v 0.0026463766116648934 -0.007017598487436775 -0.006250000093132263
v 0.0026463766116648934 -0.007017598487436775 -0.006250000093132263
v 0.0032303454354405433 -0.008591221645474437 -0.006250000093132263
v 0.0024519057478755734 -0.00867705047130585 -0.006250000093132263
v 0.0026463766116648934 -0.007017598487436775 -0.006250000093132263
v 0.0024519057478755734 -0.00867705047130585 -0.006250000093132263
v 0.0021270385477691906 -0.006747730076313021 -0.006250000093132263
v 0.0021270385477691906 -0.006747730076313021 -0.006250000093132263
v 0.0024519057478755734 -0.00867705047130585 -0.006250000093132263
v 0.0016777761047706023 -0.008558479137718681 -0.006250000093132263
v 0.0021270385477691906 -0.006747730076313021 -0.006250000093132263
v 0.0016777761047706023 -0.008558479137718681 -0.006250000093132263
v 0.0017505056457594052 -0.006299661006778481 -0.006250000093132263
v 0.0017505056457594052 -0.006299661006778481 -0.006250000093132263
v 0.0016777761047706023 -0.008558479137718681 -0.006250000093132263
v -0.0012029854115098726 -0.007721096277236942 -0.006250000093132263
v 0.0017505056457594052 -0.006299661006778481 -0.006250000093132263
v -0.0012029854115098726 -0.007721096277236942 -0.006250000093132263
v 0.0015741034876555217 -0.005741606932133439 -0.006250000093132263
v 0.0015741034876555217 -0.005741606932133439 -0.006250000093132263
v -0.0012029854115098726 -0.007721096277236942 -0.006250000093132263
v 0.0016246878076344744 -0.005158526357263329 -0.006250000093132263
v -0.012357763014733802 0.008538775146007541 -0.009250000119209298
v -0.0150094758719206 -0.0005836372147314253 -0.009250000119209298
v -0.014903660863637938 -0.0006143956561572853 -0.008479330688714988
v -0.012357763014733802 0.008538775146007541 -0.009250000119209298
v -0.014903660863637938 -0.0006143956561572853 -0.008479330688714988
v -0.01225194800645114 0.00850801728665829 -0.008479330688714988
v -0.01225194800645114 0.00850801728665829 -0.008479330688714988
v -0.014903660863637938 -0.0006143956561572853 -0.008479330688714988
v -0.014594694599509251 -0.0007042064680717889 -0.0077704242430627415
v -0.01225194800645114 0.00850801728665829 -0.008479330688714988
v -0.014594694599509251 -0.0007042064680717889 -0.0077704242430627415
v -0.011942981742322455 0.008418206125497821 -0.0077704242430627415
v -0.011942981742322455 0.008418206125497821 -0.0077704242430627415
v -0.014594694599509251 -0.0007042064680717889 -0.0077704242430627415
v -0.014107338152825845 -0.0008458715747110549 -0.007180093787610537
v -0.011942981742322455 0.008418206125497821 -0.0077704242430627415
v -0.014107338152825845 -0.0008458715747110549 -0.007180093787610537
v -0.011455625295639048 0.008276540786027912 -0.007180093787610537
v -0.011455625295639048 0.008276540786027912 -0.007180093787610537
v -0.014107338152825845 -0.0008458715747110549 -0.007180093787610537
v -0.013480650261044514 -0.0010280378628522162 -0.006755650509148842
v -0.011455625295639048 0.008276540786027912 -0.007180093787610537
v -0.013480650261044514 -0.0010280378628522162 -0.006755650509148842
v -0.010828937403857718 0.008094375021755699 -0.006755650509148842
v -0.0150094758719206 -0.0005836372147314253 -0.010249999351799497
v -0.0150094758719206 -0.0005836372147314253 -0.009250000119209298
v -0.012357763014733802 0.008538775146007541 -0.010249999351799497
v -0.012357763014733802 0.008538775146007541 -0.010249999351799497
v -0.0150094758719206 -0.0005836372147314253 -0.009250000119209298
v -0.012357763014733802 0.008538775146007541 -0.009250000119209298
v -0.010828937403857718 0.008094375021755699 -0.006755650509148842
v -0.013480650261044514 -0.0010280378628522162 -0.006755650509148842
v -0.010373164899647245 0.007961890660226349 -0.006446964107453829
v -0.010373164899647245 0.007961890660226349 -0.006446964107453829
v -0.013480650261044514 -0.0010280378628522162 -0.006755650509148842
v -0.013024877756834042 -0.0011605223407968883 -0.006446964107453829
v -0.010373164899647245 0.007961890660226349 -0.006446964107453829
v -0.013024877756834042 -0.0011605223407968883 -0.006446964107453829
v -0.010018724016845235 0.007858861237764362 -0.0060176332481205515
v -0.010018724016845235 0.007858861237764362 -0.0060176332481205515
v -0.013024877756834042 -0.0011605223407968883 -0.006446964107453829
v -0.012670436874032031 -0.0012635516468435532 -0.0060176332481205515
v -0.010018724016845235 0.007858861237764362 -0.0060176332481205515
v -0.012670436874032031 -0.0012635516468435532 -0.0060176332481205515
v -0.00979402195662261 0.007793544325977567 -0.005502064712345605
v -0.00979402195662261 0.007793544325977567 -0.005502064712345605
v -0.012670436874032031 -0.0012635516468435532 -0.0060176332481205515
v -0.012445734813809405 -0.001328868442215026 -0.005502064712345605
v -0.00979402195662261 0.007793544325977567 -0.005502064712345605
v -0.012445734813809405 -0.001328868442215026 -0.005502064712345605
v -0.009717064909636983 0.007771174423396591 -0.004941578023135666
v -0.009717064909636983 0.007771174423396591 -0.004941578023135666
v -0.012445734813809405 -0.001328868442215026 -0.005502064712345605
v -0.012368777766823779 -0.0013512383447960026 -0.004941578023135666
v -0.009971261955797681 0.007845064625144008 -0.0023436190094798825
v -0.012622974812984477 -0.0012773480266332633 -0.0023436190094798825
v -0.012998187914490712 -0.0011682806070894007 -0.0015632784925401224
v -0.009971261955797681 0.007845064625144008 -0.0023436190094798825
v -0.012998187914490712 -0.0011682806070894007 -0.0015632784925401224
v -0.010346475057303914 0.007954131811857227 -0.0015632784925401224
v -0.010346475057303914 0.007954131811857227 -0.0015632784925401224
v -0.012998187914490712 -0.0011682806070894007 -0.0015632784925401224
v -0.013153403066098702 -0.0011231624521315102 -0.0007056742906570441
v -0.010346475057303914 0.007954131811857227 -0.0015632784925401224
v -0.013153403066098702 -0.0011231624521315102 -0.0007056742906570441
v -0.010501690208911904 0.007999250665307048 -0.0007056742906570441
v -0.010501690208911904 0.007999250665307048 -0.0007056742906570441
v -0.013153403066098702 -0.0011231624521315102 -0.0007056742906570441
v -0.013076706789433968 -0.001145456801168621 0.0001633670326555149
v -0.010501690208911904 0.007999250665307048 -0.0007056742906570441
v -0.013076706789433968 -0.001145456801168621 0.0001633670326555149
v -0.01042499393224717 0.007976955734193329 0.0001633670326555149
v -0.01042499393224717 0.007976955734193329 0.0001633670326555149
v -0.013076706789433968 -0.001145456801168621 0.0001633670326555149
v -0.01277398504316808 -0.0012334522325545556 0.0009771413169801244
v -0.01042499393224717 0.007976955734193329 0.0001633670326555149
v -0.01277398504316808 -0.0012334522325545556 0.0009771413169801244
v -0.010122272185981282 0.00788896065205336 0.0009771413169801244
v -0.010122272185981282 0.00788896065205336 0.0009771413169801244
v -0.01277398504316808 -0.0012334522325545556 0.0009771413169801244
v -0.012268473394215117 -0.001380394794978202 0.001673186663538219
v -0.010122272185981282 0.00788896065205336 0.0009771413169801244
v -0.012268473394215117 -0.001380394794978202 0.001673186663538219
v -0.009616760537028321 0.007742017973214391 0.001673186663538219
v -0.009616760537028321 0.007742017973214391 0.001673186663538219
v -0.012268473394215117 -0.001380394794978202 0.001673186663538219
v -0.011598974466323863 -0.0015750054735690362 0.002198076341301205
v -0.009616760537028321 0.007742017973214391 0.001673186663538219
v -0.011598974466323863 -0.0015750054735690362 0.002198076341301205
v -0.008947261609137067 0.007547406945377592 0.002198076341301205
v -0.008947261609137067 0.007547406945377592 0.002198076341301205
v -0.011598974466323863 -0.0015750054735690362 0.002198076341301205
v -0.010816874913871299 -0.0018023470183834442 0.002511523198336365
v -0.008947261609137067 0.007547406945377592 0.002198076341301205
v -0.010816874913871299 -0.0018023470183834442 0.002511523198336365
v -0.008165162056684501 0.007320065516978506 0.002511523198336365
v -0.008165162056684501 0.007320065516978506 0.002511523198336365
v -0.010816874913871299 -0.0018023470183834442 0.002511523198336365
v -0.009982206858694562 -0.0020449692383408555 0.0025894683785736583
v -0.008165162056684501 0.007320065516978506 0.002511523198336365
v -0.009982206858694562 -0.0020449692383408555 0.0025894683785736583
v -0.007330493535846479 0.007077443413436416 0.0025894683785736583
v -0.007330493535846479 0.007077443413436416 0.0025894683785736583
v -0.009982206858694562 -0.0020449692383408555 0.0025894683785736583
v -0.00915903504937888 -0.0022842497564852246 0.0024259272031486056
v -0.007330493535846479 0.007077443413436416 0.0025894683785736583
v -0.00915903504937888 -0.0022842497564852246 0.0024259272031486056
v -0.006507322192192084 0.006838162895292047 0.0024259272031486056
v -0.006507322192192084 0.006838162895292047 0.0024259272031486056
v -0.00915903504937888 -0.0022842497564852246 0.0024259272031486056
v -0.008410543203353889 -0.002501822076737882 0.0020334543660283106
v -0.006507322192192084 0.006838162895292047 0.0024259272031486056
v -0.008410543203353889 -0.002501822076737882 0.0020334543660283106
v -0.00575883081182838 0.006620590575039389 0.0020334543660283106
v -0.00575883081182838 0.006620590575039389 0.0020334543660283106
v -0.008410543203353889 -0.002501822076737882 0.0020334543660283106
v -0.007794183213263757 -0.0026809861883521093 0.0014421739615499986
v -0.00575883081182838 0.006620590575039389 0.0020334543660283106
v -0.007794183213263757 -0.0026809861883521093 0.0014421739615499986
v -0.00514247035607696 0.006441426463425162 0.0014421739615499986
v -0.00514247035607696 0.006441426463425162 0.0014421739615499986
v -0.007794183213263757 -0.0026809861883521093 0.0014421739615499986
v -0.007357263937592513 -0.0028079904150217785 0.0006974702700972564
v -0.00514247035607696 0.006441426463425162 0.0014421739615499986
v -0.007357263937592513 -0.0028079904150217785 0.0006974702700972564
v -0.004705551546067004 0.006314422003924849 0.0006974702700972564
v -0.004705551546067004 0.006314422003924849 0.0006974702700972564
v -0.007357263937592513 -0.0028079904150217785 0.0006974702700972564
v -0.007133321836590773 -0.002873086137697102 -0.0001434963050996886
v -0.004705551546067004 0.006314422003924849 0.0006974702700972564
v -0.007133321836590773 -0.002873086137697102 -0.0001434963050996886
v -0.004481608979403977 0.006249326281249526 -0.0001434963050996886
v -0.009717064909636983 0.007771174423396591 -0.003194548189640048
v -0.012368777766823779 -0.0013512383447960026 -0.003194548189640048
v -0.009782081469893464 0.0077900732867419754 -0.0027489708736538913
v -0.009782081469893464 0.0077900732867419754 -0.0027489708736538913
v -0.012368777766823779 -0.0013512383447960026 -0.003194548189640048
v -0.01243379432708026 -0.0013323392486199743 -0.0027489708736538913
v -0.009782081469893464 0.0077900732867419754 -0.0027489708736538913
v -0.01243379432708026 -0.0013323392486199743 -0.0027489708736538913
v -0.009971261955797681 0.007845064625144008 -0.0023436190094798825
v -0.009971261955797681 0.007845064625144008 -0.0023436190094798825
v -0.01243379432708026 -0.0013323392486199743 -0.0027489708736538913
v -0.012622974812984477 -0.0012773480266332633 -0.0023436190094798825
v -0.00851674750447274 0.007422264665365223 -0.014250000007450593
v -0.011168459430336963 -0.001700147986412049 -0.014250000007450593
v -0.01216258853673936 -0.0014111736090853817 -0.014113702811300767
v -0.00851674750447274 0.007422264665365223 -0.014250000007450593
v -0.01216258853673936 -0.0014111736090853817 -0.014113702811300767
v -0.009510875679552564 0.007711239159107212 -0.014113702811300767
v -0.009510875679552564 0.007711239159107212 -0.014113702811300767
v -0.01216258853673936 -0.0014111736090853817 -0.014113702811300767
v -0.013088967651128781 -0.0011418926296755676 -0.013714101165533078
v -0.009510875679552564 0.007711239159107212 -0.014113702811300767
v -0.013088967651128781 -0.0011418926296755676 -0.013714101165533078
v -0.010437254793941983 0.007980519905686382 -0.013714101165533078
v -0.010437254793941983 0.007980519905686382 -0.013714101165533078
v -0.013088967651128781 -0.0011418926296755676 -0.013714101165533078
v -0.013884468004107487 -0.0009106556535698478 -0.013078426942229283
v -0.010437254793941983 0.007980519905686382 -0.013714101165533078
v -0.013884468004107487 -0.0009106556535698478 -0.013078426942229283
v -0.011232755146920691 0.008211757056415084 -0.013078426942229283
v -0.011232755146920691 0.008211757056415084 -0.013078426942229283
v -0.013884468004107487 -0.0009106556535698478 -0.013078426942229283
v -0.014494877308607114 -0.0007332214154303077 -0.012249999679625045
v -0.011232755146920691 0.008211757056415084 -0.013078426942229283
v -0.014494877308607114 -0.0007332214154303077 -0.012249999679625045
v -0.011843164451420318 0.00838919170200825 -0.012249999679625045
v -0.011843164451420318 0.00838919170200825 -0.012249999679625045
v -0.014494877308607114 -0.0007332214154303077 -0.012249999679625045
v -0.014878596179187312 -0.000621681509073824 -0.011285276152193557
v -0.011843164451420318 0.00838919170200825 -0.012249999679625045
v -0.014878596179187312 -0.000621681509073824 -0.011285276152193557
v -0.012226883322000514 0.008500731550157074 -0.011285276152193557
v -0.012226883322000514 0.008500731550157074 -0.011285276152193557
v -0.014878596179187312 -0.000621681509073824 -0.011285276152193557
v -0.0150094758719206 -0.0005836372147314253 -0.010249999351799497
v -0.012226883322000514 0.008500731550157074 -0.011285276152193557
v -0.0150094758719206 -0.0005836372147314253 -0.010249999351799497
v -0.012357763014733802 0.008538775146007541 -0.010249999351799497
v -0.002175167668610813 0.005578887648880484 -0.0026949306484311845
v -0.00476603908464313 -0.0035612105857580918 -0.002706536557525399
v -0.0016257355455309168 0.0054191779345274 -0.0027499999850988414
v -0.0016257355455309168 0.0054191779345274 -0.0027499999850988414
v -0.00476603908464313 -0.0035612105857580918 -0.002706536557525399
v -0.004666401538997893 -0.003591301385313274 -0.002722576959058645
v -0.0016257355455309168 0.0054191779345274 -0.0027499999850988414
v -0.004666401538997893 -0.003591301385313274 -0.002722576959058645
v -0.0042846933938562905 -0.0037281594704836624 -0.0027499999850988414
v -0.004481608979403977 0.006249326281249526 -0.0001434963050996886
v -0.007133321836590773 -0.002873086137697102 -0.0001434963050996886
v -0.004357119090855125 0.006213139742612841 -0.0007035038433969027
v -0.004357119090855125 0.006213139742612841 -0.0007035038433969027
v -0.007133321836590773 -0.002873086137697102 -0.0001434963050996886
v -0.007008831948041922 -0.0029092731419950737 -0.0007035038433969027
v -0.004357119090855125 0.006213139742612841 -0.0007035038433969027
v -0.007008831948041922 -0.0029092731419950737 -0.0007035038433969027
v -0.004023784305900339 0.006116245407611134 -0.001412365119904281
v -0.004023784305900339 0.006116245407611134 -0.001412365119904281
v -0.007008831948041922 -0.0029092731419950737 -0.0007035038433969027
v -0.006675497163087136 -0.003006167244166137 -0.001412365119904281
v -0.004023784305900339 0.006116245407611134 -0.001412365119904281
v -0.006675497163087136 -0.003006167244166137 -0.001412365119904281
v -0.003524455474689606 0.005971100181341174 -0.0020061570685356873
v -0.003524455474689606 0.005971100181341174 -0.0020061570685356873
v -0.006675497163087136 -0.003006167244166137 -0.001412365119904281
v -0.006176168099045759 -0.003151312703266741 -0.0020061570685356873
v -0.003524455474689606 0.005971100181341174 -0.0020061570685356873
v -0.006176168099045759 -0.003151312703266741 -0.0020061570685356873
v -0.0028936960734427 0.005787750240415337 -0.002443776233121755
v -0.0028936960734427 0.005787750240415337 -0.002443776233121755
v -0.006176168099045759 -0.003151312703266741 -0.0020061570685356873
v -0.005545408930629497 -0.003334662411361934 -0.002443776233121755
v -0.0028936960734427 0.005787750240415337 -0.002443776233121755
v -0.005545408930629497 -0.003334662411361934 -0.002443776233121755
v -0.002175167668610813 0.005578887648880484 -0.0026949306484311845
v -0.002175167668610813 0.005578887648880484 -0.0026949306484311845
v -0.005545408930629497 -0.003334662411361934 -0.002443776233121755
v -0.00482688052579761 -0.0035435250028967875 -0.0026949306484311845
v -0.002175167668610813 0.005578887648880484 -0.0026949306484311845
v -0.00482688052579761 -0.0035435250028967875 -0.0026949306484311845
v -0.00476603908464313 -0.0035612105857580918 -0.002706536557525399
v 0.0006170381093397742 -0.0013672104105353362 -0.006250138394534593
v 0.0006481798482127493 -0.0013527241535484797 -0.006250000093132263
v -0.0012029854115098726 -0.007721096277236942 -0.006250000093132263
v -0.002976665738970044 -0.004508171230554582 -0.008849999867379674
v -0.0002105500316247346 0.005007810425013306 -0.008849999867379674
v -0.00295602157711983 -0.004524695686995985 -0.008494373410940177
v -0.00295602157711983 -0.004524695686995985 -0.008494373410940177
v -0.0002105500316247346 0.005007810425013306 -0.008849999867379674
v -0.00015599199105054154 0.004991951398551467 -0.008309429511427886
v -0.00295602157711983 -0.004524695686995985 -0.008494373410940177
v -0.00015599199105054154 0.004991951398551467 -0.008309429511427886
v -0.0029287512879818704 -0.004547140561044218 -0.00830909330397845
v -0.0011662306496873509 0.0009433484519831841 -0.0078105488792061875
v -0.0013100001960992824 0.0007306842016987506 -0.008013865910470493
v -0.00015599199105054154 0.004991951398551467 -0.008309429511427886
v 9.20024831430056e-05 0.004919864237308505 -0.00760938739404083
v -0.0009720663656480619 0.0011424041585996751 -0.007551630493253476
v -0.00015599199105054154 0.004991951398551467 -0.008309429511427886
v -0.00015599199105054154 0.004991951398551467 -0.008309429511427886
v -0.0009720663656480619 0.0011424041585996751 -0.007551630493253476
v -0.0011322472710162412 0.0009838782716542487 -0.007763003464788205
v -0.00015599199105054154 0.004991951398551467 -0.008309429511427886
v -0.0011322472710162412 0.0009838782716542487 -0.007763003464788205
v -0.0011662306496873509 0.0009433484519831841 -0.0078105488792061875
v -0.0013100001960992824 0.0007306842016987506 -0.008013865910470493
v -0.001393044134601952 0.0005562622682191434 -0.008110919035971172
v -0.00015599199105054154 0.004991951398551467 -0.008309429511427886
v -0.00015599199105054154 0.004991951398551467 -0.008309429511427886
v -0.001393044134601952 0.0005562622682191434 -0.008110919035971172
v -0.0014402503147721304 0.00041914064786396937 -0.008135852403938777
v -0.00015599199105054154 0.004991951398551467 -0.008309429511427886
v -0.0014402503147721304 0.00041914064786396937 -0.008135852403938777
v -0.0029287512879818704 -0.004547140561044218 -0.00830909330397845
v -0.0029287512879818704 -0.004547140561044218 -0.00830909330397845
v -0.0014402503147721304 0.00041914064786396937 -0.008135852403938777
v -0.0014452785253524793 0.0004014598962385209 -0.008135420270264156
v -0.0029287512879818704 -0.004547140561044218 -0.00830909330397845
v -0.0014452785253524793 0.0004014598962385209 -0.008135420270264156
v -0.001482101273722948 0.00023103189596440654 -0.008093383163213737
v -0.001482101273722948 0.00023103189596440654 -0.008093383163213737
v -0.0014994125813245786 4.197700764052572e-05 -0.007983901537954814
v -0.0029287512879818704 -0.004547140561044218 -0.00830909330397845
v -0.0029287512879818704 -0.004547140561044218 -0.00830909330397845
v -0.0014994125813245786 4.197700764052572e-05 -0.007983901537954814
v -0.0014832962770015014 -0.0002232312981504948 -0.0077633485198021004
v -0.0029287512879818704 -0.004547140561044218 -0.00830909330397845
v -0.0014832962770015014 -0.0002232312981504948 -0.0077633485198021004
v -0.0028843020554631974 -0.004584833513945343 -0.008101431652903564
v -0.0028843020554631974 -0.004584833513945343 -0.008101431652903564
v -0.0014832962770015014 -0.0002232312981504948 -0.0077633485198021004
v -0.0014816058101132525 -0.00023418833734467636 -0.007753231097012765
v -0.0028843020554631974 -0.004584833513945343 -0.008101431652903564
v -0.0014816058101132525 -0.00023418833734467636 -0.007753231097012765
v -0.0014506325824186219 -0.00038166137528605775 -0.007612592075020082
v -0.0014051822945475591 -0.000524845556356013 -0.007469426840543754
v -0.002715045120567086 -0.0047387434169650095 -0.0076084560714662144
v -0.0014506325824186219 -0.00038166137528605775 -0.007612592075020082
v -0.0014506325824186219 -0.00038166137528605775 -0.007612592075020082
v -0.002715045120567086 -0.0047387434169650095 -0.0076084560714662144
v -0.0027662231586873557 -0.004690553061664106 -0.007731283549219377
v -0.0014506325824186219 -0.00038166137528605775 -0.007612592075020082
v -0.0027662231586873557 -0.004690553061664106 -0.007731283549219377
v -0.0028843020554631974 -0.004584833513945343 -0.008101431652903564
v -0.0011051363544538628 -0.001014235545881093 -0.006953374948352581
v -0.0026089353486895583 -0.004843235015869142 -0.0073929340578615735
v -0.0012544665951281797 -0.0008223830373026434 -0.007159305736422545
v -0.0012544665951281797 -0.0008223830373026434 -0.007159305736422545
v -0.0026089353486895583 -0.004843235015869142 -0.0073929340578615735
v -0.002715045120567086 -0.0047387434169650095 -0.0076084560714662144
v -0.0012544665951281797 -0.0008223830373026434 -0.007159305736422545
v -0.002715045120567086 -0.0047387434169650095 -0.0076084560714662144
v -0.0012867791811004292 -0.0007708431803621355 -0.0072137173265218795
v -0.0012867791811004292 -0.0007708431803621355 -0.0072137173265218795
v -0.002715045120567086 -0.0047387434169650095 -0.0076084560714662144
v -0.0014051822945475591 -0.000524845556356013 -0.007469426840543754
v -0.0019119326025247591 -0.005727999843657019 -0.006563170347362763
v -0.0020190491341054457 -0.005562677979469302 -0.006650290917605168
v -0.0006814156076870865 -0.001336290733888746 -0.0065878480672836364
v -0.0006814156076870865 -0.001336290733888746 -0.0065878480672836364
v -0.0020190491341054457 -0.005562677979469302 -0.006650290917605168
v -0.0022296954412013314 -0.00527386832982302 -0.006856393534690148
v -0.0006814156076870865 -0.001336290733888746 -0.0065878480672836364
v -0.0022296954412013314 -0.00527386832982302 -0.006856393534690148
v -0.0009231622680090376 -0.0011822738451883201 -0.0067673795856535495
v -0.0009231622680090376 -0.0011822738451883201 -0.0067673795856535495
v -0.0022296954412013314 -0.00527386832982302 -0.006856393534690148
v -0.00235893181525171 -0.005115948151797059 -0.007010216824710375
v -0.0009231622680090376 -0.0011822738451883201 -0.0067673795856535495
v -0.00235893181525171 -0.005115948151797059 -0.007010216824710375
v -0.0011051363544538628 -0.001014235545881093 -0.006953374948352581
v -0.0011051363544538628 -0.001014235545881093 -0.006953374948352581
v -0.00235893181525171 -0.005115948151797059 -0.007010216824710375
v -0.0024216149467974923 -0.0050437832251191165 -0.0070941043086350025
v -0.0011051363544538628 -0.001014235545881093 -0.006953374948352581
v -0.0024216149467974923 -0.0050437832251191165 -0.0070941043086350025
v -0.0026089353486895583 -0.004843235015869142 -0.0073929340578615735
v -0.0019119326025247591 -0.005727999843657019 -0.006563170347362763
v -0.0006814156076870865 -0.001336290733888746 -0.0065878480672836364
v -0.00180270546115935 -0.005912877153605225 -0.006485198158770806
v -0.00180270546115935 -0.005912877153605225 -0.006485198158770806
v -0.0006814156076870865 -0.001336290733888746 -0.0065878480672836364
v -0.00041869160486385264 -0.0014403809327632195 -0.006449999753385788
v -0.00180270546115935 -0.005912877153605225 -0.006485198158770806
v -0.00041869160486385264 -0.0014403809327632195 -0.006449999753385788
v -0.0016246407758444563 -0.006261098664253953 -0.006380188278853899
v -0.0016246407758444563 -0.006261098664253953 -0.006380188278853899
v -0.00041869160486385264 -0.0014403809327632195 -0.006449999753385788
v -0.0001596787769813092 -0.0014914766652509577 -0.006356750614941126
v -0.0016246407758444563 -0.006261098664253953 -0.006380188278853899
v -0.0001596787769813092 -0.0014914766652509577 -0.006356750614941126
v -0.0014548539184033884 -0.006675228010863068 -0.006305383983999496
v -0.0014548539184033884 -0.006675228010863068 -0.006305383983999496
v -0.0001596787769813092 -0.0014914766652509577 -0.006356750614941126
v -0.0013025904772803198 -0.007182440254837278 -0.006261663977056747
v -0.0013025904772803198 -0.007182440254837278 -0.006261663977056747
v -0.0001596787769813092 -0.0014914766652509577 -0.006356750614941126
v 0.00011332127905916432 -0.0014957132516428835 -0.006293514277786022
v -0.0013025904772803198 -0.007182440254837278 -0.006261663977056747
v 0.00011332127905916432 -0.0014957132516428835 -0.006293514277786022
v -0.0012029854115098726 -0.007721096277236942 -0.006250000093132263
v -0.0012029854115098726 -0.007721096277236942 -0.006250000093132263
v 0.00011332127905916432 -0.0014957132516428835 -0.006293514277786022
v 0.00037270432221703264 -0.0014529596082866198 -0.006260985974222427
v -0.0012029854115098726 -0.007721096277236942 -0.006250000093132263
v 0.00037270432221703264 -0.0014529596082866198 -0.006260985974222427
v 0.0006170381093397742 -0.0013672104105353362 -0.006250138394534593
v 7.832601113477729e-05 0.0014979537809267647 -0.006623846944421536
v -0.0002088909677695485 0.0014853839529678232 -0.00681256782263518
v 0.0005202123429626231 0.004793513100594284 -0.007011510431766516
v 0.0005202123429626231 0.004793513100594284 -0.007011510431766516
v -0.0002088909677695485 0.0014853839529678232 -0.00681256782263518
v -0.00047383719356730624 0.0014231931418180472 -0.007025781553238636
v 0.0005202123429626231 0.004793513100594284 -0.007011510431766516
v -0.00047383719356730624 0.0014231931418180472 -0.007025781553238636
v 0.00036560249282047185 0.004840333946049215 -0.007188674993813044
v 0.00036560249282047185 0.004840333946049215 -0.007188674993813044
v -0.00047383719356730624 0.0014231931418180472 -0.007025781553238636
v -0.0006184787489473825 0.0013665591832250363 -0.007159625645726925
v 0.00036560249282047185 0.004840333946049215 -0.007188674993813044
v -0.0006184787489473825 0.0013665591832250363 -0.007159625645726925
v 9.20024831430056e-05 0.004919864237308505 -0.00760938739404083
v 9.20024831430056e-05 0.004919864237308505 -0.00760938739404083
v -0.0006184787489473825 0.0013665591832250363 -0.007159625645726925
v -0.0007365772617049522 0.0013066957471892244 -0.007279437500983483
v 9.20024831430056e-05 0.004919864237308505 -0.00760938739404083
v -0.0007365772617049522 0.0013066957471892244 -0.007279437500983483
v -0.0009720663656480619 0.0011424041585996751 -0.007551630493253476
v 0.0012723281979560863 0.0007944688550196591 -0.006250000093132263
v 0.0012538046576082717 0.000823391601443291 -0.006250138394534593
v 0.0022152026649564526 0.004038142040371897 -0.006250000093132263
v 0.0022152026649564526 0.004038142040371897 -0.006250000093132263
v 0.0012538046576082717 0.000823391601443291 -0.006250138394534593
v 0.0010937395272776493 0.0010265153832733635 -0.006260964553803211
v 0.0022152026649564526 0.004038142040371897 -0.006250000093132263
v 0.0010937395272776493 0.0010265153832733635 -0.006260964553803211
v 0.0019018583698198217 0.004214457701891662 -0.0062736794352531485
v 0.0019018583698198217 0.004214457701891662 -0.0062736794352531485
v 0.0010937395272776493 0.0010265153832733635 -0.006260964553803211
v 0.0008958823746070273 0.0012030769139528279 -0.0062938574701547675
v 0.0019018583698198217 0.004214457701891662 -0.0062736794352531485
v 0.0008958823746070273 0.0012030769139528279 -0.0062938574701547675
v 0.001729891868308188 0.004303581081330778 -0.006306719034910207
v 0.001729891868308188 0.004303581081330778 -0.006306719034910207
v 0.0008958823746070273 0.0012030769139528279 -0.0062938574701547675
v 0.0006828996702097363 0.0013355329865589744 -0.00635092286393047
v 0.001729891868308188 0.004303581081330778 -0.006306719034910207
v 0.0006828996702097363 0.0013355329865589744 -0.00635092286393047
v 0.0015517995925620211 0.004390552639961244 -0.006356171332299715
v 0.0015517995925620211 0.004390552639961244 -0.006356171332299715
v 0.0006828996702097363 0.0013355329865589744 -0.00635092286393047
v 0.00041869140113703944 0.0014403810491785414 -0.006449999753385788
v 0.0015517995925620211 0.004390552639961244 -0.006356171332299715
v 0.00041869140113703944 0.0014403810491785414 -0.006449999753385788
v 0.0012094062985852372 0.0045429575257003325 -0.006497309543192393
v 0.0012094062985852372 0.0045429575257003325 -0.006497309543192393
v 0.00041869140113703944 0.0014403810491785414 -0.006449999753385788
v 0.00035898559144698116 0.001456409576348961 -0.006476720329374081
v 0.0012094062985852372 0.0045429575257003325 -0.006497309543192393
v 0.00035898559144698116 0.001456409576348961 -0.006476720329374081
v 0.0010848131496459254 0.0045935185626149195 -0.006565004587173468
v 0.0010848131496459254 0.0045935185626149195 -0.006565004587173468
v 0.00035898559144698116 0.001456409576348961 -0.006476720329374081
v 0.00018165828078053908 0.0014889594167470939 -0.006565548945218331
v 0.0010848131496459254 0.0045935185626149195 -0.006565004587173468
v 0.00018165828078053908 0.0014889594167470939 -0.006565548945218331
v 0.0009102370240725584 0.004660217091441156 -0.006676426157355315
v 0.0009102370240725584 0.004660217091441156 -0.006676426157355315
v 0.00018165828078053908 0.0014889594167470939 -0.006565548945218331
v 7.832601113477729e-05 0.0014979537809267647 -0.006623846944421536
v 0.0009102370240725584 0.004660217091441156 -0.006676426157355315
v 7.832601113477729e-05 0.0014979537809267647 -0.006623846944421536
v 0.0006300190580077475 0.004758125171065332 -0.006903010420501238
v 0.0006300190580077475 0.004758125171065332 -0.006903010420501238
v 7.832601113477729e-05 0.0014979537809267647 -0.006623846944421536
v 0.0005202123429626231 0.004793513100594284 -0.007011510431766516
v -0.004666401538997893 -0.003591301385313274 -0.002722576959058645
v -0.00476603908464313 -0.0035612105857580918 -0.002706536557525399
v -0.00476603908464313 -0.0035612105857580918 -0.014250000007450593
v -0.0012029854115098726 -0.007721096277236942 -0.006250000093132263
v -0.0012029854115098726 -0.007721096277236942 -0.0027499999850988414
v -0.0013025904772803198 -0.007182440254837278 -0.006261663977056747
v -0.0013025904772803198 -0.007182440254837278 -0.006261663977056747
v -0.0012029854115098726 -0.007721096277236942 -0.0027499999850988414
v -0.001360848895274104 -0.006965323351323608 -0.0027499999850988414
v -0.0017635842086747304 -0.005984082352370026 -0.0027499999850988414
v -0.0016246407758444563 -0.006261098664253953 -0.006380188278853899
v -0.001360848895274104 -0.006965323351323608 -0.0027499999850988414
v -0.001360848895274104 -0.006965323351323608 -0.0027499999850988414
v -0.0016246407758444563 -0.006261098664253953 -0.006380188278853899
v -0.0014548539184033884 -0.006675228010863068 -0.006305383983999496
v -0.001360848895274104 -0.006965323351323608 -0.0027499999850988414
v -0.0014548539184033884 -0.006675228010863068 -0.006305383983999496
v -0.0013025904772803198 -0.007182440254837278 -0.006261663977056747
v -0.00235893181525171 -0.005115948151797059 -0.007010216824710375
v -0.0022296954412013314 -0.00527386832982302 -0.006856393534690148
v -0.002364238491281869 -0.005109872668981555 -0.0027499999850988414
v -0.0022296954412013314 -0.00527386832982302 -0.006856393534690148
v -0.0020190491341054457 -0.005562677979469302 -0.006650290917605168
v -0.002364238491281869 -0.005109872668981555 -0.0027499999850988414
v -0.002364238491281869 -0.005109872668981555 -0.0027499999850988414
v -0.0020190491341054457 -0.005562677979469302 -0.006650290917605168
v -0.0019119326025247591 -0.005727999843657019 -0.006563170347362763
v -0.002364238491281869 -0.005109872668981555 -0.0027499999850988414
v -0.0019119326025247591 -0.005727999843657019 -0.006563170347362763
v -0.0017635842086747304 -0.005984082352370026 -0.0027499999850988414
v -0.0017635842086747304 -0.005984082352370026 -0.0027499999850988414
v -0.0019119326025247591 -0.005727999843657019 -0.006563170347362763
v -0.00180270546115935 -0.005912877153605225 -0.006485198158770806
v -0.0017635842086747304 -0.005984082352370026 -0.0027499999850988414
v -0.00180270546115935 -0.005912877153605225 -0.006485198158770806
v -0.0016246407758444563 -0.006261098664253953 -0.006380188278853899
v -0.0027153803966939475 -0.004739908035844566 -0.010091549716889867
v -0.00277214124798775 -0.004686676897108557 -0.009954412467777738
v -0.0031357822008430984 -0.004382033366709949 -0.014250000007450593
v -0.00277214124798775 -0.004686676897108557 -0.009954412467777738
v -0.0028827448841184404 -0.004587318748235704 -0.009605810977518567
v -0.0031357822008430984 -0.004382033366709949 -0.014250000007450593
v -0.0031357822008430984 -0.004382033366709949 -0.014250000007450593
v -0.0028827448841184404 -0.004587318748235704 -0.009605810977518567
v -0.00292891566641629 -0.004547683056443931 -0.009390876628458509
v -0.0031357822008430984 -0.004382033366709949 -0.014250000007450593
v -0.00292891566641629 -0.004547683056443931 -0.009390876628458509
v -0.002952230395749214 -0.0045281588099896925 -0.00923753250390292
v -0.002976665738970044 -0.004508171230554582 -0.008849999867379674
v -0.00295602157711983 -0.004524695686995985 -0.008494373410940177
v -0.0031357822008430984 -0.004382033366709949 -0.0027499999850988414
v -0.00295602157711983 -0.004524695686995985 -0.008494373410940177
v -0.0029287512879818704 -0.004547140561044218 -0.00830909330397845
v -0.0031357822008430984 -0.004382033366709949 -0.0027499999850988414
v -0.0031357822008430984 -0.004382033366709949 -0.0027499999850988414
v -0.0029287512879818704 -0.004547140561044218 -0.00830909330397845
v -0.0028843020554631974 -0.004584833513945343 -0.008101431652903564
v -0.0031357822008430984 -0.004382033366709949 -0.0027499999850988414
v -0.0028843020554631974 -0.004584833513945343 -0.008101431652903564
v -0.0027662231586873557 -0.004690553061664106 -0.007731283549219377
v -0.0027662231586873557 -0.004690553061664106 -0.007731283549219377
v -0.002715045120567086 -0.0047387434169650095 -0.0076084560714662144
v -0.0031357822008430984 -0.004382033366709949 -0.0027499999850988414
v -0.0031357822008430984 -0.004382033366709949 -0.0027499999850988414
v -0.002715045120567086 -0.0047387434169650095 -0.0076084560714662144
v -0.0026089353486895583 -0.004843235015869142 -0.0073929340578615735
v -0.0031357822008430984 -0.004382033366709949 -0.0027499999850988414
v -0.0026089353486895583 -0.004843235015869142 -0.0073929340578615735
v -0.002364238491281869 -0.005109872668981555 -0.0027499999850988414
v -0.002364238491281869 -0.005109872668981555 -0.0027499999850988414
v -0.0026089353486895583 -0.004843235015869142 -0.0073929340578615735
v -0.0024216149467974923 -0.0050437832251191165 -0.0070941043086350025
v -0.002364238491281869 -0.005109872668981555 -0.0027499999850988414
v -0.0024216149467974923 -0.0050437832251191165 -0.0070941043086350025
v -0.00235893181525171 -0.005115948151797059 -0.007010216824710375
v -0.0020383931696414965 -0.005534285213798287 -0.011032785288989554
v -0.002239451278001072 -0.005261576268821957 -0.010832821018993865
v -0.002364238491281869 -0.005109872668981555 -0.014250000007450593
v -0.0020383931696414965 -0.005534285213798287 -0.011032785288989554
v -0.002364238491281869 -0.005109872668981555 -0.014250000007450593
v -0.00191244052257389 -0.005727184936404231 -0.011136442422866832
v -0.002239451278001072 -0.005261576268821957 -0.010832821018993865
v -0.002358854515478017 -0.00511636305600405 -0.010689972899854192
v -0.002364238491281869 -0.005109872668981555 -0.014250000007450593
v -0.002364238491281869 -0.005109872668981555 -0.014250000007450593
v -0.002358854515478017 -0.00511636305600405 -0.010689972899854192
v -0.0024373645428568146 -0.005026604514569047 -0.01058389339596034
v -0.002364238491281869 -0.005109872668981555 -0.014250000007450593
v -0.0024373645428568146 -0.005026604514569047 -0.01058389339596034
v -0.0031357822008430984 -0.004382033366709949 -0.014250000007450593
v -0.0031357822008430984 -0.004382033366709949 -0.014250000007450593
v -0.0024373645428568146 -0.005026604514569047 -0.01058389339596034
v -0.002616610610857608 -0.004836583044379951 -0.010293335653841504
v -0.0031357822008430984 -0.004382033366709949 -0.014250000007450593
v -0.002616610610857608 -0.004836583044379951 -0.010293335653841504
v -0.0027153803966939475 -0.004739908035844566 -0.010091549716889867
v -0.0014846103731542839 -0.0065945885144174125 -0.011383362114429484
v -0.0016597593203187004 -0.0061868154443800475 -0.01130122784525157
v -0.0017635842086747304 -0.005984082352370026 -0.014250000007450593
v -0.0017635842086747304 -0.005984082352370026 -0.014250000007450593
v -0.0016597593203187004 -0.0061868154443800475 -0.01130122784525157
v -0.0017641648883000031 -0.0059827570803463485 -0.011239818297326575
v -0.0017635842086747304 -0.005984082352370026 -0.014250000007450593
v -0.0017641648883000031 -0.0059827570803463485 -0.011239818297326575
v -0.002364238491281869 -0.005109872668981555 -0.014250000007450593
v -0.002364238491281869 -0.005109872668981555 -0.014250000007450593
v -0.0017641648883000031 -0.0059827570803463485 -0.011239818297326575
v -0.0018365059513598698 -0.005853693466633561 -0.011191802099347125
v -0.002364238491281869 -0.005109872668981555 -0.014250000007450593
v -0.0018365059513598698 -0.005853693466633561 -0.011191802099347125
v -0.00191244052257389 -0.005727184936404231 -0.011136442422866832
v -0.0014846103731542839 -0.0065945885144174125 -0.011383362114429484
v -0.0017635842086747304 -0.005984082352370026 -0.014250000007450593
v -0.0013407425722107302 -0.007035105489194397 -0.011429763399064551
v -0.0013407425722107302 -0.007035105489194397 -0.011429763399064551
v -0.0017635842086747304 -0.005984082352370026 -0.014250000007450593
v -0.001360848895274104 -0.006965323351323608 -0.014250000007450593
v -0.0013407425722107302 -0.007035105489194397 -0.011429763399064551
v -0.001360848895274104 -0.006965323351323608 -0.014250000007450593
v -0.0012303560506552469 -0.007536117453128103 -0.011448832228779803
v -0.0012303560506552469 -0.007536117453128103 -0.011448832228779803
v -0.001360848895274104 -0.006965323351323608 -0.014250000007450593
v -0.0012029854115098726 -0.007721096277236942 -0.014250000007450593
v -0.0012303560506552469 -0.007536117453128103 -0.011448832228779803
v -0.0012029854115098726 -0.007721096277236942 -0.014250000007450593
v -0.0012029854115098726 -0.007721096277236942 -0.011450000107288371
v -0.002952230395749214 -0.0045281588099896925 -0.00923753250390292
v -0.002976665738970044 -0.004508171230554582 -0.008849999867379674
v -0.0031357822008430984 -0.004382033366709949 -0.014250000007450593
v -0.0031357822008430984 -0.004382033366709949 -0.014250000007450593
v -0.002976665738970044 -0.004508171230554582 -0.008849999867379674
v -0.0031357822008430984 -0.004382033366709949 -0.0027499999850988414
v -0.0031357822008430984 -0.004382033366709949 -0.014250000007450593
v -0.0031357822008430984 -0.004382033366709949 -0.0027499999850988414
v -0.004043494816869501 -0.003833319293335082 -0.014250000007450593
v -0.004043494816869501 -0.003833319293335082 -0.014250000007450593
v -0.0031357822008430984 -0.004382033366709949 -0.0027499999850988414
v -0.004043494816869501 -0.003833319293335082 -0.0027499999850988414
v -0.004043494816869501 -0.003833319293335082 -0.014250000007450593
v -0.004043494816869501 -0.003833319293335082 -0.0027499999850988414
v -0.00476603908464313 -0.0035612105857580918 -0.014250000007450593
v -0.00476603908464313 -0.0035612105857580918 -0.014250000007450593
v -0.004043494816869501 -0.003833319293335082 -0.0027499999850988414
v -0.0042846933938562905 -0.0037281594704836624 -0.0027499999850988414
v -0.00476603908464313 -0.0035612105857580918 -0.014250000007450593
v -0.0042846933938562905 -0.0037281594704836624 -0.0027499999850988414
v -0.004666401538997893 -0.003591301385313274 -0.002722576959058645
usemtl DefaultMaterial
f 1 2 3
f 4 5 6
f 7 8 9
f 10 11 12
f 13 14 15
f 16 17 18
f 19 20 21
f 22 23 24
f 25 26 27
f 28 29 30
f 31 32 33
f 34 35 36
f 37 38 39
f 40 41 42
f 43 44 45
f 46 47 48
f 49 50 51
f 52 53 54
f 55 56 57
f 58 59 60
f 61 62 63
f 64 65 66
f 67 68 69
f 70 71 72
f 73 74 75
f 76 77 78
f 79 80 81
f 82 83 84
f 85 86 87
f 88 89 90
f 91 92 93
f 94 95 96
f 97 98 99
f 100 101 102
f 103 104 105
f 106 107 108
f 109 110 111
f 112 113 114
f 115 116 117
f 118 119 120
f 121 122 123
f 124 125 126
f 127 128 129
f 130 131 132
f 133 134 135
f 136 137 138
f 139 140 141
f 142 143 144
f 145 146 147
f 148 149 150
f 151 152 153
f 154 155 156
f 157 158 159
f 160 161 162
f 163 164 165
f 166 167 168
f 169 170 171
f 172 173 174
f 175 176 177
f 178 179 180
f 181 182 183
f 184 185 186
f 187 188 189
f 190 191 192
f 193 194 195
f 196 197 198
f 199 200 201
f 202 203 204
f 205 206 207
f 208 209 210
f 211 212 213
f 214 215 216
f 217 218 219
f 220 221 222
f 223 224 225
f 226 227 228
f 229 230 231
f 232 233 234
f 235 236 237
f 238 239 240
f 241 242 243
f 244 245 246
f 247 248 249
f 250 251 252
f 253 254 255
f 256 257 258
f 259 260 261
f 262 263 264
f 265 266 267
f 268 269 270
f 271 272 273
f 274 275 276
f 277 278 279
f 280 281 282
f 283 284 285
f 286 287 288
f 289 290 291
f 292 293 294
f 295 296 297
f 298 299 300
f 301 302 303
f 304 305 306
f 307 308 309
f 310 311 312
f 313 314 315
f 316 317 318
f 319 320 321
f 322 323 324
f 325 326 327
f 328 329 330
f 331 332 333
f 334 335 336
f 337 338 339
f 340 341 342
f 343 344 345
f 346 347 348
f 349 350 351
f 352 353 354
f 355 356 357
f 358 359 360
f 361 362 363
f 364 365 366
f 367 368 369
f 370 371 372
f 373 374 375
f 376 377 378
f 379 380 381
f 382 383 384
f 385 386 387
f 388 389 390
f 391 392 393
f 394 395 396
f 397 398 399
f 400 401 402
f 403 404 405
f 406 407 408
f 409 410 411
f 412 413 414
f 415 416 417
f 418 419 420
f 421 422 423
f 424 425 426
f 427 428 429
f 430 431 432
f 433 434 435
f 436 437 438
f 439 440 441
f 442 443 444
f 445 446 447
f 448 449 450
f 451 452 453
f 454 455 456
f 457 458 459
f 460 461 462
f 463 464 465
f 466 467 468
f 469 470 471
f 472 473 474
f 475 476 477
f 478 479 480
f 481 482 483
f 484 485 486
f 487 488 489
f 490 491 492
f 493 494 495
f 496 497 498
f 499 500 501
f 502 503 504
f 505 506 507
f 508 509 510
f 511 512 513
f 514 515 516
f 517 518 519
f 520 521 522
f 523 524 525
f 526 527 528
f 529 530 531
f 532 533 534
f 535 536 537
f 538 539 540
f 541 542 543
f 544 545 546
f 547 548 549
f 550 551 552
f 553 554 555
f 556 557 558
f 559 560 561
f 562 563 564
f 565 566 567
f 568 569 570
f 571 572 573
f 574 575 576
f 577 578 579
f 580 581 582
f 583 584 585
f 586 587 588
f 589 590 591
f 592 593 594
f 595 596 597
f 598 599 600
f 601 602 603
f 604 605 606
f 607 608 609
f 610 611 612
f 613 614 615
f 616 617 618
f 619 620 621
f 622 623 624
f 625 626 627
f 628 629 630
f 631 632 633
f 634 635 636
f 637 638 639
f 640 641 642
f 643 644 645
f 646 647 648
f 649 650 651
f 652 653 654
f 655 656 657
f 658 659 660
f 661 662 663
f 664 665 666
f 667 668 669
f 670 671 672
f 673 674 675
f 676 677 678
f 679 680 681
f 682 683 684
f 685 686 687
f 688 689 690
f 691 692 693
f 694 695 696
f 697 698 699
f 700 701 702
f 703 704 705
f 706 707 708
f 709 710 711
f 712 713 714
f 715 716 717
f 718 719 720
f 721 722 723
f 724 725 726
f 727 728 729
f 730 731 732
f 733 734 735
f 736 737 738
f 739 740 741
f 742 743 744
f 745 746 747
f 748 749 750
f 751 752 753
f 754 755 756
f 757 758 759
f 760 761 762
f 763 764 765
f 766 767 768
f 769 770 771
f 772 773 774
f 775 776 777
f 778 779 780
f 781 782 783
f 784 785 786
f 787 788 789
f 790 791 792
f 793 794 795
f 796 797 798
f 799 800 801
f 802 803 804
f 805 806 807
f 808 809 810
f 811 812 813
f 814 815 816
f 817 818 819
f 820 821 822
f 823 824 825
f 826 827 828
f 829 830 831
f 832 833 834
f 835 836 837
f 838 839 840
f 841 842 843
f 844 845 846
f 847 848 849
f 850 851 852
f 853 854 855
f 856 857 858
f 859 860 861
f 862 863 864
f 865 866 867
f 868 869 870
f 871 872 873
f 874 875 876
f 877 878 879
f 880 881 882
f 883 884 885
f 886 887 888
f 889 890 891
f 892 893 894
f 895 896 897
f 898 899 900
f 901 902 903
f 904 905 906
f 907 908 909
f 910 911 912
f 913 914 915
f 916 917 918
f 919 920 921
f 922 923 924
f 925 926 927
f 928 929 930
f 931 932 933
f 934 935 936
f 937 938 939
f 940 941 942
f 943 944 945
f 946 947 948
f 949 950 951
f 952 953 954
f 955 956 957
f 958 959 960
f 961 962 963
f 964 965 966
f 967 968 969
f 970 971 972
f 973 974 975
f 976 977 978
f 979 980 981
f 982 983 984
f 985 986 987
f 988 989 990
f 991 992 993
f 994 995 996
f 997 998 999
f 1000 1001 1002
f 1003 1004 1005
f 1006 1007 1008
f 1009 1010 1011
f 1012 1013 1014
f 1015 1016 1017
f 1018 1019 1020
f 1021 1022 1023
f 1024 1025 1026
f 1027 1028 1029
f 1030 1031 1032
f 1033 1034 1035
f 1036 1037 1038
f 1039 1040 1041
f 1042 1043 1044
f 1045 1046 1047
f 1048 1049 1050
f 1051 1052 1053
f 1054 1055 1056
f 1057 1058 1059
f 1060 1061 1062
f 1063 1064 1065
f 1066 1067 1068
f 1069 1070 1071
f 1072 1073 1074
f 1075 1076 1077
f 1078 1079 1080
f 1081 1082 1083
f 1084 1085 1086
f 1087 1088 1089
f 1090 1091 1092
f 1093 1094 1095
f 1096 1097 1098
f 1099 1100 1101
f 1102 1103 1104
f 1105 1106 1107
f 1108 1109 1110
f 1111 1112 1113
f 1114 1115 1116
f 1117 1118 1119
f 1120 1121 1122
f 1123 1124 1125
f 1126 1127 1128
f 1129 1130 1131
f 1132 1133 1134
f 1135 1136 1137
f 1138 1139 1140
f 1141 1142 1143
f 1144 1145 1146
f 1147 1148 1149
f 1150 1151 1152
f 1153 1154 1155
f 1156 1157 1158
f 1159 1160 1161
f 1162 1163 1164
f 1165 1166 1167
f 1168 1169 1170
f 1171 1172 1173
f 1174 1175 1176
f 1177 1178 1179
f 1180 1181 1182
f 1183 1184 1185
f 1186 1187 1188
f 1189 1190 1191
f 1192 1193 1194
f 1195 1196 1197
f 1198 1199 1200
f 1201 1202 1203
f 1204 1205 1206
f 1207 1208 1209
f 1210 1211 1212
f 1213 1214 1215
f 1216 1217 1218
f 1219 1220 1221
f 1222 1223 1224
f 1225 1226 1227
f 1228 1229 1230
f 1231 1232 1233
f 1234 1235 1236
f 1237 1238 1239
f 1240 1241 1242
f 1243 1244 1245
f 1246 1247 1248
f 1249 1250 1251
f 1252 1253 1254
f 1255 1256 1257
f 1258 1259 1260
f 1261 1262 1263
f 1264 1265 1266
f 1267 1268 1269
f 1270 1271 1272
f 1273 1274 1275
f 1276 1277 1278
f 1279 1280 1281
f 1282 1283 1284
f 1285 1286 1287
f 1288 1289 1290
f 1291 1292 1293
f 1294 1295 1296
f 1297 1298 1299
f 1300 1301 1302
f 1303 1304 1305
f 1306 1307 1308
f 1309 1310 1311
f 1312 1313 1314
f 1315 1316 1317
f 1318 1319 1320
f 1321 1322 1323
f 1324 1325 1326
f 1327 1328 1329
f 1330 1331 1332
f 1333 1334 1335
f 1336 1337 1338
f 1339 1340 1341
f 1342 1343 1344
f 1345 1346 1347
f 1348 1349 1350
f 1351 1352 1353
f 1354 1355 1356
f 1357 1358 1359
f 1360 1361 1362
f 1363 1364 1365
f 1366 1367 1368
f 1369 1370 1371
f 1372 1373 1374
f 1375 1376 1377
f 1378 1379 1380
f 1381 1382 1383
f 1384 1385 1386
f 1387 1388 1389
f 1390 1391 1392
f 1393 1394 1395
f 1396 1397 1398
f 1399 1400 1401
f 1402 1403 1404
f 1405 1406 1407
f 1408 1409 1410
f 1411 1412 1413
f 1414 1415 1416
f 1417 1418 1419
f 1420 1421 1422
f 1423 1424 1425
f 1426 1427 1428
f 1429 1430 1431
f 1432 1433 1434
f 1435 1436 1437
f 1438 1439 1440
f 1441 1442 1443
f 1444 1445 1446
f 1447 1448 1449
f 1450 1451 1452
f 1453 1454 1455
f 1456 1457 1458
f 1459 1460 1461
f 1462 1463 1464
f 1465 1466 1467
f 1468 1469 1470
f 1471 1472 1473
f 1474 1475 1476
f 1477 1478 1479
f 1480 1481 1482
f 1483 1484 1485
f 1486 1487 1488
f 1489 1490 1491
f 1492 1493 1494
f 1495 1496 1497
f 1498 1499 1500
f 1501 1502 1503
f 1504 1505 1506
f 1507 1508 1509
f 1510 1511 1512
f 1513 1514 1515
f 1516 1517 1518
f 1519 1520 1521
f 1522 1523 1524
f 1525 1526 1527
f 1528 1529 1530
f 1531 1532 1533
f 1534 1535 1536
f 1537 1538 1539
f 1540 1541 1542
f 1543 1544 1545
f 1546 1547 1548
f 1549 1550 1551
f 1552 1553 1554
f 1555 1556 1557
f 1558 1559 1560
f 1561 1562 1563
f 1564 1565 1566
f 1567 1568 1569
f 1570 1571 1572
f 1573 1574 1575
f 1576 1577 1578
f 1579 1580 1581
f 1582 1583 1584
f 1585 1586 1587
f 1588 1589 1590
f 1591 1592 1593
f 1594 1595 1596
f 1597 1598 1599
f 1600 1601 1602
f 1603 1604 1605
f 1606 1607 1608
f 1609 1610 1611
f 1612 1613 1614
f 1615 1616 1617
f 1618 1619 1620
f 1621 1622 1623
f 1624 1625 1626
f 1627 1628 1629
f 1630 1631 1632
f 1633 1634 1635
f 1636 1637 1638
f 1639 1640 1641
f 1642 1643 1644
f 1645 1646 1647
f 1648 1649 1650
f 1651 1652 1653
f 1654 1655 1656
f 1657 1658 1659
f 1660 1661 1662
f 1663 1664 1665
f 1666 1667 1668
f 1669 1670 1671
f 1672 1673 1674
f 1675 1676 1677
f 1678 1679 1680
f 1681 1682 1683
f 1684 1685 1686
f 1687 1688 1689
f 1690 1691 1692
f 1693 1694 1695
f 1696 1697 1698
f 1699 1700 1701
f 1702 1703 1704
f 1705 1706 1707
f 1708 1709 1710
f 1711 1712 1713
f 1714 1715 1716
f 1717 1718 1719
f 1720 1721 1722
f 1723 1724 1725
f 1726 1727 1728
f 1729 1730 1731
f 1732 1733 1734
f 1735 1736 1737
f 1738 1739 1740
f 1741 1742 1743
f 1744 1745 1746
f 1747 1748 1749
f 1750 1751 1752
f 1753 1754 1755
f 1756 1757 1758
f 1759 1760 1761
f 1762 1763 1764
f 1765 1766 1767
f 1768 1769 1770
f 1771 1772 1773
f 1774 1775 1776
f 1777 1778 1779
f 1780 1781 1782
f 1783 1784 1785
f 1786 1787 1788
f 1789 1790 1791
f 1792 1793 1794
f 1795 1796 1797
f 1798 1799 1800
f 1801 1802 1803
f 1804 1805 1806
f 1807 1808 1809
f 1810 1811 1812
f 1813 1814 1815
f 1816 1817 1818
f 1819 1820 1821
f 1822 1823 1824
f 1825 1826 1827
f 1828 1829 1830
f 1831 1832 1833
f 1834 1835 1836
f 1837 1838 1839
f 1840 1841 1842
f 1843 1844 1845
f 1846 1847 1848
f 1849 1850 1851
f 1852 1853 1854
f 1855 1856 1857
f 1858 1859 1860
f 1861 1862 1863
f 1864 1865 1866
f 1867 1868 1869
f 1870 1871 1872
f 1873 1874 1875
f 1876 1877 1878
f 1879 1880 1881
f 1882 1883 1884
f 1885 1886 1887
f 1888 1889 1890
f 1891 1892 1893
f 1894 1895 1896
f 1897 1898 1899
f 1900 1901 1902
f 1903 1904 1905
f 1906 1907 1908
f 1909 1910 1911
f 1912 1913 1914
f 1915 1916 1917
f 1918 1919 1920
f 1921 1922 1923
f 1924 1925 1926
f 1927 1928 1929
f 1930 1931 1932
f 1933 1934 1935
f 1936 1937 1938
f 1939 1940 1941
f 1942 1943 1944
f 1945 1946 1947
f 1948 1949 1950
f 1951 1952 1953
f 1954 1955 1956
f 1957 1958 1959
f 1960 1961 1962
f 1963 1964 1965
f 1966 1967 1968
f 1969 1970 1971
f 1972 1973 1974
f 1975 1976 1977
f 1978 1979 1980
f 1981 1982 1983
f 1984 1985 1986
f 1987 1988 1989
f 1990 1991 1992
f 1993 1994 1995
f 1996 1997 1998
f 1999 2000 2001
f 2002 2003 2004
f 2005 2006 2007
f 2008 2009 2010
f 2011 2012 2013
f 2014 2015 2016
f 2017 2018 2019
f 2020 2021 2022
f 2023 2024 2025
f 2026 2027 2028
f 2029 2030 2031
f 2032 2033 2034
f 2035 2036 2037
f 2038 2039 2040
f 2041 2042 2043
f 2044 2045 2046
f 2047 2048 2049
f 2050 2051 2052
f 2053 2054 2055
f 2056 2057 2058
f 2059 2060 2061
f 2062 2063 2064
f 2065 2066 2067
f 2068 2069 2070
f 2071 2072 2073
f 2074 2075 2076
f 2077 2078 2079
f 2080 2081 2082
f 2083 2084 2085
f 2086 2087 2088
f 2089 2090 2091
f 2092 2093 2094
f 2095 2096 2097
f 2098 2099 2100
f 2101 2102 2103
f 2104 2105 2106
f 2107 2108 2109
f 2110 2111 2112
f 2113 2114 2115
f 2116 2117 2118
f 2119 2120 2121
f 2122 2123 2124
f 2125 2126 2127
f 2128 2129 2130
f 2131 2132 2133
f 2134 2135 2136
f 2137 2138 2139
f 2140 2141 2142
f 2143 2144 2145
f 2146 2147 2148
f 2149 2150 2151
f 2152 2153 2154
f 2155 2156 2157
f 2158 2159 2160
f 2161 2162 2163
f 2164 2165 2166
f 2167 2168 2169
f 2170 2171 2172
f 2173 2174 2175
f 2176 2177 2178
f 2179 2180 2181
f 2182 2183 2184
f 2185 2186 2187
f 2188 2189 2190
f 2191 2192 2193
f 2194 2195 2196
f 2197 2198 2199
f 2200 2201 2202
f 2203 2204 2205
f 2206 2207 2208
f 2209 2210 2211
f 2212 2213 2214
f 2215 2216 2217
f 2218 2219 2220
f 2221 2222 2223
f 2224 2225 2226
f 2227 2228 2229
f 2230 2231 2232
f 2233 2234 2235
f 2236 2237 2238
f 2239 2240 2241
f 2242 2243 2244
f 2245 2246 2247
f 2248 2249 2250
f 2251 2252 2253
f 2254 2255 2256
f 2257 2258 2259
f 2260 2261 2262
f 2263 2264 2265
f 2266 2267 2268
f 2269 2270 2271
f 2272 2273 2274
f 2275 2276 2277
f 2278 2279 2280
f 2281 2282 2283
f 2284 2285 2286
f 2287 2288 2289
f 2290 2291 2292
f 2293 2294 2295
f 2296 2297 2298
f 2299 2300 2301
f 2302 2303 2304
f 2305 2306 2307
f 2308 2309 2310
f 2311 2312 2313
f 2314 2315 2316
f 2317 2318 2319
f 2320 2321 2322
f 2323 2324 2325
f 2326 2327 2328
f 2329 2330 2331
f 2332 2333 2334
f 2335 2336 2337
f 2338 2339 2340
f 2341 2342 2343
f 2344 2345 2346
f 2347 2348 2349
f 2350 2351 2352
f 2353 2354 2355
f 2356 2357 2358
f 2359 2360 2361
f 2362 2363 2364
f 2365 2366 2367
f 2368 2369 2370
f 2371 2372 2373
f 2374 2375 2376
f 2377 2378 2379
f 2380 2381 2382
f 2383 2384 2385
f 2386 2387 2388
f 2389 2390 2391
f 2392 2393 2394
f 2395 2396 2397
f 2398 2399 2400
f 2401 2402 2403
f 2404 2405 2406
f 2407 2408 2409
f 2410 2411 2412
f 2413 2414 2415
f 2416 2417 2418
f 2419 2420 2421
f 2422 2423 2424
f 2425 2426 2427
f 2428 2429 2430
f 2431 2432 2433
f 2434 2435 2436
f 2437 2438 2439
f 2440 2441 2442
f 2443 2444 2445
f 2446 2447 2448
f 2449 2450 2451
f 2452 2453 2454
f 2455 2456 2457
f 2458 2459 2460
f 2461 2462 2463
f 2464 2465 2466
f 2467 2468 2469
f 2470 2471 2472
f 2473 2474 2475
f 2476 2477 2478
f 2479 2480 2481
f 2482 2483 2484
f 2485 2486 2487
f 2488 2489 2490
f 2491 2492 2493
f 2494 2495 2496
f 2497 2498 2499
f 2500 2501 2502
f 2503 2504 2505
f 2506 2507 2508
f 2509 2510 2511
f 2512 2513 2514
f 2515 2516 2517
f 2518 2519 2520
f 2521 2522 2523
f 2524 2525 2526
f 2527 2528 2529
f 2530 2531 2532
f 2533 2534 2535
f 2536 2537 2538
f 2539 2540 2541
f 2542 2543 2544
f 2545 2546 2547
f 2548 2549 2550
f 2551 2552 2553
f 2554 2555 2556
f 2557 2558 2559
f 2560 2561 2562
f 2563 2564 2565
f 2566 2567 2568
f 2569 2570 2571
f 2572 2573 2574
f 2575 2576 2577
f 2578 2579 2580
f 2581 2582 2583
f 2584 2585 2586
f 2587 2588 2589
f 2590 2591 2592
f 2593 2594 2595
f 2596 2597 2598
f 2599 2600 2601
f 2602 2603 2604
f 2605 2606 2607
f 2608 2609 2610
f 2611 2612 2613
f 2614 2615 2616
f 2617 2618 2619
f 2620 2621 2622
f 2623 2624 2625
f 2626 2627 2628
f 2629 2630 2631
f 2632 2633 2634
f 2635 2636 2637
f 2638 2639 2640
f 2641 2642 2643
f 2644 2645 2646
f 2647 2648 2649
f 2650 2651 2652
f 2653 2654 2655
f 2656 2657 2658
f 2659 2660 2661
f 2662 2663 2664
f 2665 2666 2667
f 2668 2669 2670
f 2671 2672 2673
f 2674 2675 2676
f 2677 2678 2679
f 2680 2681 2682
f 2683 2684 2685
f 2686 2687 2688
f 2689 2690 2691
f 2692 2693 2694
f 2695 2696 2697
f 2698 2699 2700
f 2701 2702 2703
f 2704 2705 2706
f 2707 2708 2709
f 2710 2711 2712
f 2713 2714 2715
f 2716 2717 2718
f 2719 2720 2721
f 2722 2723 2724
f 2725 2726 2727
f 2728 2729 2730
f 2731 2732 2733
f 2734 2735 2736
f 2737 2738 2739
f 2740 2741 2742
f 2743 2744 2745
f 2746 2747 2748
f 2749 2750 2751
f 2752 2753 2754
f 2755 2756 2757
f 2758 2759 2760
f 2761 2762 2763
f 2764 2765 2766
f 2767 2768 2769
f 2770 2771 2772
f 2773 2774 2775
f 2776 2777 2778
f 2779 2780 2781
f 2782 2783 2784
f 2785 2786 2787
f 2788 2789 2790
f 2791 2792 2793
f 2794 2795 2796
f 2797 2798 2799
f 2800 2801 2802
f 2803 2804 2805
f 2806 2807 2808
